Region,Province,RegCode_New,ProvCode_New,Disability,Sex,Status,id,Household Population 5 Years Old and Over with Functional Difficulty,Age: 5-19,Age: 20-34,Age: 35–54,Age: 55-80+
BANGSAMORO AUTONOMOUS REGION IN MUSLIM MINDANAO (BARMM),BASILAN,PH150000000,PH1900700000,Cognitive Disability,Both Sexes,All,PH150700000,1820,149,144,302,1225
BANGSAMORO AUTONOMOUS REGION IN MUSLIM MINDANAO (BARMM),BASILAN,PH150000000,PH1900700000,Cognitive Disability,Both Sexes,Mild,PH150700000,1594,117,119,267,1091
BANGSAMORO AUTONOMOUS REGION IN MUSLIM MINDANAO (BARMM),BASILAN,PH150000000,PH1900700000,Cognitive Disability,Both Sexes,Moderate,PH150700000,174,15,12,28,119
BANGSAMORO AUTONOMOUS REGION IN MUSLIM MINDANAO (BARMM),BASILAN,PH150000000,PH1900700000,Cognitive Disability,Both Sexes,Severe,PH150700000,52,17,13,7,15
BANGSAMORO AUTONOMOUS REGION IN MUSLIM MINDANAO (BARMM),BASILAN,PH150000000,PH1900700000,Cognitive Disability,Female,All,PH150700000,1007,66,64,150,727
BANGSAMORO AUTONOMOUS REGION IN MUSLIM MINDANAO (BARMM),BASILAN,PH150000000,PH1900700000,Cognitive Disability,Female,Mild,PH150700000,881,49,52,132,648
BANGSAMORO AUTONOMOUS REGION IN MUSLIM MINDANAO (BARMM),BASILAN,PH150000000,PH1900700000,Cognitive Disability,Female,Moderate,PH150700000,97,6,3,16,72
BANGSAMORO AUTONOMOUS REGION IN MUSLIM MINDANAO (BARMM),BASILAN,PH150000000,PH1900700000,Cognitive Disability,Female,Severe,PH150700000,29,11,9,2,7
BANGSAMORO AUTONOMOUS REGION IN MUSLIM MINDANAO (BARMM),BASILAN,PH150000000,PH1900700000,Cognitive Disability,Male,All,PH150700000,813,83,80,152,498
BANGSAMORO AUTONOMOUS REGION IN MUSLIM MINDANAO (BARMM),BASILAN,PH150000000,PH1900700000,Cognitive Disability,Male,Mild,PH150700000,713,68,67,135,443
BANGSAMORO AUTONOMOUS REGION IN MUSLIM MINDANAO (BARMM),BASILAN,PH150000000,PH1900700000,Cognitive Disability,Male,Moderate,PH150700000,77,9,9,12,47
BANGSAMORO AUTONOMOUS REGION IN MUSLIM MINDANAO (BARMM),BASILAN,PH150000000,PH1900700000,Cognitive Disability,Male,Severe,PH150700000,23,6,4,5,8
BANGSAMORO AUTONOMOUS REGION IN MUSLIM MINDANAO (BARMM),BASILAN,PH150000000,PH1900700000,Communication Disability,Both Sexes,All,PH150700000,1587,327,248,276,736
BANGSAMORO AUTONOMOUS REGION IN MUSLIM MINDANAO (BARMM),BASILAN,PH150000000,PH1900700000,Communication Disability,Both Sexes,Mild,PH150700000,1116,165,153,178,620
BANGSAMORO AUTONOMOUS REGION IN MUSLIM MINDANAO (BARMM),BASILAN,PH150000000,PH1900700000,Communication Disability,Both Sexes,Moderate,PH150700000,246,68,46,51,81
BANGSAMORO AUTONOMOUS REGION IN MUSLIM MINDANAO (BARMM),BASILAN,PH150000000,PH1900700000,Communication Disability,Both Sexes,Severe,PH150700000,225,94,49,47,35
BANGSAMORO AUTONOMOUS REGION IN MUSLIM MINDANAO (BARMM),BASILAN,PH150000000,PH1900700000,Communication Disability,Female,All,PH150700000,847,150,121,149,427
BANGSAMORO AUTONOMOUS REGION IN MUSLIM MINDANAO (BARMM),BASILAN,PH150000000,PH1900700000,Communication Disability,Female,Mild,PH150700000,575,74,58,80,363
BANGSAMORO AUTONOMOUS REGION IN MUSLIM MINDANAO (BARMM),BASILAN,PH150000000,PH1900700000,Communication Disability,Female,Moderate,PH150700000,134,25,30,37,42
BANGSAMORO AUTONOMOUS REGION IN MUSLIM MINDANAO (BARMM),BASILAN,PH150000000,PH1900700000,Communication Disability,Female,Severe,PH150700000,138,51,33,32,22
BANGSAMORO AUTONOMOUS REGION IN MUSLIM MINDANAO (BARMM),BASILAN,PH150000000,PH1900700000,Communication Disability,Male,All,PH150700000,740,177,127,127,309
BANGSAMORO AUTONOMOUS REGION IN MUSLIM MINDANAO (BARMM),BASILAN,PH150000000,PH1900700000,Communication Disability,Male,Mild,PH150700000,541,91,95,98,257
BANGSAMORO AUTONOMOUS REGION IN MUSLIM MINDANAO (BARMM),BASILAN,PH150000000,PH1900700000,Communication Disability,Male,Moderate,PH150700000,112,43,16,14,39
BANGSAMORO AUTONOMOUS REGION IN MUSLIM MINDANAO (BARMM),BASILAN,PH150000000,PH1900700000,Communication Disability,Male,Severe,PH150700000,87,43,16,15,13
BANGSAMORO AUTONOMOUS REGION IN MUSLIM MINDANAO (BARMM),BASILAN,PH150000000,PH1900700000,Hearing Disability,Both Sexes,All,PH150700000,3226,165,166,536,2359
BANGSAMORO AUTONOMOUS REGION IN MUSLIM MINDANAO (BARMM),BASILAN,PH150000000,PH1900700000,Hearing Disability,Both Sexes,Mild,PH150700000,2927,128,149,497,2153
BANGSAMORO AUTONOMOUS REGION IN MUSLIM MINDANAO (BARMM),BASILAN,PH150000000,PH1900700000,Hearing Disability,Both Sexes,Moderate,PH150700000,231,15,10,27,179
BANGSAMORO AUTONOMOUS REGION IN MUSLIM MINDANAO (BARMM),BASILAN,PH150000000,PH1900700000,Hearing Disability,Both Sexes,Severe,PH150700000,68,22,7,12,27
BANGSAMORO AUTONOMOUS REGION IN MUSLIM MINDANAO (BARMM),BASILAN,PH150000000,PH1900700000,Hearing Disability,Female,All,PH150700000,1686,71,80,268,1267
BANGSAMORO AUTONOMOUS REGION IN MUSLIM MINDANAO (BARMM),BASILAN,PH150000000,PH1900700000,Hearing Disability,Female,Mild,PH150700000,1536,55,71,246,1164
BANGSAMORO AUTONOMOUS REGION IN MUSLIM MINDANAO (BARMM),BASILAN,PH150000000,PH1900700000,Hearing Disability,Female,Moderate,PH150700000,118,6,5,15,92
BANGSAMORO AUTONOMOUS REGION IN MUSLIM MINDANAO (BARMM),BASILAN,PH150000000,PH1900700000,Hearing Disability,Female,Severe,PH150700000,32,10,4,7,11
BANGSAMORO AUTONOMOUS REGION IN MUSLIM MINDANAO (BARMM),BASILAN,PH150000000,PH1900700000,Hearing Disability,Male,All,PH150700000,1540,94,86,268,1092
BANGSAMORO AUTONOMOUS REGION IN MUSLIM MINDANAO (BARMM),BASILAN,PH150000000,PH1900700000,Hearing Disability,Male,Mild,PH150700000,1391,73,78,251,989
BANGSAMORO AUTONOMOUS REGION IN MUSLIM MINDANAO (BARMM),BASILAN,PH150000000,PH1900700000,Hearing Disability,Male,Moderate,PH150700000,113,9,5,12,87
BANGSAMORO AUTONOMOUS REGION IN MUSLIM MINDANAO (BARMM),BASILAN,PH150000000,PH1900700000,Hearing Disability,Male,Severe,PH150700000,36,12,3,5,16
BANGSAMORO AUTONOMOUS REGION IN MUSLIM MINDANAO (BARMM),BASILAN,PH150000000,PH1900700000,Mobility Disability,Both Sexes,All,PH150700000,3161,146,163,620,2232
BANGSAMORO AUTONOMOUS REGION IN MUSLIM MINDANAO (BARMM),BASILAN,PH150000000,PH1900700000,Mobility Disability,Both Sexes,Mild,PH150700000,2759,113,133,550,1963
BANGSAMORO AUTONOMOUS REGION IN MUSLIM MINDANAO (BARMM),BASILAN,PH150000000,PH1900700000,Mobility Disability,Both Sexes,Moderate,PH150700000,320,16,17,57,230
BANGSAMORO AUTONOMOUS REGION IN MUSLIM MINDANAO (BARMM),BASILAN,PH150000000,PH1900700000,Mobility Disability,Both Sexes,Severe,PH150700000,82,17,13,13,39
BANGSAMORO AUTONOMOUS REGION IN MUSLIM MINDANAO (BARMM),BASILAN,PH150000000,PH1900700000,Mobility Disability,Female,All,PH150700000,1671,60,67,290,1254
BANGSAMORO AUTONOMOUS REGION IN MUSLIM MINDANAO (BARMM),BASILAN,PH150000000,PH1900700000,Mobility Disability,Female,Mild,PH150700000,1470,44,53,262,1111
BANGSAMORO AUTONOMOUS REGION IN MUSLIM MINDANAO (BARMM),BASILAN,PH150000000,PH1900700000,Mobility Disability,Female,Moderate,PH150700000,157,7,10,19,121
BANGSAMORO AUTONOMOUS REGION IN MUSLIM MINDANAO (BARMM),BASILAN,PH150000000,PH1900700000,Mobility Disability,Female,Severe,PH150700000,44,9,4,9,22
BANGSAMORO AUTONOMOUS REGION IN MUSLIM MINDANAO (BARMM),BASILAN,PH150000000,PH1900700000,Mobility Disability,Male,All,PH150700000,1490,86,96,330,978
BANGSAMORO AUTONOMOUS REGION IN MUSLIM MINDANAO (BARMM),BASILAN,PH150000000,PH1900700000,Mobility Disability,Male,Mild,PH150700000,1289,69,80,288,852
BANGSAMORO AUTONOMOUS REGION IN MUSLIM MINDANAO (BARMM),BASILAN,PH150000000,PH1900700000,Mobility Disability,Male,Moderate,PH150700000,163,9,7,38,109
BANGSAMORO AUTONOMOUS REGION IN MUSLIM MINDANAO (BARMM),BASILAN,PH150000000,PH1900700000,Mobility Disability,Male,Severe,PH150700000,38,8,9,4,17
BANGSAMORO AUTONOMOUS REGION IN MUSLIM MINDANAO (BARMM),BASILAN,PH150000000,PH1900700000,Self-Care Disability,Both Sexes,All,PH150700000,1377,197,130,208,842
BANGSAMORO AUTONOMOUS REGION IN MUSLIM MINDANAO (BARMM),BASILAN,PH150000000,PH1900700000,Self-Care Disability,Both Sexes,Mild,PH150700000,1114,139,101,167,707
BANGSAMORO AUTONOMOUS REGION IN MUSLIM MINDANAO (BARMM),BASILAN,PH150000000,PH1900700000,Self-Care Disability,Both Sexes,Moderate,PH150700000,158,19,10,33,96
BANGSAMORO AUTONOMOUS REGION IN MUSLIM MINDANAO (BARMM),BASILAN,PH150000000,PH1900700000,Self-Care Disability,Both Sexes,Severe,PH150700000,105,39,19,8,39
BANGSAMORO AUTONOMOUS REGION IN MUSLIM MINDANAO (BARMM),BASILAN,PH150000000,PH1900700000,Self-Care Disability,Female,All,PH150700000,747,89,58,103,497
BANGSAMORO AUTONOMOUS REGION IN MUSLIM MINDANAO (BARMM),BASILAN,PH150000000,PH1900700000,Self-Care Disability,Female,Mild,PH150700000,606,65,45,81,415
BANGSAMORO AUTONOMOUS REGION IN MUSLIM MINDANAO (BARMM),BASILAN,PH150000000,PH1900700000,Self-Care Disability,Female,Moderate,PH150700000,83,5,4,18,56
BANGSAMORO AUTONOMOUS REGION IN MUSLIM MINDANAO (BARMM),BASILAN,PH150000000,PH1900700000,Self-Care Disability,Female,Severe,PH150700000,58,19,9,4,26
BANGSAMORO AUTONOMOUS REGION IN MUSLIM MINDANAO (BARMM),BASILAN,PH150000000,PH1900700000,Self-Care Disability,Male,All,PH150700000,630,108,72,105,345
BANGSAMORO AUTONOMOUS REGION IN MUSLIM MINDANAO (BARMM),BASILAN,PH150000000,PH1900700000,Self-Care Disability,Male,Mild,PH150700000,508,74,56,86,292
BANGSAMORO AUTONOMOUS REGION IN MUSLIM MINDANAO (BARMM),BASILAN,PH150000000,PH1900700000,Self-Care Disability,Male,Moderate,PH150700000,75,14,6,15,40
BANGSAMORO AUTONOMOUS REGION IN MUSLIM MINDANAO (BARMM),BASILAN,PH150000000,PH1900700000,Self-Care Disability,Male,Severe,PH150700000,47,20,10,4,13
BANGSAMORO AUTONOMOUS REGION IN MUSLIM MINDANAO (BARMM),BASILAN,PH150000000,PH1900700000,Visual Disability,Both Sexes,All,PH150700000,7490,298,380,2386,4426
BANGSAMORO AUTONOMOUS REGION IN MUSLIM MINDANAO (BARMM),BASILAN,PH150000000,PH1900700000,Visual Disability,Both Sexes,Mild,PH150700000,6913,194,282,2285,4152
BANGSAMORO AUTONOMOUS REGION IN MUSLIM MINDANAO (BARMM),BASILAN,PH150000000,PH1900700000,Visual Disability,Both Sexes,Moderate,PH150700000,301,10,11,46,234
BANGSAMORO AUTONOMOUS REGION IN MUSLIM MINDANAO (BARMM),BASILAN,PH150000000,PH1900700000,Visual Disability,Both Sexes,Severe,PH150700000,276,94,87,55,40
BANGSAMORO AUTONOMOUS REGION IN MUSLIM MINDANAO (BARMM),BASILAN,PH150000000,PH1900700000,Visual Disability,Female,All,PH150700000,3985,141,196,1232,2416
BANGSAMORO AUTONOMOUS REGION IN MUSLIM MINDANAO (BARMM),BASILAN,PH150000000,PH1900700000,Visual Disability,Female,Mild,PH150700000,3683,87,147,1179,2270
BANGSAMORO AUTONOMOUS REGION IN MUSLIM MINDANAO (BARMM),BASILAN,PH150000000,PH1900700000,Visual Disability,Female,Moderate,PH150700000,156,2,5,21,128
BANGSAMORO AUTONOMOUS REGION IN MUSLIM MINDANAO (BARMM),BASILAN,PH150000000,PH1900700000,Visual Disability,Female,Severe,PH150700000,146,52,44,32,18
BANGSAMORO AUTONOMOUS REGION IN MUSLIM MINDANAO (BARMM),BASILAN,PH150000000,PH1900700000,Visual Disability,Male,All,PH150700000,3505,157,184,1154,2010
BANGSAMORO AUTONOMOUS REGION IN MUSLIM MINDANAO (BARMM),BASILAN,PH150000000,PH1900700000,Visual Disability,Male,Mild,PH150700000,3230,107,135,1106,1882
BANGSAMORO AUTONOMOUS REGION IN MUSLIM MINDANAO (BARMM),BASILAN,PH150000000,PH1900700000,Visual Disability,Male,Moderate,PH150700000,145,8,6,25,106
BANGSAMORO AUTONOMOUS REGION IN MUSLIM MINDANAO (BARMM),BASILAN,PH150000000,PH1900700000,Visual Disability,Male,Severe,PH150700000,130,42,43,23,22
BANGSAMORO AUTONOMOUS REGION IN MUSLIM MINDANAO (BARMM),COTABATO CITY (NOT A PROVINCE),PH150000000,PH1999900000,Cognitive Disability,Both Sexes,All,PH129800000,1662,172,100,267,1123
BANGSAMORO AUTONOMOUS REGION IN MUSLIM MINDANAO (BARMM),COTABATO CITY (NOT A PROVINCE),PH150000000,PH1999900000,Cognitive Disability,Both Sexes,Mild,PH129800000,1464,138,83,232,1011
BANGSAMORO AUTONOMOUS REGION IN MUSLIM MINDANAO (BARMM),COTABATO CITY (NOT A PROVINCE),PH150000000,PH1999900000,Cognitive Disability,Both Sexes,Moderate,PH129800000,163,24,11,26,102
BANGSAMORO AUTONOMOUS REGION IN MUSLIM MINDANAO (BARMM),COTABATO CITY (NOT A PROVINCE),PH150000000,PH1999900000,Cognitive Disability,Both Sexes,Severe,PH129800000,35,10,6,9,10
BANGSAMORO AUTONOMOUS REGION IN MUSLIM MINDANAO (BARMM),COTABATO CITY (NOT A PROVINCE),PH150000000,PH1999900000,Cognitive Disability,Female,All,PH129800000,919,81,47,146,645
BANGSAMORO AUTONOMOUS REGION IN MUSLIM MINDANAO (BARMM),COTABATO CITY (NOT A PROVINCE),PH150000000,PH1999900000,Cognitive Disability,Female,Mild,PH129800000,814,69,39,129,577
BANGSAMORO AUTONOMOUS REGION IN MUSLIM MINDANAO (BARMM),COTABATO CITY (NOT A PROVINCE),PH150000000,PH1999900000,Cognitive Disability,Female,Moderate,PH129800000,87,10,5,11,61
BANGSAMORO AUTONOMOUS REGION IN MUSLIM MINDANAO (BARMM),COTABATO CITY (NOT A PROVINCE),PH150000000,PH1999900000,Cognitive Disability,Female,Severe,PH129800000,18,2,3,6,7
BANGSAMORO AUTONOMOUS REGION IN MUSLIM MINDANAO (BARMM),COTABATO CITY (NOT A PROVINCE),PH150000000,PH1999900000,Cognitive Disability,Male,All,PH129800000,743,91,53,121,478
BANGSAMORO AUTONOMOUS REGION IN MUSLIM MINDANAO (BARMM),COTABATO CITY (NOT A PROVINCE),PH150000000,PH1999900000,Cognitive Disability,Male,Mild,PH129800000,650,69,44,103,434
BANGSAMORO AUTONOMOUS REGION IN MUSLIM MINDANAO (BARMM),COTABATO CITY (NOT A PROVINCE),PH150000000,PH1999900000,Cognitive Disability,Male,Moderate,PH129800000,76,14,6,15,41
BANGSAMORO AUTONOMOUS REGION IN MUSLIM MINDANAO (BARMM),COTABATO CITY (NOT A PROVINCE),PH150000000,PH1999900000,Cognitive Disability,Male,Severe,PH129800000,17,8,3,3,3
BANGSAMORO AUTONOMOUS REGION IN MUSLIM MINDANAO (BARMM),COTABATO CITY (NOT A PROVINCE),PH150000000,PH1999900000,Communication Disability,Both Sexes,All,PH129800000,1270,249,175,180,666
BANGSAMORO AUTONOMOUS REGION IN MUSLIM MINDANAO (BARMM),COTABATO CITY (NOT A PROVINCE),PH150000000,PH1999900000,Communication Disability,Both Sexes,Mild,PH129800000,981,147,93,146,595
BANGSAMORO AUTONOMOUS REGION IN MUSLIM MINDANAO (BARMM),COTABATO CITY (NOT A PROVINCE),PH150000000,PH1999900000,Communication Disability,Both Sexes,Moderate,PH129800000,172,54,43,19,56
BANGSAMORO AUTONOMOUS REGION IN MUSLIM MINDANAO (BARMM),COTABATO CITY (NOT A PROVINCE),PH150000000,PH1999900000,Communication Disability,Both Sexes,Severe,PH129800000,117,48,39,15,15
BANGSAMORO AUTONOMOUS REGION IN MUSLIM MINDANAO (BARMM),COTABATO CITY (NOT A PROVINCE),PH150000000,PH1999900000,Communication Disability,Female,All,PH129800000,676,116,86,88,386
BANGSAMORO AUTONOMOUS REGION IN MUSLIM MINDANAO (BARMM),COTABATO CITY (NOT A PROVINCE),PH150000000,PH1999900000,Communication Disability,Female,Mild,PH129800000,523,76,36,71,340
BANGSAMORO AUTONOMOUS REGION IN MUSLIM MINDANAO (BARMM),COTABATO CITY (NOT A PROVINCE),PH150000000,PH1999900000,Communication Disability,Female,Moderate,PH129800000,94,21,25,10,38
BANGSAMORO AUTONOMOUS REGION IN MUSLIM MINDANAO (BARMM),COTABATO CITY (NOT A PROVINCE),PH150000000,PH1999900000,Communication Disability,Female,Severe,PH129800000,59,19,25,7,8
BANGSAMORO AUTONOMOUS REGION IN MUSLIM MINDANAO (BARMM),COTABATO CITY (NOT A PROVINCE),PH150000000,PH1999900000,Communication Disability,Male,All,PH129800000,594,133,89,92,280
BANGSAMORO AUTONOMOUS REGION IN MUSLIM MINDANAO (BARMM),COTABATO CITY (NOT A PROVINCE),PH150000000,PH1999900000,Communication Disability,Male,Mild,PH129800000,458,71,57,75,255
BANGSAMORO AUTONOMOUS REGION IN MUSLIM MINDANAO (BARMM),COTABATO CITY (NOT A PROVINCE),PH150000000,PH1999900000,Communication Disability,Male,Moderate,PH129800000,78,33,18,9,18
BANGSAMORO AUTONOMOUS REGION IN MUSLIM MINDANAO (BARMM),COTABATO CITY (NOT A PROVINCE),PH150000000,PH1999900000,Communication Disability,Male,Severe,PH129800000,58,29,14,8,7
BANGSAMORO AUTONOMOUS REGION IN MUSLIM MINDANAO (BARMM),COTABATO CITY (NOT A PROVINCE),PH150000000,PH1999900000,Hearing Disability,Both Sexes,All,PH129800000,2291,95,104,418,1674
BANGSAMORO AUTONOMOUS REGION IN MUSLIM MINDANAO (BARMM),COTABATO CITY (NOT A PROVINCE),PH150000000,PH1999900000,Hearing Disability,Both Sexes,Mild,PH129800000,2125,80,87,398,1560
BANGSAMORO AUTONOMOUS REGION IN MUSLIM MINDANAO (BARMM),COTABATO CITY (NOT A PROVINCE),PH150000000,PH1999900000,Hearing Disability,Both Sexes,Moderate,PH129800000,141,9,10,17,105
BANGSAMORO AUTONOMOUS REGION IN MUSLIM MINDANAO (BARMM),COTABATO CITY (NOT A PROVINCE),PH150000000,PH1999900000,Hearing Disability,Both Sexes,Severe,PH129800000,25,6,7,3,9
BANGSAMORO AUTONOMOUS REGION IN MUSLIM MINDANAO (BARMM),COTABATO CITY (NOT A PROVINCE),PH150000000,PH1999900000,Hearing Disability,Female,All,PH129800000,1209,42,45,208,914
BANGSAMORO AUTONOMOUS REGION IN MUSLIM MINDANAO (BARMM),COTABATO CITY (NOT A PROVINCE),PH150000000,PH1999900000,Hearing Disability,Female,Mild,PH129800000,1121,37,40,199,845
BANGSAMORO AUTONOMOUS REGION IN MUSLIM MINDANAO (BARMM),COTABATO CITY (NOT A PROVINCE),PH150000000,PH1999900000,Hearing Disability,Female,Moderate,PH129800000,78,4,4,7,63
BANGSAMORO AUTONOMOUS REGION IN MUSLIM MINDANAO (BARMM),COTABATO CITY (NOT A PROVINCE),PH150000000,PH1999900000,Hearing Disability,Female,Severe,PH129800000,10,1,1,2,6
BANGSAMORO AUTONOMOUS REGION IN MUSLIM MINDANAO (BARMM),COTABATO CITY (NOT A PROVINCE),PH150000000,PH1999900000,Hearing Disability,Male,All,PH129800000,1082,53,59,210,760
BANGSAMORO AUTONOMOUS REGION IN MUSLIM MINDANAO (BARMM),COTABATO CITY (NOT A PROVINCE),PH150000000,PH1999900000,Hearing Disability,Male,Mild,PH129800000,1004,43,47,199,715
BANGSAMORO AUTONOMOUS REGION IN MUSLIM MINDANAO (BARMM),COTABATO CITY (NOT A PROVINCE),PH150000000,PH1999900000,Hearing Disability,Male,Moderate,PH129800000,63,5,6,10,42
BANGSAMORO AUTONOMOUS REGION IN MUSLIM MINDANAO (BARMM),COTABATO CITY (NOT A PROVINCE),PH150000000,PH1999900000,Hearing Disability,Male,Severe,PH129800000,15,5,6,1,3
BANGSAMORO AUTONOMOUS REGION IN MUSLIM MINDANAO (BARMM),COTABATO CITY (NOT A PROVINCE),PH150000000,PH1999900000,Mobility Disability,Both Sexes,All,PH129800000,2837,144,148,519,2026
BANGSAMORO AUTONOMOUS REGION IN MUSLIM MINDANAO (BARMM),COTABATO CITY (NOT A PROVINCE),PH150000000,PH1999900000,Mobility Disability,Both Sexes,Mild,PH129800000,2502,97,119,483,1803
BANGSAMORO AUTONOMOUS REGION IN MUSLIM MINDANAO (BARMM),COTABATO CITY (NOT A PROVINCE),PH150000000,PH1999900000,Mobility Disability,Both Sexes,Moderate,PH129800000,258,32,22,24,180
BANGSAMORO AUTONOMOUS REGION IN MUSLIM MINDANAO (BARMM),COTABATO CITY (NOT A PROVINCE),PH150000000,PH1999900000,Mobility Disability,Both Sexes,Severe,PH129800000,77,15,7,12,43
BANGSAMORO AUTONOMOUS REGION IN MUSLIM MINDANAO (BARMM),COTABATO CITY (NOT A PROVINCE),PH150000000,PH1999900000,Mobility Disability,Female,All,PH129800000,1530,64,59,269,1138
BANGSAMORO AUTONOMOUS REGION IN MUSLIM MINDANAO (BARMM),COTABATO CITY (NOT A PROVINCE),PH150000000,PH1999900000,Mobility Disability,Female,Mild,PH129800000,1346,43,47,254,1002
BANGSAMORO AUTONOMOUS REGION IN MUSLIM MINDANAO (BARMM),COTABATO CITY (NOT A PROVINCE),PH150000000,PH1999900000,Mobility Disability,Female,Moderate,PH129800000,144,13,9,12,110
BANGSAMORO AUTONOMOUS REGION IN MUSLIM MINDANAO (BARMM),COTABATO CITY (NOT A PROVINCE),PH150000000,PH1999900000,Mobility Disability,Female,Severe,PH129800000,40,8,3,3,26
BANGSAMORO AUTONOMOUS REGION IN MUSLIM MINDANAO (BARMM),COTABATO CITY (NOT A PROVINCE),PH150000000,PH1999900000,Mobility Disability,Male,All,PH129800000,1307,80,89,250,888
BANGSAMORO AUTONOMOUS REGION IN MUSLIM MINDANAO (BARMM),COTABATO CITY (NOT A PROVINCE),PH150000000,PH1999900000,Mobility Disability,Male,Mild,PH129800000,1156,54,72,229,801
BANGSAMORO AUTONOMOUS REGION IN MUSLIM MINDANAO (BARMM),COTABATO CITY (NOT A PROVINCE),PH150000000,PH1999900000,Mobility Disability,Male,Moderate,PH129800000,114,19,13,12,70
BANGSAMORO AUTONOMOUS REGION IN MUSLIM MINDANAO (BARMM),COTABATO CITY (NOT A PROVINCE),PH150000000,PH1999900000,Mobility Disability,Male,Severe,PH129800000,37,7,4,9,17
BANGSAMORO AUTONOMOUS REGION IN MUSLIM MINDANAO (BARMM),COTABATO CITY (NOT A PROVINCE),PH150000000,PH1999900000,Self-Care Disability,Both Sexes,All,PH129800000,1342,270,114,162,796
BANGSAMORO AUTONOMOUS REGION IN MUSLIM MINDANAO (BARMM),COTABATO CITY (NOT A PROVINCE),PH150000000,PH1999900000,Self-Care Disability,Both Sexes,Mild,PH129800000,1105,216,85,129,675
BANGSAMORO AUTONOMOUS REGION IN MUSLIM MINDANAO (BARMM),COTABATO CITY (NOT A PROVINCE),PH150000000,PH1999900000,Self-Care Disability,Both Sexes,Moderate,PH129800000,155,36,23,21,75
BANGSAMORO AUTONOMOUS REGION IN MUSLIM MINDANAO (BARMM),COTABATO CITY (NOT A PROVINCE),PH150000000,PH1999900000,Self-Care Disability,Both Sexes,Severe,PH129800000,82,18,6,12,46
BANGSAMORO AUTONOMOUS REGION IN MUSLIM MINDANAO (BARMM),COTABATO CITY (NOT A PROVINCE),PH150000000,PH1999900000,Self-Care Disability,Female,All,PH129800000,680,121,35,67,457
BANGSAMORO AUTONOMOUS REGION IN MUSLIM MINDANAO (BARMM),COTABATO CITY (NOT A PROVINCE),PH150000000,PH1999900000,Self-Care Disability,Female,Mild,PH129800000,573,106,27,56,384
BANGSAMORO AUTONOMOUS REGION IN MUSLIM MINDANAO (BARMM),COTABATO CITY (NOT A PROVINCE),PH150000000,PH1999900000,Self-Care Disability,Female,Moderate,PH129800000,59,10,5,5,39
BANGSAMORO AUTONOMOUS REGION IN MUSLIM MINDANAO (BARMM),COTABATO CITY (NOT A PROVINCE),PH150000000,PH1999900000,Self-Care Disability,Female,Severe,PH129800000,48,5,3,6,34
BANGSAMORO AUTONOMOUS REGION IN MUSLIM MINDANAO (BARMM),COTABATO CITY (NOT A PROVINCE),PH150000000,PH1999900000,Self-Care Disability,Male,All,PH129800000,662,149,79,95,339
BANGSAMORO AUTONOMOUS REGION IN MUSLIM MINDANAO (BARMM),COTABATO CITY (NOT A PROVINCE),PH150000000,PH1999900000,Self-Care Disability,Male,Mild,PH129800000,532,110,58,73,291
BANGSAMORO AUTONOMOUS REGION IN MUSLIM MINDANAO (BARMM),COTABATO CITY (NOT A PROVINCE),PH150000000,PH1999900000,Self-Care Disability,Male,Moderate,PH129800000,96,26,18,16,36
BANGSAMORO AUTONOMOUS REGION IN MUSLIM MINDANAO (BARMM),COTABATO CITY (NOT A PROVINCE),PH150000000,PH1999900000,Self-Care Disability,Male,Severe,PH129800000,34,13,3,6,12
BANGSAMORO AUTONOMOUS REGION IN MUSLIM MINDANAO (BARMM),COTABATO CITY (NOT A PROVINCE),PH150000000,PH1999900000,Visual Disability,Both Sexes,All,PH129800000,5746,127,236,1888,3799
BANGSAMORO AUTONOMOUS REGION IN MUSLIM MINDANAO (BARMM),COTABATO CITY (NOT A PROVINCE),PH150000000,PH1999900000,Visual Disability,Both Sexes,Mild,PH129800000,5698,94,208,1816,3580
BANGSAMORO AUTONOMOUS REGION IN MUSLIM MINDANAO (BARMM),COTABATO CITY (NOT A PROVINCE),PH150000000,PH1999900000,Visual Disability,Both Sexes,Moderate,PH129800000,279,9,10,61,199
BANGSAMORO AUTONOMOUS REGION IN MUSLIM MINDANAO (BARMM),COTABATO CITY (NOT A PROVINCE),PH150000000,PH1999900000,Visual Disability,Both Sexes,Severe,PH129800000,73,24,18,11,20
BANGSAMORO AUTONOMOUS REGION IN MUSLIM MINDANAO (BARMM),COTABATO CITY (NOT A PROVINCE),PH150000000,PH1999900000,Visual Disability,Female,All,PH129800000,3215,69,119,985,2042
BANGSAMORO AUTONOMOUS REGION IN MUSLIM MINDANAO (BARMM),COTABATO CITY (NOT A PROVINCE),PH150000000,PH1999900000,Visual Disability,Female,Mild,PH129800000,3017,53,107,945,1912
BANGSAMORO AUTONOMOUS REGION IN MUSLIM MINDANAO (BARMM),COTABATO CITY (NOT A PROVINCE),PH150000000,PH1999900000,Visual Disability,Female,Moderate,PH129800000,162,5,4,34,119
BANGSAMORO AUTONOMOUS REGION IN MUSLIM MINDANAO (BARMM),COTABATO CITY (NOT A PROVINCE),PH150000000,PH1999900000,Visual Disability,Female,Severe,PH129800000,36,11,8,6,11
BANGSAMORO AUTONOMOUS REGION IN MUSLIM MINDANAO (BARMM),COTABATO CITY (NOT A PROVINCE),PH150000000,PH1999900000,Visual Disability,Male,All,PH129800000,2835,58,117,903,1757
BANGSAMORO AUTONOMOUS REGION IN MUSLIM MINDANAO (BARMM),COTABATO CITY (NOT A PROVINCE),PH150000000,PH1999900000,Visual Disability,Male,Mild,PH129800000,2681,41,101,871,1668
BANGSAMORO AUTONOMOUS REGION IN MUSLIM MINDANAO (BARMM),COTABATO CITY (NOT A PROVINCE),PH150000000,PH1999900000,Visual Disability,Male,Moderate,PH129800000,117,4,6,27,80
BANGSAMORO AUTONOMOUS REGION IN MUSLIM MINDANAO (BARMM),COTABATO CITY (NOT A PROVINCE),PH150000000,PH1999900000,Visual Disability,Male,Severe,PH129800000,37,13,10,5,9
BANGSAMORO AUTONOMOUS REGION IN MUSLIM MINDANAO (BARMM),LANAO DEL SUR,PH150000000,PH1903600000,Cognitive Disability,Both Sexes,All,PH153600000,27335,1838,1500,7723,16274
BANGSAMORO AUTONOMOUS REGION IN MUSLIM MINDANAO (BARMM),LANAO DEL SUR,PH150000000,PH1903600000,Cognitive Disability,Both Sexes,Mild,PH153600000,24980,1544,1341,7413,14682
BANGSAMORO AUTONOMOUS REGION IN MUSLIM MINDANAO (BARMM),LANAO DEL SUR,PH150000000,PH1903600000,Cognitive Disability,Both Sexes,Moderate,PH153600000,1962,169,99,259,1435
BANGSAMORO AUTONOMOUS REGION IN MUSLIM MINDANAO (BARMM),LANAO DEL SUR,PH150000000,PH1903600000,Cognitive Disability,Both Sexes,Severe,PH153600000,393,125,60,51,157
BANGSAMORO AUTONOMOUS REGION IN MUSLIM MINDANAO (BARMM),LANAO DEL SUR,PH150000000,PH1903600000,Cognitive Disability,Female,All,PH153600000,14027,870,741,3894,8522
BANGSAMORO AUTONOMOUS REGION IN MUSLIM MINDANAO (BARMM),LANAO DEL SUR,PH150000000,PH1903600000,Cognitive Disability,Female,Mild,PH153600000,12793,743,662,3753,7635
BANGSAMORO AUTONOMOUS REGION IN MUSLIM MINDANAO (BARMM),LANAO DEL SUR,PH150000000,PH1903600000,Cognitive Disability,Female,Moderate,PH153600000,1021,59,45,119,798
BANGSAMORO AUTONOMOUS REGION IN MUSLIM MINDANAO (BARMM),LANAO DEL SUR,PH150000000,PH1903600000,Cognitive Disability,Female,Severe,PH153600000,213,68,34,22,89
BANGSAMORO AUTONOMOUS REGION IN MUSLIM MINDANAO (BARMM),LANAO DEL SUR,PH150000000,PH1903600000,Cognitive Disability,Male,All,PH153600000,13308,968,759,3829,7752
BANGSAMORO AUTONOMOUS REGION IN MUSLIM MINDANAO (BARMM),LANAO DEL SUR,PH150000000,PH1903600000,Cognitive Disability,Male,Mild,PH153600000,12187,801,679,3660,7047
BANGSAMORO AUTONOMOUS REGION IN MUSLIM MINDANAO (BARMM),LANAO DEL SUR,PH150000000,PH1903600000,Cognitive Disability,Male,Moderate,PH153600000,941,110,54,140,637
BANGSAMORO AUTONOMOUS REGION IN MUSLIM MINDANAO (BARMM),LANAO DEL SUR,PH150000000,PH1903600000,Cognitive Disability,Male,Severe,PH153600000,180,57,26,29,68
BANGSAMORO AUTONOMOUS REGION IN MUSLIM MINDANAO (BARMM),LANAO DEL SUR,PH150000000,PH1903600000,Communication Disability,Both Sexes,All,PH153600000,15480,2989,1853,3106,7532
BANGSAMORO AUTONOMOUS REGION IN MUSLIM MINDANAO (BARMM),LANAO DEL SUR,PH150000000,PH1903600000,Communication Disability,Both Sexes,Mild,PH153600000,11719,1728,1012,2492,6487
BANGSAMORO AUTONOMOUS REGION IN MUSLIM MINDANAO (BARMM),LANAO DEL SUR,PH150000000,PH1903600000,Communication Disability,Both Sexes,Moderate,PH153600000,2236,652,390,356,838
BANGSAMORO AUTONOMOUS REGION IN MUSLIM MINDANAO (BARMM),LANAO DEL SUR,PH150000000,PH1903600000,Communication Disability,Both Sexes,Severe,PH153600000,1525,609,451,258,207
BANGSAMORO AUTONOMOUS REGION IN MUSLIM MINDANAO (BARMM),LANAO DEL SUR,PH150000000,PH1903600000,Communication Disability,Female,All,PH153600000,7914,1452,914,1512,4036
BANGSAMORO AUTONOMOUS REGION IN MUSLIM MINDANAO (BARMM),LANAO DEL SUR,PH150000000,PH1903600000,Communication Disability,Female,Mild,PH153600000,5726,825,385,1078,3438
BANGSAMORO AUTONOMOUS REGION IN MUSLIM MINDANAO (BARMM),LANAO DEL SUR,PH150000000,PH1903600000,Communication Disability,Female,Moderate,PH153600000,1278,316,229,258,475
BANGSAMORO AUTONOMOUS REGION IN MUSLIM MINDANAO (BARMM),LANAO DEL SUR,PH150000000,PH1903600000,Communication Disability,Female,Severe,PH153600000,910,311,300,176,123
BANGSAMORO AUTONOMOUS REGION IN MUSLIM MINDANAO (BARMM),LANAO DEL SUR,PH150000000,PH1903600000,Communication Disability,Male,All,PH153600000,7566,1537,939,1594,3496
BANGSAMORO AUTONOMOUS REGION IN MUSLIM MINDANAO (BARMM),LANAO DEL SUR,PH150000000,PH1903600000,Communication Disability,Male,Mild,PH153600000,5993,903,627,1414,3049
BANGSAMORO AUTONOMOUS REGION IN MUSLIM MINDANAO (BARMM),LANAO DEL SUR,PH150000000,PH1903600000,Communication Disability,Male,Moderate,PH153600000,958,336,161,98,363
BANGSAMORO AUTONOMOUS REGION IN MUSLIM MINDANAO (BARMM),LANAO DEL SUR,PH150000000,PH1903600000,Communication Disability,Male,Severe,PH153600000,615,298,151,82,84
BANGSAMORO AUTONOMOUS REGION IN MUSLIM MINDANAO (BARMM),LANAO DEL SUR,PH150000000,PH1903600000,Hearing Disability,Both Sexes,All,PH153600000,31475,1042,1388,7764,21281
BANGSAMORO AUTONOMOUS REGION IN MUSLIM MINDANAO (BARMM),LANAO DEL SUR,PH150000000,PH1903600000,Hearing Disability,Both Sexes,Mild,PH153600000,29056,845,1232,7494,19485
BANGSAMORO AUTONOMOUS REGION IN MUSLIM MINDANAO (BARMM),LANAO DEL SUR,PH150000000,PH1903600000,Hearing Disability,Both Sexes,Moderate,PH153600000,2077,105,88,224,1660
BANGSAMORO AUTONOMOUS REGION IN MUSLIM MINDANAO (BARMM),LANAO DEL SUR,PH150000000,PH1903600000,Hearing Disability,Both Sexes,Severe,PH153600000,342,92,68,46,136
BANGSAMORO AUTONOMOUS REGION IN MUSLIM MINDANAO (BARMM),LANAO DEL SUR,PH150000000,PH1903600000,Hearing Disability,Female,All,PH153600000,15677,470,641,3651,10915
BANGSAMORO AUTONOMOUS REGION IN MUSLIM MINDANAO (BARMM),LANAO DEL SUR,PH150000000,PH1903600000,Hearing Disability,Female,Mild,PH153600000,14439,384,578,3539,9938
BANGSAMORO AUTONOMOUS REGION IN MUSLIM MINDANAO (BARMM),LANAO DEL SUR,PH150000000,PH1903600000,Hearing Disability,Female,Moderate,PH153600000,1081,43,31,95,912
BANGSAMORO AUTONOMOUS REGION IN MUSLIM MINDANAO (BARMM),LANAO DEL SUR,PH150000000,PH1903600000,Hearing Disability,Female,Severe,PH153600000,157,43,32,17,65
BANGSAMORO AUTONOMOUS REGION IN MUSLIM MINDANAO (BARMM),LANAO DEL SUR,PH150000000,PH1903600000,Hearing Disability,Male,All,PH153600000,15798,572,747,4113,10366
BANGSAMORO AUTONOMOUS REGION IN MUSLIM MINDANAO (BARMM),LANAO DEL SUR,PH150000000,PH1903600000,Hearing Disability,Male,Mild,PH153600000,14617,461,654,3955,9547
BANGSAMORO AUTONOMOUS REGION IN MUSLIM MINDANAO (BARMM),LANAO DEL SUR,PH150000000,PH1903600000,Hearing Disability,Male,Moderate,PH153600000,996,62,57,129,748
BANGSAMORO AUTONOMOUS REGION IN MUSLIM MINDANAO (BARMM),LANAO DEL SUR,PH150000000,PH1903600000,Hearing Disability,Male,Severe,PH153600000,185,49,36,29,71
BANGSAMORO AUTONOMOUS REGION IN MUSLIM MINDANAO (BARMM),LANAO DEL SUR,PH150000000,PH1903600000,Mobility Disability,Both Sexes,All,PH153600000,30461,1137,1275,7919,20130
BANGSAMORO AUTONOMOUS REGION IN MUSLIM MINDANAO (BARMM),LANAO DEL SUR,PH150000000,PH1903600000,Mobility Disability,Both Sexes,Mild,PH153600000,27493,871,1066,7489,18067
BANGSAMORO AUTONOMOUS REGION IN MUSLIM MINDANAO (BARMM),LANAO DEL SUR,PH150000000,PH1903600000,Mobility Disability,Both Sexes,Moderate,PH153600000,2435,152,131,351,1801
BANGSAMORO AUTONOMOUS REGION IN MUSLIM MINDANAO (BARMM),LANAO DEL SUR,PH150000000,PH1903600000,Mobility Disability,Both Sexes,Severe,PH153600000,533,114,78,79,262
BANGSAMORO AUTONOMOUS REGION IN MUSLIM MINDANAO (BARMM),LANAO DEL SUR,PH150000000,PH1903600000,Mobility Disability,Female,All,PH153600000,15443,529,580,3824,10510
BANGSAMORO AUTONOMOUS REGION IN MUSLIM MINDANAO (BARMM),LANAO DEL SUR,PH150000000,PH1903600000,Mobility Disability,Female,Mild,PH153600000,13896,415,482,3623,9376
BANGSAMORO AUTONOMOUS REGION IN MUSLIM MINDANAO (BARMM),LANAO DEL SUR,PH150000000,PH1903600000,Mobility Disability,Female,Moderate,PH153600000,1280,64,65,168,983
BANGSAMORO AUTONOMOUS REGION IN MUSLIM MINDANAO (BARMM),LANAO DEL SUR,PH150000000,PH1903600000,Mobility Disability,Female,Severe,PH153600000,267,50,33,33,151
BANGSAMORO AUTONOMOUS REGION IN MUSLIM MINDANAO (BARMM),LANAO DEL SUR,PH150000000,PH1903600000,Mobility Disability,Male,All,PH153600000,15018,608,695,4095,9620
BANGSAMORO AUTONOMOUS REGION IN MUSLIM MINDANAO (BARMM),LANAO DEL SUR,PH150000000,PH1903600000,Mobility Disability,Male,Mild,PH153600000,13597,456,584,3866,8691
BANGSAMORO AUTONOMOUS REGION IN MUSLIM MINDANAO (BARMM),LANAO DEL SUR,PH150000000,PH1903600000,Mobility Disability,Male,Moderate,PH153600000,1155,88,66,183,818
BANGSAMORO AUTONOMOUS REGION IN MUSLIM MINDANAO (BARMM),LANAO DEL SUR,PH150000000,PH1903600000,Mobility Disability,Male,Severe,PH153600000,266,64,45,46,111
BANGSAMORO AUTONOMOUS REGION IN MUSLIM MINDANAO (BARMM),LANAO DEL SUR,PH150000000,PH1903600000,Self-Care Disability,Both Sexes,All,PH153600000,20571,5427,1164,3484,10496
BANGSAMORO AUTONOMOUS REGION IN MUSLIM MINDANAO (BARMM),LANAO DEL SUR,PH150000000,PH1903600000,Self-Care Disability,Both Sexes,Mild,PH153600000,17130,4024,970,3142,8994
BANGSAMORO AUTONOMOUS REGION IN MUSLIM MINDANAO (BARMM),LANAO DEL SUR,PH150000000,PH1903600000,Self-Care Disability,Both Sexes,Moderate,PH153600000,2042,580,99,206,1157
BANGSAMORO AUTONOMOUS REGION IN MUSLIM MINDANAO (BARMM),LANAO DEL SUR,PH150000000,PH1903600000,Self-Care Disability,Both Sexes,Severe,PH153600000,1399,823,95,136,345
BANGSAMORO AUTONOMOUS REGION IN MUSLIM MINDANAO (BARMM),LANAO DEL SUR,PH150000000,PH1903600000,Self-Care Disability,Female,All,PH153600000,10437,2621,586,1631,5599
BANGSAMORO AUTONOMOUS REGION IN MUSLIM MINDANAO (BARMM),LANAO DEL SUR,PH150000000,PH1903600000,Self-Care Disability,Female,Mild,PH153600000,8727,1983,497,1490,4757
BANGSAMORO AUTONOMOUS REGION IN MUSLIM MINDANAO (BARMM),LANAO DEL SUR,PH150000000,PH1903600000,Self-Care Disability,Female,Moderate,PH153600000,1049,256,49,102,642
BANGSAMORO AUTONOMOUS REGION IN MUSLIM MINDANAO (BARMM),LANAO DEL SUR,PH150000000,PH1903600000,Self-Care Disability,Female,Severe,PH153600000,661,382,40,39,200
BANGSAMORO AUTONOMOUS REGION IN MUSLIM MINDANAO (BARMM),LANAO DEL SUR,PH150000000,PH1903600000,Self-Care Disability,Male,All,PH153600000,10134,2806,578,1853,4897
BANGSAMORO AUTONOMOUS REGION IN MUSLIM MINDANAO (BARMM),LANAO DEL SUR,PH150000000,PH1903600000,Self-Care Disability,Male,Mild,PH153600000,8403,2041,473,1652,4237
BANGSAMORO AUTONOMOUS REGION IN MUSLIM MINDANAO (BARMM),LANAO DEL SUR,PH150000000,PH1903600000,Self-Care Disability,Male,Moderate,PH153600000,993,324,50,104,515
BANGSAMORO AUTONOMOUS REGION IN MUSLIM MINDANAO (BARMM),LANAO DEL SUR,PH150000000,PH1903600000,Self-Care Disability,Male,Severe,PH153600000,738,441,55,97,145
BANGSAMORO AUTONOMOUS REGION IN MUSLIM MINDANAO (BARMM),LANAO DEL SUR,PH150000000,PH1903600000,Visual Disability,Both Sexes,All,PH153600000,67216,1973,3752,25103,36388
BANGSAMORO AUTONOMOUS REGION IN MUSLIM MINDANAO (BARMM),LANAO DEL SUR,PH150000000,PH1903600000,Visual Disability,Both Sexes,Mild,PH153600000,62497,1421,3233,24283,33560
BANGSAMORO AUTONOMOUS REGION IN MUSLIM MINDANAO (BARMM),LANAO DEL SUR,PH150000000,PH1903600000,Visual Disability,Both Sexes,Moderate,PH153600000,3517,156,167,590,2604
BANGSAMORO AUTONOMOUS REGION IN MUSLIM MINDANAO (BARMM),LANAO DEL SUR,PH150000000,PH1903600000,Visual Disability,Both Sexes,Severe,PH153600000,1202,396,352,230,224
BANGSAMORO AUTONOMOUS REGION IN MUSLIM MINDANAO (BARMM),LANAO DEL SUR,PH150000000,PH1903600000,Visual Disability,Female,All,PH153600000,33783,947,1981,12451,18404
BANGSAMORO AUTONOMOUS REGION IN MUSLIM MINDANAO (BARMM),LANAO DEL SUR,PH150000000,PH1903600000,Visual Disability,Female,Mild,PH153600000,31323,710,1710,12063,16840
BANGSAMORO AUTONOMOUS REGION IN MUSLIM MINDANAO (BARMM),LANAO DEL SUR,PH150000000,PH1903600000,Visual Disability,Female,Moderate,PH153600000,1861,63,74,267,1457
BANGSAMORO AUTONOMOUS REGION IN MUSLIM MINDANAO (BARMM),LANAO DEL SUR,PH150000000,PH1903600000,Visual Disability,Female,Severe,PH153600000,599,174,197,121,107
BANGSAMORO AUTONOMOUS REGION IN MUSLIM MINDANAO (BARMM),LANAO DEL SUR,PH150000000,PH1903600000,Visual Disability,Male,All,PH153600000,33433,1026,1771,12652,17984
BANGSAMORO AUTONOMOUS REGION IN MUSLIM MINDANAO (BARMM),LANAO DEL SUR,PH150000000,PH1903600000,Visual Disability,Male,Mild,PH153600000,31174,711,1523,12220,16720
BANGSAMORO AUTONOMOUS REGION IN MUSLIM MINDANAO (BARMM),LANAO DEL SUR,PH150000000,PH1903600000,Visual Disability,Male,Moderate,PH153600000,1656,93,93,323,1147
BANGSAMORO AUTONOMOUS REGION IN MUSLIM MINDANAO (BARMM),LANAO DEL SUR,PH150000000,PH1903600000,Visual Disability,Male,Severe,PH153600000,603,222,155,109,117
BANGSAMORO AUTONOMOUS REGION IN MUSLIM MINDANAO (BARMM),MAGUINDANAO,PH150000000,PH1903800000,Cognitive Disability,Both Sexes,All,PH153800000,10660,846,597,2462,6755
BANGSAMORO AUTONOMOUS REGION IN MUSLIM MINDANAO (BARMM),MAGUINDANAO,PH150000000,PH1903800000,Cognitive Disability,Both Sexes,Mild,PH153800000,9652,679,535,2343,6095
BANGSAMORO AUTONOMOUS REGION IN MUSLIM MINDANAO (BARMM),MAGUINDANAO,PH150000000,PH1903800000,Cognitive Disability,Both Sexes,Moderate,PH153800000,837,107,34,100,596
BANGSAMORO AUTONOMOUS REGION IN MUSLIM MINDANAO (BARMM),MAGUINDANAO,PH150000000,PH1903800000,Cognitive Disability,Both Sexes,Severe,PH153800000,171,60,28,19,64
BANGSAMORO AUTONOMOUS REGION IN MUSLIM MINDANAO (BARMM),MAGUINDANAO,PH150000000,PH1903800000,Cognitive Disability,Female,All,PH153800000,5475,378,264,1226,3607
BANGSAMORO AUTONOMOUS REGION IN MUSLIM MINDANAO (BARMM),MAGUINDANAO,PH150000000,PH1903800000,Cognitive Disability,Female,Mild,PH153800000,4938,314,237,1174,3213
BANGSAMORO AUTONOMOUS REGION IN MUSLIM MINDANAO (BARMM),MAGUINDANAO,PH150000000,PH1903800000,Cognitive Disability,Female,Moderate,PH153800000,437,36,9,43,349
BANGSAMORO AUTONOMOUS REGION IN MUSLIM MINDANAO (BARMM),MAGUINDANAO,PH150000000,PH1903800000,Cognitive Disability,Female,Severe,PH153800000,100,28,18,9,45
BANGSAMORO AUTONOMOUS REGION IN MUSLIM MINDANAO (BARMM),MAGUINDANAO,PH150000000,PH1903800000,Cognitive Disability,Male,All,PH153800000,5185,468,333,1236,3148
BANGSAMORO AUTONOMOUS REGION IN MUSLIM MINDANAO (BARMM),MAGUINDANAO,PH150000000,PH1903800000,Cognitive Disability,Male,Mild,PH153800000,4714,365,298,1169,2882
BANGSAMORO AUTONOMOUS REGION IN MUSLIM MINDANAO (BARMM),MAGUINDANAO,PH150000000,PH1903800000,Cognitive Disability,Male,Moderate,PH153800000,400,71,25,57,247
BANGSAMORO AUTONOMOUS REGION IN MUSLIM MINDANAO (BARMM),MAGUINDANAO,PH150000000,PH1903800000,Cognitive Disability,Male,Severe,PH153800000,71,32,10,10,19
BANGSAMORO AUTONOMOUS REGION IN MUSLIM MINDANAO (BARMM),MAGUINDANAO,PH150000000,PH1903800000,Communication Disability,Both Sexes,All,PH153800000,8160,1379,1016,1749,4016
BANGSAMORO AUTONOMOUS REGION IN MUSLIM MINDANAO (BARMM),MAGUINDANAO,PH150000000,PH1903800000,Communication Disability,Both Sexes,Mild,PH153800000,6226,766,550,1408,3502
BANGSAMORO AUTONOMOUS REGION IN MUSLIM MINDANAO (BARMM),MAGUINDANAO,PH150000000,PH1903800000,Communication Disability,Both Sexes,Moderate,PH153800000,1124,313,202,201,408
BANGSAMORO AUTONOMOUS REGION IN MUSLIM MINDANAO (BARMM),MAGUINDANAO,PH150000000,PH1903800000,Communication Disability,Both Sexes,Severe,PH153800000,810,300,264,140,106
BANGSAMORO AUTONOMOUS REGION IN MUSLIM MINDANAO (BARMM),MAGUINDANAO,PH150000000,PH1903800000,Communication Disability,Female,All,PH153800000,4187,651,494,854,2188
BANGSAMORO AUTONOMOUS REGION IN MUSLIM MINDANAO (BARMM),MAGUINDANAO,PH150000000,PH1903800000,Communication Disability,Female,Mild,PH153800000,3044,357,196,604,1887
BANGSAMORO AUTONOMOUS REGION IN MUSLIM MINDANAO (BARMM),MAGUINDANAO,PH150000000,PH1903800000,Communication Disability,Female,Moderate,PH153800000,658,151,117,157,233
BANGSAMORO AUTONOMOUS REGION IN MUSLIM MINDANAO (BARMM),MAGUINDANAO,PH150000000,PH1903800000,Communication Disability,Female,Severe,PH153800000,485,143,181,93,68
BANGSAMORO AUTONOMOUS REGION IN MUSLIM MINDANAO (BARMM),MAGUINDANAO,PH150000000,PH1903800000,Communication Disability,Male,All,PH153800000,3973,728,522,895,1828
BANGSAMORO AUTONOMOUS REGION IN MUSLIM MINDANAO (BARMM),MAGUINDANAO,PH150000000,PH1903800000,Communication Disability,Male,Mild,PH153800000,3182,409,354,804,1615
BANGSAMORO AUTONOMOUS REGION IN MUSLIM MINDANAO (BARMM),MAGUINDANAO,PH150000000,PH1903800000,Communication Disability,Male,Moderate,PH153800000,466,162,85,44,175
BANGSAMORO AUTONOMOUS REGION IN MUSLIM MINDANAO (BARMM),MAGUINDANAO,PH150000000,PH1903800000,Communication Disability,Male,Severe,PH153800000,325,157,83,47,38
BANGSAMORO AUTONOMOUS REGION IN MUSLIM MINDANAO (BARMM),MAGUINDANAO,PH150000000,PH1903800000,Hearing Disability,Both Sexes,All,PH153800000,14416,533,648,3231,10004
BANGSAMORO AUTONOMOUS REGION IN MUSLIM MINDANAO (BARMM),MAGUINDANAO,PH150000000,PH1903800000,Hearing Disability,Both Sexes,Mild,PH153800000,13438,413,570,3133,9322
BANGSAMORO AUTONOMOUS REGION IN MUSLIM MINDANAO (BARMM),MAGUINDANAO,PH150000000,PH1903800000,Hearing Disability,Both Sexes,Moderate,PH153800000,839,74,36,75,654
BANGSAMORO AUTONOMOUS REGION IN MUSLIM MINDANAO (BARMM),MAGUINDANAO,PH150000000,PH1903800000,Hearing Disability,Both Sexes,Severe,PH153800000,139,46,42,23,28
BANGSAMORO AUTONOMOUS REGION IN MUSLIM MINDANAO (BARMM),MAGUINDANAO,PH150000000,PH1903800000,Hearing Disability,Female,All,PH153800000,7276,238,306,1538,5194
BANGSAMORO AUTONOMOUS REGION IN MUSLIM MINDANAO (BARMM),MAGUINDANAO,PH150000000,PH1903800000,Hearing Disability,Female,Mild,PH153800000,6774,190,271,1497,4816
BANGSAMORO AUTONOMOUS REGION IN MUSLIM MINDANAO (BARMM),MAGUINDANAO,PH150000000,PH1903800000,Hearing Disability,Female,Moderate,PH153800000,440,27,16,34,363
BANGSAMORO AUTONOMOUS REGION IN MUSLIM MINDANAO (BARMM),MAGUINDANAO,PH150000000,PH1903800000,Hearing Disability,Female,Severe,PH153800000,62,21,19,7,15
BANGSAMORO AUTONOMOUS REGION IN MUSLIM MINDANAO (BARMM),MAGUINDANAO,PH150000000,PH1903800000,Hearing Disability,Male,All,PH153800000,7140,295,342,1693,4810
BANGSAMORO AUTONOMOUS REGION IN MUSLIM MINDANAO (BARMM),MAGUINDANAO,PH150000000,PH1903800000,Hearing Disability,Male,Mild,PH153800000,6664,223,299,1636,4506
BANGSAMORO AUTONOMOUS REGION IN MUSLIM MINDANAO (BARMM),MAGUINDANAO,PH150000000,PH1903800000,Hearing Disability,Male,Moderate,PH153800000,399,47,20,41,291
BANGSAMORO AUTONOMOUS REGION IN MUSLIM MINDANAO (BARMM),MAGUINDANAO,PH150000000,PH1903800000,Hearing Disability,Male,Severe,PH153800000,77,25,23,16,13
BANGSAMORO AUTONOMOUS REGION IN MUSLIM MINDANAO (BARMM),MAGUINDANAO,PH150000000,PH1903800000,Mobility Disability,Both Sexes,All,PH153800000,14807,633,599,3389,10186
BANGSAMORO AUTONOMOUS REGION IN MUSLIM MINDANAO (BARMM),MAGUINDANAO,PH150000000,PH1903800000,Mobility Disability,Both Sexes,Mild,PH153800000,13344,486,483,3175,9200
BANGSAMORO AUTONOMOUS REGION IN MUSLIM MINDANAO (BARMM),MAGUINDANAO,PH150000000,PH1903800000,Mobility Disability,Both Sexes,Moderate,PH153800000,1211,90,71,175,875
BANGSAMORO AUTONOMOUS REGION IN MUSLIM MINDANAO (BARMM),MAGUINDANAO,PH150000000,PH1903800000,Mobility Disability,Both Sexes,Severe,PH153800000,252,57,45,39,111
BANGSAMORO AUTONOMOUS REGION IN MUSLIM MINDANAO (BARMM),MAGUINDANAO,PH150000000,PH1903800000,Mobility Disability,Female,All,PH153800000,7586,279,251,1635,5421
BANGSAMORO AUTONOMOUS REGION IN MUSLIM MINDANAO (BARMM),MAGUINDANAO,PH150000000,PH1903800000,Mobility Disability,Female,Mild,PH153800000,6839,220,198,1534,4887
BANGSAMORO AUTONOMOUS REGION IN MUSLIM MINDANAO (BARMM),MAGUINDANAO,PH150000000,PH1903800000,Mobility Disability,Female,Moderate,PH153800000,621,37,31,86,467
BANGSAMORO AUTONOMOUS REGION IN MUSLIM MINDANAO (BARMM),MAGUINDANAO,PH150000000,PH1903800000,Mobility Disability,Female,Severe,PH153800000,126,22,22,15,67
BANGSAMORO AUTONOMOUS REGION IN MUSLIM MINDANAO (BARMM),MAGUINDANAO,PH150000000,PH1903800000,Mobility Disability,Male,All,PH153800000,7221,354,348,1754,4765
BANGSAMORO AUTONOMOUS REGION IN MUSLIM MINDANAO (BARMM),MAGUINDANAO,PH150000000,PH1903800000,Mobility Disability,Male,Mild,PH153800000,6505,266,285,1641,4313
BANGSAMORO AUTONOMOUS REGION IN MUSLIM MINDANAO (BARMM),MAGUINDANAO,PH150000000,PH1903800000,Mobility Disability,Male,Moderate,PH153800000,590,53,40,89,408
BANGSAMORO AUTONOMOUS REGION IN MUSLIM MINDANAO (BARMM),MAGUINDANAO,PH150000000,PH1903800000,Mobility Disability,Male,Severe,PH153800000,126,35,23,24,44
BANGSAMORO AUTONOMOUS REGION IN MUSLIM MINDANAO (BARMM),MAGUINDANAO,PH150000000,PH1903800000,Self-Care Disability,Both Sexes,All,PH153800000,10102,2470,612,1774,5246
BANGSAMORO AUTONOMOUS REGION IN MUSLIM MINDANAO (BARMM),MAGUINDANAO,PH150000000,PH1903800000,Self-Care Disability,Both Sexes,Mild,PH153800000,8281,1638,514,1586,4543
BANGSAMORO AUTONOMOUS REGION IN MUSLIM MINDANAO (BARMM),MAGUINDANAO,PH150000000,PH1903800000,Self-Care Disability,Both Sexes,Moderate,PH153800000,1002,320,43,109,530
BANGSAMORO AUTONOMOUS REGION IN MUSLIM MINDANAO (BARMM),MAGUINDANAO,PH150000000,PH1903800000,Self-Care Disability,Both Sexes,Severe,PH153800000,819,512,55,79,173
BANGSAMORO AUTONOMOUS REGION IN MUSLIM MINDANAO (BARMM),MAGUINDANAO,PH150000000,PH1903800000,Self-Care Disability,Female,All,PH153800000,5077,1141,282,836,2818
BANGSAMORO AUTONOMOUS REGION IN MUSLIM MINDANAO (BARMM),MAGUINDANAO,PH150000000,PH1903800000,Self-Care Disability,Female,Mild,PH153800000,4211,771,241,767,2432
BANGSAMORO AUTONOMOUS REGION IN MUSLIM MINDANAO (BARMM),MAGUINDANAO,PH150000000,PH1903800000,Self-Care Disability,Female,Moderate,PH153800000,493,139,14,50,290
BANGSAMORO AUTONOMOUS REGION IN MUSLIM MINDANAO (BARMM),MAGUINDANAO,PH150000000,PH1903800000,Self-Care Disability,Female,Severe,PH153800000,373,231,27,19,96
BANGSAMORO AUTONOMOUS REGION IN MUSLIM MINDANAO (BARMM),MAGUINDANAO,PH150000000,PH1903800000,Self-Care Disability,Male,All,PH153800000,5025,1329,330,938,2428
BANGSAMORO AUTONOMOUS REGION IN MUSLIM MINDANAO (BARMM),MAGUINDANAO,PH150000000,PH1903800000,Self-Care Disability,Male,Mild,PH153800000,4070,867,273,819,2111
BANGSAMORO AUTONOMOUS REGION IN MUSLIM MINDANAO (BARMM),MAGUINDANAO,PH150000000,PH1903800000,Self-Care Disability,Male,Moderate,PH153800000,509,181,29,59,240
BANGSAMORO AUTONOMOUS REGION IN MUSLIM MINDANAO (BARMM),MAGUINDANAO,PH150000000,PH1903800000,Self-Care Disability,Male,Severe,PH153800000,446,281,28,60,77
BANGSAMORO AUTONOMOUS REGION IN MUSLIM MINDANAO (BARMM),MAGUINDANAO,PH150000000,PH1903800000,Visual Disability,Both Sexes,All,PH153800000,30314,991,1464,10376,17483
BANGSAMORO AUTONOMOUS REGION IN MUSLIM MINDANAO (BARMM),MAGUINDANAO,PH150000000,PH1903800000,Visual Disability,Both Sexes,Mild,PH153800000,27924,563,1093,9970,16298
BANGSAMORO AUTONOMOUS REGION IN MUSLIM MINDANAO (BARMM),MAGUINDANAO,PH150000000,PH1903800000,Visual Disability,Both Sexes,Moderate,PH153800000,1522,110,94,238,1080
BANGSAMORO AUTONOMOUS REGION IN MUSLIM MINDANAO (BARMM),MAGUINDANAO,PH150000000,PH1903800000,Visual Disability,Both Sexes,Severe,PH153800000,868,318,277,168,105
BANGSAMORO AUTONOMOUS REGION IN MUSLIM MINDANAO (BARMM),MAGUINDANAO,PH150000000,PH1903800000,Visual Disability,Female,All,PH153800000,15118,444,763,4993,8918
BANGSAMORO AUTONOMOUS REGION IN MUSLIM MINDANAO (BARMM),MAGUINDANAO,PH150000000,PH1903800000,Visual Disability,Female,Mild,PH153800000,13866,262,557,4797,8250
BANGSAMORO AUTONOMOUS REGION IN MUSLIM MINDANAO (BARMM),MAGUINDANAO,PH150000000,PH1903800000,Visual Disability,Female,Moderate,PH153800000,809,42,47,103,617
BANGSAMORO AUTONOMOUS REGION IN MUSLIM MINDANAO (BARMM),MAGUINDANAO,PH150000000,PH1903800000,Visual Disability,Female,Severe,PH153800000,443,140,159,93,51
BANGSAMORO AUTONOMOUS REGION IN MUSLIM MINDANAO (BARMM),MAGUINDANAO,PH150000000,PH1903800000,Visual Disability,Male,All,PH153800000,15196,547,701,5383,8565
BANGSAMORO AUTONOMOUS REGION IN MUSLIM MINDANAO (BARMM),MAGUINDANAO,PH150000000,PH1903800000,Visual Disability,Male,Mild,PH153800000,14058,301,536,5173,8048
BANGSAMORO AUTONOMOUS REGION IN MUSLIM MINDANAO (BARMM),MAGUINDANAO,PH150000000,PH1903800000,Visual Disability,Male,Moderate,PH153800000,713,68,47,135,463
BANGSAMORO AUTONOMOUS REGION IN MUSLIM MINDANAO (BARMM),MAGUINDANAO,PH150000000,PH1903800000,Visual Disability,Male,Severe,PH153800000,425,178,118,75,54
BANGSAMORO AUTONOMOUS REGION IN MUSLIM MINDANAO (BARMM),SULU,PH150000000,PH1906600000,Cognitive Disability,Both Sexes,All,PH156600000,1973,51,51,280,1591
BANGSAMORO AUTONOMOUS REGION IN MUSLIM MINDANAO (BARMM),SULU,PH150000000,PH1906600000,Cognitive Disability,Both Sexes,Mild,PH156600000,1800,40,45,251,1464
BANGSAMORO AUTONOMOUS REGION IN MUSLIM MINDANAO (BARMM),SULU,PH150000000,PH1906600000,Cognitive Disability,Both Sexes,Moderate,PH156600000,151,3,6,23,119
BANGSAMORO AUTONOMOUS REGION IN MUSLIM MINDANAO (BARMM),SULU,PH150000000,PH1906600000,Cognitive Disability,Both Sexes,Severe,PH156600000,22,8,0,6,8
BANGSAMORO AUTONOMOUS REGION IN MUSLIM MINDANAO (BARMM),SULU,PH150000000,PH1906600000,Cognitive Disability,Female,All,PH156600000,1116,31,21,135,929
BANGSAMORO AUTONOMOUS REGION IN MUSLIM MINDANAO (BARMM),SULU,PH150000000,PH1906600000,Cognitive Disability,Female,Mild,PH156600000,1004,24,19,121,840
BANGSAMORO AUTONOMOUS REGION IN MUSLIM MINDANAO (BARMM),SULU,PH150000000,PH1906600000,Cognitive Disability,Female,Moderate,PH156600000,100,3,2,11,84
BANGSAMORO AUTONOMOUS REGION IN MUSLIM MINDANAO (BARMM),SULU,PH150000000,PH1906600000,Cognitive Disability,Female,Severe,PH156600000,12,4,0,3,5
BANGSAMORO AUTONOMOUS REGION IN MUSLIM MINDANAO (BARMM),SULU,PH150000000,PH1906600000,Cognitive Disability,Male,All,PH156600000,857,20,30,145,662
BANGSAMORO AUTONOMOUS REGION IN MUSLIM MINDANAO (BARMM),SULU,PH150000000,PH1906600000,Cognitive Disability,Male,Mild,PH156600000,796,16,26,130,624
BANGSAMORO AUTONOMOUS REGION IN MUSLIM MINDANAO (BARMM),SULU,PH150000000,PH1906600000,Cognitive Disability,Male,Moderate,PH156600000,51,0,4,12,35
BANGSAMORO AUTONOMOUS REGION IN MUSLIM MINDANAO (BARMM),SULU,PH150000000,PH1906600000,Cognitive Disability,Male,Severe,PH156600000,10,4,0,3,3
BANGSAMORO AUTONOMOUS REGION IN MUSLIM MINDANAO (BARMM),SULU,PH150000000,PH1906600000,Communication Disability,Both Sexes,All,PH156600000,2283,523,330,361,1069
BANGSAMORO AUTONOMOUS REGION IN MUSLIM MINDANAO (BARMM),SULU,PH150000000,PH1906600000,Communication Disability,Both Sexes,Mild,PH156600000,1548,217,135,233,963
BANGSAMORO AUTONOMOUS REGION IN MUSLIM MINDANAO (BARMM),SULU,PH150000000,PH1906600000,Communication Disability,Both Sexes,Moderate,PH156600000,381,149,90,64,78
BANGSAMORO AUTONOMOUS REGION IN MUSLIM MINDANAO (BARMM),SULU,PH150000000,PH1906600000,Communication Disability,Both Sexes,Severe,PH156600000,354,157,105,64,28
BANGSAMORO AUTONOMOUS REGION IN MUSLIM MINDANAO (BARMM),SULU,PH150000000,PH1906600000,Communication Disability,Female,All,PH156600000,1247,268,181,182,616
BANGSAMORO AUTONOMOUS REGION IN MUSLIM MINDANAO (BARMM),SULU,PH150000000,PH1906600000,Communication Disability,Female,Mild,PH156600000,798,108,58,84,548
BANGSAMORO AUTONOMOUS REGION IN MUSLIM MINDANAO (BARMM),SULU,PH150000000,PH1906600000,Communication Disability,Female,Moderate,PH156600000,228,70,55,49,54
BANGSAMORO AUTONOMOUS REGION IN MUSLIM MINDANAO (BARMM),SULU,PH150000000,PH1906600000,Communication Disability,Female,Severe,PH156600000,221,90,68,49,14
BANGSAMORO AUTONOMOUS REGION IN MUSLIM MINDANAO (BARMM),SULU,PH150000000,PH1906600000,Communication Disability,Male,All,PH156600000,1036,255,149,179,453
BANGSAMORO AUTONOMOUS REGION IN MUSLIM MINDANAO (BARMM),SULU,PH150000000,PH1906600000,Communication Disability,Male,Mild,PH156600000,750,109,77,149,415
BANGSAMORO AUTONOMOUS REGION IN MUSLIM MINDANAO (BARMM),SULU,PH150000000,PH1906600000,Communication Disability,Male,Moderate,PH156600000,153,79,35,15,24
BANGSAMORO AUTONOMOUS REGION IN MUSLIM MINDANAO (BARMM),SULU,PH150000000,PH1906600000,Communication Disability,Male,Severe,PH156600000,133,67,37,15,14
BANGSAMORO AUTONOMOUS REGION IN MUSLIM MINDANAO (BARMM),SULU,PH150000000,PH1906600000,Hearing Disability,Both Sexes,All,PH156600000,3273,73,79,527,2594
BANGSAMORO AUTONOMOUS REGION IN MUSLIM MINDANAO (BARMM),SULU,PH150000000,PH1906600000,Hearing Disability,Both Sexes,Mild,PH156600000,3067,45,67,504,2451
BANGSAMORO AUTONOMOUS REGION IN MUSLIM MINDANAO (BARMM),SULU,PH150000000,PH1906600000,Hearing Disability,Both Sexes,Moderate,PH156600000,166,11,2,16,137
BANGSAMORO AUTONOMOUS REGION IN MUSLIM MINDANAO (BARMM),SULU,PH150000000,PH1906600000,Hearing Disability,Both Sexes,Severe,PH156600000,40,17,10,7,6
BANGSAMORO AUTONOMOUS REGION IN MUSLIM MINDANAO (BARMM),SULU,PH150000000,PH1906600000,Hearing Disability,Female,All,PH156600000,1784,40,32,227,1485
BANGSAMORO AUTONOMOUS REGION IN MUSLIM MINDANAO (BARMM),SULU,PH150000000,PH1906600000,Hearing Disability,Female,Mild,PH156600000,1664,26,27,215,1396
BANGSAMORO AUTONOMOUS REGION IN MUSLIM MINDANAO (BARMM),SULU,PH150000000,PH1906600000,Hearing Disability,Female,Moderate,PH156600000,102,6,0,10,86
BANGSAMORO AUTONOMOUS REGION IN MUSLIM MINDANAO (BARMM),SULU,PH150000000,PH1906600000,Hearing Disability,Female,Severe,PH156600000,18,8,5,2,3
BANGSAMORO AUTONOMOUS REGION IN MUSLIM MINDANAO (BARMM),SULU,PH150000000,PH1906600000,Hearing Disability,Male,All,PH156600000,1489,33,47,300,1109
BANGSAMORO AUTONOMOUS REGION IN MUSLIM MINDANAO (BARMM),SULU,PH150000000,PH1906600000,Hearing Disability,Male,Mild,PH156600000,1403,19,40,289,1055
BANGSAMORO AUTONOMOUS REGION IN MUSLIM MINDANAO (BARMM),SULU,PH150000000,PH1906600000,Hearing Disability,Male,Moderate,PH156600000,64,5,2,6,51
BANGSAMORO AUTONOMOUS REGION IN MUSLIM MINDANAO (BARMM),SULU,PH150000000,PH1906600000,Hearing Disability,Male,Severe,PH156600000,22,9,5,5,3
BANGSAMORO AUTONOMOUS REGION IN MUSLIM MINDANAO (BARMM),SULU,PH150000000,PH1906600000,Mobility Disability,Both Sexes,All,PH156600000,3254,48,74,525,2607
BANGSAMORO AUTONOMOUS REGION IN MUSLIM MINDANAO (BARMM),SULU,PH150000000,PH1906600000,Mobility Disability,Both Sexes,Mild,PH156600000,2978,32,64,490,2392
BANGSAMORO AUTONOMOUS REGION IN MUSLIM MINDANAO (BARMM),SULU,PH150000000,PH1906600000,Mobility Disability,Both Sexes,Moderate,PH156600000,231,7,8,28,188
BANGSAMORO AUTONOMOUS REGION IN MUSLIM MINDANAO (BARMM),SULU,PH150000000,PH1906600000,Mobility Disability,Both Sexes,Severe,PH156600000,45,9,2,7,27
BANGSAMORO AUTONOMOUS REGION IN MUSLIM MINDANAO (BARMM),SULU,PH150000000,PH1906600000,Mobility Disability,Female,All,PH156600000,1821,32,33,245,1511
BANGSAMORO AUTONOMOUS REGION IN MUSLIM MINDANAO (BARMM),SULU,PH150000000,PH1906600000,Mobility Disability,Female,Mild,PH156600000,1636,22,27,223,1364
BANGSAMORO AUTONOMOUS REGION IN MUSLIM MINDANAO (BARMM),SULU,PH150000000,PH1906600000,Mobility Disability,Female,Moderate,PH156600000,156,3,4,18,131
BANGSAMORO AUTONOMOUS REGION IN MUSLIM MINDANAO (BARMM),SULU,PH150000000,PH1906600000,Mobility Disability,Female,Severe,PH156600000,29,7,2,4,16
BANGSAMORO AUTONOMOUS REGION IN MUSLIM MINDANAO (BARMM),SULU,PH150000000,PH1906600000,Mobility Disability,Male,All,PH156600000,1433,16,41,280,1096
BANGSAMORO AUTONOMOUS REGION IN MUSLIM MINDANAO (BARMM),SULU,PH150000000,PH1906600000,Mobility Disability,Male,Mild,PH156600000,1342,10,37,267,1028
BANGSAMORO AUTONOMOUS REGION IN MUSLIM MINDANAO (BARMM),SULU,PH150000000,PH1906600000,Mobility Disability,Male,Moderate,PH156600000,75,4,4,10,57
BANGSAMORO AUTONOMOUS REGION IN MUSLIM MINDANAO (BARMM),SULU,PH150000000,PH1906600000,Mobility Disability,Male,Severe,PH156600000,16,2,0,3,11
BANGSAMORO AUTONOMOUS REGION IN MUSLIM MINDANAO (BARMM),SULU,PH150000000,PH1906600000,Self-Care Disability,Both Sexes,All,PH156600000,1535,83,47,183,1222
BANGSAMORO AUTONOMOUS REGION IN MUSLIM MINDANAO (BARMM),SULU,PH150000000,PH1906600000,Self-Care Disability,Both Sexes,Mild,PH156600000,1352,44,43,169,1096
BANGSAMORO AUTONOMOUS REGION IN MUSLIM MINDANAO (BARMM),SULU,PH150000000,PH1906600000,Self-Care Disability,Both Sexes,Moderate,PH156600000,128,20,2,10,96
BANGSAMORO AUTONOMOUS REGION IN MUSLIM MINDANAO (BARMM),SULU,PH150000000,PH1906600000,Self-Care Disability,Both Sexes,Severe,PH156600000,55,19,2,4,30
BANGSAMORO AUTONOMOUS REGION IN MUSLIM MINDANAO (BARMM),SULU,PH150000000,PH1906600000,Self-Care Disability,Female,All,PH156600000,891,48,25,84,734
BANGSAMORO AUTONOMOUS REGION IN MUSLIM MINDANAO (BARMM),SULU,PH150000000,PH1906600000,Self-Care Disability,Female,Mild,PH156600000,778,26,24,77,651
BANGSAMORO AUTONOMOUS REGION IN MUSLIM MINDANAO (BARMM),SULU,PH150000000,PH1906600000,Self-Care Disability,Female,Moderate,PH156600000,78,10,0,4,64
BANGSAMORO AUTONOMOUS REGION IN MUSLIM MINDANAO (BARMM),SULU,PH150000000,PH1906600000,Self-Care Disability,Female,Severe,PH156600000,35,12,1,3,19
BANGSAMORO AUTONOMOUS REGION IN MUSLIM MINDANAO (BARMM),SULU,PH150000000,PH1906600000,Self-Care Disability,Male,All,PH156600000,644,35,22,99,488
BANGSAMORO AUTONOMOUS REGION IN MUSLIM MINDANAO (BARMM),SULU,PH150000000,PH1906600000,Self-Care Disability,Male,Mild,PH156600000,574,18,19,92,445
BANGSAMORO AUTONOMOUS REGION IN MUSLIM MINDANAO (BARMM),SULU,PH150000000,PH1906600000,Self-Care Disability,Male,Moderate,PH156600000,50,10,2,6,32
BANGSAMORO AUTONOMOUS REGION IN MUSLIM MINDANAO (BARMM),SULU,PH150000000,PH1906600000,Self-Care Disability,Male,Severe,PH156600000,20,7,1,1,11
BANGSAMORO AUTONOMOUS REGION IN MUSLIM MINDANAO (BARMM),SULU,PH150000000,PH1906600000,Visual Disability,Both Sexes,All,PH156600000,6008,620,481,1404,3503
BANGSAMORO AUTONOMOUS REGION IN MUSLIM MINDANAO (BARMM),SULU,PH150000000,PH1906600000,Visual Disability,Both Sexes,Mild,PH156600000,4654,67,125,1182,3280
BANGSAMORO AUTONOMOUS REGION IN MUSLIM MINDANAO (BARMM),SULU,PH150000000,PH1906600000,Visual Disability,Both Sexes,Moderate,PH156600000,190,2,7,20,161
BANGSAMORO AUTONOMOUS REGION IN MUSLIM MINDANAO (BARMM),SULU,PH150000000,PH1906600000,Visual Disability,Both Sexes,Severe,PH156600000,1164,551,349,202,62
BANGSAMORO AUTONOMOUS REGION IN MUSLIM MINDANAO (BARMM),SULU,PH150000000,PH1906600000,Visual Disability,Female,All,PH156600000,3192,311,247,669,1965
BANGSAMORO AUTONOMOUS REGION IN MUSLIM MINDANAO (BARMM),SULU,PH150000000,PH1906600000,Visual Disability,Female,Mild,PH156600000,2474,37,58,549,1830
BANGSAMORO AUTONOMOUS REGION IN MUSLIM MINDANAO (BARMM),SULU,PH150000000,PH1906600000,Visual Disability,Female,Moderate,PH156600000,117,2,3,13,99
BANGSAMORO AUTONOMOUS REGION IN MUSLIM MINDANAO (BARMM),SULU,PH150000000,PH1906600000,Visual Disability,Female,Severe,PH156600000,601,272,186,107,36
BANGSAMORO AUTONOMOUS REGION IN MUSLIM MINDANAO (BARMM),SULU,PH150000000,PH1906600000,Visual Disability,Male,All,PH156600000,2816,309,234,735,1538
BANGSAMORO AUTONOMOUS REGION IN MUSLIM MINDANAO (BARMM),SULU,PH150000000,PH1906600000,Visual Disability,Male,Mild,PH156600000,2180,30,67,633,1450
BANGSAMORO AUTONOMOUS REGION IN MUSLIM MINDANAO (BARMM),SULU,PH150000000,PH1906600000,Visual Disability,Male,Moderate,PH156600000,73,0,4,7,62
BANGSAMORO AUTONOMOUS REGION IN MUSLIM MINDANAO (BARMM),SULU,PH150000000,PH1906600000,Visual Disability,Male,Severe,PH156600000,563,279,163,95,26
BANGSAMORO AUTONOMOUS REGION IN MUSLIM MINDANAO (BARMM),TAWI-TAWI,PH150000000,PH1907000000,Cognitive Disability,Both Sexes,All,PH157000000,2493,34,94,552,1813
BANGSAMORO AUTONOMOUS REGION IN MUSLIM MINDANAO (BARMM),TAWI-TAWI,PH150000000,PH1907000000,Cognitive Disability,Both Sexes,Mild,PH157000000,2255,25,83,507,1640
BANGSAMORO AUTONOMOUS REGION IN MUSLIM MINDANAO (BARMM),TAWI-TAWI,PH150000000,PH1907000000,Cognitive Disability,Both Sexes,Moderate,PH157000000,214,2,9,42,161
BANGSAMORO AUTONOMOUS REGION IN MUSLIM MINDANAO (BARMM),TAWI-TAWI,PH150000000,PH1907000000,Cognitive Disability,Both Sexes,Severe,PH157000000,24,7,2,3,12
BANGSAMORO AUTONOMOUS REGION IN MUSLIM MINDANAO (BARMM),TAWI-TAWI,PH150000000,PH1907000000,Cognitive Disability,Female,All,PH157000000,1304,25,50,257,972
BANGSAMORO AUTONOMOUS REGION IN MUSLIM MINDANAO (BARMM),TAWI-TAWI,PH150000000,PH1907000000,Cognitive Disability,Female,Mild,PH157000000,1162,19,44,242,857
BANGSAMORO AUTONOMOUS REGION IN MUSLIM MINDANAO (BARMM),TAWI-TAWI,PH150000000,PH1907000000,Cognitive Disability,Female,Moderate,PH157000000,129,2,5,14,108
BANGSAMORO AUTONOMOUS REGION IN MUSLIM MINDANAO (BARMM),TAWI-TAWI,PH150000000,PH1907000000,Cognitive Disability,Female,Severe,PH157000000,13,4,1,1,7
BANGSAMORO AUTONOMOUS REGION IN MUSLIM MINDANAO (BARMM),TAWI-TAWI,PH150000000,PH1907000000,Cognitive Disability,Male,All,PH157000000,1189,9,44,295,841
BANGSAMORO AUTONOMOUS REGION IN MUSLIM MINDANAO (BARMM),TAWI-TAWI,PH150000000,PH1907000000,Cognitive Disability,Male,Mild,PH157000000,1093,6,39,265,783
BANGSAMORO AUTONOMOUS REGION IN MUSLIM MINDANAO (BARMM),TAWI-TAWI,PH150000000,PH1907000000,Cognitive Disability,Male,Moderate,PH157000000,85,0,4,28,53
BANGSAMORO AUTONOMOUS REGION IN MUSLIM MINDANAO (BARMM),TAWI-TAWI,PH150000000,PH1907000000,Cognitive Disability,Male,Severe,PH157000000,11,3,1,2,5
BANGSAMORO AUTONOMOUS REGION IN MUSLIM MINDANAO (BARMM),TAWI-TAWI,PH150000000,PH1907000000,Communication Disability,Both Sexes,All,PH157000000,1424,175,173,279,797
BANGSAMORO AUTONOMOUS REGION IN MUSLIM MINDANAO (BARMM),TAWI-TAWI,PH150000000,PH1907000000,Communication Disability,Both Sexes,Mild,PH157000000,970,51,77,185,657
BANGSAMORO AUTONOMOUS REGION IN MUSLIM MINDANAO (BARMM),TAWI-TAWI,PH150000000,PH1907000000,Communication Disability,Both Sexes,Moderate,PH157000000,251,46,40,51,114
BANGSAMORO AUTONOMOUS REGION IN MUSLIM MINDANAO (BARMM),TAWI-TAWI,PH150000000,PH1907000000,Communication Disability,Both Sexes,Severe,PH157000000,203,78,56,43,26
BANGSAMORO AUTONOMOUS REGION IN MUSLIM MINDANAO (BARMM),TAWI-TAWI,PH150000000,PH1907000000,Communication Disability,Female,All,PH157000000,786,94,104,145,443
BANGSAMORO AUTONOMOUS REGION IN MUSLIM MINDANAO (BARMM),TAWI-TAWI,PH150000000,PH1907000000,Communication Disability,Female,Mild,PH157000000,491,29,32,73,357
BANGSAMORO AUTONOMOUS REGION IN MUSLIM MINDANAO (BARMM),TAWI-TAWI,PH150000000,PH1907000000,Communication Disability,Female,Moderate,PH157000000,171,25,31,42,73
BANGSAMORO AUTONOMOUS REGION IN MUSLIM MINDANAO (BARMM),TAWI-TAWI,PH150000000,PH1907000000,Communication Disability,Female,Severe,PH157000000,124,40,41,30,13
BANGSAMORO AUTONOMOUS REGION IN MUSLIM MINDANAO (BARMM),TAWI-TAWI,PH150000000,PH1907000000,Communication Disability,Male,All,PH157000000,638,81,69,134,354
BANGSAMORO AUTONOMOUS REGION IN MUSLIM MINDANAO (BARMM),TAWI-TAWI,PH150000000,PH1907000000,Communication Disability,Male,Mild,PH157000000,479,22,45,112,300
BANGSAMORO AUTONOMOUS REGION IN MUSLIM MINDANAO (BARMM),TAWI-TAWI,PH150000000,PH1907000000,Communication Disability,Male,Moderate,PH157000000,80,21,9,9,41
BANGSAMORO AUTONOMOUS REGION IN MUSLIM MINDANAO (BARMM),TAWI-TAWI,PH150000000,PH1907000000,Communication Disability,Male,Severe,PH157000000,79,38,15,13,13
BANGSAMORO AUTONOMOUS REGION IN MUSLIM MINDANAO (BARMM),TAWI-TAWI,PH150000000,PH1907000000,Hearing Disability,Both Sexes,All,PH157000000,4006,37,84,803,3082
BANGSAMORO AUTONOMOUS REGION IN MUSLIM MINDANAO (BARMM),TAWI-TAWI,PH150000000,PH1907000000,Hearing Disability,Both Sexes,Mild,PH157000000,3789,30,71,775,2913
BANGSAMORO AUTONOMOUS REGION IN MUSLIM MINDANAO (BARMM),TAWI-TAWI,PH150000000,PH1907000000,Hearing Disability,Both Sexes,Moderate,PH157000000,181,2,6,16,157
BANGSAMORO AUTONOMOUS REGION IN MUSLIM MINDANAO (BARMM),TAWI-TAWI,PH150000000,PH1907000000,Hearing Disability,Both Sexes,Severe,PH157000000,36,5,7,12,12
BANGSAMORO AUTONOMOUS REGION IN MUSLIM MINDANAO (BARMM),TAWI-TAWI,PH150000000,PH1907000000,Hearing Disability,Female,All,PH157000000,1894,18,32,339,1505
BANGSAMORO AUTONOMOUS REGION IN MUSLIM MINDANAO (BARMM),TAWI-TAWI,PH150000000,PH1907000000,Hearing Disability,Female,Mild,PH157000000,1773,15,23,325,1410
BANGSAMORO AUTONOMOUS REGION IN MUSLIM MINDANAO (BARMM),TAWI-TAWI,PH150000000,PH1907000000,Hearing Disability,Female,Moderate,PH157000000,102,1,4,7,90
BANGSAMORO AUTONOMOUS REGION IN MUSLIM MINDANAO (BARMM),TAWI-TAWI,PH150000000,PH1907000000,Hearing Disability,Female,Severe,PH157000000,19,2,5,7,5
BANGSAMORO AUTONOMOUS REGION IN MUSLIM MINDANAO (BARMM),TAWI-TAWI,PH150000000,PH1907000000,Hearing Disability,Male,All,PH157000000,2112,19,52,464,1577
BANGSAMORO AUTONOMOUS REGION IN MUSLIM MINDANAO (BARMM),TAWI-TAWI,PH150000000,PH1907000000,Hearing Disability,Male,Mild,PH157000000,2016,15,48,450,1503
BANGSAMORO AUTONOMOUS REGION IN MUSLIM MINDANAO (BARMM),TAWI-TAWI,PH150000000,PH1907000000,Hearing Disability,Male,Moderate,PH157000000,79,1,2,9,67
BANGSAMORO AUTONOMOUS REGION IN MUSLIM MINDANAO (BARMM),TAWI-TAWI,PH150000000,PH1907000000,Hearing Disability,Male,Severe,PH157000000,17,3,2,5,7
BANGSAMORO AUTONOMOUS REGION IN MUSLIM MINDANAO (BARMM),TAWI-TAWI,PH150000000,PH1907000000,Mobility Disability,Both Sexes,All,PH157000000,3446,31,79,640,2696
BANGSAMORO AUTONOMOUS REGION IN MUSLIM MINDANAO (BARMM),TAWI-TAWI,PH150000000,PH1907000000,Mobility Disability,Both Sexes,Mild,PH157000000,3108,22,69,594,2423
BANGSAMORO AUTONOMOUS REGION IN MUSLIM MINDANAO (BARMM),TAWI-TAWI,PH150000000,PH1907000000,Mobility Disability,Both Sexes,Moderate,PH157000000,281,2,8,36,235
BANGSAMORO AUTONOMOUS REGION IN MUSLIM MINDANAO (BARMM),TAWI-TAWI,PH150000000,PH1907000000,Mobility Disability,Both Sexes,Severe,PH157000000,57,7,2,10,38
BANGSAMORO AUTONOMOUS REGION IN MUSLIM MINDANAO (BARMM),TAWI-TAWI,PH150000000,PH1907000000,Mobility Disability,Female,All,PH157000000,1725,22,36,285,1382
BANGSAMORO AUTONOMOUS REGION IN MUSLIM MINDANAO (BARMM),TAWI-TAWI,PH150000000,PH1907000000,Mobility Disability,Female,Mild,PH157000000,1524,15,32,263,1214
BANGSAMORO AUTONOMOUS REGION IN MUSLIM MINDANAO (BARMM),TAWI-TAWI,PH150000000,PH1907000000,Mobility Disability,Female,Moderate,PH157000000,172,2,4,17,149
BANGSAMORO AUTONOMOUS REGION IN MUSLIM MINDANAO (BARMM),TAWI-TAWI,PH150000000,PH1907000000,Mobility Disability,Female,Severe,PH157000000,29,5,0,5,19
BANGSAMORO AUTONOMOUS REGION IN MUSLIM MINDANAO (BARMM),TAWI-TAWI,PH150000000,PH1907000000,Mobility Disability,Male,All,PH157000000,1721,9,43,355,1314
BANGSAMORO AUTONOMOUS REGION IN MUSLIM MINDANAO (BARMM),TAWI-TAWI,PH150000000,PH1907000000,Mobility Disability,Male,Mild,PH157000000,1584,7,37,331,1209
BANGSAMORO AUTONOMOUS REGION IN MUSLIM MINDANAO (BARMM),TAWI-TAWI,PH150000000,PH1907000000,Mobility Disability,Male,Moderate,PH157000000,109,0,4,19,86
BANGSAMORO AUTONOMOUS REGION IN MUSLIM MINDANAO (BARMM),TAWI-TAWI,PH150000000,PH1907000000,Mobility Disability,Male,Severe,PH157000000,28,2,2,5,19
BANGSAMORO AUTONOMOUS REGION IN MUSLIM MINDANAO (BARMM),TAWI-TAWI,PH150000000,PH1907000000,Self-Care Disability,Both Sexes,All,PH157000000,1318,52,59,197,1010
BANGSAMORO AUTONOMOUS REGION IN MUSLIM MINDANAO (BARMM),TAWI-TAWI,PH150000000,PH1907000000,Self-Care Disability,Both Sexes,Mild,PH157000000,1096,35,50,174,837
BANGSAMORO AUTONOMOUS REGION IN MUSLIM MINDANAO (BARMM),TAWI-TAWI,PH150000000,PH1907000000,Self-Care Disability,Both Sexes,Moderate,PH157000000,150,4,3,15,128
BANGSAMORO AUTONOMOUS REGION IN MUSLIM MINDANAO (BARMM),TAWI-TAWI,PH150000000,PH1907000000,Self-Care Disability,Both Sexes,Severe,PH157000000,72,13,6,8,45
BANGSAMORO AUTONOMOUS REGION IN MUSLIM MINDANAO (BARMM),TAWI-TAWI,PH150000000,PH1907000000,Self-Care Disability,Female,All,PH157000000,690,28,25,89,548
BANGSAMORO AUTONOMOUS REGION IN MUSLIM MINDANAO (BARMM),TAWI-TAWI,PH150000000,PH1907000000,Self-Care Disability,Female,Mild,PH157000000,571,20,23,82,446
BANGSAMORO AUTONOMOUS REGION IN MUSLIM MINDANAO (BARMM),TAWI-TAWI,PH150000000,PH1907000000,Self-Care Disability,Female,Moderate,PH157000000,88,2,1,4,81
BANGSAMORO AUTONOMOUS REGION IN MUSLIM MINDANAO (BARMM),TAWI-TAWI,PH150000000,PH1907000000,Self-Care Disability,Female,Severe,PH157000000,31,6,1,3,21
BANGSAMORO AUTONOMOUS REGION IN MUSLIM MINDANAO (BARMM),TAWI-TAWI,PH150000000,PH1907000000,Self-Care Disability,Male,All,PH157000000,628,24,34,108,462
BANGSAMORO AUTONOMOUS REGION IN MUSLIM MINDANAO (BARMM),TAWI-TAWI,PH150000000,PH1907000000,Self-Care Disability,Male,Mild,PH157000000,525,15,27,92,391
BANGSAMORO AUTONOMOUS REGION IN MUSLIM MINDANAO (BARMM),TAWI-TAWI,PH150000000,PH1907000000,Self-Care Disability,Male,Moderate,PH157000000,62,2,2,11,47
BANGSAMORO AUTONOMOUS REGION IN MUSLIM MINDANAO (BARMM),TAWI-TAWI,PH150000000,PH1907000000,Self-Care Disability,Male,Severe,PH157000000,41,7,5,5,24
BANGSAMORO AUTONOMOUS REGION IN MUSLIM MINDANAO (BARMM),TAWI-TAWI,PH150000000,PH1907000000,Visual Disability,Both Sexes,All,PH157000000,6461,91,233,1948,4189
BANGSAMORO AUTONOMOUS REGION IN MUSLIM MINDANAO (BARMM),TAWI-TAWI,PH150000000,PH1907000000,Visual Disability,Both Sexes,Mild,PH157000000,6074,44,185,1878,3967
BANGSAMORO AUTONOMOUS REGION IN MUSLIM MINDANAO (BARMM),TAWI-TAWI,PH150000000,PH1907000000,Visual Disability,Both Sexes,Moderate,PH157000000,243,2,8,35,198
BANGSAMORO AUTONOMOUS REGION IN MUSLIM MINDANAO (BARMM),TAWI-TAWI,PH150000000,PH1907000000,Visual Disability,Both Sexes,Severe,PH157000000,144,45,40,35,24
BANGSAMORO AUTONOMOUS REGION IN MUSLIM MINDANAO (BARMM),TAWI-TAWI,PH150000000,PH1907000000,Visual Disability,Female,All,PH157000000,3224,49,120,927,2128
BANGSAMORO AUTONOMOUS REGION IN MUSLIM MINDANAO (BARMM),TAWI-TAWI,PH150000000,PH1907000000,Visual Disability,Female,Mild,PH157000000,2997,25,92,889,1991
BANGSAMORO AUTONOMOUS REGION IN MUSLIM MINDANAO (BARMM),TAWI-TAWI,PH150000000,PH1907000000,Visual Disability,Female,Moderate,PH157000000,144,1,6,16,121
BANGSAMORO AUTONOMOUS REGION IN MUSLIM MINDANAO (BARMM),TAWI-TAWI,PH150000000,PH1907000000,Visual Disability,Female,Severe,PH157000000,83,23,22,22,16
BANGSAMORO AUTONOMOUS REGION IN MUSLIM MINDANAO (BARMM),TAWI-TAWI,PH150000000,PH1907000000,Visual Disability,Male,All,PH157000000,3237,42,113,1021,2061
BANGSAMORO AUTONOMOUS REGION IN MUSLIM MINDANAO (BARMM),TAWI-TAWI,PH150000000,PH1907000000,Visual Disability,Male,Mild,PH157000000,3077,19,93,989,1976
BANGSAMORO AUTONOMOUS REGION IN MUSLIM MINDANAO (BARMM),TAWI-TAWI,PH150000000,PH1907000000,Visual Disability,Male,Moderate,PH157000000,99,1,2,19,77
BANGSAMORO AUTONOMOUS REGION IN MUSLIM MINDANAO (BARMM),TAWI-TAWI,PH150000000,PH1907000000,Visual Disability,Male,Severe,PH157000000,61,22,18,13,8
Cordillera Administrative Region (CAR),ABRA,PH140000000,PH1400100000,Cognitive Disability,Both Sexes,All,PH140100000,6606,195,360,1220,4831
Cordillera Administrative Region (CAR),ABRA,PH140000000,PH1400100000,Cognitive Disability,Both Sexes,Mild,PH140100000,5696,114,284,1109,4189
Cordillera Administrative Region (CAR),ABRA,PH140000000,PH1400100000,Cognitive Disability,Both Sexes,Moderate,PH140100000,737,45,49,88,555
Cordillera Administrative Region (CAR),ABRA,PH140000000,PH1400100000,Cognitive Disability,Both Sexes,Severe,PH140100000,173,36,27,23,87
Cordillera Administrative Region (CAR),ABRA,PH140000000,PH1400100000,Cognitive Disability,Female,All,PH140100000,3866,84,210,634,2938
Cordillera Administrative Region (CAR),ABRA,PH140000000,PH1400100000,Cognitive Disability,Female,Mild,PH140100000,3334,52,180,584,2518
Cordillera Administrative Region (CAR),ABRA,PH140000000,PH1400100000,Cognitive Disability,Female,Moderate,PH140100000,450,20,22,39,369
Cordillera Administrative Region (CAR),ABRA,PH140000000,PH1400100000,Cognitive Disability,Female,Severe,PH140100000,82,12,8,11,51
Cordillera Administrative Region (CAR),ABRA,PH140000000,PH1400100000,Cognitive Disability,Male,All,PH140100000,2740,111,150,586,1893
Cordillera Administrative Region (CAR),ABRA,PH140000000,PH1400100000,Cognitive Disability,Male,Mild,PH140100000,2362,62,104,525,1671
Cordillera Administrative Region (CAR),ABRA,PH140000000,PH1400100000,Cognitive Disability,Male,Moderate,PH140100000,287,25,27,49,186
Cordillera Administrative Region (CAR),ABRA,PH140000000,PH1400100000,Cognitive Disability,Male,Severe,PH140100000,91,24,19,12,36
Cordillera Administrative Region (CAR),ABRA,PH140000000,PH1400100000,Communication Disability,Both Sexes,All,PH140100000,1900,240,203,307,1150
Cordillera Administrative Region (CAR),ABRA,PH140000000,PH1400100000,Communication Disability,Both Sexes,Mild,PH140100000,1116,81,88,159,788
Cordillera Administrative Region (CAR),ABRA,PH140000000,PH1400100000,Communication Disability,Both Sexes,Moderate,PH140100000,446,64,54,89,239
Cordillera Administrative Region (CAR),ABRA,PH140000000,PH1400100000,Communication Disability,Both Sexes,Severe,PH140100000,338,95,61,59,123
Cordillera Administrative Region (CAR),ABRA,PH140000000,PH1400100000,Communication Disability,Female,All,PH140100000,992,91,92,133,676
Cordillera Administrative Region (CAR),ABRA,PH140000000,PH1400100000,Communication Disability,Female,Mild,PH140100000,603,28,44,66,465
Cordillera Administrative Region (CAR),ABRA,PH140000000,PH1400100000,Communication Disability,Female,Moderate,PH140100000,226,25,24,40,137
Cordillera Administrative Region (CAR),ABRA,PH140000000,PH1400100000,Communication Disability,Female,Severe,PH140100000,163,38,24,27,74
Cordillera Administrative Region (CAR),ABRA,PH140000000,PH1400100000,Communication Disability,Male,All,PH140100000,908,149,111,174,474
Cordillera Administrative Region (CAR),ABRA,PH140000000,PH1400100000,Communication Disability,Male,Mild,PH140100000,513,53,44,93,323
Cordillera Administrative Region (CAR),ABRA,PH140000000,PH1400100000,Communication Disability,Male,Moderate,PH140100000,220,39,30,49,102
Cordillera Administrative Region (CAR),ABRA,PH140000000,PH1400100000,Communication Disability,Male,Severe,PH140100000,175,57,37,32,49
Cordillera Administrative Region (CAR),ABRA,PH140000000,PH1400100000,Hearing Disability,Both Sexes,All,PH140100000,8255,197,263,1069,6726
Cordillera Administrative Region (CAR),ABRA,PH140000000,PH1400100000,Hearing Disability,Both Sexes,Mild,PH140100000,6888,133,195,953,5607
Cordillera Administrative Region (CAR),ABRA,PH140000000,PH1400100000,Hearing Disability,Both Sexes,Moderate,PH140100000,1196,35,36,87,1038
Cordillera Administrative Region (CAR),ABRA,PH140000000,PH1400100000,Hearing Disability,Both Sexes,Severe,PH140100000,171,29,32,29,81
Cordillera Administrative Region (CAR),ABRA,PH140000000,PH1400100000,Hearing Disability,Female,All,PH140100000,4487,77,104,484,3822
Cordillera Administrative Region (CAR),ABRA,PH140000000,PH1400100000,Hearing Disability,Female,Mild,PH140100000,3739,55,85,427,3172
Cordillera Administrative Region (CAR),ABRA,PH140000000,PH1400100000,Hearing Disability,Female,Moderate,PH140100000,666,11,11,41,603
Cordillera Administrative Region (CAR),ABRA,PH140000000,PH1400100000,Hearing Disability,Female,Severe,PH140100000,82,11,8,16,47
Cordillera Administrative Region (CAR),ABRA,PH140000000,PH1400100000,Hearing Disability,Male,All,PH140100000,3768,120,159,585,2904
Cordillera Administrative Region (CAR),ABRA,PH140000000,PH1400100000,Hearing Disability,Male,Mild,PH140100000,3149,78,110,526,2435
Cordillera Administrative Region (CAR),ABRA,PH140000000,PH1400100000,Hearing Disability,Male,Moderate,PH140100000,530,24,25,46,435
Cordillera Administrative Region (CAR),ABRA,PH140000000,PH1400100000,Hearing Disability,Male,Severe,PH140100000,89,18,24,13,34
Cordillera Administrative Region (CAR),ABRA,PH140000000,PH1400100000,Mobility Disability,Both Sexes,All,PH140100000,8028,205,222,1015,6586
Cordillera Administrative Region (CAR),ABRA,PH140000000,PH1400100000,Mobility Disability,Both Sexes,Mild,PH140100000,6272,111,151,822,5188
Cordillera Administrative Region (CAR),ABRA,PH140000000,PH1400100000,Mobility Disability,Both Sexes,Moderate,PH140100000,1230,31,37,135,1027
Cordillera Administrative Region (CAR),ABRA,PH140000000,PH1400100000,Mobility Disability,Both Sexes,Severe,PH140100000,526,63,34,58,371
Cordillera Administrative Region (CAR),ABRA,PH140000000,PH1400100000,Mobility Disability,Female,All,PH140100000,4505,92,100,453,3860
Cordillera Administrative Region (CAR),ABRA,PH140000000,PH1400100000,Mobility Disability,Female,Mild,PH140100000,3509,49,72,369,3019
Cordillera Administrative Region (CAR),ABRA,PH140000000,PH1400100000,Mobility Disability,Female,Moderate,PH140100000,703,11,17,60,615
Cordillera Administrative Region (CAR),ABRA,PH140000000,PH1400100000,Mobility Disability,Female,Severe,PH140100000,293,32,11,24,226
Cordillera Administrative Region (CAR),ABRA,PH140000000,PH1400100000,Mobility Disability,Male,All,PH140100000,3523,113,122,562,2726
Cordillera Administrative Region (CAR),ABRA,PH140000000,PH1400100000,Mobility Disability,Male,Mild,PH140100000,2763,62,79,453,2169
Cordillera Administrative Region (CAR),ABRA,PH140000000,PH1400100000,Mobility Disability,Male,Moderate,PH140100000,527,20,20,75,412
Cordillera Administrative Region (CAR),ABRA,PH140000000,PH1400100000,Mobility Disability,Male,Severe,PH140100000,233,31,23,34,145
Cordillera Administrative Region (CAR),ABRA,PH140000000,PH1400100000,Self-Care Disability,Both Sexes,All,PH140100000,2364,220,123,251,1770
Cordillera Administrative Region (CAR),ABRA,PH140000000,PH1400100000,Self-Care Disability,Both Sexes,Mild,PH140100000,1279,101,55,133,990
Cordillera Administrative Region (CAR),ABRA,PH140000000,PH1400100000,Self-Care Disability,Both Sexes,Moderate,PH140100000,495,39,27,65,364
Cordillera Administrative Region (CAR),ABRA,PH140000000,PH1400100000,Self-Care Disability,Both Sexes,Severe,PH140100000,590,80,41,53,416
Cordillera Administrative Region (CAR),ABRA,PH140000000,PH1400100000,Self-Care Disability,Female,All,PH140100000,1310,89,59,101,1061
Cordillera Administrative Region (CAR),ABRA,PH140000000,PH1400100000,Self-Care Disability,Female,Mild,PH140100000,700,36,30,48,586
Cordillera Administrative Region (CAR),ABRA,PH140000000,PH1400100000,Self-Care Disability,Female,Moderate,PH140100000,278,13,13,28,224
Cordillera Administrative Region (CAR),ABRA,PH140000000,PH1400100000,Self-Care Disability,Female,Severe,PH140100000,332,40,16,25,251
Cordillera Administrative Region (CAR),ABRA,PH140000000,PH1400100000,Self-Care Disability,Male,All,PH140100000,1054,131,64,150,709
Cordillera Administrative Region (CAR),ABRA,PH140000000,PH1400100000,Self-Care Disability,Male,Mild,PH140100000,579,65,25,85,404
Cordillera Administrative Region (CAR),ABRA,PH140000000,PH1400100000,Self-Care Disability,Male,Moderate,PH140100000,217,26,14,37,140
Cordillera Administrative Region (CAR),ABRA,PH140000000,PH1400100000,Self-Care Disability,Male,Severe,PH140100000,258,40,25,28,165
Cordillera Administrative Region (CAR),ABRA,PH140000000,PH1400100000,Visual Disability,Both Sexes,All,PH140100000,21466,352,830,6029,14255
Cordillera Administrative Region (CAR),ABRA,PH140000000,PH1400100000,Visual Disability,Both Sexes,Mild,PH140100000,19496,280,757,5787,12672
Cordillera Administrative Region (CAR),ABRA,PH140000000,PH1400100000,Visual Disability,Both Sexes,Moderate,PH140100000,1723,55,59,213,1396
Cordillera Administrative Region (CAR),ABRA,PH140000000,PH1400100000,Visual Disability,Both Sexes,Severe,PH140100000,247,17,14,29,187
Cordillera Administrative Region (CAR),ABRA,PH140000000,PH1400100000,Visual Disability,Female,All,PH140100000,12141,201,552,3277,8111
Cordillera Administrative Region (CAR),ABRA,PH140000000,PH1400100000,Visual Disability,Female,Mild,PH140100000,11022,168,505,3167,7182
Cordillera Administrative Region (CAR),ABRA,PH140000000,PH1400100000,Visual Disability,Female,Moderate,PH140100000,967,25,39,97,806
Cordillera Administrative Region (CAR),ABRA,PH140000000,PH1400100000,Visual Disability,Female,Severe,PH140100000,152,8,8,13,123
Cordillera Administrative Region (CAR),ABRA,PH140000000,PH1400100000,Visual Disability,Male,All,PH140100000,9325,151,278,2752,6144
Cordillera Administrative Region (CAR),ABRA,PH140000000,PH1400100000,Visual Disability,Male,Mild,PH140100000,8474,112,252,2620,5490
Cordillera Administrative Region (CAR),ABRA,PH140000000,PH1400100000,Visual Disability,Male,Moderate,PH140100000,756,30,20,116,590
Cordillera Administrative Region (CAR),ABRA,PH140000000,PH1400100000,Visual Disability,Male,Severe,PH140100000,95,9,6,16,64
Cordillera Administrative Region (CAR),APAYAO,PH140000000,PH1408100000,Cognitive Disability,Both Sexes,All,PH148100000,4456,116,389,1185,2766
Cordillera Administrative Region (CAR),APAYAO,PH140000000,PH1408100000,Cognitive Disability,Both Sexes,Mild,PH148100000,3939,77,342,1106,2414
Cordillera Administrative Region (CAR),APAYAO,PH140000000,PH1408100000,Cognitive Disability,Both Sexes,Moderate,PH148100000,396,21,26,55,294
Cordillera Administrative Region (CAR),APAYAO,PH140000000,PH1408100000,Cognitive Disability,Both Sexes,Severe,PH148100000,121,18,21,24,58
Cordillera Administrative Region (CAR),APAYAO,PH140000000,PH1408100000,Cognitive Disability,Female,All,PH148100000,2489,52,215,629,1593
Cordillera Administrative Region (CAR),APAYAO,PH140000000,PH1408100000,Cognitive Disability,Female,Mild,PH148100000,2184,36,191,591,1366
Cordillera Administrative Region (CAR),APAYAO,PH140000000,PH1408100000,Cognitive Disability,Female,Moderate,PH148100000,237,10,9,28,190
Cordillera Administrative Region (CAR),APAYAO,PH140000000,PH1408100000,Cognitive Disability,Female,Severe,PH148100000,68,6,15,10,37
Cordillera Administrative Region (CAR),APAYAO,PH140000000,PH1408100000,Cognitive Disability,Male,All,PH148100000,1967,64,174,556,1173
Cordillera Administrative Region (CAR),APAYAO,PH140000000,PH1408100000,Cognitive Disability,Male,Mild,PH148100000,1755,41,151,515,1048
Cordillera Administrative Region (CAR),APAYAO,PH140000000,PH1408100000,Cognitive Disability,Male,Moderate,PH148100000,159,11,17,27,104
Cordillera Administrative Region (CAR),APAYAO,PH140000000,PH1408100000,Cognitive Disability,Male,Severe,PH148100000,53,12,6,14,21
Cordillera Administrative Region (CAR),APAYAO,PH140000000,PH1408100000,Communication Disability,Both Sexes,All,PH148100000,1135,166,168,199,602
Cordillera Administrative Region (CAR),APAYAO,PH140000000,PH1408100000,Communication Disability,Both Sexes,Mild,PH148100000,683,74,75,107,427
Cordillera Administrative Region (CAR),APAYAO,PH140000000,PH1408100000,Communication Disability,Both Sexes,Moderate,PH148100000,236,45,45,48,98
Cordillera Administrative Region (CAR),APAYAO,PH140000000,PH1408100000,Communication Disability,Both Sexes,Severe,PH148100000,216,47,48,44,77
Cordillera Administrative Region (CAR),APAYAO,PH140000000,PH1408100000,Communication Disability,Female,All,PH148100000,571,69,76,84,342
Cordillera Administrative Region (CAR),APAYAO,PH140000000,PH1408100000,Communication Disability,Female,Mild,PH148100000,346,29,32,45,240
Cordillera Administrative Region (CAR),APAYAO,PH140000000,PH1408100000,Communication Disability,Female,Moderate,PH148100000,121,20,17,23,61
Cordillera Administrative Region (CAR),APAYAO,PH140000000,PH1408100000,Communication Disability,Female,Severe,PH148100000,104,20,27,16,41
Cordillera Administrative Region (CAR),APAYAO,PH140000000,PH1408100000,Communication Disability,Male,All,PH148100000,564,97,92,115,260
Cordillera Administrative Region (CAR),APAYAO,PH140000000,PH1408100000,Communication Disability,Male,Mild,PH148100000,337,45,43,62,187
Cordillera Administrative Region (CAR),APAYAO,PH140000000,PH1408100000,Communication Disability,Male,Moderate,PH148100000,115,25,28,25,37
Cordillera Administrative Region (CAR),APAYAO,PH140000000,PH1408100000,Communication Disability,Male,Severe,PH148100000,112,27,21,28,36
Cordillera Administrative Region (CAR),APAYAO,PH140000000,PH1408100000,Hearing Disability,Both Sexes,All,PH148100000,3748,132,195,633,2788
Cordillera Administrative Region (CAR),APAYAO,PH140000000,PH1408100000,Hearing Disability,Both Sexes,Mild,PH148100000,3132,100,153,554,2325
Cordillera Administrative Region (CAR),APAYAO,PH140000000,PH1408100000,Hearing Disability,Both Sexes,Moderate,PH148100000,499,20,21,50,408
Cordillera Administrative Region (CAR),APAYAO,PH140000000,PH1408100000,Hearing Disability,Both Sexes,Severe,PH148100000,117,12,21,29,55
Cordillera Administrative Region (CAR),APAYAO,PH140000000,PH1408100000,Hearing Disability,Female,All,PH148100000,1960,52,84,306,1518
Cordillera Administrative Region (CAR),APAYAO,PH140000000,PH1408100000,Hearing Disability,Female,Mild,PH148100000,1645,41,66,265,1273
Cordillera Administrative Region (CAR),APAYAO,PH140000000,PH1408100000,Hearing Disability,Female,Moderate,PH148100000,259,7,7,28,217
Cordillera Administrative Region (CAR),APAYAO,PH140000000,PH1408100000,Hearing Disability,Female,Severe,PH148100000,56,4,11,13,28
Cordillera Administrative Region (CAR),APAYAO,PH140000000,PH1408100000,Hearing Disability,Male,All,PH148100000,1788,80,111,327,1270
Cordillera Administrative Region (CAR),APAYAO,PH140000000,PH1408100000,Hearing Disability,Male,Mild,PH148100000,1487,59,87,289,1052
Cordillera Administrative Region (CAR),APAYAO,PH140000000,PH1408100000,Hearing Disability,Male,Moderate,PH148100000,240,13,14,22,191
Cordillera Administrative Region (CAR),APAYAO,PH140000000,PH1408100000,Hearing Disability,Male,Severe,PH148100000,61,8,10,16,27
Cordillera Administrative Region (CAR),APAYAO,PH140000000,PH1408100000,Mobility Disability,Both Sexes,All,PH148100000,3023,117,154,484,2268
Cordillera Administrative Region (CAR),APAYAO,PH140000000,PH1408100000,Mobility Disability,Both Sexes,Mild,PH148100000,2391,71,97,394,1829
Cordillera Administrative Region (CAR),APAYAO,PH140000000,PH1408100000,Mobility Disability,Both Sexes,Moderate,PH148100000,427,21,25,58,323
Cordillera Administrative Region (CAR),APAYAO,PH140000000,PH1408100000,Mobility Disability,Both Sexes,Severe,PH148100000,205,25,32,32,116
Cordillera Administrative Region (CAR),APAYAO,PH140000000,PH1408100000,Mobility Disability,Female,All,PH148100000,1636,50,63,218,1305
Cordillera Administrative Region (CAR),APAYAO,PH140000000,PH1408100000,Mobility Disability,Female,Mild,PH148100000,1286,31,37,178,1040
Cordillera Administrative Region (CAR),APAYAO,PH140000000,PH1408100000,Mobility Disability,Female,Moderate,PH148100000,235,8,8,26,193
Cordillera Administrative Region (CAR),APAYAO,PH140000000,PH1408100000,Mobility Disability,Female,Severe,PH148100000,115,11,18,14,72
Cordillera Administrative Region (CAR),APAYAO,PH140000000,PH1408100000,Mobility Disability,Male,All,PH148100000,1387,67,91,266,963
Cordillera Administrative Region (CAR),APAYAO,PH140000000,PH1408100000,Mobility Disability,Male,Mild,PH148100000,1105,40,60,216,789
Cordillera Administrative Region (CAR),APAYAO,PH140000000,PH1408100000,Mobility Disability,Male,Moderate,PH148100000,192,13,17,32,130
Cordillera Administrative Region (CAR),APAYAO,PH140000000,PH1408100000,Mobility Disability,Male,Severe,PH148100000,90,14,14,18,44
Cordillera Administrative Region (CAR),APAYAO,PH140000000,PH1408100000,Self-Care Disability,Both Sexes,All,PH148100000,1079,130,90,161,698
Cordillera Administrative Region (CAR),APAYAO,PH140000000,PH1408100000,Self-Care Disability,Both Sexes,Mild,PH148100000,607,70,35,81,421
Cordillera Administrative Region (CAR),APAYAO,PH140000000,PH1408100000,Self-Care Disability,Both Sexes,Moderate,PH148100000,195,19,19,39,118
Cordillera Administrative Region (CAR),APAYAO,PH140000000,PH1408100000,Self-Care Disability,Both Sexes,Severe,PH148100000,277,41,36,41,159
Cordillera Administrative Region (CAR),APAYAO,PH140000000,PH1408100000,Self-Care Disability,Female,All,PH148100000,589,50,47,72,420
Cordillera Administrative Region (CAR),APAYAO,PH140000000,PH1408100000,Self-Care Disability,Female,Mild,PH148100000,328,26,17,39,246
Cordillera Administrative Region (CAR),APAYAO,PH140000000,PH1408100000,Self-Care Disability,Female,Moderate,PH148100000,108,8,9,20,71
Cordillera Administrative Region (CAR),APAYAO,PH140000000,PH1408100000,Self-Care Disability,Female,Severe,PH148100000,153,16,21,13,103
Cordillera Administrative Region (CAR),APAYAO,PH140000000,PH1408100000,Self-Care Disability,Male,All,PH148100000,490,80,43,89,278
Cordillera Administrative Region (CAR),APAYAO,PH140000000,PH1408100000,Self-Care Disability,Male,Mild,PH148100000,279,44,18,42,175
Cordillera Administrative Region (CAR),APAYAO,PH140000000,PH1408100000,Self-Care Disability,Male,Moderate,PH148100000,87,11,10,19,47
Cordillera Administrative Region (CAR),APAYAO,PH140000000,PH1408100000,Self-Care Disability,Male,Severe,PH148100000,124,25,15,28,56
Cordillera Administrative Region (CAR),APAYAO,PH140000000,PH1408100000,Visual Disability,Both Sexes,All,PH148100000,8238,208,401,2576,5053
Cordillera Administrative Region (CAR),APAYAO,PH140000000,PH1408100000,Visual Disability,Both Sexes,Mild,PH148100000,7414,166,356,2427,4465
Cordillera Administrative Region (CAR),APAYAO,PH140000000,PH1408100000,Visual Disability,Both Sexes,Moderate,PH148100000,696,29,30,127,510
Cordillera Administrative Region (CAR),APAYAO,PH140000000,PH1408100000,Visual Disability,Both Sexes,Severe,PH148100000,128,13,15,22,78
Cordillera Administrative Region (CAR),APAYAO,PH140000000,PH1408100000,Visual Disability,Female,All,PH148100000,4568,104,257,1394,2813
Cordillera Administrative Region (CAR),APAYAO,PH140000000,PH1408100000,Visual Disability,Female,Mild,PH148100000,4106,92,233,1307,2474
Cordillera Administrative Region (CAR),APAYAO,PH140000000,PH1408100000,Visual Disability,Female,Moderate,PH148100000,393,8,16,80,289
Cordillera Administrative Region (CAR),APAYAO,PH140000000,PH1408100000,Visual Disability,Female,Severe,PH148100000,69,4,8,7,50
Cordillera Administrative Region (CAR),APAYAO,PH140000000,PH1408100000,Visual Disability,Male,All,PH148100000,3670,104,144,1182,2240
Cordillera Administrative Region (CAR),APAYAO,PH140000000,PH1408100000,Visual Disability,Male,Mild,PH148100000,3308,74,123,1120,1991
Cordillera Administrative Region (CAR),APAYAO,PH140000000,PH1408100000,Visual Disability,Male,Moderate,PH148100000,303,21,14,47,221
Cordillera Administrative Region (CAR),APAYAO,PH140000000,PH1408100000,Visual Disability,Male,Severe,PH148100000,59,9,7,15,28
Cordillera Administrative Region (CAR),BENGUET,PH140000000,PH1401100000,Cognitive Disability,Both Sexes,All,PH141100000,11907,819,952,2099,8037
Cordillera Administrative Region (CAR),BENGUET,PH140000000,PH1401100000,Cognitive Disability,Both Sexes,Mild,PH141100000,9684,458,666,1787,6773
Cordillera Administrative Region (CAR),BENGUET,PH140000000,PH1401100000,Cognitive Disability,Both Sexes,Moderate,PH141100000,1705,223,194,230,1058
Cordillera Administrative Region (CAR),BENGUET,PH140000000,PH1401100000,Cognitive Disability,Both Sexes,Severe,PH141100000,518,138,92,82,206
Cordillera Administrative Region (CAR),BENGUET,PH140000000,PH1401100000,Cognitive Disability,Female,All,PH141100000,6839,320,482,1188,4849
Cordillera Administrative Region (CAR),BENGUET,PH140000000,PH1401100000,Cognitive Disability,Female,Mild,PH141100000,5602,175,353,1038,4036
Cordillera Administrative Region (CAR),BENGUET,PH140000000,PH1401100000,Cognitive Disability,Female,Moderate,PH141100000,965,88,86,110,681
Cordillera Administrative Region (CAR),BENGUET,PH140000000,PH1401100000,Cognitive Disability,Female,Severe,PH141100000,272,57,43,40,132
Cordillera Administrative Region (CAR),BENGUET,PH140000000,PH1401100000,Cognitive Disability,Male,All,PH141100000,5068,499,470,911,3188
Cordillera Administrative Region (CAR),BENGUET,PH140000000,PH1401100000,Cognitive Disability,Male,Mild,PH141100000,4082,283,313,749,2737
Cordillera Administrative Region (CAR),BENGUET,PH140000000,PH1401100000,Cognitive Disability,Male,Moderate,PH141100000,740,135,108,120,377
Cordillera Administrative Region (CAR),BENGUET,PH140000000,PH1401100000,Cognitive Disability,Male,Severe,PH141100000,246,81,49,42,74
Cordillera Administrative Region (CAR),BENGUET,PH140000000,PH1401100000,Communication Disability,Both Sexes,All,PH141100000,4950,981,817,870,2282
Cordillera Administrative Region (CAR),BENGUET,PH140000000,PH1401100000,Communication Disability,Both Sexes,Mild,PH141100000,2604,379,349,441,1435
Cordillera Administrative Region (CAR),BENGUET,PH140000000,PH1401100000,Communication Disability,Both Sexes,Moderate,PH141100000,1280,284,236,235,525
Cordillera Administrative Region (CAR),BENGUET,PH140000000,PH1401100000,Communication Disability,Both Sexes,Severe,PH141100000,1066,318,232,194,322
Cordillera Administrative Region (CAR),BENGUET,PH140000000,PH1401100000,Communication Disability,Female,All,PH141100000,2430,406,365,409,1250
Cordillera Administrative Region (CAR),BENGUET,PH140000000,PH1401100000,Communication Disability,Female,Mild,PH141100000,1281,148,153,203,777
Cordillera Administrative Region (CAR),BENGUET,PH140000000,PH1401100000,Communication Disability,Female,Moderate,PH141100000,608,107,102,112,287
Cordillera Administrative Region (CAR),BENGUET,PH140000000,PH1401100000,Communication Disability,Female,Severe,PH141100000,541,151,110,94,186
Cordillera Administrative Region (CAR),BENGUET,PH140000000,PH1401100000,Communication Disability,Male,All,PH141100000,2520,575,452,461,1032
Cordillera Administrative Region (CAR),BENGUET,PH140000000,PH1401100000,Communication Disability,Male,Mild,PH141100000,1323,231,196,238,658
Cordillera Administrative Region (CAR),BENGUET,PH140000000,PH1401100000,Communication Disability,Male,Moderate,PH141100000,672,177,134,123,238
Cordillera Administrative Region (CAR),BENGUET,PH140000000,PH1401100000,Communication Disability,Male,Severe,PH141100000,525,167,122,100,136
Cordillera Administrative Region (CAR),BENGUET,PH140000000,PH1401100000,Hearing Disability,Both Sexes,All,PH141100000,17263,613,933,2655,13062
Cordillera Administrative Region (CAR),BENGUET,PH140000000,PH1401100000,Hearing Disability,Both Sexes,Mild,PH141100000,14689,433,719,2306,11231
Cordillera Administrative Region (CAR),BENGUET,PH140000000,PH1401100000,Hearing Disability,Both Sexes,Moderate,PH141100000,1974,85,88,212,1589
Cordillera Administrative Region (CAR),BENGUET,PH140000000,PH1401100000,Hearing Disability,Both Sexes,Severe,PH141100000,600,95,126,137,242
Cordillera Administrative Region (CAR),BENGUET,PH140000000,PH1401100000,Hearing Disability,Female,All,PH141100000,9110,273,417,1240,7180
Cordillera Administrative Region (CAR),BENGUET,PH140000000,PH1401100000,Hearing Disability,Female,Mild,PH141100000,7722,177,325,1088,6132
Cordillera Administrative Region (CAR),BENGUET,PH140000000,PH1401100000,Hearing Disability,Female,Moderate,PH141100000,1078,42,36,94,906
Cordillera Administrative Region (CAR),BENGUET,PH140000000,PH1401100000,Hearing Disability,Female,Severe,PH141100000,310,54,56,58,142
Cordillera Administrative Region (CAR),BENGUET,PH140000000,PH1401100000,Hearing Disability,Male,All,PH141100000,8153,340,516,1415,5882
Cordillera Administrative Region (CAR),BENGUET,PH140000000,PH1401100000,Hearing Disability,Male,Mild,PH141100000,6967,256,394,1218,5099
Cordillera Administrative Region (CAR),BENGUET,PH140000000,PH1401100000,Hearing Disability,Male,Moderate,PH141100000,896,43,52,118,683
Cordillera Administrative Region (CAR),BENGUET,PH140000000,PH1401100000,Hearing Disability,Male,Severe,PH141100000,290,41,70,79,100
Cordillera Administrative Region (CAR),BENGUET,PH140000000,PH1401100000,Mobility Disability,Both Sexes,All,PH141100000,19872,629,916,3155,15172
Cordillera Administrative Region (CAR),BENGUET,PH140000000,PH1401100000,Mobility Disability,Both Sexes,Mild,PH141100000,15427,304,633,2508,11982
Cordillera Administrative Region (CAR),BENGUET,PH140000000,PH1401100000,Mobility Disability,Both Sexes,Moderate,PH141100000,3103,127,147,457,2372
Cordillera Administrative Region (CAR),BENGUET,PH140000000,PH1401100000,Mobility Disability,Both Sexes,Severe,PH141100000,1342,198,136,190,818
Cordillera Administrative Region (CAR),BENGUET,PH140000000,PH1401100000,Mobility Disability,Female,All,PH141100000,10335,278,368,1235,8454
Cordillera Administrative Region (CAR),BENGUET,PH140000000,PH1401100000,Mobility Disability,Female,Mild,PH141100000,8053,129,259,977,6688
Cordillera Administrative Region (CAR),BENGUET,PH140000000,PH1401100000,Mobility Disability,Female,Moderate,PH141100000,1576,56,55,174,1291
Cordillera Administrative Region (CAR),BENGUET,PH140000000,PH1401100000,Mobility Disability,Female,Severe,PH141100000,706,93,54,84,475
Cordillera Administrative Region (CAR),BENGUET,PH140000000,PH1401100000,Mobility Disability,Male,All,PH141100000,9537,351,548,1920,6718
Cordillera Administrative Region (CAR),BENGUET,PH140000000,PH1401100000,Mobility Disability,Male,Mild,PH141100000,7374,175,374,1531,5294
Cordillera Administrative Region (CAR),BENGUET,PH140000000,PH1401100000,Mobility Disability,Male,Moderate,PH141100000,1527,71,92,283,1081
Cordillera Administrative Region (CAR),BENGUET,PH140000000,PH1401100000,Mobility Disability,Male,Severe,PH141100000,636,105,82,106,343
Cordillera Administrative Region (CAR),BENGUET,PH140000000,PH1401100000,Self-Care Disability,Both Sexes,All,PH141100000,5776,835,542,757,3642
Cordillera Administrative Region (CAR),BENGUET,PH140000000,PH1401100000,Self-Care Disability,Both Sexes,Mild,PH141100000,2946,388,236,396,1926
Cordillera Administrative Region (CAR),BENGUET,PH140000000,PH1401100000,Self-Care Disability,Both Sexes,Moderate,PH141100000,1265,172,130,181,782
Cordillera Administrative Region (CAR),BENGUET,PH140000000,PH1401100000,Self-Care Disability,Both Sexes,Severe,PH141100000,1565,275,176,180,934
Cordillera Administrative Region (CAR),BENGUET,PH140000000,PH1401100000,Self-Care Disability,Female,All,PH141100000,2982,356,233,322,2071
Cordillera Administrative Region (CAR),BENGUET,PH140000000,PH1401100000,Self-Care Disability,Female,Mild,PH141100000,1536,167,102,179,1088
Cordillera Administrative Region (CAR),BENGUET,PH140000000,PH1401100000,Self-Care Disability,Female,Moderate,PH141100000,625,69,57,67,432
Cordillera Administrative Region (CAR),BENGUET,PH140000000,PH1401100000,Self-Care Disability,Female,Severe,PH141100000,821,120,74,76,551
Cordillera Administrative Region (CAR),BENGUET,PH140000000,PH1401100000,Self-Care Disability,Male,All,PH141100000,2794,479,309,435,1571
Cordillera Administrative Region (CAR),BENGUET,PH140000000,PH1401100000,Self-Care Disability,Male,Mild,PH141100000,1410,221,134,217,838
Cordillera Administrative Region (CAR),BENGUET,PH140000000,PH1401100000,Self-Care Disability,Male,Moderate,PH141100000,640,103,73,114,350
Cordillera Administrative Region (CAR),BENGUET,PH140000000,PH1401100000,Self-Care Disability,Male,Severe,PH141100000,744,155,102,104,383
Cordillera Administrative Region (CAR),BENGUET,PH140000000,PH1401100000,Visual Disability,Both Sexes,All,PH141100000,50777,3272,7037,14071,26397
Cordillera Administrative Region (CAR),BENGUET,PH140000000,PH1401100000,Visual Disability,Both Sexes,Mild,PH141100000,46666,2917,6427,13276,24046
Cordillera Administrative Region (CAR),BENGUET,PH140000000,PH1401100000,Visual Disability,Both Sexes,Moderate,PH141100000,3510,285,524,656,2045
Cordillera Administrative Region (CAR),BENGUET,PH140000000,PH1401100000,Visual Disability,Both Sexes,Severe,PH141100000,601,70,86,139,306
Cordillera Administrative Region (CAR),BENGUET,PH140000000,PH1401100000,Visual Disability,Female,All,PH141100000,29808,1890,4567,8286,15065
Cordillera Administrative Region (CAR),BENGUET,PH140000000,PH1401100000,Visual Disability,Female,Mild,PH141100000,27401,1706,4213,7865,13617
Cordillera Administrative Region (CAR),BENGUET,PH140000000,PH1401100000,Visual Disability,Female,Moderate,PH141100000,2095,154,320,361,1260
Cordillera Administrative Region (CAR),BENGUET,PH140000000,PH1401100000,Visual Disability,Female,Severe,PH141100000,312,30,34,60,188
Cordillera Administrative Region (CAR),BENGUET,PH140000000,PH1401100000,Visual Disability,Male,All,PH141100000,20969,1382,2470,5785,11332
Cordillera Administrative Region (CAR),BENGUET,PH140000000,PH1401100000,Visual Disability,Male,Mild,PH141100000,19265,1211,2214,5411,10429
Cordillera Administrative Region (CAR),BENGUET,PH140000000,PH1401100000,Visual Disability,Male,Moderate,PH141100000,1415,131,204,295,785
Cordillera Administrative Region (CAR),BENGUET,PH140000000,PH1401100000,Visual Disability,Male,Severe,PH141100000,289,40,52,79,118
Cordillera Administrative Region (CAR),IFUGAO,PH140000000,PH1402700000,Cognitive Disability,Both Sexes,All,PH142700000,3147,201,232,554,2160
Cordillera Administrative Region (CAR),IFUGAO,PH140000000,PH1402700000,Cognitive Disability,Both Sexes,Mild,PH142700000,2512,89,157,470,1796
Cordillera Administrative Region (CAR),IFUGAO,PH140000000,PH1402700000,Cognitive Disability,Both Sexes,Moderate,PH142700000,500,62,54,66,318
Cordillera Administrative Region (CAR),IFUGAO,PH140000000,PH1402700000,Cognitive Disability,Both Sexes,Severe,PH142700000,135,50,21,18,46
Cordillera Administrative Region (CAR),IFUGAO,PH140000000,PH1402700000,Cognitive Disability,Female,All,PH142700000,1831,84,128,310,1309
Cordillera Administrative Region (CAR),IFUGAO,PH140000000,PH1402700000,Cognitive Disability,Female,Mild,PH142700000,1445,38,85,258,1064
Cordillera Administrative Region (CAR),IFUGAO,PH140000000,PH1402700000,Cognitive Disability,Female,Moderate,PH142700000,311,21,32,43,215
Cordillera Administrative Region (CAR),IFUGAO,PH140000000,PH1402700000,Cognitive Disability,Female,Severe,PH142700000,75,25,11,9,30
Cordillera Administrative Region (CAR),IFUGAO,PH140000000,PH1402700000,Cognitive Disability,Male,All,PH142700000,1316,117,104,244,851
Cordillera Administrative Region (CAR),IFUGAO,PH140000000,PH1402700000,Cognitive Disability,Male,Mild,PH142700000,1067,51,72,212,732
Cordillera Administrative Region (CAR),IFUGAO,PH140000000,PH1402700000,Cognitive Disability,Male,Moderate,PH142700000,189,41,22,23,103
Cordillera Administrative Region (CAR),IFUGAO,PH140000000,PH1402700000,Cognitive Disability,Male,Severe,PH142700000,60,25,10,9,16
Cordillera Administrative Region (CAR),IFUGAO,PH140000000,PH1402700000,Communication Disability,Both Sexes,All,PH142700000,1332,281,201,214,636
Cordillera Administrative Region (CAR),IFUGAO,PH140000000,PH1402700000,Communication Disability,Both Sexes,Mild,PH142700000,731,95,96,109,431
Cordillera Administrative Region (CAR),IFUGAO,PH140000000,PH1402700000,Communication Disability,Both Sexes,Moderate,PH142700000,333,79,61,63,130
Cordillera Administrative Region (CAR),IFUGAO,PH140000000,PH1402700000,Communication Disability,Both Sexes,Severe,PH142700000,268,107,44,42,75
Cordillera Administrative Region (CAR),IFUGAO,PH140000000,PH1402700000,Communication Disability,Female,All,PH142700000,677,116,96,102,363
Cordillera Administrative Region (CAR),IFUGAO,PH140000000,PH1402700000,Communication Disability,Female,Mild,PH142700000,372,40,45,45,242
Cordillera Administrative Region (CAR),IFUGAO,PH140000000,PH1402700000,Communication Disability,Female,Moderate,PH142700000,183,28,35,38,82
Cordillera Administrative Region (CAR),IFUGAO,PH140000000,PH1402700000,Communication Disability,Female,Severe,PH142700000,122,48,16,19,39
Cordillera Administrative Region (CAR),IFUGAO,PH140000000,PH1402700000,Communication Disability,Male,All,PH142700000,655,165,105,112,273
Cordillera Administrative Region (CAR),IFUGAO,PH140000000,PH1402700000,Communication Disability,Male,Mild,PH142700000,359,55,51,64,189
Cordillera Administrative Region (CAR),IFUGAO,PH140000000,PH1402700000,Communication Disability,Male,Moderate,PH142700000,150,51,26,25,48
Cordillera Administrative Region (CAR),IFUGAO,PH140000000,PH1402700000,Communication Disability,Male,Severe,PH142700000,146,59,28,23,36
Cordillera Administrative Region (CAR),IFUGAO,PH140000000,PH1402700000,Hearing Disability,Both Sexes,All,PH142700000,4208,161,217,598,3232
Cordillera Administrative Region (CAR),IFUGAO,PH140000000,PH1402700000,Hearing Disability,Both Sexes,Mild,PH142700000,3435,102,156,508,2669
Cordillera Administrative Region (CAR),IFUGAO,PH140000000,PH1402700000,Hearing Disability,Both Sexes,Moderate,PH142700000,641,37,35,61,508
Cordillera Administrative Region (CAR),IFUGAO,PH140000000,PH1402700000,Hearing Disability,Both Sexes,Severe,PH142700000,132,22,26,29,55
Cordillera Administrative Region (CAR),IFUGAO,PH140000000,PH1402700000,Hearing Disability,Female,All,PH142700000,2235,69,107,285,1774
Cordillera Administrative Region (CAR),IFUGAO,PH140000000,PH1402700000,Hearing Disability,Female,Mild,PH142700000,1824,46,73,243,1462
Cordillera Administrative Region (CAR),IFUGAO,PH140000000,PH1402700000,Hearing Disability,Female,Moderate,PH142700000,339,13,23,26,277
Cordillera Administrative Region (CAR),IFUGAO,PH140000000,PH1402700000,Hearing Disability,Female,Severe,PH142700000,72,10,11,16,35
Cordillera Administrative Region (CAR),IFUGAO,PH140000000,PH1402700000,Hearing Disability,Male,All,PH142700000,1973,92,110,313,1458
Cordillera Administrative Region (CAR),IFUGAO,PH140000000,PH1402700000,Hearing Disability,Male,Mild,PH142700000,1611,56,83,265,1207
Cordillera Administrative Region (CAR),IFUGAO,PH140000000,PH1402700000,Hearing Disability,Male,Moderate,PH142700000,302,24,12,35,231
Cordillera Administrative Region (CAR),IFUGAO,PH140000000,PH1402700000,Hearing Disability,Male,Severe,PH142700000,60,12,15,13,20
Cordillera Administrative Region (CAR),IFUGAO,PH140000000,PH1402700000,Mobility Disability,Both Sexes,All,PH142700000,4585,162,180,583,3660
Cordillera Administrative Region (CAR),IFUGAO,PH140000000,PH1402700000,Mobility Disability,Both Sexes,Mild,PH142700000,3441,62,114,431,2834
Cordillera Administrative Region (CAR),IFUGAO,PH140000000,PH1402700000,Mobility Disability,Both Sexes,Moderate,PH142700000,845,35,45,109,656
Cordillera Administrative Region (CAR),IFUGAO,PH140000000,PH1402700000,Mobility Disability,Both Sexes,Severe,PH142700000,299,65,21,43,170
Cordillera Administrative Region (CAR),IFUGAO,PH140000000,PH1402700000,Mobility Disability,Female,All,PH142700000,2438,68,76,245,2049
Cordillera Administrative Region (CAR),IFUGAO,PH140000000,PH1402700000,Mobility Disability,Female,Mild,PH142700000,1850,27,48,195,1580
Cordillera Administrative Region (CAR),IFUGAO,PH140000000,PH1402700000,Mobility Disability,Female,Moderate,PH142700000,437,10,18,33,376
Cordillera Administrative Region (CAR),IFUGAO,PH140000000,PH1402700000,Mobility Disability,Female,Severe,PH142700000,151,31,10,17,93
Cordillera Administrative Region (CAR),IFUGAO,PH140000000,PH1402700000,Mobility Disability,Male,All,PH142700000,2147,94,104,338,1611
Cordillera Administrative Region (CAR),IFUGAO,PH140000000,PH1402700000,Mobility Disability,Male,Mild,PH142700000,1591,35,66,236,1254
Cordillera Administrative Region (CAR),IFUGAO,PH140000000,PH1402700000,Mobility Disability,Male,Moderate,PH142700000,408,25,27,76,280
Cordillera Administrative Region (CAR),IFUGAO,PH140000000,PH1402700000,Mobility Disability,Male,Severe,PH142700000,148,34,11,26,77
Cordillera Administrative Region (CAR),IFUGAO,PH140000000,PH1402700000,Self-Care Disability,Both Sexes,All,PH142700000,1537,329,120,162,926
Cordillera Administrative Region (CAR),IFUGAO,PH140000000,PH1402700000,Self-Care Disability,Both Sexes,Mild,PH142700000,813,136,60,84,533
Cordillera Administrative Region (CAR),IFUGAO,PH140000000,PH1402700000,Self-Care Disability,Both Sexes,Moderate,PH142700000,372,81,31,46,214
Cordillera Administrative Region (CAR),IFUGAO,PH140000000,PH1402700000,Self-Care Disability,Both Sexes,Severe,PH142700000,352,112,29,32,179
Cordillera Administrative Region (CAR),IFUGAO,PH140000000,PH1402700000,Self-Care Disability,Female,All,PH142700000,814,151,64,72,527
Cordillera Administrative Region (CAR),IFUGAO,PH140000000,PH1402700000,Self-Care Disability,Female,Mild,PH142700000,422,56,30,34,302
Cordillera Administrative Region (CAR),IFUGAO,PH140000000,PH1402700000,Self-Care Disability,Female,Moderate,PH142700000,211,38,22,24,127
Cordillera Administrative Region (CAR),IFUGAO,PH140000000,PH1402700000,Self-Care Disability,Female,Severe,PH142700000,181,57,12,14,98
Cordillera Administrative Region (CAR),IFUGAO,PH140000000,PH1402700000,Self-Care Disability,Male,All,PH142700000,723,178,56,90,399
Cordillera Administrative Region (CAR),IFUGAO,PH140000000,PH1402700000,Self-Care Disability,Male,Mild,PH142700000,391,80,30,50,231
Cordillera Administrative Region (CAR),IFUGAO,PH140000000,PH1402700000,Self-Care Disability,Male,Moderate,PH142700000,161,43,9,22,87
Cordillera Administrative Region (CAR),IFUGAO,PH140000000,PH1402700000,Self-Care Disability,Male,Severe,PH142700000,171,55,17,18,81
Cordillera Administrative Region (CAR),IFUGAO,PH140000000,PH1402700000,Visual Disability,Both Sexes,All,PH142700000,7993,193,447,1973,5380
Cordillera Administrative Region (CAR),IFUGAO,PH140000000,PH1402700000,Visual Disability,Both Sexes,Mild,PH142700000,7245,156,396,1885,4808
Cordillera Administrative Region (CAR),IFUGAO,PH140000000,PH1402700000,Visual Disability,Both Sexes,Moderate,PH142700000,625,28,38,68,491
Cordillera Administrative Region (CAR),IFUGAO,PH140000000,PH1402700000,Visual Disability,Both Sexes,Severe,PH142700000,123,9,13,20,81
Cordillera Administrative Region (CAR),IFUGAO,PH140000000,PH1402700000,Visual Disability,Female,All,PH142700000,4530,108,301,1096,3025
Cordillera Administrative Region (CAR),IFUGAO,PH140000000,PH1402700000,Visual Disability,Female,Mild,PH142700000,4099,92,271,1060,2676
Cordillera Administrative Region (CAR),IFUGAO,PH140000000,PH1402700000,Visual Disability,Female,Moderate,PH142700000,357,11,23,28,295
Cordillera Administrative Region (CAR),IFUGAO,PH140000000,PH1402700000,Visual Disability,Female,Severe,PH142700000,74,5,7,8,54
Cordillera Administrative Region (CAR),IFUGAO,PH140000000,PH1402700000,Visual Disability,Male,All,PH142700000,3463,85,146,877,2355
Cordillera Administrative Region (CAR),IFUGAO,PH140000000,PH1402700000,Visual Disability,Male,Mild,PH142700000,3146,64,125,825,2132
Cordillera Administrative Region (CAR),IFUGAO,PH140000000,PH1402700000,Visual Disability,Male,Moderate,PH142700000,268,17,15,40,196
Cordillera Administrative Region (CAR),IFUGAO,PH140000000,PH1402700000,Visual Disability,Male,Severe,PH142700000,49,4,6,12,27
Cordillera Administrative Region (CAR),KALINGA,PH140000000,PH1403200000,Cognitive Disability,Both Sexes,All,PH143200000,4472,201,297,931,3043
Cordillera Administrative Region (CAR),KALINGA,PH140000000,PH1403200000,Cognitive Disability,Both Sexes,Mild,PH143200000,3789,109,200,846,2634
Cordillera Administrative Region (CAR),KALINGA,PH140000000,PH1403200000,Cognitive Disability,Both Sexes,Moderate,PH143200000,519,48,61,66,344
Cordillera Administrative Region (CAR),KALINGA,PH140000000,PH1403200000,Cognitive Disability,Both Sexes,Severe,PH143200000,164,44,36,19,65
Cordillera Administrative Region (CAR),KALINGA,PH140000000,PH1403200000,Cognitive Disability,Female,All,PH143200000,2603,83,162,558,1800
Cordillera Administrative Region (CAR),KALINGA,PH140000000,PH1403200000,Cognitive Disability,Female,Mild,PH143200000,2210,46,108,517,1539
Cordillera Administrative Region (CAR),KALINGA,PH140000000,PH1403200000,Cognitive Disability,Female,Moderate,PH143200000,305,19,31,33,222
Cordillera Administrative Region (CAR),KALINGA,PH140000000,PH1403200000,Cognitive Disability,Female,Severe,PH143200000,88,18,23,8,39
Cordillera Administrative Region (CAR),KALINGA,PH140000000,PH1403200000,Cognitive Disability,Male,All,PH143200000,1869,118,135,373,1243
Cordillera Administrative Region (CAR),KALINGA,PH140000000,PH1403200000,Cognitive Disability,Male,Mild,PH143200000,1579,63,92,329,1095
Cordillera Administrative Region (CAR),KALINGA,PH140000000,PH1403200000,Cognitive Disability,Male,Moderate,PH143200000,214,29,30,33,122
Cordillera Administrative Region (CAR),KALINGA,PH140000000,PH1403200000,Cognitive Disability,Male,Severe,PH143200000,76,26,13,11,26
Cordillera Administrative Region (CAR),KALINGA,PH140000000,PH1403200000,Communication Disability,Both Sexes,All,PH143200000,1564,289,274,242,759
Cordillera Administrative Region (CAR),KALINGA,PH140000000,PH1403200000,Communication Disability,Both Sexes,Mild,PH143200000,869,111,115,120,523
Cordillera Administrative Region (CAR),KALINGA,PH140000000,PH1403200000,Communication Disability,Both Sexes,Moderate,PH143200000,378,77,74,75,152
Cordillera Administrative Region (CAR),KALINGA,PH140000000,PH1403200000,Communication Disability,Both Sexes,Severe,PH143200000,317,101,85,47,84
Cordillera Administrative Region (CAR),KALINGA,PH140000000,PH1403200000,Communication Disability,Female,All,PH143200000,789,122,127,108,432
Cordillera Administrative Region (CAR),KALINGA,PH140000000,PH1403200000,Communication Disability,Female,Mild,PH143200000,434,48,45,50,291
Cordillera Administrative Region (CAR),KALINGA,PH140000000,PH1403200000,Communication Disability,Female,Moderate,PH143200000,196,27,40,35,94
Cordillera Administrative Region (CAR),KALINGA,PH140000000,PH1403200000,Communication Disability,Female,Severe,PH143200000,159,47,42,23,47
Cordillera Administrative Region (CAR),KALINGA,PH140000000,PH1403200000,Communication Disability,Male,All,PH143200000,775,167,147,134,327
Cordillera Administrative Region (CAR),KALINGA,PH140000000,PH1403200000,Communication Disability,Male,Mild,PH143200000,435,63,70,70,232
Cordillera Administrative Region (CAR),KALINGA,PH140000000,PH1403200000,Communication Disability,Male,Moderate,PH143200000,182,50,34,40,58
Cordillera Administrative Region (CAR),KALINGA,PH140000000,PH1403200000,Communication Disability,Male,Severe,PH143200000,158,54,43,24,37
Cordillera Administrative Region (CAR),KALINGA,PH140000000,PH1403200000,Hearing Disability,Both Sexes,All,PH143200000,5223,143,269,767,4044
Cordillera Administrative Region (CAR),KALINGA,PH140000000,PH1403200000,Hearing Disability,Both Sexes,Mild,PH143200000,4359,101,200,668,3390
Cordillera Administrative Region (CAR),KALINGA,PH140000000,PH1403200000,Hearing Disability,Both Sexes,Moderate,PH143200000,698,22,38,74,564
Cordillera Administrative Region (CAR),KALINGA,PH140000000,PH1403200000,Hearing Disability,Both Sexes,Severe,PH143200000,166,20,31,25,90
Cordillera Administrative Region (CAR),KALINGA,PH140000000,PH1403200000,Hearing Disability,Female,All,PH143200000,2829,58,128,406,2237
Cordillera Administrative Region (CAR),KALINGA,PH140000000,PH1403200000,Hearing Disability,Female,Mild,PH143200000,2379,42,93,363,1881
Cordillera Administrative Region (CAR),KALINGA,PH140000000,PH1403200000,Hearing Disability,Female,Moderate,PH143200000,374,9,22,35,308
Cordillera Administrative Region (CAR),KALINGA,PH140000000,PH1403200000,Hearing Disability,Female,Severe,PH143200000,76,7,13,8,48
Cordillera Administrative Region (CAR),KALINGA,PH140000000,PH1403200000,Hearing Disability,Male,All,PH143200000,2394,85,141,361,1807
Cordillera Administrative Region (CAR),KALINGA,PH140000000,PH1403200000,Hearing Disability,Male,Mild,PH143200000,1980,59,107,305,1509
Cordillera Administrative Region (CAR),KALINGA,PH140000000,PH1403200000,Hearing Disability,Male,Moderate,PH143200000,324,13,16,39,256
Cordillera Administrative Region (CAR),KALINGA,PH140000000,PH1403200000,Hearing Disability,Male,Severe,PH143200000,90,13,18,17,42
Cordillera Administrative Region (CAR),KALINGA,PH140000000,PH1403200000,Mobility Disability,Both Sexes,All,PH143200000,5190,207,288,846,3849
Cordillera Administrative Region (CAR),KALINGA,PH140000000,PH1403200000,Mobility Disability,Both Sexes,Mild,PH143200000,4101,93,175,670,3163
Cordillera Administrative Region (CAR),KALINGA,PH140000000,PH1403200000,Mobility Disability,Both Sexes,Moderate,PH143200000,719,40,64,122,493
Cordillera Administrative Region (CAR),KALINGA,PH140000000,PH1403200000,Mobility Disability,Both Sexes,Severe,PH143200000,370,74,49,54,193
Cordillera Administrative Region (CAR),KALINGA,PH140000000,PH1403200000,Mobility Disability,Female,All,PH143200000,2762,81,123,394,2164
Cordillera Administrative Region (CAR),KALINGA,PH140000000,PH1403200000,Mobility Disability,Female,Mild,PH143200000,2189,36,74,321,1758
Cordillera Administrative Region (CAR),KALINGA,PH140000000,PH1403200000,Mobility Disability,Female,Moderate,PH143200000,384,13,24,53,294
Cordillera Administrative Region (CAR),KALINGA,PH140000000,PH1403200000,Mobility Disability,Female,Severe,PH143200000,189,32,25,20,112
Cordillera Administrative Region (CAR),KALINGA,PH140000000,PH1403200000,Mobility Disability,Male,All,PH143200000,2428,126,165,452,1685
Cordillera Administrative Region (CAR),KALINGA,PH140000000,PH1403200000,Mobility Disability,Male,Mild,PH143200000,1912,57,101,349,1405
Cordillera Administrative Region (CAR),KALINGA,PH140000000,PH1403200000,Mobility Disability,Male,Moderate,PH143200000,335,27,40,69,199
Cordillera Administrative Region (CAR),KALINGA,PH140000000,PH1403200000,Mobility Disability,Male,Severe,PH143200000,181,42,24,34,81
Cordillera Administrative Region (CAR),KALINGA,PH140000000,PH1403200000,Self-Care Disability,Both Sexes,All,PH143200000,1666,210,196,206,1054
Cordillera Administrative Region (CAR),KALINGA,PH140000000,PH1403200000,Self-Care Disability,Both Sexes,Mild,PH143200000,946,76,81,112,677
Cordillera Administrative Region (CAR),KALINGA,PH140000000,PH1403200000,Self-Care Disability,Both Sexes,Moderate,PH143200000,324,41,48,46,189
Cordillera Administrative Region (CAR),KALINGA,PH140000000,PH1403200000,Self-Care Disability,Both Sexes,Severe,PH143200000,396,93,67,48,188
Cordillera Administrative Region (CAR),KALINGA,PH140000000,PH1403200000,Self-Care Disability,Female,All,PH143200000,850,84,94,86,586
Cordillera Administrative Region (CAR),KALINGA,PH140000000,PH1403200000,Self-Care Disability,Female,Mild,PH143200000,469,24,33,47,365
Cordillera Administrative Region (CAR),KALINGA,PH140000000,PH1403200000,Self-Care Disability,Female,Moderate,PH143200000,172,17,21,22,112
Cordillera Administrative Region (CAR),KALINGA,PH140000000,PH1403200000,Self-Care Disability,Female,Severe,PH143200000,209,43,40,17,109
Cordillera Administrative Region (CAR),KALINGA,PH140000000,PH1403200000,Self-Care Disability,Male,All,PH143200000,816,126,102,120,468
Cordillera Administrative Region (CAR),KALINGA,PH140000000,PH1403200000,Self-Care Disability,Male,Mild,PH143200000,477,52,48,65,312
Cordillera Administrative Region (CAR),KALINGA,PH140000000,PH1403200000,Self-Care Disability,Male,Moderate,PH143200000,152,24,27,24,77
Cordillera Administrative Region (CAR),KALINGA,PH140000000,PH1403200000,Self-Care Disability,Male,Severe,PH143200000,187,50,27,31,79
Cordillera Administrative Region (CAR),KALINGA,PH140000000,PH1403200000,Visual Disability,Both Sexes,All,PH143200000,9895,233,474,2760,6428
Cordillera Administrative Region (CAR),KALINGA,PH140000000,PH1403200000,Visual Disability,Both Sexes,Mild,PH143200000,8987,181,410,2603,5793
Cordillera Administrative Region (CAR),KALINGA,PH140000000,PH1403200000,Visual Disability,Both Sexes,Moderate,PH143200000,727,27,40,127,533
Cordillera Administrative Region (CAR),KALINGA,PH140000000,PH1403200000,Visual Disability,Both Sexes,Severe,PH143200000,181,25,24,30,102
Cordillera Administrative Region (CAR),KALINGA,PH140000000,PH1403200000,Visual Disability,Female,All,PH143200000,5688,124,316,1591,3657
Cordillera Administrative Region (CAR),KALINGA,PH140000000,PH1403200000,Visual Disability,Female,Mild,PH143200000,5171,102,280,1511,3278
Cordillera Administrative Region (CAR),KALINGA,PH140000000,PH1403200000,Visual Disability,Female,Moderate,PH143200000,423,11,23,72,317
Cordillera Administrative Region (CAR),KALINGA,PH140000000,PH1403200000,Visual Disability,Female,Severe,PH143200000,94,11,13,8,62
Cordillera Administrative Region (CAR),KALINGA,PH140000000,PH1403200000,Visual Disability,Male,All,PH143200000,4207,109,158,1169,2771
Cordillera Administrative Region (CAR),KALINGA,PH140000000,PH1403200000,Visual Disability,Male,Mild,PH143200000,3816,79,130,1092,2515
Cordillera Administrative Region (CAR),KALINGA,PH140000000,PH1403200000,Visual Disability,Male,Moderate,PH143200000,304,16,17,55,216
Cordillera Administrative Region (CAR),KALINGA,PH140000000,PH1403200000,Visual Disability,Male,Severe,PH143200000,87,14,11,22,40
Cordillera Administrative Region (CAR),MOUNTAIN PROVINCE,PH140000000,PH1404400000,Cognitive Disability,Both Sexes,All,PH144400000,2525,130,173,415,1807
Cordillera Administrative Region (CAR),MOUNTAIN PROVINCE,PH140000000,PH1404400000,Cognitive Disability,Both Sexes,Mild,PH144400000,2076,73,118,340,1545
Cordillera Administrative Region (CAR),MOUNTAIN PROVINCE,PH140000000,PH1404400000,Cognitive Disability,Both Sexes,Moderate,PH144400000,373,35,42,59,237
Cordillera Administrative Region (CAR),MOUNTAIN PROVINCE,PH140000000,PH1404400000,Cognitive Disability,Both Sexes,Severe,PH144400000,76,22,13,16,25
Cordillera Administrative Region (CAR),MOUNTAIN PROVINCE,PH140000000,PH1404400000,Cognitive Disability,Female,All,PH144400000,1473,54,89,203,1127
Cordillera Administrative Region (CAR),MOUNTAIN PROVINCE,PH140000000,PH1404400000,Cognitive Disability,Female,Mild,PH144400000,1212,28,64,170,950
Cordillera Administrative Region (CAR),MOUNTAIN PROVINCE,PH140000000,PH1404400000,Cognitive Disability,Female,Moderate,PH144400000,220,15,19,25,161
Cordillera Administrative Region (CAR),MOUNTAIN PROVINCE,PH140000000,PH1404400000,Cognitive Disability,Female,Severe,PH144400000,41,11,6,8,16
Cordillera Administrative Region (CAR),MOUNTAIN PROVINCE,PH140000000,PH1404400000,Cognitive Disability,Male,All,PH144400000,1052,76,84,212,680
Cordillera Administrative Region (CAR),MOUNTAIN PROVINCE,PH140000000,PH1404400000,Cognitive Disability,Male,Mild,PH144400000,864,45,54,170,595
Cordillera Administrative Region (CAR),MOUNTAIN PROVINCE,PH140000000,PH1404400000,Cognitive Disability,Male,Moderate,PH144400000,153,20,23,34,76
Cordillera Administrative Region (CAR),MOUNTAIN PROVINCE,PH140000000,PH1404400000,Cognitive Disability,Male,Severe,PH144400000,35,11,7,8,9
Cordillera Administrative Region (CAR),MOUNTAIN PROVINCE,PH140000000,PH1404400000,Communication Disability,Both Sexes,All,PH144400000,1023,189,152,205,477
Cordillera Administrative Region (CAR),MOUNTAIN PROVINCE,PH140000000,PH1404400000,Communication Disability,Both Sexes,Mild,PH144400000,593,92,81,98,322
Cordillera Administrative Region (CAR),MOUNTAIN PROVINCE,PH140000000,PH1404400000,Communication Disability,Both Sexes,Moderate,PH144400000,246,42,41,64,99
Cordillera Administrative Region (CAR),MOUNTAIN PROVINCE,PH140000000,PH1404400000,Communication Disability,Both Sexes,Severe,PH144400000,184,55,30,43,56
Cordillera Administrative Region (CAR),MOUNTAIN PROVINCE,PH140000000,PH1404400000,Communication Disability,Female,All,PH144400000,526,81,76,100,269
Cordillera Administrative Region (CAR),MOUNTAIN PROVINCE,PH140000000,PH1404400000,Communication Disability,Female,Mild,PH144400000,318,38,42,40,198
Cordillera Administrative Region (CAR),MOUNTAIN PROVINCE,PH140000000,PH1404400000,Communication Disability,Female,Moderate,PH144400000,125,18,20,38,49
Cordillera Administrative Region (CAR),MOUNTAIN PROVINCE,PH140000000,PH1404400000,Communication Disability,Female,Severe,PH144400000,83,25,14,22,22
Cordillera Administrative Region (CAR),MOUNTAIN PROVINCE,PH140000000,PH1404400000,Communication Disability,Male,All,PH144400000,497,108,76,105,208
Cordillera Administrative Region (CAR),MOUNTAIN PROVINCE,PH140000000,PH1404400000,Communication Disability,Male,Mild,PH144400000,275,54,39,58,124
Cordillera Administrative Region (CAR),MOUNTAIN PROVINCE,PH140000000,PH1404400000,Communication Disability,Male,Moderate,PH144400000,121,24,21,26,50
Cordillera Administrative Region (CAR),MOUNTAIN PROVINCE,PH140000000,PH1404400000,Communication Disability,Male,Severe,PH144400000,101,30,16,21,34
Cordillera Administrative Region (CAR),MOUNTAIN PROVINCE,PH140000000,PH1404400000,Hearing Disability,Both Sexes,All,PH144400000,3504,99,112,391,2902
Cordillera Administrative Region (CAR),MOUNTAIN PROVINCE,PH140000000,PH1404400000,Hearing Disability,Both Sexes,Mild,PH144400000,2898,65,91,325,2417
Cordillera Administrative Region (CAR),MOUNTAIN PROVINCE,PH140000000,PH1404400000,Hearing Disability,Both Sexes,Moderate,PH144400000,514,20,12,46,436
Cordillera Administrative Region (CAR),MOUNTAIN PROVINCE,PH140000000,PH1404400000,Hearing Disability,Both Sexes,Severe,PH144400000,92,14,9,20,49
Cordillera Administrative Region (CAR),MOUNTAIN PROVINCE,PH140000000,PH1404400000,Hearing Disability,Female,All,PH144400000,1983,46,47,195,1695
Cordillera Administrative Region (CAR),MOUNTAIN PROVINCE,PH140000000,PH1404400000,Hearing Disability,Female,Mild,PH144400000,1632,29,39,160,1404
Cordillera Administrative Region (CAR),MOUNTAIN PROVINCE,PH140000000,PH1404400000,Hearing Disability,Female,Moderate,PH144400000,309,9,5,26,269
Cordillera Administrative Region (CAR),MOUNTAIN PROVINCE,PH140000000,PH1404400000,Hearing Disability,Female,Severe,PH144400000,42,8,3,9,22
Cordillera Administrative Region (CAR),MOUNTAIN PROVINCE,PH140000000,PH1404400000,Hearing Disability,Male,All,PH144400000,1521,53,65,196,1207
Cordillera Administrative Region (CAR),MOUNTAIN PROVINCE,PH140000000,PH1404400000,Hearing Disability,Male,Mild,PH144400000,1266,36,52,165,1013
Cordillera Administrative Region (CAR),MOUNTAIN PROVINCE,PH140000000,PH1404400000,Hearing Disability,Male,Moderate,PH144400000,205,11,7,20,167
Cordillera Administrative Region (CAR),MOUNTAIN PROVINCE,PH140000000,PH1404400000,Hearing Disability,Male,Severe,PH144400000,50,6,6,11,27
Cordillera Administrative Region (CAR),MOUNTAIN PROVINCE,PH140000000,PH1404400000,Mobility Disability,Both Sexes,All,PH144400000,4335,157,163,545,3470
Cordillera Administrative Region (CAR),MOUNTAIN PROVINCE,PH140000000,PH1404400000,Mobility Disability,Both Sexes,Mild,PH144400000,3372,84,98,415,2775
Cordillera Administrative Region (CAR),MOUNTAIN PROVINCE,PH140000000,PH1404400000,Mobility Disability,Both Sexes,Moderate,PH144400000,709,33,41,93,542
Cordillera Administrative Region (CAR),MOUNTAIN PROVINCE,PH140000000,PH1404400000,Mobility Disability,Both Sexes,Severe,PH144400000,254,40,24,37,153
Cordillera Administrative Region (CAR),MOUNTAIN PROVINCE,PH140000000,PH1404400000,Mobility Disability,Female,All,PH144400000,2450,62,71,239,2078
Cordillera Administrative Region (CAR),MOUNTAIN PROVINCE,PH140000000,PH1404400000,Mobility Disability,Female,Mild,PH144400000,1938,30,43,179,1686
Cordillera Administrative Region (CAR),MOUNTAIN PROVINCE,PH140000000,PH1404400000,Mobility Disability,Female,Moderate,PH144400000,386,17,17,42,310
Cordillera Administrative Region (CAR),MOUNTAIN PROVINCE,PH140000000,PH1404400000,Mobility Disability,Female,Severe,PH144400000,126,15,11,18,82
Cordillera Administrative Region (CAR),MOUNTAIN PROVINCE,PH140000000,PH1404400000,Mobility Disability,Male,All,PH144400000,1885,95,92,306,1392
Cordillera Administrative Region (CAR),MOUNTAIN PROVINCE,PH140000000,PH1404400000,Mobility Disability,Male,Mild,PH144400000,1434,54,55,236,1089
Cordillera Administrative Region (CAR),MOUNTAIN PROVINCE,PH140000000,PH1404400000,Mobility Disability,Male,Moderate,PH144400000,323,16,24,51,232
Cordillera Administrative Region (CAR),MOUNTAIN PROVINCE,PH140000000,PH1404400000,Mobility Disability,Male,Severe,PH144400000,128,25,13,19,71
Cordillera Administrative Region (CAR),MOUNTAIN PROVINCE,PH140000000,PH1404400000,Self-Care Disability,Both Sexes,All,PH144400000,1245,150,111,154,830
Cordillera Administrative Region (CAR),MOUNTAIN PROVINCE,PH140000000,PH1404400000,Self-Care Disability,Both Sexes,Mild,PH144400000,701,67,56,79,499
Cordillera Administrative Region (CAR),MOUNTAIN PROVINCE,PH140000000,PH1404400000,Self-Care Disability,Both Sexes,Moderate,PH144400000,285,36,24,36,189
Cordillera Administrative Region (CAR),MOUNTAIN PROVINCE,PH140000000,PH1404400000,Self-Care Disability,Both Sexes,Severe,PH144400000,259,47,31,39,142
Cordillera Administrative Region (CAR),MOUNTAIN PROVINCE,PH140000000,PH1404400000,Self-Care Disability,Female,All,PH144400000,644,57,48,66,473
Cordillera Administrative Region (CAR),MOUNTAIN PROVINCE,PH140000000,PH1404400000,Self-Care Disability,Female,Mild,PH144400000,363,23,27,29,284
Cordillera Administrative Region (CAR),MOUNTAIN PROVINCE,PH140000000,PH1404400000,Self-Care Disability,Female,Moderate,PH144400000,153,16,8,15,114
Cordillera Administrative Region (CAR),MOUNTAIN PROVINCE,PH140000000,PH1404400000,Self-Care Disability,Female,Severe,PH144400000,128,18,13,22,75
Cordillera Administrative Region (CAR),MOUNTAIN PROVINCE,PH140000000,PH1404400000,Self-Care Disability,Male,All,PH144400000,601,93,63,88,357
Cordillera Administrative Region (CAR),MOUNTAIN PROVINCE,PH140000000,PH1404400000,Self-Care Disability,Male,Mild,PH144400000,338,44,29,50,215
Cordillera Administrative Region (CAR),MOUNTAIN PROVINCE,PH140000000,PH1404400000,Self-Care Disability,Male,Moderate,PH144400000,132,20,16,21,75
Cordillera Administrative Region (CAR),MOUNTAIN PROVINCE,PH140000000,PH1404400000,Self-Care Disability,Male,Severe,PH144400000,131,29,18,17,67
Cordillera Administrative Region (CAR),MOUNTAIN PROVINCE,PH140000000,PH1404400000,Visual Disability,Both Sexes,All,PH144400000,5357,156,298,1181,3722
Cordillera Administrative Region (CAR),MOUNTAIN PROVINCE,PH140000000,PH1404400000,Visual Disability,Both Sexes,Mild,PH144400000,4818,124,274,1116,3304
Cordillera Administrative Region (CAR),MOUNTAIN PROVINCE,PH140000000,PH1404400000,Visual Disability,Both Sexes,Moderate,PH144400000,452,19,16,50,367
Cordillera Administrative Region (CAR),MOUNTAIN PROVINCE,PH140000000,PH1404400000,Visual Disability,Both Sexes,Severe,PH144400000,87,13,8,15,51
Cordillera Administrative Region (CAR),MOUNTAIN PROVINCE,PH140000000,PH1404400000,Visual Disability,Female,All,PH144400000,3284,90,223,711,2260
Cordillera Administrative Region (CAR),MOUNTAIN PROVINCE,PH140000000,PH1404400000,Visual Disability,Female,Mild,PH144400000,2968,72,210,675,2011
Cordillera Administrative Region (CAR),MOUNTAIN PROVINCE,PH140000000,PH1404400000,Visual Disability,Female,Moderate,PH144400000,268,11,9,28,220
Cordillera Administrative Region (CAR),MOUNTAIN PROVINCE,PH140000000,PH1404400000,Visual Disability,Female,Severe,PH144400000,48,7,4,8,29
Cordillera Administrative Region (CAR),MOUNTAIN PROVINCE,PH140000000,PH1404400000,Visual Disability,Male,All,PH144400000,2073,66,75,470,1462
Cordillera Administrative Region (CAR),MOUNTAIN PROVINCE,PH140000000,PH1404400000,Visual Disability,Male,Mild,PH144400000,1850,52,64,441,1293
Cordillera Administrative Region (CAR),MOUNTAIN PROVINCE,PH140000000,PH1404400000,Visual Disability,Male,Moderate,PH144400000,184,8,7,22,147
Cordillera Administrative Region (CAR),MOUNTAIN PROVINCE,PH140000000,PH1404400000,Visual Disability,Male,Severe,PH144400000,39,6,4,7,22
MIMAROPA Region,MARINDUQUE,PH1700000000,PH1704000000,Cognitive Disability,Both Sexes,All,PH174000000,6096,291,379,1117,4309
MIMAROPA Region,MARINDUQUE,PH1700000000,PH1704000000,Cognitive Disability,Both Sexes,Mild,PH174000000,5111,142,228,991,3750
MIMAROPA Region,MARINDUQUE,PH1700000000,PH1704000000,Cognitive Disability,Both Sexes,Moderate,PH174000000,716,69,98,90,459
MIMAROPA Region,MARINDUQUE,PH1700000000,PH1704000000,Cognitive Disability,Both Sexes,Severe,PH174000000,269,80,53,36,100
MIMAROPA Region,MARINDUQUE,PH1700000000,PH1704000000,Cognitive Disability,Female,All,PH174000000,3696,112,181,669,2734
MIMAROPA Region,MARINDUQUE,PH1700000000,PH1704000000,Cognitive Disability,Female,Mild,PH174000000,3169,63,122,598,2386
MIMAROPA Region,MARINDUQUE,PH1700000000,PH1704000000,Cognitive Disability,Female,Moderate,PH174000000,401,20,37,51,293
MIMAROPA Region,MARINDUQUE,PH1700000000,PH1704000000,Cognitive Disability,Female,Severe,PH174000000,126,29,22,20,55
MIMAROPA Region,MARINDUQUE,PH1700000000,PH1704000000,Cognitive Disability,Male,All,PH174000000,2400,179,198,448,1575
MIMAROPA Region,MARINDUQUE,PH1700000000,PH1704000000,Cognitive Disability,Male,Mild,PH174000000,1942,79,106,393,1364
MIMAROPA Region,MARINDUQUE,PH1700000000,PH1704000000,Cognitive Disability,Male,Moderate,PH174000000,315,49,61,39,166
MIMAROPA Region,MARINDUQUE,PH1700000000,PH1704000000,Cognitive Disability,Male,Severe,PH174000000,143,51,31,16,45
MIMAROPA Region,MARINDUQUE,PH1700000000,PH1704000000,Communication Disability,Both Sexes,All,PH174000000,2411,433,350,377,1251
MIMAROPA Region,MARINDUQUE,PH1700000000,PH1704000000,Communication Disability,Both Sexes,Mild,PH174000000,1390,163,163,201,863
MIMAROPA Region,MARINDUQUE,PH1700000000,PH1704000000,Communication Disability,Both Sexes,Moderate,PH174000000,577,120,93,110,254
MIMAROPA Region,MARINDUQUE,PH1700000000,PH1704000000,Communication Disability,Both Sexes,Severe,PH174000000,444,150,94,66,134
MIMAROPA Region,MARINDUQUE,PH1700000000,PH1704000000,Communication Disability,Female,All,PH174000000,1207,185,155,176,691
MIMAROPA Region,MARINDUQUE,PH1700000000,PH1704000000,Communication Disability,Female,Mild,PH174000000,716,65,78,91,482
MIMAROPA Region,MARINDUQUE,PH1700000000,PH1704000000,Communication Disability,Female,Moderate,PH174000000,271,51,34,57,129
MIMAROPA Region,MARINDUQUE,PH1700000000,PH1704000000,Communication Disability,Female,Severe,PH174000000,220,69,43,28,80
MIMAROPA Region,MARINDUQUE,PH1700000000,PH1704000000,Communication Disability,Male,All,PH174000000,1204,248,195,201,560
MIMAROPA Region,MARINDUQUE,PH1700000000,PH1704000000,Communication Disability,Male,Mild,PH174000000,674,98,85,110,381
MIMAROPA Region,MARINDUQUE,PH1700000000,PH1704000000,Communication Disability,Male,Moderate,PH174000000,306,69,59,53,125
MIMAROPA Region,MARINDUQUE,PH1700000000,PH1704000000,Communication Disability,Male,Severe,PH174000000,224,81,51,38,54
MIMAROPA Region,MARINDUQUE,PH1700000000,PH1704000000,Hearing Disability,Both Sexes,All,PH174000000,6585,238,254,781,5312
MIMAROPA Region,MARINDUQUE,PH1700000000,PH1704000000,Hearing Disability,Both Sexes,Mild,PH174000000,5491,138,156,669,4528
MIMAROPA Region,MARINDUQUE,PH1700000000,PH1704000000,Hearing Disability,Both Sexes,Moderate,PH174000000,833,37,38,66,692
MIMAROPA Region,MARINDUQUE,PH1700000000,PH1704000000,Hearing Disability,Both Sexes,Severe,PH174000000,261,63,60,46,92
MIMAROPA Region,MARINDUQUE,PH1700000000,PH1704000000,Hearing Disability,Female,All,PH174000000,3513,100,108,380,2925
MIMAROPA Region,MARINDUQUE,PH1700000000,PH1704000000,Hearing Disability,Female,Mild,PH174000000,2910,55,63,328,2464
MIMAROPA Region,MARINDUQUE,PH1700000000,PH1704000000,Hearing Disability,Female,Moderate,PH174000000,473,14,14,37,408
MIMAROPA Region,MARINDUQUE,PH1700000000,PH1704000000,Hearing Disability,Female,Severe,PH174000000,130,31,31,15,53
MIMAROPA Region,MARINDUQUE,PH1700000000,PH1704000000,Hearing Disability,Male,All,PH174000000,3072,138,146,401,2387
MIMAROPA Region,MARINDUQUE,PH1700000000,PH1704000000,Hearing Disability,Male,Mild,PH174000000,2581,83,93,341,2064
MIMAROPA Region,MARINDUQUE,PH1700000000,PH1704000000,Hearing Disability,Male,Moderate,PH174000000,360,23,24,29,284
MIMAROPA Region,MARINDUQUE,PH1700000000,PH1704000000,Hearing Disability,Male,Severe,PH174000000,131,32,29,31,39
MIMAROPA Region,MARINDUQUE,PH1700000000,PH1704000000,Mobility Disability,Both Sexes,All,PH174000000,8177,286,267,1074,6550
MIMAROPA Region,MARINDUQUE,PH1700000000,PH1704000000,Mobility Disability,Both Sexes,Mild,PH174000000,6204,114,150,859,5081
MIMAROPA Region,MARINDUQUE,PH1700000000,PH1704000000,Mobility Disability,Both Sexes,Moderate,PH174000000,1355,59,46,162,1088
MIMAROPA Region,MARINDUQUE,PH1700000000,PH1704000000,Mobility Disability,Both Sexes,Severe,PH174000000,618,113,71,53,381
MIMAROPA Region,MARINDUQUE,PH1700000000,PH1704000000,Mobility Disability,Female,All,PH174000000,4310,116,102,377,3715
MIMAROPA Region,MARINDUQUE,PH1700000000,PH1704000000,Mobility Disability,Female,Mild,PH174000000,3288,47,55,298,2888
MIMAROPA Region,MARINDUQUE,PH1700000000,PH1704000000,Mobility Disability,Female,Moderate,PH174000000,694,21,14,54,605
MIMAROPA Region,MARINDUQUE,PH1700000000,PH1704000000,Mobility Disability,Female,Severe,PH174000000,328,48,33,25,222
MIMAROPA Region,MARINDUQUE,PH1700000000,PH1704000000,Mobility Disability,Male,All,PH174000000,3867,170,165,697,2835
MIMAROPA Region,MARINDUQUE,PH1700000000,PH1704000000,Mobility Disability,Male,Mild,PH174000000,2916,67,95,561,2193
MIMAROPA Region,MARINDUQUE,PH1700000000,PH1704000000,Mobility Disability,Male,Moderate,PH174000000,661,38,32,108,483
MIMAROPA Region,MARINDUQUE,PH1700000000,PH1704000000,Mobility Disability,Male,Severe,PH174000000,290,65,38,28,159
MIMAROPA Region,MARINDUQUE,PH1700000000,PH1704000000,Self-Care Disability,Both Sexes,All,PH174000000,2281,279,162,225,1615
MIMAROPA Region,MARINDUQUE,PH1700000000,PH1704000000,Self-Care Disability,Both Sexes,Mild,PH174000000,1102,88,51,113,850
MIMAROPA Region,MARINDUQUE,PH1700000000,PH1704000000,Self-Care Disability,Both Sexes,Moderate,PH174000000,518,52,35,53,378
MIMAROPA Region,MARINDUQUE,PH1700000000,PH1704000000,Self-Care Disability,Both Sexes,Severe,PH174000000,661,139,76,59,387
MIMAROPA Region,MARINDUQUE,PH1700000000,PH1704000000,Self-Care Disability,Female,All,PH174000000,1246,114,71,116,945
MIMAROPA Region,MARINDUQUE,PH1700000000,PH1704000000,Self-Care Disability,Female,Mild,PH174000000,601,34,21,53,493
MIMAROPA Region,MARINDUQUE,PH1700000000,PH1704000000,Self-Care Disability,Female,Moderate,PH174000000,290,19,18,26,227
MIMAROPA Region,MARINDUQUE,PH1700000000,PH1704000000,Self-Care Disability,Female,Severe,PH174000000,355,61,32,37,225
MIMAROPA Region,MARINDUQUE,PH1700000000,PH1704000000,Self-Care Disability,Male,All,PH174000000,1035,165,91,109,670
MIMAROPA Region,MARINDUQUE,PH1700000000,PH1704000000,Self-Care Disability,Male,Mild,PH174000000,501,54,30,60,357
MIMAROPA Region,MARINDUQUE,PH1700000000,PH1704000000,Self-Care Disability,Male,Moderate,PH174000000,228,33,17,27,151
MIMAROPA Region,MARINDUQUE,PH1700000000,PH1704000000,Self-Care Disability,Male,Severe,PH174000000,306,78,44,22,162
MIMAROPA Region,MARINDUQUE,PH1700000000,PH1704000000,Visual Disability,Both Sexes,All,PH174000000,22464,495,915,6210,14844
MIMAROPA Region,MARINDUQUE,PH1700000000,PH1704000000,Visual Disability,Both Sexes,Mild,PH174000000,20493,357,789,5930,13417
MIMAROPA Region,MARINDUQUE,PH1700000000,PH1704000000,Visual Disability,Both Sexes,Moderate,PH174000000,1626,69,76,231,1250
MIMAROPA Region,MARINDUQUE,PH1700000000,PH1704000000,Visual Disability,Both Sexes,Severe,PH174000000,345,69,50,49,177
MIMAROPA Region,MARINDUQUE,PH1700000000,PH1704000000,Visual Disability,Female,All,PH174000000,12889,282,550,3406,8651
MIMAROPA Region,MARINDUQUE,PH1700000000,PH1704000000,Visual Disability,Female,Mild,PH174000000,11744,221,492,3266,7765
MIMAROPA Region,MARINDUQUE,PH1700000000,PH1704000000,Visual Disability,Female,Moderate,PH174000000,964,29,39,120,776
MIMAROPA Region,MARINDUQUE,PH1700000000,PH1704000000,Visual Disability,Female,Severe,PH174000000,181,32,19,20,110
MIMAROPA Region,MARINDUQUE,PH1700000000,PH1704000000,Visual Disability,Male,All,PH174000000,9575,213,365,2804,6193
MIMAROPA Region,MARINDUQUE,PH1700000000,PH1704000000,Visual Disability,Male,Mild,PH174000000,8749,136,297,2664,5652
MIMAROPA Region,MARINDUQUE,PH1700000000,PH1704000000,Visual Disability,Male,Moderate,PH174000000,662,40,37,111,474
MIMAROPA Region,MARINDUQUE,PH1700000000,PH1704000000,Visual Disability,Male,Severe,PH174000000,164,37,31,29,67
MIMAROPA Region,OCCIDENTAL MINDORO,PH1700000000,PH1705100000,Cognitive Disability,Both Sexes,All,PH175100000,8065,430,582,1936,5117
MIMAROPA Region,OCCIDENTAL MINDORO,PH1700000000,PH1705100000,Cognitive Disability,Both Sexes,Mild,PH175100000,6995,274,449,1785,4487
MIMAROPA Region,OCCIDENTAL MINDORO,PH1700000000,PH1705100000,Cognitive Disability,Both Sexes,Moderate,PH175100000,820,92,92,116,520
MIMAROPA Region,OCCIDENTAL MINDORO,PH1700000000,PH1705100000,Cognitive Disability,Both Sexes,Severe,PH175100000,250,64,41,35,110
MIMAROPA Region,OCCIDENTAL MINDORO,PH1700000000,PH1705100000,Cognitive Disability,Female,All,PH175100000,4696,165,318,1130,3083
MIMAROPA Region,OCCIDENTAL MINDORO,PH1700000000,PH1705100000,Cognitive Disability,Female,Mild,PH175100000,4086,105,256,1051,2674
MIMAROPA Region,OCCIDENTAL MINDORO,PH1700000000,PH1705100000,Cognitive Disability,Female,Moderate,PH175100000,460,33,35,57,335
MIMAROPA Region,OCCIDENTAL MINDORO,PH1700000000,PH1705100000,Cognitive Disability,Female,Severe,PH175100000,150,27,27,22,74
MIMAROPA Region,OCCIDENTAL MINDORO,PH1700000000,PH1705100000,Cognitive Disability,Male,All,PH175100000,3369,265,264,806,2034
MIMAROPA Region,OCCIDENTAL MINDORO,PH1700000000,PH1705100000,Cognitive Disability,Male,Mild,PH175100000,2909,169,193,734,1813
MIMAROPA Region,OCCIDENTAL MINDORO,PH1700000000,PH1705100000,Cognitive Disability,Male,Moderate,PH175100000,360,59,57,59,185
MIMAROPA Region,OCCIDENTAL MINDORO,PH1700000000,PH1705100000,Cognitive Disability,Male,Severe,PH175100000,100,37,14,13,36
MIMAROPA Region,OCCIDENTAL MINDORO,PH1700000000,PH1705100000,Communication Disability,Both Sexes,All,PH175100000,3161,681,526,567,1387
MIMAROPA Region,OCCIDENTAL MINDORO,PH1700000000,PH1705100000,Communication Disability,Both Sexes,Mild,PH175100000,1830,290,236,332,972
MIMAROPA Region,OCCIDENTAL MINDORO,PH1700000000,PH1705100000,Communication Disability,Both Sexes,Moderate,PH175100000,734,188,151,128,267
MIMAROPA Region,OCCIDENTAL MINDORO,PH1700000000,PH1705100000,Communication Disability,Both Sexes,Severe,PH175100000,597,203,139,107,148
MIMAROPA Region,OCCIDENTAL MINDORO,PH1700000000,PH1705100000,Communication Disability,Female,All,PH175100000,1532,278,242,244,768
MIMAROPA Region,OCCIDENTAL MINDORO,PH1700000000,PH1705100000,Communication Disability,Female,Mild,PH175100000,857,120,92,124,521
MIMAROPA Region,OCCIDENTAL MINDORO,PH1700000000,PH1705100000,Communication Disability,Female,Moderate,PH175100000,356,74,68,56,158
MIMAROPA Region,OCCIDENTAL MINDORO,PH1700000000,PH1705100000,Communication Disability,Female,Severe,PH175100000,319,84,82,64,89
MIMAROPA Region,OCCIDENTAL MINDORO,PH1700000000,PH1705100000,Communication Disability,Male,All,PH175100000,1629,403,284,323,619
MIMAROPA Region,OCCIDENTAL MINDORO,PH1700000000,PH1705100000,Communication Disability,Male,Mild,PH175100000,973,170,144,208,451
MIMAROPA Region,OCCIDENTAL MINDORO,PH1700000000,PH1705100000,Communication Disability,Male,Moderate,PH175100000,378,114,83,72,109
MIMAROPA Region,OCCIDENTAL MINDORO,PH1700000000,PH1705100000,Communication Disability,Male,Severe,PH175100000,278,119,57,43,59
MIMAROPA Region,OCCIDENTAL MINDORO,PH1700000000,PH1705100000,Hearing Disability,Both Sexes,All,PH175100000,11145,478,645,1911,8111
MIMAROPA Region,OCCIDENTAL MINDORO,PH1700000000,PH1705100000,Hearing Disability,Both Sexes,Mild,PH175100000,9711,335,500,1727,7149
MIMAROPA Region,OCCIDENTAL MINDORO,PH1700000000,PH1705100000,Hearing Disability,Both Sexes,Moderate,PH175100000,1145,80,81,131,853
MIMAROPA Region,OCCIDENTAL MINDORO,PH1700000000,PH1705100000,Hearing Disability,Both Sexes,Severe,PH175100000,289,63,64,53,109
MIMAROPA Region,OCCIDENTAL MINDORO,PH1700000000,PH1705100000,Hearing Disability,Female,All,PH175100000,5756,210,279,865,4402
MIMAROPA Region,OCCIDENTAL MINDORO,PH1700000000,PH1705100000,Hearing Disability,Female,Mild,PH175100000,5018,152,224,785,3857
MIMAROPA Region,OCCIDENTAL MINDORO,PH1700000000,PH1705100000,Hearing Disability,Female,Moderate,PH175100000,603,37,26,52,488
MIMAROPA Region,OCCIDENTAL MINDORO,PH1700000000,PH1705100000,Hearing Disability,Female,Severe,PH175100000,135,21,29,28,57
MIMAROPA Region,OCCIDENTAL MINDORO,PH1700000000,PH1705100000,Hearing Disability,Male,All,PH175100000,5389,268,366,1046,3709
MIMAROPA Region,OCCIDENTAL MINDORO,PH1700000000,PH1705100000,Hearing Disability,Male,Mild,PH175100000,4693,183,276,942,3292
MIMAROPA Region,OCCIDENTAL MINDORO,PH1700000000,PH1705100000,Hearing Disability,Male,Moderate,PH175100000,542,43,55,79,365
MIMAROPA Region,OCCIDENTAL MINDORO,PH1700000000,PH1705100000,Hearing Disability,Male,Severe,PH175100000,154,42,35,25,52
MIMAROPA Region,OCCIDENTAL MINDORO,PH1700000000,PH1705100000,Mobility Disability,Both Sexes,All,PH175100000,10663,436,482,1782,7963
MIMAROPA Region,OCCIDENTAL MINDORO,PH1700000000,PH1705100000,Mobility Disability,Both Sexes,Mild,PH175100000,8457,231,335,1449,6442
MIMAROPA Region,OCCIDENTAL MINDORO,PH1700000000,PH1705100000,Mobility Disability,Both Sexes,Moderate,PH175100000,1552,99,90,252,1111
MIMAROPA Region,OCCIDENTAL MINDORO,PH1700000000,PH1705100000,Mobility Disability,Both Sexes,Severe,PH175100000,654,106,57,81,410
MIMAROPA Region,OCCIDENTAL MINDORO,PH1700000000,PH1705100000,Mobility Disability,Female,All,PH175100000,5498,166,173,719,4440
MIMAROPA Region,OCCIDENTAL MINDORO,PH1700000000,PH1705100000,Mobility Disability,Female,Mild,PH175100000,4396,91,123,593,3589
MIMAROPA Region,OCCIDENTAL MINDORO,PH1700000000,PH1705100000,Mobility Disability,Female,Moderate,PH175100000,760,34,29,90,607
MIMAROPA Region,OCCIDENTAL MINDORO,PH1700000000,PH1705100000,Mobility Disability,Female,Severe,PH175100000,342,41,21,36,244
MIMAROPA Region,OCCIDENTAL MINDORO,PH1700000000,PH1705100000,Mobility Disability,Male,All,PH175100000,5165,270,309,1063,3523
MIMAROPA Region,OCCIDENTAL MINDORO,PH1700000000,PH1705100000,Mobility Disability,Male,Mild,PH175100000,4061,140,212,856,2853
MIMAROPA Region,OCCIDENTAL MINDORO,PH1700000000,PH1705100000,Mobility Disability,Male,Moderate,PH175100000,792,65,61,162,504
MIMAROPA Region,OCCIDENTAL MINDORO,PH1700000000,PH1705100000,Mobility Disability,Male,Severe,PH175100000,312,65,36,45,166
MIMAROPA Region,OCCIDENTAL MINDORO,PH1700000000,PH1705100000,Self-Care Disability,Both Sexes,All,PH175100000,3225,587,262,415,1961
MIMAROPA Region,OCCIDENTAL MINDORO,PH1700000000,PH1705100000,Self-Care Disability,Both Sexes,Mild,PH175100000,1956,299,142,281,1234
MIMAROPA Region,OCCIDENTAL MINDORO,PH1700000000,PH1705100000,Self-Care Disability,Both Sexes,Moderate,PH175100000,545,84,59,73,329
MIMAROPA Region,OCCIDENTAL MINDORO,PH1700000000,PH1705100000,Self-Care Disability,Both Sexes,Severe,PH175100000,724,204,61,61,398
MIMAROPA Region,OCCIDENTAL MINDORO,PH1700000000,PH1705100000,Self-Care Disability,Female,All,PH175100000,1673,241,127,187,1118
MIMAROPA Region,OCCIDENTAL MINDORO,PH1700000000,PH1705100000,Self-Care Disability,Female,Mild,PH175100000,1021,126,72,128,695
MIMAROPA Region,OCCIDENTAL MINDORO,PH1700000000,PH1705100000,Self-Care Disability,Female,Moderate,PH175100000,274,31,22,30,191
MIMAROPA Region,OCCIDENTAL MINDORO,PH1700000000,PH1705100000,Self-Care Disability,Female,Severe,PH175100000,378,84,33,29,232
MIMAROPA Region,OCCIDENTAL MINDORO,PH1700000000,PH1705100000,Self-Care Disability,Male,All,PH175100000,1552,346,135,228,843
MIMAROPA Region,OCCIDENTAL MINDORO,PH1700000000,PH1705100000,Self-Care Disability,Male,Mild,PH175100000,935,173,70,153,539
MIMAROPA Region,OCCIDENTAL MINDORO,PH1700000000,PH1705100000,Self-Care Disability,Male,Moderate,PH175100000,271,53,37,43,138
MIMAROPA Region,OCCIDENTAL MINDORO,PH1700000000,PH1705100000,Self-Care Disability,Male,Severe,PH175100000,346,120,28,32,166
MIMAROPA Region,OCCIDENTAL MINDORO,PH1700000000,PH1705100000,Visual Disability,Both Sexes,All,PH175100000,41146,843,2174,15370,22759
MIMAROPA Region,OCCIDENTAL MINDORO,PH1700000000,PH1705100000,Visual Disability,Both Sexes,Mild,PH175100000,38575,711,2054,14919,20891
MIMAROPA Region,OCCIDENTAL MINDORO,PH1700000000,PH1705100000,Visual Disability,Both Sexes,Moderate,PH175100000,2220,86,85,406,1643
MIMAROPA Region,OCCIDENTAL MINDORO,PH1700000000,PH1705100000,Visual Disability,Both Sexes,Severe,PH175100000,351,46,35,45,225
MIMAROPA Region,OCCIDENTAL MINDORO,PH1700000000,PH1705100000,Visual Disability,Female,All,PH175100000,22698,449,1296,8395,12558
MIMAROPA Region,OCCIDENTAL MINDORO,PH1700000000,PH1705100000,Visual Disability,Female,Mild,PH175100000,21280,394,1245,8188,11453
MIMAROPA Region,OCCIDENTAL MINDORO,PH1700000000,PH1705100000,Visual Disability,Female,Moderate,PH175100000,1234,37,40,187,970
MIMAROPA Region,OCCIDENTAL MINDORO,PH1700000000,PH1705100000,Visual Disability,Female,Severe,PH175100000,184,18,11,20,135
MIMAROPA Region,OCCIDENTAL MINDORO,PH1700000000,PH1705100000,Visual Disability,Male,All,PH175100000,18448,394,878,6975,10201
MIMAROPA Region,OCCIDENTAL MINDORO,PH1700000000,PH1705100000,Visual Disability,Male,Mild,PH175100000,17295,317,809,6731,9438
MIMAROPA Region,OCCIDENTAL MINDORO,PH1700000000,PH1705100000,Visual Disability,Male,Moderate,PH175100000,986,49,45,219,673
MIMAROPA Region,OCCIDENTAL MINDORO,PH1700000000,PH1705100000,Visual Disability,Male,Severe,PH175100000,167,28,24,25,90
MIMAROPA Region,ORIENTAL MINDORO,PH1700000000,PH1705200000,Cognitive Disability,Both Sexes,All,PH175200000,17669,827,1483,4256,11103
MIMAROPA Region,ORIENTAL MINDORO,PH1700000000,PH1705200000,Cognitive Disability,Both Sexes,Mild,PH175200000,15183,422,1163,3902,9696
MIMAROPA Region,ORIENTAL MINDORO,PH1700000000,PH1705200000,Cognitive Disability,Both Sexes,Moderate,PH175200000,1892,242,207,269,1174
MIMAROPA Region,ORIENTAL MINDORO,PH1700000000,PH1705200000,Cognitive Disability,Both Sexes,Severe,PH175200000,594,163,113,85,233
MIMAROPA Region,ORIENTAL MINDORO,PH1700000000,PH1705200000,Cognitive Disability,Female,All,PH175200000,10806,345,889,2586,6986
MIMAROPA Region,ORIENTAL MINDORO,PH1700000000,PH1705200000,Cognitive Disability,Female,Mild,PH175200000,9391,182,732,2407,6070
MIMAROPA Region,ORIENTAL MINDORO,PH1700000000,PH1705200000,Cognitive Disability,Female,Moderate,PH175200000,1104,95,107,138,764
MIMAROPA Region,ORIENTAL MINDORO,PH1700000000,PH1705200000,Cognitive Disability,Female,Severe,PH175200000,311,68,50,41,152
MIMAROPA Region,ORIENTAL MINDORO,PH1700000000,PH1705200000,Cognitive Disability,Male,All,PH175200000,6863,482,594,1670,4117
MIMAROPA Region,ORIENTAL MINDORO,PH1700000000,PH1705200000,Cognitive Disability,Male,Mild,PH175200000,5792,240,431,1495,3626
MIMAROPA Region,ORIENTAL MINDORO,PH1700000000,PH1705200000,Cognitive Disability,Male,Moderate,PH175200000,788,147,100,131,410
MIMAROPA Region,ORIENTAL MINDORO,PH1700000000,PH1705200000,Cognitive Disability,Male,Severe,PH175200000,283,95,63,44,81
MIMAROPA Region,ORIENTAL MINDORO,PH1700000000,PH1705200000,Communication Disability,Both Sexes,All,PH175200000,6275,1238,1047,1118,2872
MIMAROPA Region,ORIENTAL MINDORO,PH1700000000,PH1705200000,Communication Disability,Both Sexes,Mild,PH175200000,3366,469,431,571,1895
MIMAROPA Region,ORIENTAL MINDORO,PH1700000000,PH1705200000,Communication Disability,Both Sexes,Moderate,PH175200000,1639,374,302,322,641
MIMAROPA Region,ORIENTAL MINDORO,PH1700000000,PH1705200000,Communication Disability,Both Sexes,Severe,PH175200000,1270,395,314,225,336
MIMAROPA Region,ORIENTAL MINDORO,PH1700000000,PH1705200000,Communication Disability,Female,All,PH175200000,3146,542,464,513,1627
MIMAROPA Region,ORIENTAL MINDORO,PH1700000000,PH1705200000,Communication Disability,Female,Mild,PH175200000,1694,211,183,247,1053
MIMAROPA Region,ORIENTAL MINDORO,PH1700000000,PH1705200000,Communication Disability,Female,Moderate,PH175200000,814,161,141,157,355
MIMAROPA Region,ORIENTAL MINDORO,PH1700000000,PH1705200000,Communication Disability,Female,Severe,PH175200000,638,170,140,109,219
MIMAROPA Region,ORIENTAL MINDORO,PH1700000000,PH1705200000,Communication Disability,Male,All,PH175200000,3129,696,583,605,1245
MIMAROPA Region,ORIENTAL MINDORO,PH1700000000,PH1705200000,Communication Disability,Male,Mild,PH175200000,1672,258,248,324,842
MIMAROPA Region,ORIENTAL MINDORO,PH1700000000,PH1705200000,Communication Disability,Male,Moderate,PH175200000,825,213,161,165,286
MIMAROPA Region,ORIENTAL MINDORO,PH1700000000,PH1705200000,Communication Disability,Male,Severe,PH175200000,632,225,174,116,117
MIMAROPA Region,ORIENTAL MINDORO,PH1700000000,PH1705200000,Hearing Disability,Both Sexes,All,PH175200000,18387,912,1069,3137,13269
MIMAROPA Region,ORIENTAL MINDORO,PH1700000000,PH1705200000,Hearing Disability,Both Sexes,Mild,PH175200000,15569,626,796,2763,11384
MIMAROPA Region,ORIENTAL MINDORO,PH1700000000,PH1705200000,Hearing Disability,Both Sexes,Moderate,PH175200000,2230,139,135,256,1700
MIMAROPA Region,ORIENTAL MINDORO,PH1700000000,PH1705200000,Hearing Disability,Both Sexes,Severe,PH175200000,588,147,138,118,185
MIMAROPA Region,ORIENTAL MINDORO,PH1700000000,PH1705200000,Hearing Disability,Female,All,PH175200000,9803,411,505,1538,7349
MIMAROPA Region,ORIENTAL MINDORO,PH1700000000,PH1705200000,Hearing Disability,Female,Mild,PH175200000,8314,279,379,1369,6287
MIMAROPA Region,ORIENTAL MINDORO,PH1700000000,PH1705200000,Hearing Disability,Female,Moderate,PH175200000,1187,61,72,112,942
MIMAROPA Region,ORIENTAL MINDORO,PH1700000000,PH1705200000,Hearing Disability,Female,Severe,PH175200000,302,71,54,57,120
MIMAROPA Region,ORIENTAL MINDORO,PH1700000000,PH1705200000,Hearing Disability,Male,All,PH175200000,8584,501,564,1599,5920
MIMAROPA Region,ORIENTAL MINDORO,PH1700000000,PH1705200000,Hearing Disability,Male,Mild,PH175200000,7255,347,417,1394,5097
MIMAROPA Region,ORIENTAL MINDORO,PH1700000000,PH1705200000,Hearing Disability,Male,Moderate,PH175200000,1043,78,63,144,758
MIMAROPA Region,ORIENTAL MINDORO,PH1700000000,PH1705200000,Hearing Disability,Male,Severe,PH175200000,286,76,84,61,65
MIMAROPA Region,ORIENTAL MINDORO,PH1700000000,PH1705200000,Mobility Disability,Both Sexes,All,PH175200000,21738,850,1038,3649,16201
MIMAROPA Region,ORIENTAL MINDORO,PH1700000000,PH1705200000,Mobility Disability,Both Sexes,Mild,PH175200000,16486,462,659,2842,12523
MIMAROPA Region,ORIENTAL MINDORO,PH1700000000,PH1705200000,Mobility Disability,Both Sexes,Moderate,PH175200000,3659,153,219,605,2682
MIMAROPA Region,ORIENTAL MINDORO,PH1700000000,PH1705200000,Mobility Disability,Both Sexes,Severe,PH175200000,1593,235,160,202,996
MIMAROPA Region,ORIENTAL MINDORO,PH1700000000,PH1705200000,Mobility Disability,Female,All,PH175200000,11512,376,394,1451,9291
MIMAROPA Region,ORIENTAL MINDORO,PH1700000000,PH1705200000,Mobility Disability,Female,Mild,PH175200000,8821,202,237,1183,7199
MIMAROPA Region,ORIENTAL MINDORO,PH1700000000,PH1705200000,Mobility Disability,Female,Moderate,PH175200000,1861,68,90,196,1507
MIMAROPA Region,ORIENTAL MINDORO,PH1700000000,PH1705200000,Mobility Disability,Female,Severe,PH175200000,830,106,67,72,585
MIMAROPA Region,ORIENTAL MINDORO,PH1700000000,PH1705200000,Mobility Disability,Male,All,PH175200000,10226,474,644,2198,6910
MIMAROPA Region,ORIENTAL MINDORO,PH1700000000,PH1705200000,Mobility Disability,Male,Mild,PH175200000,7665,260,422,1659,5324
MIMAROPA Region,ORIENTAL MINDORO,PH1700000000,PH1705200000,Mobility Disability,Male,Moderate,PH175200000,1798,85,129,409,1175
MIMAROPA Region,ORIENTAL MINDORO,PH1700000000,PH1705200000,Mobility Disability,Male,Severe,PH175200000,763,129,93,130,411
MIMAROPA Region,ORIENTAL MINDORO,PH1700000000,PH1705200000,Self-Care Disability,Both Sexes,All,PH175200000,5809,796,509,778,3726
MIMAROPA Region,ORIENTAL MINDORO,PH1700000000,PH1705200000,Self-Care Disability,Both Sexes,Mild,PH175200000,2745,303,216,384,1842
MIMAROPA Region,ORIENTAL MINDORO,PH1700000000,PH1705200000,Self-Care Disability,Both Sexes,Moderate,PH175200000,1264,160,100,181,823
MIMAROPA Region,ORIENTAL MINDORO,PH1700000000,PH1705200000,Self-Care Disability,Both Sexes,Severe,PH175200000,1800,333,193,213,1061
MIMAROPA Region,ORIENTAL MINDORO,PH1700000000,PH1705200000,Self-Care Disability,Female,All,PH175200000,3066,332,240,330,2164
MIMAROPA Region,ORIENTAL MINDORO,PH1700000000,PH1705200000,Self-Care Disability,Female,Mild,PH175200000,1461,118,106,175,1062
MIMAROPA Region,ORIENTAL MINDORO,PH1700000000,PH1705200000,Self-Care Disability,Female,Moderate,PH175200000,659,71,47,72,469
MIMAROPA Region,ORIENTAL MINDORO,PH1700000000,PH1705200000,Self-Care Disability,Female,Severe,PH175200000,946,143,87,83,633
MIMAROPA Region,ORIENTAL MINDORO,PH1700000000,PH1705200000,Self-Care Disability,Male,All,PH175200000,2743,464,269,448,1562
MIMAROPA Region,ORIENTAL MINDORO,PH1700000000,PH1705200000,Self-Care Disability,Male,Mild,PH175200000,1284,185,110,209,780
MIMAROPA Region,ORIENTAL MINDORO,PH1700000000,PH1705200000,Self-Care Disability,Male,Moderate,PH175200000,605,89,53,109,354
MIMAROPA Region,ORIENTAL MINDORO,PH1700000000,PH1705200000,Self-Care Disability,Male,Severe,PH175200000,854,190,106,130,428
MIMAROPA Region,ORIENTAL MINDORO,PH1700000000,PH1705200000,Visual Disability,Both Sexes,All,PH175200000,76944,2467,4756,26605,43116
MIMAROPA Region,ORIENTAL MINDORO,PH1700000000,PH1705200000,Visual Disability,Both Sexes,Mild,PH175200000,70611,2084,4358,25385,38784
MIMAROPA Region,ORIENTAL MINDORO,PH1700000000,PH1705200000,Visual Disability,Both Sexes,Moderate,PH175200000,5708,308,350,1119,3931
MIMAROPA Region,ORIENTAL MINDORO,PH1700000000,PH1705200000,Visual Disability,Both Sexes,Severe,PH175200000,625,75,48,101,401
MIMAROPA Region,ORIENTAL MINDORO,PH1700000000,PH1705200000,Visual Disability,Female,All,PH175200000,44592,1385,3093,14903,25211
MIMAROPA Region,ORIENTAL MINDORO,PH1700000000,PH1705200000,Visual Disability,Female,Mild,PH175200000,40814,1212,2869,14233,22500
MIMAROPA Region,ORIENTAL MINDORO,PH1700000000,PH1705200000,Visual Disability,Female,Moderate,PH175200000,3444,143,202,629,2470
MIMAROPA Region,ORIENTAL MINDORO,PH1700000000,PH1705200000,Visual Disability,Female,Severe,PH175200000,334,30,22,41,241
MIMAROPA Region,ORIENTAL MINDORO,PH1700000000,PH1705200000,Visual Disability,Male,All,PH175200000,32352,1082,1663,11702,17905
MIMAROPA Region,ORIENTAL MINDORO,PH1700000000,PH1705200000,Visual Disability,Male,Mild,PH175200000,29797,872,1489,11152,16284
MIMAROPA Region,ORIENTAL MINDORO,PH1700000000,PH1705200000,Visual Disability,Male,Moderate,PH175200000,2264,165,148,490,1461
MIMAROPA Region,ORIENTAL MINDORO,PH1700000000,PH1705200000,Visual Disability,Male,Severe,PH175200000,291,45,26,60,160
MIMAROPA Region,PALAWAN,PH1700000000,PH1705300000,Cognitive Disability,Both Sexes,All,PH175300000,24047,1056,2605,6608,13778
MIMAROPA Region,PALAWAN,PH1700000000,PH1705300000,Cognitive Disability,Both Sexes,Mild,PH175300000,20994,655,2199,6131,12009
MIMAROPA Region,PALAWAN,PH1700000000,PH1705300000,Cognitive Disability,Both Sexes,Moderate,PH175300000,2442,237,297,388,1520
MIMAROPA Region,PALAWAN,PH1700000000,PH1705300000,Cognitive Disability,Both Sexes,Severe,PH175300000,611,164,109,89,249
MIMAROPA Region,PALAWAN,PH1700000000,PH1705300000,Cognitive Disability,Female,All,PH175300000,13603,468,1542,3792,7801
MIMAROPA Region,PALAWAN,PH1700000000,PH1705300000,Cognitive Disability,Female,Mild,PH175300000,11935,311,1350,3544,6730
MIMAROPA Region,PALAWAN,PH1700000000,PH1705300000,Cognitive Disability,Female,Moderate,PH175300000,1369,93,141,214,921
MIMAROPA Region,PALAWAN,PH1700000000,PH1705300000,Cognitive Disability,Female,Severe,PH175300000,299,64,51,34,150
MIMAROPA Region,PALAWAN,PH1700000000,PH1705300000,Cognitive Disability,Male,All,PH175300000,10444,588,1063,2816,5977
MIMAROPA Region,PALAWAN,PH1700000000,PH1705300000,Cognitive Disability,Male,Mild,PH175300000,9059,344,849,2587,5279
MIMAROPA Region,PALAWAN,PH1700000000,PH1705300000,Cognitive Disability,Male,Moderate,PH175300000,1073,144,156,174,599
MIMAROPA Region,PALAWAN,PH1700000000,PH1705300000,Cognitive Disability,Male,Severe,PH175300000,312,100,58,55,99
MIMAROPA Region,PALAWAN,PH1700000000,PH1705300000,Communication Disability,Both Sexes,All,PH175300000,8024,1601,1430,1409,3584
MIMAROPA Region,PALAWAN,PH1700000000,PH1705300000,Communication Disability,Both Sexes,Mild,PH175300000,5010,715,734,905,2656
MIMAROPA Region,PALAWAN,PH1700000000,PH1705300000,Communication Disability,Both Sexes,Moderate,PH175300000,1704,434,368,289,613
MIMAROPA Region,PALAWAN,PH1700000000,PH1705300000,Communication Disability,Both Sexes,Severe,PH175300000,1310,452,328,215,315
MIMAROPA Region,PALAWAN,PH1700000000,PH1705300000,Communication Disability,Female,All,PH175300000,3978,707,675,661,1935
MIMAROPA Region,PALAWAN,PH1700000000,PH1705300000,Communication Disability,Female,Mild,PH175300000,2488,330,330,401,1427
MIMAROPA Region,PALAWAN,PH1700000000,PH1705300000,Communication Disability,Female,Moderate,PH175300000,878,197,191,152,338
MIMAROPA Region,PALAWAN,PH1700000000,PH1705300000,Communication Disability,Female,Severe,PH175300000,612,180,154,108,170
MIMAROPA Region,PALAWAN,PH1700000000,PH1705300000,Communication Disability,Male,All,PH175300000,4046,894,755,748,1649
MIMAROPA Region,PALAWAN,PH1700000000,PH1705300000,Communication Disability,Male,Mild,PH175300000,2522,385,404,504,1229
MIMAROPA Region,PALAWAN,PH1700000000,PH1705300000,Communication Disability,Male,Moderate,PH175300000,826,237,177,137,275
MIMAROPA Region,PALAWAN,PH1700000000,PH1705300000,Communication Disability,Male,Severe,PH175300000,698,272,174,107,145
MIMAROPA Region,PALAWAN,PH1700000000,PH1705300000,Hearing Disability,Both Sexes,All,PH175300000,28799,1238,1902,5507,20152
MIMAROPA Region,PALAWAN,PH1700000000,PH1705300000,Hearing Disability,Both Sexes,Mild,PH175300000,24910,871,1504,5012,17523
MIMAROPA Region,PALAWAN,PH1700000000,PH1705300000,Hearing Disability,Both Sexes,Moderate,PH175300000,3207,215,237,373,2382
MIMAROPA Region,PALAWAN,PH1700000000,PH1705300000,Hearing Disability,Both Sexes,Severe,PH175300000,682,152,161,122,247
MIMAROPA Region,PALAWAN,PH1700000000,PH1705300000,Hearing Disability,Female,All,PH175300000,14390,548,931,2613,10298
MIMAROPA Region,PALAWAN,PH1700000000,PH1705300000,Hearing Disability,Female,Mild,PH175300000,12494,391,742,2402,8959
MIMAROPA Region,PALAWAN,PH1700000000,PH1705300000,Hearing Disability,Female,Moderate,PH175300000,1587,102,115,154,1216
MIMAROPA Region,PALAWAN,PH1700000000,PH1705300000,Hearing Disability,Female,Severe,PH175300000,309,55,74,57,123
MIMAROPA Region,PALAWAN,PH1700000000,PH1705300000,Hearing Disability,Male,All,PH175300000,14409,690,971,2894,9854
MIMAROPA Region,PALAWAN,PH1700000000,PH1705300000,Hearing Disability,Male,Mild,PH175300000,12416,480,762,2610,8564
MIMAROPA Region,PALAWAN,PH1700000000,PH1705300000,Hearing Disability,Male,Moderate,PH175300000,1620,113,122,219,1166
MIMAROPA Region,PALAWAN,PH1700000000,PH1705300000,Hearing Disability,Male,Severe,PH175300000,373,97,87,65,124
MIMAROPA Region,PALAWAN,PH1700000000,PH1705300000,Mobility Disability,Both Sexes,All,PH175300000,25964,1041,1412,4672,18839
MIMAROPA Region,PALAWAN,PH1700000000,PH1705300000,Mobility Disability,Both Sexes,Mild,PH175300000,20325,533,997,3784,15011
MIMAROPA Region,PALAWAN,PH1700000000,PH1705300000,Mobility Disability,Both Sexes,Moderate,PH175300000,4153,256,283,701,2913
MIMAROPA Region,PALAWAN,PH1700000000,PH1705300000,Mobility Disability,Both Sexes,Severe,PH175300000,1486,252,132,187,915
MIMAROPA Region,PALAWAN,PH1700000000,PH1705300000,Mobility Disability,Female,All,PH175300000,13106,454,569,1976,10107
MIMAROPA Region,PALAWAN,PH1700000000,PH1705300000,Mobility Disability,Female,Mild,PH175300000,10347,233,396,1649,8069
MIMAROPA Region,PALAWAN,PH1700000000,PH1705300000,Mobility Disability,Female,Moderate,PH175300000,2001,111,113,248,1529
MIMAROPA Region,PALAWAN,PH1700000000,PH1705300000,Mobility Disability,Female,Severe,PH175300000,758,110,60,79,509
MIMAROPA Region,PALAWAN,PH1700000000,PH1705300000,Mobility Disability,Male,All,PH175300000,12858,587,843,2696,8732
MIMAROPA Region,PALAWAN,PH1700000000,PH1705300000,Mobility Disability,Male,Mild,PH175300000,9978,300,601,2135,6942
MIMAROPA Region,PALAWAN,PH1700000000,PH1705300000,Mobility Disability,Male,Moderate,PH175300000,2152,145,170,453,1384
MIMAROPA Region,PALAWAN,PH1700000000,PH1705300000,Mobility Disability,Male,Severe,PH175300000,728,142,72,108,406
MIMAROPA Region,PALAWAN,PH1700000000,PH1705300000,Self-Care Disability,Both Sexes,All,PH175300000,7853,1405,735,1032,4681
MIMAROPA Region,PALAWAN,PH1700000000,PH1705300000,Self-Care Disability,Both Sexes,Mild,PH175300000,4805,754,403,679,2969
MIMAROPA Region,PALAWAN,PH1700000000,PH1705300000,Self-Care Disability,Both Sexes,Moderate,PH175300000,1382,253,135,177,817
MIMAROPA Region,PALAWAN,PH1700000000,PH1705300000,Self-Care Disability,Both Sexes,Severe,PH175300000,1666,398,197,176,895
MIMAROPA Region,PALAWAN,PH1700000000,PH1705300000,Self-Care Disability,Female,All,PH175300000,4028,632,348,462,2586
MIMAROPA Region,PALAWAN,PH1700000000,PH1705300000,Self-Care Disability,Female,Mild,PH175300000,2525,373,193,306,1653
MIMAROPA Region,PALAWAN,PH1700000000,PH1705300000,Self-Care Disability,Female,Moderate,PH175300000,674,99,58,81,436
MIMAROPA Region,PALAWAN,PH1700000000,PH1705300000,Self-Care Disability,Female,Severe,PH175300000,829,160,97,75,497
MIMAROPA Region,PALAWAN,PH1700000000,PH1705300000,Self-Care Disability,Male,All,PH175300000,3825,773,387,570,2095
MIMAROPA Region,PALAWAN,PH1700000000,PH1705300000,Self-Care Disability,Male,Mild,PH175300000,2280,381,210,373,1316
MIMAROPA Region,PALAWAN,PH1700000000,PH1705300000,Self-Care Disability,Male,Moderate,PH175300000,708,154,77,96,381
MIMAROPA Region,PALAWAN,PH1700000000,PH1705300000,Self-Care Disability,Male,Severe,PH175300000,837,238,100,101,398
MIMAROPA Region,PALAWAN,PH1700000000,PH1705300000,Visual Disability,Both Sexes,All,PH175300000,101524,2040,6065,37997,55422
MIMAROPA Region,PALAWAN,PH1700000000,PH1705300000,Visual Disability,Both Sexes,Mild,PH175300000,93207,1697,5606,36265,49639
MIMAROPA Region,PALAWAN,PH1700000000,PH1705300000,Visual Disability,Both Sexes,Moderate,PH175300000,7616,248,389,1611,5368
MIMAROPA Region,PALAWAN,PH1700000000,PH1705300000,Visual Disability,Both Sexes,Severe,PH175300000,701,95,70,121,415
MIMAROPA Region,PALAWAN,PH1700000000,PH1705300000,Visual Disability,Female,All,PH175300000,54672,1102,3780,20606,29184
MIMAROPA Region,PALAWAN,PH1700000000,PH1705300000,Visual Disability,Female,Mild,PH175300000,50164,950,3553,19712,25949
MIMAROPA Region,PALAWAN,PH1700000000,PH1705300000,Visual Disability,Female,Moderate,PH175300000,4146,123,190,841,2992
MIMAROPA Region,PALAWAN,PH1700000000,PH1705300000,Visual Disability,Female,Severe,PH175300000,362,29,37,53,243
MIMAROPA Region,PALAWAN,PH1700000000,PH1705300000,Visual Disability,Male,All,PH175300000,46852,938,2285,17391,26238
MIMAROPA Region,PALAWAN,PH1700000000,PH1705300000,Visual Disability,Male,Mild,PH175300000,43043,747,2053,16553,23690
MIMAROPA Region,PALAWAN,PH1700000000,PH1705300000,Visual Disability,Male,Moderate,PH175300000,3470,125,199,770,2376
MIMAROPA Region,PALAWAN,PH1700000000,PH1705300000,Visual Disability,Male,Severe,PH175300000,339,66,33,68,172
MIMAROPA Region,ROMBLON,PH1700000000,PH1705900000,Cognitive Disability,Both Sexes,All,PH175900000,9861,368,696,2233,6564
MIMAROPA Region,ROMBLON,PH1700000000,PH1705900000,Cognitive Disability,Both Sexes,Mild,PH175900000,8419,199,534,2027,5659
MIMAROPA Region,ROMBLON,PH1700000000,PH1705900000,Cognitive Disability,Both Sexes,Moderate,PH175900000,1164,99,114,162,789
MIMAROPA Region,ROMBLON,PH1700000000,PH1705900000,Cognitive Disability,Both Sexes,Severe,PH175900000,278,70,48,44,116
MIMAROPA Region,ROMBLON,PH1700000000,PH1705900000,Cognitive Disability,Female,All,PH175900000,6021,188,398,1313,4122
MIMAROPA Region,ROMBLON,PH1700000000,PH1705900000,Cognitive Disability,Female,Mild,PH175900000,5152,102,324,1210,3516
MIMAROPA Region,ROMBLON,PH1700000000,PH1705900000,Cognitive Disability,Female,Moderate,PH175900000,717,51,54,82,530
MIMAROPA Region,ROMBLON,PH1700000000,PH1705900000,Cognitive Disability,Female,Severe,PH175900000,152,35,20,21,76
MIMAROPA Region,ROMBLON,PH1700000000,PH1705900000,Cognitive Disability,Male,All,PH175900000,3840,180,298,920,2442
MIMAROPA Region,ROMBLON,PH1700000000,PH1705900000,Cognitive Disability,Male,Mild,PH175900000,3267,97,210,817,2143
MIMAROPA Region,ROMBLON,PH1700000000,PH1705900000,Cognitive Disability,Male,Moderate,PH175900000,447,48,60,80,259
MIMAROPA Region,ROMBLON,PH1700000000,PH1705900000,Cognitive Disability,Male,Severe,PH175900000,126,35,28,23,40
MIMAROPA Region,ROMBLON,PH1700000000,PH1705900000,Communication Disability,Both Sexes,All,PH175900000,2823,520,444,430,1429
MIMAROPA Region,ROMBLON,PH1700000000,PH1705900000,Communication Disability,Both Sexes,Mild,PH175900000,1537,203,163,206,965
MIMAROPA Region,ROMBLON,PH1700000000,PH1705900000,Communication Disability,Both Sexes,Moderate,PH175900000,789,172,163,138,316
MIMAROPA Region,ROMBLON,PH1700000000,PH1705900000,Communication Disability,Both Sexes,Severe,PH175900000,497,145,118,86,148
MIMAROPA Region,ROMBLON,PH1700000000,PH1705900000,Communication Disability,Female,All,PH175900000,1435,223,189,188,835
MIMAROPA Region,ROMBLON,PH1700000000,PH1705900000,Communication Disability,Female,Mild,PH175900000,796,78,71,87,560
MIMAROPA Region,ROMBLON,PH1700000000,PH1705900000,Communication Disability,Female,Moderate,PH175900000,398,79,71,55,193
MIMAROPA Region,ROMBLON,PH1700000000,PH1705900000,Communication Disability,Female,Severe,PH175900000,241,66,47,46,82
MIMAROPA Region,ROMBLON,PH1700000000,PH1705900000,Communication Disability,Male,All,PH175900000,1388,297,255,242,594
MIMAROPA Region,ROMBLON,PH1700000000,PH1705900000,Communication Disability,Male,Mild,PH175900000,741,125,92,119,405
MIMAROPA Region,ROMBLON,PH1700000000,PH1705900000,Communication Disability,Male,Moderate,PH175900000,391,93,92,83,123
MIMAROPA Region,ROMBLON,PH1700000000,PH1705900000,Communication Disability,Male,Severe,PH175900000,256,79,71,40,66
MIMAROPA Region,ROMBLON,PH1700000000,PH1705900000,Hearing Disability,Both Sexes,All,PH175900000,9238,316,433,1288,7201
MIMAROPA Region,ROMBLON,PH1700000000,PH1705900000,Hearing Disability,Both Sexes,Mild,PH175900000,7770,203,315,1127,6125
MIMAROPA Region,ROMBLON,PH1700000000,PH1705900000,Hearing Disability,Both Sexes,Moderate,PH175900000,1230,56,69,120,985
MIMAROPA Region,ROMBLON,PH1700000000,PH1705900000,Hearing Disability,Both Sexes,Severe,PH175900000,238,57,49,41,91
MIMAROPA Region,ROMBLON,PH1700000000,PH1705900000,Hearing Disability,Female,All,PH175900000,5052,143,192,585,4132
MIMAROPA Region,ROMBLON,PH1700000000,PH1705900000,Hearing Disability,Female,Mild,PH175900000,4282,93,144,518,3527
MIMAROPA Region,ROMBLON,PH1700000000,PH1705900000,Hearing Disability,Female,Moderate,PH175900000,668,24,33,43,568
MIMAROPA Region,ROMBLON,PH1700000000,PH1705900000,Hearing Disability,Female,Severe,PH175900000,102,26,15,24,37
MIMAROPA Region,ROMBLON,PH1700000000,PH1705900000,Hearing Disability,Male,All,PH175900000,4186,173,241,703,3069
MIMAROPA Region,ROMBLON,PH1700000000,PH1705900000,Hearing Disability,Male,Mild,PH175900000,3488,110,171,609,2598
MIMAROPA Region,ROMBLON,PH1700000000,PH1705900000,Hearing Disability,Male,Moderate,PH175900000,562,32,36,77,417
MIMAROPA Region,ROMBLON,PH1700000000,PH1705900000,Hearing Disability,Male,Severe,PH175900000,136,31,34,17,54
MIMAROPA Region,ROMBLON,PH1700000000,PH1705900000,Mobility Disability,Both Sexes,All,PH175900000,10894,326,387,1592,8589
MIMAROPA Region,ROMBLON,PH1700000000,PH1705900000,Mobility Disability,Both Sexes,Mild,PH175900000,8188,147,236,1207,6598
MIMAROPA Region,ROMBLON,PH1700000000,PH1705900000,Mobility Disability,Both Sexes,Moderate,PH175900000,1994,72,88,293,1541
MIMAROPA Region,ROMBLON,PH1700000000,PH1705900000,Mobility Disability,Both Sexes,Severe,PH175900000,712,107,63,92,450
MIMAROPA Region,ROMBLON,PH1700000000,PH1705900000,Mobility Disability,Female,All,PH175900000,5969,146,148,610,5065
MIMAROPA Region,ROMBLON,PH1700000000,PH1705900000,Mobility Disability,Female,Mild,PH175900000,4506,68,81,480,3877
MIMAROPA Region,ROMBLON,PH1700000000,PH1705900000,Mobility Disability,Female,Moderate,PH175900000,1061,26,38,90,907
MIMAROPA Region,ROMBLON,PH1700000000,PH1705900000,Mobility Disability,Female,Severe,PH175900000,402,52,29,40,281
MIMAROPA Region,ROMBLON,PH1700000000,PH1705900000,Mobility Disability,Male,All,PH175900000,4925,180,239,982,3524
MIMAROPA Region,ROMBLON,PH1700000000,PH1705900000,Mobility Disability,Male,Mild,PH175900000,3682,79,155,727,2721
MIMAROPA Region,ROMBLON,PH1700000000,PH1705900000,Mobility Disability,Male,Moderate,PH175900000,933,46,50,203,634
MIMAROPA Region,ROMBLON,PH1700000000,PH1705900000,Mobility Disability,Male,Severe,PH175900000,310,55,34,52,169
MIMAROPA Region,ROMBLON,PH1700000000,PH1705900000,Self-Care Disability,Both Sexes,All,PH175900000,3043,411,209,338,2085
MIMAROPA Region,ROMBLON,PH1700000000,PH1705900000,Self-Care Disability,Both Sexes,Mild,PH175900000,1586,209,76,153,1148
MIMAROPA Region,ROMBLON,PH1700000000,PH1705900000,Self-Care Disability,Both Sexes,Moderate,PH175900000,668,69,61,96,442
MIMAROPA Region,ROMBLON,PH1700000000,PH1705900000,Self-Care Disability,Both Sexes,Severe,PH175900000,789,133,72,89,495
MIMAROPA Region,ROMBLON,PH1700000000,PH1705900000,Self-Care Disability,Female,All,PH175900000,1668,197,95,135,1241
MIMAROPA Region,ROMBLON,PH1700000000,PH1705900000,Self-Care Disability,Female,Mild,PH175900000,854,102,40,53,659
MIMAROPA Region,ROMBLON,PH1700000000,PH1705900000,Self-Care Disability,Female,Moderate,PH175900000,363,31,24,43,265
MIMAROPA Region,ROMBLON,PH1700000000,PH1705900000,Self-Care Disability,Female,Severe,PH175900000,451,64,31,39,317
MIMAROPA Region,ROMBLON,PH1700000000,PH1705900000,Self-Care Disability,Male,All,PH175900000,1375,214,114,203,844
MIMAROPA Region,ROMBLON,PH1700000000,PH1705900000,Self-Care Disability,Male,Mild,PH175900000,732,107,36,100,489
MIMAROPA Region,ROMBLON,PH1700000000,PH1705900000,Self-Care Disability,Male,Moderate,PH175900000,305,38,37,53,177
MIMAROPA Region,ROMBLON,PH1700000000,PH1705900000,Self-Care Disability,Male,Severe,PH175900000,338,69,41,50,178
MIMAROPA Region,ROMBLON,PH1700000000,PH1705900000,Visual Disability,Both Sexes,All,PH175900000,34772,724,1648,11106,21294
MIMAROPA Region,ROMBLON,PH1700000000,PH1705900000,Visual Disability,Both Sexes,Mild,PH175900000,31605,602,1519,10511,18973
MIMAROPA Region,ROMBLON,PH1700000000,PH1705900000,Visual Disability,Both Sexes,Moderate,PH175900000,2853,90,102,550,2111
MIMAROPA Region,ROMBLON,PH1700000000,PH1705900000,Visual Disability,Both Sexes,Severe,PH175900000,314,32,27,45,210
MIMAROPA Region,ROMBLON,PH1700000000,PH1705900000,Visual Disability,Female,All,PH175900000,20530,415,1102,6245,12768
MIMAROPA Region,ROMBLON,PH1700000000,PH1705900000,Visual Disability,Female,Mild,PH175900000,18626,363,1039,5948,11276
MIMAROPA Region,ROMBLON,PH1700000000,PH1705900000,Visual Disability,Female,Moderate,PH175900000,1723,35,52,276,1360
MIMAROPA Region,ROMBLON,PH1700000000,PH1705900000,Visual Disability,Female,Severe,PH175900000,181,17,11,21,132
MIMAROPA Region,ROMBLON,PH1700000000,PH1705900000,Visual Disability,Male,All,PH175900000,14242,309,546,4861,8526
MIMAROPA Region,ROMBLON,PH1700000000,PH1705900000,Visual Disability,Male,Mild,PH175900000,12979,239,480,4563,7697
MIMAROPA Region,ROMBLON,PH1700000000,PH1705900000,Visual Disability,Male,Moderate,PH175900000,1130,55,50,274,751
MIMAROPA Region,ROMBLON,PH1700000000,PH1705900000,Visual Disability,Male,Severe,PH175900000,133,15,16,24,78
National Capital Region (NCR),"NCR, FIRST DISTRICT (NOT A PROVINCE)",PH130000000,PH1380600000,Cognitive Disability,Both Sexes,All,PH133900000,19368,1287,1727,3995,12359
National Capital Region (NCR),"NCR, FIRST DISTRICT (NOT A PROVINCE)",PH130000000,PH1380600000,Cognitive Disability,Both Sexes,Mild,PH133900000,16374,806,1363,3506,10699
National Capital Region (NCR),"NCR, FIRST DISTRICT (NOT A PROVINCE)",PH130000000,PH1380600000,Cognitive Disability,Both Sexes,Moderate,PH133900000,2117,290,241,337,1249
National Capital Region (NCR),"NCR, FIRST DISTRICT (NOT A PROVINCE)",PH130000000,PH1380600000,Cognitive Disability,Both Sexes,Severe,PH133900000,877,191,123,152,411
National Capital Region (NCR),"NCR, FIRST DISTRICT (NOT A PROVINCE)",PH130000000,PH1380600000,Cognitive Disability,Female,All,PH133900000,11826,527,934,2326,8039
National Capital Region (NCR),"NCR, FIRST DISTRICT (NOT A PROVINCE)",PH130000000,PH1380600000,Cognitive Disability,Female,Mild,PH133900000,10159,345,795,2097,6922
National Capital Region (NCR),"NCR, FIRST DISTRICT (NOT A PROVINCE)",PH130000000,PH1380600000,Cognitive Disability,Female,Moderate,PH133900000,1199,95,93,161,850
National Capital Region (NCR),"NCR, FIRST DISTRICT (NOT A PROVINCE)",PH130000000,PH1380600000,Cognitive Disability,Female,Severe,PH133900000,468,87,46,68,267
National Capital Region (NCR),"NCR, FIRST DISTRICT (NOT A PROVINCE)",PH130000000,PH1380600000,Cognitive Disability,Male,All,PH133900000,7542,760,793,1669,4320
National Capital Region (NCR),"NCR, FIRST DISTRICT (NOT A PROVINCE)",PH130000000,PH1380600000,Cognitive Disability,Male,Mild,PH133900000,6215,461,568,1409,3777
National Capital Region (NCR),"NCR, FIRST DISTRICT (NOT A PROVINCE)",PH130000000,PH1380600000,Cognitive Disability,Male,Moderate,PH133900000,918,195,148,176,399
National Capital Region (NCR),"NCR, FIRST DISTRICT (NOT A PROVINCE)",PH130000000,PH1380600000,Cognitive Disability,Male,Severe,PH133900000,409,104,77,84,144
National Capital Region (NCR),"NCR, FIRST DISTRICT (NOT A PROVINCE)",PH130000000,PH1380600000,Communication Disability,Both Sexes,All,PH133900000,10163,1810,1610,1876,4867
National Capital Region (NCR),"NCR, FIRST DISTRICT (NOT A PROVINCE)",PH130000000,PH1380600000,Communication Disability,Both Sexes,Mild,PH133900000,6213,842,846,1053,3472
National Capital Region (NCR),"NCR, FIRST DISTRICT (NOT A PROVINCE)",PH130000000,PH1380600000,Communication Disability,Both Sexes,Moderate,PH133900000,2033,455,358,400,820
National Capital Region (NCR),"NCR, FIRST DISTRICT (NOT A PROVINCE)",PH130000000,PH1380600000,Communication Disability,Both Sexes,Severe,PH133900000,1917,513,406,423,575
National Capital Region (NCR),"NCR, FIRST DISTRICT (NOT A PROVINCE)",PH130000000,PH1380600000,Communication Disability,Female,All,PH133900000,5244,726,728,824,2966
National Capital Region (NCR),"NCR, FIRST DISTRICT (NOT A PROVINCE)",PH130000000,PH1380600000,Communication Disability,Female,Mild,PH133900000,3291,340,384,424,2143
National Capital Region (NCR),"NCR, FIRST DISTRICT (NOT A PROVINCE)",PH130000000,PH1380600000,Communication Disability,Female,Moderate,PH133900000,993,162,161,167,503
National Capital Region (NCR),"NCR, FIRST DISTRICT (NOT A PROVINCE)",PH130000000,PH1380600000,Communication Disability,Female,Severe,PH133900000,960,224,183,233,320
National Capital Region (NCR),"NCR, FIRST DISTRICT (NOT A PROVINCE)",PH130000000,PH1380600000,Communication Disability,Male,All,PH133900000,4919,1084,882,1052,1901
National Capital Region (NCR),"NCR, FIRST DISTRICT (NOT A PROVINCE)",PH130000000,PH1380600000,Communication Disability,Male,Mild,PH133900000,2922,502,462,629,1329
National Capital Region (NCR),"NCR, FIRST DISTRICT (NOT A PROVINCE)",PH130000000,PH1380600000,Communication Disability,Male,Moderate,PH133900000,1040,293,197,233,317
National Capital Region (NCR),"NCR, FIRST DISTRICT (NOT A PROVINCE)",PH130000000,PH1380600000,Communication Disability,Male,Severe,PH133900000,957,289,223,190,255
National Capital Region (NCR),"NCR, FIRST DISTRICT (NOT A PROVINCE)",PH130000000,PH1380600000,Hearing Disability,Both Sexes,All,PH133900000,29409,1137,1760,4979,21533
National Capital Region (NCR),"NCR, FIRST DISTRICT (NOT A PROVINCE)",PH130000000,PH1380600000,Hearing Disability,Both Sexes,Mild,PH133900000,26053,766,1357,4426,19504
National Capital Region (NCR),"NCR, FIRST DISTRICT (NOT A PROVINCE)",PH130000000,PH1380600000,Hearing Disability,Both Sexes,Moderate,PH133900000,2423,198,189,345,1691
National Capital Region (NCR),"NCR, FIRST DISTRICT (NOT A PROVINCE)",PH130000000,PH1380600000,Hearing Disability,Both Sexes,Severe,PH133900000,933,173,214,208,338
National Capital Region (NCR),"NCR, FIRST DISTRICT (NOT A PROVINCE)",PH130000000,PH1380600000,Hearing Disability,Female,All,PH133900000,17134,535,899,2558,13142
National Capital Region (NCR),"NCR, FIRST DISTRICT (NOT A PROVINCE)",PH130000000,PH1380600000,Hearing Disability,Female,Mild,PH133900000,15278,369,706,2274,11929
National Capital Region (NCR),"NCR, FIRST DISTRICT (NOT A PROVINCE)",PH130000000,PH1380600000,Hearing Disability,Female,Moderate,PH133900000,1383,87,90,184,1022
National Capital Region (NCR),"NCR, FIRST DISTRICT (NOT A PROVINCE)",PH130000000,PH1380600000,Hearing Disability,Female,Severe,PH133900000,473,79,103,100,191
National Capital Region (NCR),"NCR, FIRST DISTRICT (NOT A PROVINCE)",PH130000000,PH1380600000,Hearing Disability,Male,All,PH133900000,12275,602,861,2421,8391
National Capital Region (NCR),"NCR, FIRST DISTRICT (NOT A PROVINCE)",PH130000000,PH1380600000,Hearing Disability,Male,Mild,PH133900000,10775,397,651,2152,7575
National Capital Region (NCR),"NCR, FIRST DISTRICT (NOT A PROVINCE)",PH130000000,PH1380600000,Hearing Disability,Male,Moderate,PH133900000,1040,111,99,161,669
National Capital Region (NCR),"NCR, FIRST DISTRICT (NOT A PROVINCE)",PH130000000,PH1380600000,Hearing Disability,Male,Severe,PH133900000,460,94,111,108,147
National Capital Region (NCR),"NCR, FIRST DISTRICT (NOT A PROVINCE)",PH130000000,PH1380600000,Mobility Disability,Both Sexes,All,PH133900000,35367,1034,1341,5574,27418
National Capital Region (NCR),"NCR, FIRST DISTRICT (NOT A PROVINCE)",PH130000000,PH1380600000,Mobility Disability,Both Sexes,Mild,PH133900000,28745,604,953,4511,22677
National Capital Region (NCR),"NCR, FIRST DISTRICT (NOT A PROVINCE)",PH130000000,PH1380600000,Mobility Disability,Both Sexes,Moderate,PH133900000,4564,190,218,751,3405
National Capital Region (NCR),"NCR, FIRST DISTRICT (NOT A PROVINCE)",PH130000000,PH1380600000,Mobility Disability,Both Sexes,Severe,PH133900000,2058,240,170,312,1336
National Capital Region (NCR),"NCR, FIRST DISTRICT (NOT A PROVINCE)",PH130000000,PH1380600000,Mobility Disability,Female,All,PH133900000,21384,462,603,2682,17637
National Capital Region (NCR),"NCR, FIRST DISTRICT (NOT A PROVINCE)",PH130000000,PH1380600000,Mobility Disability,Female,Mild,PH133900000,17568,271,431,2247,14619
National Capital Region (NCR),"NCR, FIRST DISTRICT (NOT A PROVINCE)",PH130000000,PH1380600000,Mobility Disability,Female,Moderate,PH133900000,2634,75,91,303,2165
National Capital Region (NCR),"NCR, FIRST DISTRICT (NOT A PROVINCE)",PH130000000,PH1380600000,Mobility Disability,Female,Severe,PH133900000,1182,116,81,132,853
National Capital Region (NCR),"NCR, FIRST DISTRICT (NOT A PROVINCE)",PH130000000,PH1380600000,Mobility Disability,Male,All,PH133900000,13983,572,738,2892,9781
National Capital Region (NCR),"NCR, FIRST DISTRICT (NOT A PROVINCE)",PH130000000,PH1380600000,Mobility Disability,Male,Mild,PH133900000,11177,333,522,2264,8058
National Capital Region (NCR),"NCR, FIRST DISTRICT (NOT A PROVINCE)",PH130000000,PH1380600000,Mobility Disability,Male,Moderate,PH133900000,1930,115,127,448,1240
National Capital Region (NCR),"NCR, FIRST DISTRICT (NOT A PROVINCE)",PH130000000,PH1380600000,Mobility Disability,Male,Severe,PH133900000,876,124,89,180,483
National Capital Region (NCR),"NCR, FIRST DISTRICT (NOT A PROVINCE)",PH130000000,PH1380600000,Self-Care Disability,Both Sexes,All,PH133900000,10769,1739,885,1383,6762
National Capital Region (NCR),"NCR, FIRST DISTRICT (NOT A PROVINCE)",PH130000000,PH1380600000,Self-Care Disability,Both Sexes,Mild,PH133900000,6693,1109,505,842,4237
National Capital Region (NCR),"NCR, FIRST DISTRICT (NOT A PROVINCE)",PH130000000,PH1380600000,Self-Care Disability,Both Sexes,Moderate,PH133900000,1928,255,175,262,1236
National Capital Region (NCR),"NCR, FIRST DISTRICT (NOT A PROVINCE)",PH130000000,PH1380600000,Self-Care Disability,Both Sexes,Severe,PH133900000,2148,375,205,279,1289
National Capital Region (NCR),"NCR, FIRST DISTRICT (NOT A PROVINCE)",PH130000000,PH1380600000,Self-Care Disability,Female,All,PH133900000,6173,778,401,626,4368
National Capital Region (NCR),"NCR, FIRST DISTRICT (NOT A PROVINCE)",PH130000000,PH1380600000,Self-Care Disability,Female,Mild,PH133900000,3901,515,237,383,2766
National Capital Region (NCR),"NCR, FIRST DISTRICT (NOT A PROVINCE)",PH130000000,PH1380600000,Self-Care Disability,Female,Moderate,PH133900000,1054,76,72,122,784
National Capital Region (NCR),"NCR, FIRST DISTRICT (NOT A PROVINCE)",PH130000000,PH1380600000,Self-Care Disability,Female,Severe,PH133900000,1218,187,92,121,818
National Capital Region (NCR),"NCR, FIRST DISTRICT (NOT A PROVINCE)",PH130000000,PH1380600000,Self-Care Disability,Male,All,PH133900000,4596,961,484,757,2394
National Capital Region (NCR),"NCR, FIRST DISTRICT (NOT A PROVINCE)",PH130000000,PH1380600000,Self-Care Disability,Male,Mild,PH133900000,2792,594,268,459,1471
National Capital Region (NCR),"NCR, FIRST DISTRICT (NOT A PROVINCE)",PH130000000,PH1380600000,Self-Care Disability,Male,Moderate,PH133900000,874,179,103,140,452
National Capital Region (NCR),"NCR, FIRST DISTRICT (NOT A PROVINCE)",PH130000000,PH1380600000,Self-Care Disability,Male,Severe,PH133900000,930,188,113,158,471
National Capital Region (NCR),"NCR, FIRST DISTRICT (NOT A PROVINCE)",PH130000000,PH1380600000,Visual Disability,Both Sexes,All,PH133900000,152118,9785,20600,48814,72919
National Capital Region (NCR),"NCR, FIRST DISTRICT (NOT A PROVINCE)",PH130000000,PH1380600000,Visual Disability,Both Sexes,Mild,PH133900000,141933,8836,19025,46474,67598
National Capital Region (NCR),"NCR, FIRST DISTRICT (NOT A PROVINCE)",PH130000000,PH1380600000,Visual Disability,Both Sexes,Moderate,PH133900000,9022,751,1383,2078,4810
National Capital Region (NCR),"NCR, FIRST DISTRICT (NOT A PROVINCE)",PH130000000,PH1380600000,Visual Disability,Both Sexes,Severe,PH133900000,1163,198,192,262,511
National Capital Region (NCR),"NCR, FIRST DISTRICT (NOT A PROVINCE)",PH130000000,PH1380600000,Visual Disability,Female,All,PH133900000,89886,5631,12452,27537,44266
National Capital Region (NCR),"NCR, FIRST DISTRICT (NOT A PROVINCE)",PH130000000,PH1380600000,Visual Disability,Female,Mild,PH133900000,83847,5138,11513,26259,40937
National Capital Region (NCR),"NCR, FIRST DISTRICT (NOT A PROVINCE)",PH130000000,PH1380600000,Visual Disability,Female,Moderate,PH133900000,5431,382,849,1157,3043
National Capital Region (NCR),"NCR, FIRST DISTRICT (NOT A PROVINCE)",PH130000000,PH1380600000,Visual Disability,Female,Severe,PH133900000,608,111,90,121,286
National Capital Region (NCR),"NCR, FIRST DISTRICT (NOT A PROVINCE)",PH130000000,PH1380600000,Visual Disability,Male,All,PH133900000,62232,4154,8148,21277,28653
National Capital Region (NCR),"NCR, FIRST DISTRICT (NOT A PROVINCE)",PH130000000,PH1380600000,Visual Disability,Male,Mild,PH133900000,58086,3698,7512,20215,26661
National Capital Region (NCR),"NCR, FIRST DISTRICT (NOT A PROVINCE)",PH130000000,PH1380600000,Visual Disability,Male,Moderate,PH133900000,3591,369,534,921,1767
National Capital Region (NCR),"NCR, FIRST DISTRICT (NOT A PROVINCE)",PH130000000,PH1380600000,Visual Disability,Male,Severe,PH133900000,555,87,102,141,225
National Capital Region (NCR),"NCR, FOURTH DISTRICT (NOT A PROVINCE)",PH130000000,PH1380300000,Cognitive Disability,Both Sexes,All,PH137600000,24623,2124,2628,4690,15181
National Capital Region (NCR),"NCR, FOURTH DISTRICT (NOT A PROVINCE)",PH130000000,PH1380300000,Cognitive Disability,Both Sexes,Mild,PH137600000,20145,1324,1943,3967,12911
National Capital Region (NCR),"NCR, FOURTH DISTRICT (NOT A PROVINCE)",PH130000000,PH1380300000,Cognitive Disability,Both Sexes,Moderate,PH137600000,3192,484,451,500,1757
National Capital Region (NCR),"NCR, FOURTH DISTRICT (NOT A PROVINCE)",PH130000000,PH1380300000,Cognitive Disability,Both Sexes,Severe,PH137600000,1286,316,234,223,513
National Capital Region (NCR),"NCR, FOURTH DISTRICT (NOT A PROVINCE)",PH130000000,PH1380300000,Cognitive Disability,Female,All,PH137600000,14544,889,1371,2574,9710
National Capital Region (NCR),"NCR, FOURTH DISTRICT (NOT A PROVINCE)",PH130000000,PH1380300000,Cognitive Disability,Female,Mild,PH137600000,12146,599,1054,2240,8253
National Capital Region (NCR),"NCR, FOURTH DISTRICT (NOT A PROVINCE)",PH130000000,PH1380300000,Cognitive Disability,Female,Moderate,PH137600000,1726,166,213,233,1114
National Capital Region (NCR),"NCR, FOURTH DISTRICT (NOT A PROVINCE)",PH130000000,PH1380300000,Cognitive Disability,Female,Severe,PH137600000,672,124,104,101,343
National Capital Region (NCR),"NCR, FOURTH DISTRICT (NOT A PROVINCE)",PH130000000,PH1380300000,Cognitive Disability,Male,All,PH137600000,10079,1235,1257,2116,5471
National Capital Region (NCR),"NCR, FOURTH DISTRICT (NOT A PROVINCE)",PH130000000,PH1380300000,Cognitive Disability,Male,Mild,PH137600000,7999,725,889,1727,4658
National Capital Region (NCR),"NCR, FOURTH DISTRICT (NOT A PROVINCE)",PH130000000,PH1380300000,Cognitive Disability,Male,Moderate,PH137600000,1466,318,238,267,643
National Capital Region (NCR),"NCR, FOURTH DISTRICT (NOT A PROVINCE)",PH130000000,PH1380300000,Cognitive Disability,Male,Severe,PH137600000,614,192,130,122,170
National Capital Region (NCR),"NCR, FOURTH DISTRICT (NOT A PROVINCE)",PH130000000,PH1380300000,Communication Disability,Both Sexes,All,PH137600000,17382,3260,3220,3556,7346
National Capital Region (NCR),"NCR, FOURTH DISTRICT (NOT A PROVINCE)",PH130000000,PH1380300000,Communication Disability,Both Sexes,Mild,PH137600000,10437,1463,1656,2051,5267
National Capital Region (NCR),"NCR, FOURTH DISTRICT (NOT A PROVINCE)",PH130000000,PH1380300000,Communication Disability,Both Sexes,Moderate,PH137600000,3608,855,742,746,1265
National Capital Region (NCR),"NCR, FOURTH DISTRICT (NOT A PROVINCE)",PH130000000,PH1380300000,Communication Disability,Both Sexes,Severe,PH137600000,3337,942,822,759,814
National Capital Region (NCR),"NCR, FOURTH DISTRICT (NOT A PROVINCE)",PH130000000,PH1380300000,Communication Disability,Female,All,PH137600000,8899,1336,1480,1654,4429
National Capital Region (NCR),"NCR, FOURTH DISTRICT (NOT A PROVINCE)",PH130000000,PH1380300000,Communication Disability,Female,Mild,PH137600000,5303,606,668,830,3199
National Capital Region (NCR),"NCR, FOURTH DISTRICT (NOT A PROVINCE)",PH130000000,PH1380300000,Communication Disability,Female,Moderate,PH137600000,1869,344,382,391,752
National Capital Region (NCR),"NCR, FOURTH DISTRICT (NOT A PROVINCE)",PH130000000,PH1380300000,Communication Disability,Female,Severe,PH137600000,1727,386,430,433,478
National Capital Region (NCR),"NCR, FOURTH DISTRICT (NOT A PROVINCE)",PH130000000,PH1380300000,Communication Disability,Male,All,PH137600000,8483,1924,1740,1902,2917
National Capital Region (NCR),"NCR, FOURTH DISTRICT (NOT A PROVINCE)",PH130000000,PH1380300000,Communication Disability,Male,Mild,PH137600000,5134,857,988,1221,2068
National Capital Region (NCR),"NCR, FOURTH DISTRICT (NOT A PROVINCE)",PH130000000,PH1380300000,Communication Disability,Male,Moderate,PH137600000,1739,511,360,355,513
National Capital Region (NCR),"NCR, FOURTH DISTRICT (NOT A PROVINCE)",PH130000000,PH1380300000,Communication Disability,Male,Severe,PH137600000,1610,556,392,326,336
National Capital Region (NCR),"NCR, FOURTH DISTRICT (NOT A PROVINCE)",PH130000000,PH1380300000,Hearing Disability,Both Sexes,All,PH137600000,38156,1653,2689,6319,27495
National Capital Region (NCR),"NCR, FOURTH DISTRICT (NOT A PROVINCE)",PH130000000,PH1380300000,Hearing Disability,Both Sexes,Mild,PH137600000,33434,1075,2024,5546,24789
National Capital Region (NCR),"NCR, FOURTH DISTRICT (NOT A PROVINCE)",PH130000000,PH1380300000,Hearing Disability,Both Sexes,Moderate,PH137600000,3286,253,317,446,2270
National Capital Region (NCR),"NCR, FOURTH DISTRICT (NOT A PROVINCE)",PH130000000,PH1380300000,Hearing Disability,Both Sexes,Severe,PH137600000,1436,325,348,327,436
National Capital Region (NCR),"NCR, FOURTH DISTRICT (NOT A PROVINCE)",PH130000000,PH1380300000,Hearing Disability,Female,All,PH137600000,21816,777,1370,3273,16396
National Capital Region (NCR),"NCR, FOURTH DISTRICT (NOT A PROVINCE)",PH130000000,PH1380300000,Hearing Disability,Female,Mild,PH137600000,19249,522,1042,2899,14786
National Capital Region (NCR),"NCR, FOURTH DISTRICT (NOT A PROVINCE)",PH130000000,PH1380300000,Hearing Disability,Female,Moderate,PH137600000,1809,108,143,194,1364
National Capital Region (NCR),"NCR, FOURTH DISTRICT (NOT A PROVINCE)",PH130000000,PH1380300000,Hearing Disability,Female,Severe,PH137600000,758,147,185,180,246
National Capital Region (NCR),"NCR, FOURTH DISTRICT (NOT A PROVINCE)",PH130000000,PH1380300000,Hearing Disability,Male,All,PH137600000,16340,876,1319,3046,11099
National Capital Region (NCR),"NCR, FOURTH DISTRICT (NOT A PROVINCE)",PH130000000,PH1380300000,Hearing Disability,Male,Mild,PH137600000,14185,553,982,2647,10003
National Capital Region (NCR),"NCR, FOURTH DISTRICT (NOT A PROVINCE)",PH130000000,PH1380300000,Hearing Disability,Male,Moderate,PH137600000,1477,145,174,252,906
National Capital Region (NCR),"NCR, FOURTH DISTRICT (NOT A PROVINCE)",PH130000000,PH1380300000,Hearing Disability,Male,Severe,PH137600000,678,178,163,147,190
National Capital Region (NCR),"NCR, FOURTH DISTRICT (NOT A PROVINCE)",PH130000000,PH1380300000,Mobility Disability,Both Sexes,All,PH137600000,43626,1666,2267,6978,32715
National Capital Region (NCR),"NCR, FOURTH DISTRICT (NOT A PROVINCE)",PH130000000,PH1380300000,Mobility Disability,Both Sexes,Mild,PH137600000,34425,991,1603,5407,26424
National Capital Region (NCR),"NCR, FOURTH DISTRICT (NOT A PROVINCE)",PH130000000,PH1380300000,Mobility Disability,Both Sexes,Moderate,PH137600000,6301,285,405,1089,4522
National Capital Region (NCR),"NCR, FOURTH DISTRICT (NOT A PROVINCE)",PH130000000,PH1380300000,Mobility Disability,Both Sexes,Severe,PH137600000,2900,390,259,482,1769
National Capital Region (NCR),"NCR, FOURTH DISTRICT (NOT A PROVINCE)",PH130000000,PH1380300000,Mobility Disability,Female,All,PH137600000,25330,747,1066,3246,20271
National Capital Region (NCR),"NCR, FOURTH DISTRICT (NOT A PROVINCE)",PH130000000,PH1380300000,Mobility Disability,Female,Mild,PH137600000,20217,451,752,2586,16428
National Capital Region (NCR),"NCR, FOURTH DISTRICT (NOT A PROVINCE)",PH130000000,PH1380300000,Mobility Disability,Female,Moderate,PH137600000,3462,136,178,414,2734
National Capital Region (NCR),"NCR, FOURTH DISTRICT (NOT A PROVINCE)",PH130000000,PH1380300000,Mobility Disability,Female,Severe,PH137600000,1651,160,136,246,1109
National Capital Region (NCR),"NCR, FOURTH DISTRICT (NOT A PROVINCE)",PH130000000,PH1380300000,Mobility Disability,Male,All,PH137600000,18296,919,1201,3732,12444
National Capital Region (NCR),"NCR, FOURTH DISTRICT (NOT A PROVINCE)",PH130000000,PH1380300000,Mobility Disability,Male,Mild,PH137600000,14208,540,851,2821,9996
National Capital Region (NCR),"NCR, FOURTH DISTRICT (NOT A PROVINCE)",PH130000000,PH1380300000,Mobility Disability,Male,Moderate,PH137600000,2839,149,227,675,1788
National Capital Region (NCR),"NCR, FOURTH DISTRICT (NOT A PROVINCE)",PH130000000,PH1380300000,Mobility Disability,Male,Severe,PH137600000,1249,230,123,236,660
National Capital Region (NCR),"NCR, FOURTH DISTRICT (NOT A PROVINCE)",PH130000000,PH1380300000,Self-Care Disability,Both Sexes,All,PH137600000,17473,2766,1876,2607,10224
National Capital Region (NCR),"NCR, FOURTH DISTRICT (NOT A PROVINCE)",PH130000000,PH1380300000,Self-Care Disability,Both Sexes,Mild,PH137600000,11026,1480,1147,1721,6678
National Capital Region (NCR),"NCR, FOURTH DISTRICT (NOT A PROVINCE)",PH130000000,PH1380300000,Self-Care Disability,Both Sexes,Moderate,PH137600000,3023,502,365,472,1684
National Capital Region (NCR),"NCR, FOURTH DISTRICT (NOT A PROVINCE)",PH130000000,PH1380300000,Self-Care Disability,Both Sexes,Severe,PH137600000,3424,784,364,414,1862
National Capital Region (NCR),"NCR, FOURTH DISTRICT (NOT A PROVINCE)",PH130000000,PH1380300000,Self-Care Disability,Female,All,PH137600000,9490,1197,845,1123,6325
National Capital Region (NCR),"NCR, FOURTH DISTRICT (NOT A PROVINCE)",PH130000000,PH1380300000,Self-Care Disability,Female,Mild,PH137600000,6066,686,504,726,4150
National Capital Region (NCR),"NCR, FOURTH DISTRICT (NOT A PROVINCE)",PH130000000,PH1380300000,Self-Care Disability,Female,Moderate,PH137600000,1561,182,162,192,1025
National Capital Region (NCR),"NCR, FOURTH DISTRICT (NOT A PROVINCE)",PH130000000,PH1380300000,Self-Care Disability,Female,Severe,PH137600000,1863,329,179,205,1150
National Capital Region (NCR),"NCR, FOURTH DISTRICT (NOT A PROVINCE)",PH130000000,PH1380300000,Self-Care Disability,Male,All,PH137600000,7983,1569,1031,1484,3899
National Capital Region (NCR),"NCR, FOURTH DISTRICT (NOT A PROVINCE)",PH130000000,PH1380300000,Self-Care Disability,Male,Mild,PH137600000,4960,794,643,995,2528
National Capital Region (NCR),"NCR, FOURTH DISTRICT (NOT A PROVINCE)",PH130000000,PH1380300000,Self-Care Disability,Male,Moderate,PH137600000,1462,320,203,280,659
National Capital Region (NCR),"NCR, FOURTH DISTRICT (NOT A PROVINCE)",PH130000000,PH1380300000,Self-Care Disability,Male,Severe,PH137600000,1561,455,185,209,712
National Capital Region (NCR),"NCR, FOURTH DISTRICT (NOT A PROVINCE)",PH130000000,PH1380300000,Visual Disability,Both Sexes,All,PH137600000,211113,12964,30191,66779,101179
National Capital Region (NCR),"NCR, FOURTH DISTRICT (NOT A PROVINCE)",PH130000000,PH1380300000,Visual Disability,Both Sexes,Mild,PH137600000,197785,11687,28081,63622,94395
National Capital Region (NCR),"NCR, FOURTH DISTRICT (NOT A PROVINCE)",PH130000000,PH1380300000,Visual Disability,Both Sexes,Moderate,PH137600000,11570,960,1748,2754,6108
National Capital Region (NCR),"NCR, FOURTH DISTRICT (NOT A PROVINCE)",PH130000000,PH1380300000,Visual Disability,Both Sexes,Severe,PH137600000,1758,317,362,403,676
National Capital Region (NCR),"NCR, FOURTH DISTRICT (NOT A PROVINCE)",PH130000000,PH1380300000,Visual Disability,Female,All,PH137600000,124671,7466,18558,38077,60570
National Capital Region (NCR),"NCR, FOURTH DISTRICT (NOT A PROVINCE)",PH130000000,PH1380300000,Visual Disability,Female,Mild,PH137600000,116805,6789,17309,36302,56405
National Capital Region (NCR),"NCR, FOURTH DISTRICT (NOT A PROVINCE)",PH130000000,PH1380300000,Visual Disability,Female,Moderate,PH137600000,6961,532,1063,1583,3783
National Capital Region (NCR),"NCR, FOURTH DISTRICT (NOT A PROVINCE)",PH130000000,PH1380300000,Visual Disability,Female,Severe,PH137600000,905,145,186,192,382
National Capital Region (NCR),"NCR, FOURTH DISTRICT (NOT A PROVINCE)",PH130000000,PH1380300000,Visual Disability,Male,All,PH137600000,86442,5498,11633,28702,40609
National Capital Region (NCR),"NCR, FOURTH DISTRICT (NOT A PROVINCE)",PH130000000,PH1380300000,Visual Disability,Male,Mild,PH137600000,80980,4898,10772,27320,37990
National Capital Region (NCR),"NCR, FOURTH DISTRICT (NOT A PROVINCE)",PH130000000,PH1380300000,Visual Disability,Male,Moderate,PH137600000,4609,428,685,1171,2325
National Capital Region (NCR),"NCR, FOURTH DISTRICT (NOT A PROVINCE)",PH130000000,PH1380300000,Visual Disability,Male,Severe,PH137600000,853,172,176,211,294
National Capital Region (NCR),"NCR, SECOND DISTRICT (NOT A PROVINCE)",PH130000000,PH1380500000,Cognitive Disability,Both Sexes,All,PH137400000,31010,3441,3429,5572,18568
National Capital Region (NCR),"NCR, SECOND DISTRICT (NOT A PROVINCE)",PH130000000,PH1380500000,Cognitive Disability,Both Sexes,Mild,PH137400000,24885,2276,2557,4608,15444
National Capital Region (NCR),"NCR, SECOND DISTRICT (NOT A PROVINCE)",PH130000000,PH1380500000,Cognitive Disability,Both Sexes,Moderate,PH137400000,4347,701,562,667,2417
National Capital Region (NCR),"NCR, SECOND DISTRICT (NOT A PROVINCE)",PH130000000,PH1380500000,Cognitive Disability,Both Sexes,Severe,PH137400000,1778,464,310,297,707
National Capital Region (NCR),"NCR, SECOND DISTRICT (NOT A PROVINCE)",PH130000000,PH1380500000,Cognitive Disability,Female,All,PH137400000,18235,1345,1741,3066,12083
National Capital Region (NCR),"NCR, SECOND DISTRICT (NOT A PROVINCE)",PH130000000,PH1380500000,Cognitive Disability,Female,Mild,PH137400000,14921,933,1357,2662,9969
National Capital Region (NCR),"NCR, SECOND DISTRICT (NOT A PROVINCE)",PH130000000,PH1380500000,Cognitive Disability,Female,Moderate,PH137400000,2436,247,249,286,1654
National Capital Region (NCR),"NCR, SECOND DISTRICT (NOT A PROVINCE)",PH130000000,PH1380500000,Cognitive Disability,Female,Severe,PH137400000,878,165,135,118,460
National Capital Region (NCR),"NCR, SECOND DISTRICT (NOT A PROVINCE)",PH130000000,PH1380500000,Cognitive Disability,Male,All,PH137400000,12775,2096,1688,2506,6485
National Capital Region (NCR),"NCR, SECOND DISTRICT (NOT A PROVINCE)",PH130000000,PH1380500000,Cognitive Disability,Male,Mild,PH137400000,9964,1343,1200,1946,5475
National Capital Region (NCR),"NCR, SECOND DISTRICT (NOT A PROVINCE)",PH130000000,PH1380500000,Cognitive Disability,Male,Moderate,PH137400000,1911,454,313,381,763
National Capital Region (NCR),"NCR, SECOND DISTRICT (NOT A PROVINCE)",PH130000000,PH1380500000,Cognitive Disability,Male,Severe,PH137400000,900,299,175,179,247
National Capital Region (NCR),"NCR, SECOND DISTRICT (NOT A PROVINCE)",PH130000000,PH1380500000,Communication Disability,Both Sexes,All,PH137400000,21481,4553,3858,4477,8593
National Capital Region (NCR),"NCR, SECOND DISTRICT (NOT A PROVINCE)",PH130000000,PH1380500000,Communication Disability,Both Sexes,Mild,PH137400000,12641,2190,1923,2559,5969
National Capital Region (NCR),"NCR, SECOND DISTRICT (NOT A PROVINCE)",PH130000000,PH1380500000,Communication Disability,Both Sexes,Moderate,PH137400000,4680,1204,943,977,1556
National Capital Region (NCR),"NCR, SECOND DISTRICT (NOT A PROVINCE)",PH130000000,PH1380500000,Communication Disability,Both Sexes,Severe,PH137400000,4160,1159,992,941,1068
National Capital Region (NCR),"NCR, SECOND DISTRICT (NOT A PROVINCE)",PH130000000,PH1380500000,Communication Disability,Female,All,PH137400000,10773,1804,1763,2065,5141
National Capital Region (NCR),"NCR, SECOND DISTRICT (NOT A PROVINCE)",PH130000000,PH1380500000,Communication Disability,Female,Mild,PH137400000,6288,864,797,1064,3563
National Capital Region (NCR),"NCR, SECOND DISTRICT (NOT A PROVINCE)",PH130000000,PH1380500000,Communication Disability,Female,Moderate,PH137400000,2354,442,478,495,939
National Capital Region (NCR),"NCR, SECOND DISTRICT (NOT A PROVINCE)",PH130000000,PH1380500000,Communication Disability,Female,Severe,PH137400000,2131,498,488,506,639
National Capital Region (NCR),"NCR, SECOND DISTRICT (NOT A PROVINCE)",PH130000000,PH1380500000,Communication Disability,Male,All,PH137400000,10708,2749,2095,2412,3452
National Capital Region (NCR),"NCR, SECOND DISTRICT (NOT A PROVINCE)",PH130000000,PH1380500000,Communication Disability,Male,Mild,PH137400000,6353,1326,1126,1495,2406
National Capital Region (NCR),"NCR, SECOND DISTRICT (NOT A PROVINCE)",PH130000000,PH1380500000,Communication Disability,Male,Moderate,PH137400000,2326,762,465,482,617
National Capital Region (NCR),"NCR, SECOND DISTRICT (NOT A PROVINCE)",PH130000000,PH1380500000,Communication Disability,Male,Severe,PH137400000,2029,661,504,435,429
National Capital Region (NCR),"NCR, SECOND DISTRICT (NOT A PROVINCE)",PH130000000,PH1380500000,Hearing Disability,Both Sexes,All,PH137400000,44847,2402,3211,7216,32018
National Capital Region (NCR),"NCR, SECOND DISTRICT (NOT A PROVINCE)",PH130000000,PH1380500000,Hearing Disability,Both Sexes,Mild,PH137400000,38889,1672,2358,6130,28729
National Capital Region (NCR),"NCR, SECOND DISTRICT (NOT A PROVINCE)",PH130000000,PH1380500000,Hearing Disability,Both Sexes,Moderate,PH137400000,4191,347,417,657,2770
National Capital Region (NCR),"NCR, SECOND DISTRICT (NOT A PROVINCE)",PH130000000,PH1380500000,Hearing Disability,Both Sexes,Severe,PH137400000,1767,383,436,429,519
National Capital Region (NCR),"NCR, SECOND DISTRICT (NOT A PROVINCE)",PH130000000,PH1380500000,Hearing Disability,Female,All,PH137400000,25774,1049,1596,3751,19378
National Capital Region (NCR),"NCR, SECOND DISTRICT (NOT A PROVINCE)",PH130000000,PH1380500000,Hearing Disability,Female,Mild,PH137400000,22541,741,1206,3224,17370
National Capital Region (NCR),"NCR, SECOND DISTRICT (NOT A PROVINCE)",PH130000000,PH1380500000,Hearing Disability,Female,Moderate,PH137400000,2347,143,196,321,1687
National Capital Region (NCR),"NCR, SECOND DISTRICT (NOT A PROVINCE)",PH130000000,PH1380500000,Hearing Disability,Female,Severe,PH137400000,886,165,194,206,321
National Capital Region (NCR),"NCR, SECOND DISTRICT (NOT A PROVINCE)",PH130000000,PH1380500000,Hearing Disability,Male,All,PH137400000,19073,1353,1615,3465,12640
National Capital Region (NCR),"NCR, SECOND DISTRICT (NOT A PROVINCE)",PH130000000,PH1380500000,Hearing Disability,Male,Mild,PH137400000,16348,931,1152,2906,11359
National Capital Region (NCR),"NCR, SECOND DISTRICT (NOT A PROVINCE)",PH130000000,PH1380500000,Hearing Disability,Male,Moderate,PH137400000,1844,204,221,336,1083
National Capital Region (NCR),"NCR, SECOND DISTRICT (NOT A PROVINCE)",PH130000000,PH1380500000,Hearing Disability,Male,Severe,PH137400000,881,218,242,223,198
National Capital Region (NCR),"NCR, SECOND DISTRICT (NOT A PROVINCE)",PH130000000,PH1380500000,Mobility Disability,Both Sexes,All,PH137400000,55400,2415,2855,9390,40740
National Capital Region (NCR),"NCR, SECOND DISTRICT (NOT A PROVINCE)",PH130000000,PH1380500000,Mobility Disability,Both Sexes,Mild,PH137400000,42958,1471,1974,7179,32334
National Capital Region (NCR),"NCR, SECOND DISTRICT (NOT A PROVINCE)",PH130000000,PH1380500000,Mobility Disability,Both Sexes,Moderate,PH137400000,8665,474,520,1570,6101
National Capital Region (NCR),"NCR, SECOND DISTRICT (NOT A PROVINCE)",PH130000000,PH1380500000,Mobility Disability,Both Sexes,Severe,PH137400000,3777,470,361,641,2305
National Capital Region (NCR),"NCR, SECOND DISTRICT (NOT A PROVINCE)",PH130000000,PH1380500000,Mobility Disability,Female,All,PH137400000,32600,1037,1289,4519,25755
National Capital Region (NCR),"NCR, SECOND DISTRICT (NOT A PROVINCE)",PH130000000,PH1380500000,Mobility Disability,Female,Mild,PH137400000,25620,620,901,3619,20480
National Capital Region (NCR),"NCR, SECOND DISTRICT (NOT A PROVINCE)",PH130000000,PH1380500000,Mobility Disability,Female,Moderate,PH137400000,4885,204,234,636,3811
National Capital Region (NCR),"NCR, SECOND DISTRICT (NOT A PROVINCE)",PH130000000,PH1380500000,Mobility Disability,Female,Severe,PH137400000,2095,213,154,264,1464
National Capital Region (NCR),"NCR, SECOND DISTRICT (NOT A PROVINCE)",PH130000000,PH1380500000,Mobility Disability,Male,All,PH137400000,22800,1378,1566,4871,14985
National Capital Region (NCR),"NCR, SECOND DISTRICT (NOT A PROVINCE)",PH130000000,PH1380500000,Mobility Disability,Male,Mild,PH137400000,17338,851,1073,3560,11854
National Capital Region (NCR),"NCR, SECOND DISTRICT (NOT A PROVINCE)",PH130000000,PH1380500000,Mobility Disability,Male,Moderate,PH137400000,3780,270,286,934,2290
National Capital Region (NCR),"NCR, SECOND DISTRICT (NOT A PROVINCE)",PH130000000,PH1380500000,Mobility Disability,Male,Severe,PH137400000,1682,257,207,377,841
National Capital Region (NCR),"NCR, SECOND DISTRICT (NOT A PROVINCE)",PH130000000,PH1380500000,Self-Care Disability,Both Sexes,All,PH137400000,21899,3656,2234,3309,12700
National Capital Region (NCR),"NCR, SECOND DISTRICT (NOT A PROVINCE)",PH130000000,PH1380500000,Self-Care Disability,Both Sexes,Mild,PH137400000,13600,2144,1398,2105,7953
National Capital Region (NCR),"NCR, SECOND DISTRICT (NOT A PROVINCE)",PH130000000,PH1380500000,Self-Care Disability,Both Sexes,Moderate,PH137400000,4261,778,413,634,2436
National Capital Region (NCR),"NCR, SECOND DISTRICT (NOT A PROVINCE)",PH130000000,PH1380500000,Self-Care Disability,Both Sexes,Severe,PH137400000,4038,734,423,570,2311
National Capital Region (NCR),"NCR, SECOND DISTRICT (NOT A PROVINCE)",PH130000000,PH1380500000,Self-Care Disability,Female,All,PH137400000,12050,1526,1042,1499,7983
National Capital Region (NCR),"NCR, SECOND DISTRICT (NOT A PROVINCE)",PH130000000,PH1380500000,Self-Care Disability,Female,Mild,PH137400000,7517,908,658,1004,4947
National Capital Region (NCR),"NCR, SECOND DISTRICT (NOT A PROVINCE)",PH130000000,PH1380500000,Self-Care Disability,Female,Moderate,PH137400000,2347,322,190,267,1568
National Capital Region (NCR),"NCR, SECOND DISTRICT (NOT A PROVINCE)",PH130000000,PH1380500000,Self-Care Disability,Female,Severe,PH137400000,2186,296,194,228,1468
National Capital Region (NCR),"NCR, SECOND DISTRICT (NOT A PROVINCE)",PH130000000,PH1380500000,Self-Care Disability,Male,All,PH137400000,9849,2130,1192,1810,4717
National Capital Region (NCR),"NCR, SECOND DISTRICT (NOT A PROVINCE)",PH130000000,PH1380500000,Self-Care Disability,Male,Mild,PH137400000,6083,1236,740,1101,3006
National Capital Region (NCR),"NCR, SECOND DISTRICT (NOT A PROVINCE)",PH130000000,PH1380500000,Self-Care Disability,Male,Moderate,PH137400000,1914,456,223,367,868
National Capital Region (NCR),"NCR, SECOND DISTRICT (NOT A PROVINCE)",PH130000000,PH1380500000,Self-Care Disability,Male,Severe,PH137400000,1852,438,229,342,843
National Capital Region (NCR),"NCR, SECOND DISTRICT (NOT A PROVINCE)",PH130000000,PH1380500000,Visual Disability,Both Sexes,All,PH137400000,248187,17263,35734,78725,116465
National Capital Region (NCR),"NCR, SECOND DISTRICT (NOT A PROVINCE)",PH130000000,PH1380500000,Visual Disability,Both Sexes,Mild,PH137400000,231183,15447,32958,74627,108151
National Capital Region (NCR),"NCR, SECOND DISTRICT (NOT A PROVINCE)",PH130000000,PH1380500000,Visual Disability,Both Sexes,Moderate,PH137400000,14736,1450,2360,3498,7428
National Capital Region (NCR),"NCR, SECOND DISTRICT (NOT A PROVINCE)",PH130000000,PH1380500000,Visual Disability,Both Sexes,Severe,PH137400000,2268,366,416,600,886
National Capital Region (NCR),"NCR, SECOND DISTRICT (NOT A PROVINCE)",PH130000000,PH1380500000,Visual Disability,Female,All,PH137400000,146228,9728,21568,45034,69898
National Capital Region (NCR),"NCR, SECOND DISTRICT (NOT A PROVINCE)",PH130000000,PH1380500000,Visual Disability,Female,Mild,PH137400000,136329,8821,19956,42774,64778
National Capital Region (NCR),"NCR, SECOND DISTRICT (NOT A PROVINCE)",PH130000000,PH1380500000,Visual Disability,Female,Moderate,PH137400000,8720,760,1403,1967,4590
National Capital Region (NCR),"NCR, SECOND DISTRICT (NOT A PROVINCE)",PH130000000,PH1380500000,Visual Disability,Female,Severe,PH137400000,1179,147,209,293,530
National Capital Region (NCR),"NCR, SECOND DISTRICT (NOT A PROVINCE)",PH130000000,PH1380500000,Visual Disability,Male,All,PH137400000,101959,7535,14166,33691,46567
National Capital Region (NCR),"NCR, SECOND DISTRICT (NOT A PROVINCE)",PH130000000,PH1380500000,Visual Disability,Male,Mild,PH137400000,94854,6626,13002,31853,43373
National Capital Region (NCR),"NCR, SECOND DISTRICT (NOT A PROVINCE)",PH130000000,PH1380500000,Visual Disability,Male,Moderate,PH137400000,6016,690,957,1531,2838
National Capital Region (NCR),"NCR, SECOND DISTRICT (NOT A PROVINCE)",PH130000000,PH1380500000,Visual Disability,Male,Severe,PH137400000,1089,219,207,307,356
National Capital Region (NCR),"NCR, THIRD DISTRICT (NOT A PROVINCE)",PH130000000,PH1380100000,Cognitive Disability,Both Sexes,All,PH137500000,15785,1386,1673,3112,9614
National Capital Region (NCR),"NCR, THIRD DISTRICT (NOT A PROVINCE)",PH130000000,PH1380100000,Cognitive Disability,Both Sexes,Mild,PH137500000,12660,791,1185,2563,8121
National Capital Region (NCR),"NCR, THIRD DISTRICT (NOT A PROVINCE)",PH130000000,PH1380100000,Cognitive Disability,Both Sexes,Moderate,PH137500000,2167,347,310,389,1121
National Capital Region (NCR),"NCR, THIRD DISTRICT (NOT A PROVINCE)",PH130000000,PH1380100000,Cognitive Disability,Both Sexes,Severe,PH137500000,958,248,178,160,372
National Capital Region (NCR),"NCR, THIRD DISTRICT (NOT A PROVINCE)",PH130000000,PH1380100000,Cognitive Disability,Female,All,PH137500000,9130,563,836,1746,5985
National Capital Region (NCR),"NCR, THIRD DISTRICT (NOT A PROVINCE)",PH130000000,PH1380100000,Cognitive Disability,Female,Mild,PH137500000,7524,334,643,1495,5052
National Capital Region (NCR),"NCR, THIRD DISTRICT (NOT A PROVINCE)",PH130000000,PH1380100000,Cognitive Disability,Female,Moderate,PH137500000,1143,126,123,187,707
National Capital Region (NCR),"NCR, THIRD DISTRICT (NOT A PROVINCE)",PH130000000,PH1380100000,Cognitive Disability,Female,Severe,PH137500000,463,103,70,64,226
National Capital Region (NCR),"NCR, THIRD DISTRICT (NOT A PROVINCE)",PH130000000,PH1380100000,Cognitive Disability,Male,All,PH137500000,6655,823,837,1366,3629
National Capital Region (NCR),"NCR, THIRD DISTRICT (NOT A PROVINCE)",PH130000000,PH1380100000,Cognitive Disability,Male,Mild,PH137500000,5136,457,542,1068,3069
National Capital Region (NCR),"NCR, THIRD DISTRICT (NOT A PROVINCE)",PH130000000,PH1380100000,Cognitive Disability,Male,Moderate,PH137500000,1024,221,187,202,414
National Capital Region (NCR),"NCR, THIRD DISTRICT (NOT A PROVINCE)",PH130000000,PH1380100000,Cognitive Disability,Male,Severe,PH137500000,495,145,108,96,146
National Capital Region (NCR),"NCR, THIRD DISTRICT (NOT A PROVINCE)",PH130000000,PH1380100000,Communication Disability,Both Sexes,All,PH137500000,11038,2261,2001,2193,4583
National Capital Region (NCR),"NCR, THIRD DISTRICT (NOT A PROVINCE)",PH130000000,PH1380100000,Communication Disability,Both Sexes,Mild,PH137500000,6207,945,888,1226,3148
National Capital Region (NCR),"NCR, THIRD DISTRICT (NOT A PROVINCE)",PH130000000,PH1380100000,Communication Disability,Both Sexes,Moderate,PH137500000,2445,625,521,467,832
National Capital Region (NCR),"NCR, THIRD DISTRICT (NOT A PROVINCE)",PH130000000,PH1380100000,Communication Disability,Both Sexes,Severe,PH137500000,2386,691,592,500,603
National Capital Region (NCR),"NCR, THIRD DISTRICT (NOT A PROVINCE)",PH130000000,PH1380100000,Communication Disability,Female,All,PH137500000,5411,895,927,994,2595
National Capital Region (NCR),"NCR, THIRD DISTRICT (NOT A PROVINCE)",PH130000000,PH1380100000,Communication Disability,Female,Mild,PH137500000,3028,356,391,493,1788
National Capital Region (NCR),"NCR, THIRD DISTRICT (NOT A PROVINCE)",PH130000000,PH1380100000,Communication Disability,Female,Moderate,PH137500000,1219,254,253,243,469
National Capital Region (NCR),"NCR, THIRD DISTRICT (NOT A PROVINCE)",PH130000000,PH1380100000,Communication Disability,Female,Severe,PH137500000,1164,285,283,258,338
National Capital Region (NCR),"NCR, THIRD DISTRICT (NOT A PROVINCE)",PH130000000,PH1380100000,Communication Disability,Male,All,PH137500000,5627,1366,1074,1199,1988
National Capital Region (NCR),"NCR, THIRD DISTRICT (NOT A PROVINCE)",PH130000000,PH1380100000,Communication Disability,Male,Mild,PH137500000,3179,589,497,733,1360
National Capital Region (NCR),"NCR, THIRD DISTRICT (NOT A PROVINCE)",PH130000000,PH1380100000,Communication Disability,Male,Moderate,PH137500000,1226,371,268,224,363
National Capital Region (NCR),"NCR, THIRD DISTRICT (NOT A PROVINCE)",PH130000000,PH1380100000,Communication Disability,Male,Severe,PH137500000,1222,406,309,242,265
National Capital Region (NCR),"NCR, THIRD DISTRICT (NOT A PROVINCE)",PH130000000,PH1380100000,Hearing Disability,Both Sexes,All,PH137500000,31047,1537,2073,5515,21922
National Capital Region (NCR),"NCR, THIRD DISTRICT (NOT A PROVINCE)",PH130000000,PH1380100000,Hearing Disability,Both Sexes,Mild,PH137500000,27363,1080,1556,4871,19856
National Capital Region (NCR),"NCR, THIRD DISTRICT (NOT A PROVINCE)",PH130000000,PH1380100000,Hearing Disability,Both Sexes,Moderate,PH137500000,2669,241,277,392,1759
National Capital Region (NCR),"NCR, THIRD DISTRICT (NOT A PROVINCE)",PH130000000,PH1380100000,Hearing Disability,Both Sexes,Severe,PH137500000,1015,216,240,252,307
National Capital Region (NCR),"NCR, THIRD DISTRICT (NOT A PROVINCE)",PH130000000,PH1380100000,Hearing Disability,Female,All,PH137500000,17263,716,1067,2782,12698
National Capital Region (NCR),"NCR, THIRD DISTRICT (NOT A PROVINCE)",PH130000000,PH1380100000,Hearing Disability,Female,Mild,PH137500000,15247,501,794,2474,11478
National Capital Region (NCR),"NCR, THIRD DISTRICT (NOT A PROVINCE)",PH130000000,PH1380100000,Hearing Disability,Female,Moderate,PH137500000,1503,111,141,199,1052
National Capital Region (NCR),"NCR, THIRD DISTRICT (NOT A PROVINCE)",PH130000000,PH1380100000,Hearing Disability,Female,Severe,PH137500000,513,104,132,109,168
National Capital Region (NCR),"NCR, THIRD DISTRICT (NOT A PROVINCE)",PH130000000,PH1380100000,Hearing Disability,Male,All,PH137500000,13784,821,1006,2733,9224
National Capital Region (NCR),"NCR, THIRD DISTRICT (NOT A PROVINCE)",PH130000000,PH1380100000,Hearing Disability,Male,Mild,PH137500000,12116,579,762,2397,8378
National Capital Region (NCR),"NCR, THIRD DISTRICT (NOT A PROVINCE)",PH130000000,PH1380100000,Hearing Disability,Male,Moderate,PH137500000,1166,130,136,193,707
National Capital Region (NCR),"NCR, THIRD DISTRICT (NOT A PROVINCE)",PH130000000,PH1380100000,Hearing Disability,Male,Severe,PH137500000,502,112,108,143,139
National Capital Region (NCR),"NCR, THIRD DISTRICT (NOT A PROVINCE)",PH130000000,PH1380100000,Mobility Disability,Both Sexes,All,PH137500000,32560,1372,1631,5769,23788
National Capital Region (NCR),"NCR, THIRD DISTRICT (NOT A PROVINCE)",PH130000000,PH1380100000,Mobility Disability,Both Sexes,Mild,PH137500000,25372,750,1092,4465,19065
National Capital Region (NCR),"NCR, THIRD DISTRICT (NOT A PROVINCE)",PH130000000,PH1380100000,Mobility Disability,Both Sexes,Moderate,PH137500000,5016,289,324,968,3435
National Capital Region (NCR),"NCR, THIRD DISTRICT (NOT A PROVINCE)",PH130000000,PH1380100000,Mobility Disability,Both Sexes,Severe,PH137500000,2172,333,215,336,1288
National Capital Region (NCR),"NCR, THIRD DISTRICT (NOT A PROVINCE)",PH130000000,PH1380100000,Mobility Disability,Female,All,PH137500000,18140,607,732,2550,14251
National Capital Region (NCR),"NCR, THIRD DISTRICT (NOT A PROVINCE)",PH130000000,PH1380100000,Mobility Disability,Female,Mild,PH137500000,14414,348,503,2031,11532
National Capital Region (NCR),"NCR, THIRD DISTRICT (NOT A PROVINCE)",PH130000000,PH1380100000,Mobility Disability,Female,Moderate,PH137500000,2620,127,129,398,1966
National Capital Region (NCR),"NCR, THIRD DISTRICT (NOT A PROVINCE)",PH130000000,PH1380100000,Mobility Disability,Female,Severe,PH137500000,1106,132,100,121,753
National Capital Region (NCR),"NCR, THIRD DISTRICT (NOT A PROVINCE)",PH130000000,PH1380100000,Mobility Disability,Male,All,PH137500000,14420,765,899,3219,9537
National Capital Region (NCR),"NCR, THIRD DISTRICT (NOT A PROVINCE)",PH130000000,PH1380100000,Mobility Disability,Male,Mild,PH137500000,10958,402,589,2434,7533
National Capital Region (NCR),"NCR, THIRD DISTRICT (NOT A PROVINCE)",PH130000000,PH1380100000,Mobility Disability,Male,Moderate,PH137500000,2396,162,195,570,1469
National Capital Region (NCR),"NCR, THIRD DISTRICT (NOT A PROVINCE)",PH130000000,PH1380100000,Mobility Disability,Male,Severe,PH137500000,1066,201,115,215,535
National Capital Region (NCR),"NCR, THIRD DISTRICT (NOT A PROVINCE)",PH130000000,PH1380100000,Self-Care Disability,Both Sexes,All,PH137500000,10783,1858,1077,1560,6288
National Capital Region (NCR),"NCR, THIRD DISTRICT (NOT A PROVINCE)",PH130000000,PH1380100000,Self-Care Disability,Both Sexes,Mild,PH137500000,6154,850,561,916,3827
National Capital Region (NCR),"NCR, THIRD DISTRICT (NOT A PROVINCE)",PH130000000,PH1380100000,Self-Care Disability,Both Sexes,Moderate,PH137500000,2073,328,237,342,1166
National Capital Region (NCR),"NCR, THIRD DISTRICT (NOT A PROVINCE)",PH130000000,PH1380100000,Self-Care Disability,Both Sexes,Severe,PH137500000,2556,680,279,302,1295
National Capital Region (NCR),"NCR, THIRD DISTRICT (NOT A PROVINCE)",PH130000000,PH1380100000,Self-Care Disability,Female,All,PH137500000,5667,763,473,680,3751
National Capital Region (NCR),"NCR, THIRD DISTRICT (NOT A PROVINCE)",PH130000000,PH1380100000,Self-Care Disability,Female,Mild,PH137500000,3321,347,258,402,2314
National Capital Region (NCR),"NCR, THIRD DISTRICT (NOT A PROVINCE)",PH130000000,PH1380100000,Self-Care Disability,Female,Moderate,PH137500000,1040,121,96,146,677
National Capital Region (NCR),"NCR, THIRD DISTRICT (NOT A PROVINCE)",PH130000000,PH1380100000,Self-Care Disability,Female,Severe,PH137500000,1306,295,119,132,760
National Capital Region (NCR),"NCR, THIRD DISTRICT (NOT A PROVINCE)",PH130000000,PH1380100000,Self-Care Disability,Male,All,PH137500000,5116,1095,604,880,2537
National Capital Region (NCR),"NCR, THIRD DISTRICT (NOT A PROVINCE)",PH130000000,PH1380100000,Self-Care Disability,Male,Mild,PH137500000,2833,503,303,514,1513
National Capital Region (NCR),"NCR, THIRD DISTRICT (NOT A PROVINCE)",PH130000000,PH1380100000,Self-Care Disability,Male,Moderate,PH137500000,1033,207,141,196,489
National Capital Region (NCR),"NCR, THIRD DISTRICT (NOT A PROVINCE)",PH130000000,PH1380100000,Self-Care Disability,Male,Severe,PH137500000,1250,385,160,170,535
National Capital Region (NCR),"NCR, THIRD DISTRICT (NOT A PROVINCE)",PH130000000,PH1380100000,Visual Disability,Both Sexes,All,PH137500000,196890,12602,24414,67323,92551
National Capital Region (NCR),"NCR, THIRD DISTRICT (NOT A PROVINCE)",PH130000000,PH1380100000,Visual Disability,Both Sexes,Mild,PH137500000,184846,11426,22694,64434,86292
National Capital Region (NCR),"NCR, THIRD DISTRICT (NOT A PROVINCE)",PH130000000,PH1380100000,Visual Disability,Both Sexes,Moderate,PH137500000,10731,945,1480,2621,5685
National Capital Region (NCR),"NCR, THIRD DISTRICT (NOT A PROVINCE)",PH130000000,PH1380100000,Visual Disability,Both Sexes,Severe,PH137500000,1313,231,240,268,574
National Capital Region (NCR),"NCR, THIRD DISTRICT (NOT A PROVINCE)",PH130000000,PH1380100000,Visual Disability,Female,All,PH137500000,114907,7345,15150,38186,54226
National Capital Region (NCR),"NCR, THIRD DISTRICT (NOT A PROVINCE)",PH130000000,PH1380100000,Visual Disability,Female,Mild,PH137500000,107819,6699,14147,36577,50396
National Capital Region (NCR),"NCR, THIRD DISTRICT (NOT A PROVINCE)",PH130000000,PH1380100000,Visual Disability,Female,Moderate,PH137500000,6404,536,893,1487,3488
National Capital Region (NCR),"NCR, THIRD DISTRICT (NOT A PROVINCE)",PH130000000,PH1380100000,Visual Disability,Female,Severe,PH137500000,684,110,110,122,342
National Capital Region (NCR),"NCR, THIRD DISTRICT (NOT A PROVINCE)",PH130000000,PH1380100000,Visual Disability,Male,All,PH137500000,81983,5257,9264,29137,38325
National Capital Region (NCR),"NCR, THIRD DISTRICT (NOT A PROVINCE)",PH130000000,PH1380100000,Visual Disability,Male,Mild,PH137500000,77027,4727,8547,27857,35896
National Capital Region (NCR),"NCR, THIRD DISTRICT (NOT A PROVINCE)",PH130000000,PH1380100000,Visual Disability,Male,Moderate,PH137500000,4327,409,587,1134,2197
National Capital Region (NCR),"NCR, THIRD DISTRICT (NOT A PROVINCE)",PH130000000,PH1380100000,Visual Disability,Male,Severe,PH137500000,629,121,130,146,232
REGION XI (DAVAO REGION),COMPOSTELA VALLEY,PH110000000,PH1108200000,Cognitive Disability,Both Sexes,All,PH118200000,20805,897,2214,6063,11631
REGION XI (DAVAO REGION),COMPOSTELA VALLEY,PH110000000,PH1108200000,Cognitive Disability,Both Sexes,Mild,PH118200000,18345,538,1886,5646,10275
REGION XI (DAVAO REGION),COMPOSTELA VALLEY,PH110000000,PH1108200000,Cognitive Disability,Both Sexes,Moderate,PH118200000,1950,193,233,350,1174
REGION XI (DAVAO REGION),COMPOSTELA VALLEY,PH110000000,PH1108200000,Cognitive Disability,Both Sexes,Severe,PH118200000,510,166,95,67,182
REGION XI (DAVAO REGION),COMPOSTELA VALLEY,PH110000000,PH1108200000,Cognitive Disability,Female,All,PH118200000,11415,419,1241,3302,6453
REGION XI (DAVAO REGION),COMPOSTELA VALLEY,PH110000000,PH1108200000,Cognitive Disability,Female,Mild,PH118200000,10090,259,1112,3090,5629
REGION XI (DAVAO REGION),COMPOSTELA VALLEY,PH110000000,PH1108200000,Cognitive Disability,Female,Moderate,PH118200000,1066,83,94,179,710
REGION XI (DAVAO REGION),COMPOSTELA VALLEY,PH110000000,PH1108200000,Cognitive Disability,Female,Severe,PH118200000,259,77,35,33,114
REGION XI (DAVAO REGION),COMPOSTELA VALLEY,PH110000000,PH1108200000,Cognitive Disability,Male,All,PH118200000,9390,478,973,2761,5178
REGION XI (DAVAO REGION),COMPOSTELA VALLEY,PH110000000,PH1108200000,Cognitive Disability,Male,Mild,PH118200000,8255,279,774,2556,4646
REGION XI (DAVAO REGION),COMPOSTELA VALLEY,PH110000000,PH1108200000,Cognitive Disability,Male,Moderate,PH118200000,884,110,139,171,464
REGION XI (DAVAO REGION),COMPOSTELA VALLEY,PH110000000,PH1108200000,Cognitive Disability,Male,Severe,PH118200000,251,89,60,34,68
REGION XI (DAVAO REGION),COMPOSTELA VALLEY,PH110000000,PH1108200000,Communication Disability,Both Sexes,All,PH118200000,5180,1118,896,941,2225
REGION XI (DAVAO REGION),COMPOSTELA VALLEY,PH110000000,PH1108200000,Communication Disability,Both Sexes,Mild,PH118200000,2851,439,362,541,1509
REGION XI (DAVAO REGION),COMPOSTELA VALLEY,PH110000000,PH1108200000,Communication Disability,Both Sexes,Moderate,PH118200000,1243,304,267,211,461
REGION XI (DAVAO REGION),COMPOSTELA VALLEY,PH110000000,PH1108200000,Communication Disability,Both Sexes,Severe,PH118200000,1086,375,267,189,255
REGION XI (DAVAO REGION),COMPOSTELA VALLEY,PH110000000,PH1108200000,Communication Disability,Female,All,PH118200000,2399,485,356,392,1166
REGION XI (DAVAO REGION),COMPOSTELA VALLEY,PH110000000,PH1108200000,Communication Disability,Female,Mild,PH118200000,1315,169,138,219,789
REGION XI (DAVAO REGION),COMPOSTELA VALLEY,PH110000000,PH1108200000,Communication Disability,Female,Moderate,PH118200000,570,141,110,87,232
REGION XI (DAVAO REGION),COMPOSTELA VALLEY,PH110000000,PH1108200000,Communication Disability,Female,Severe,PH118200000,514,175,108,86,145
REGION XI (DAVAO REGION),COMPOSTELA VALLEY,PH110000000,PH1108200000,Communication Disability,Male,All,PH118200000,2781,633,540,549,1059
REGION XI (DAVAO REGION),COMPOSTELA VALLEY,PH110000000,PH1108200000,Communication Disability,Male,Mild,PH118200000,1536,270,224,322,720
REGION XI (DAVAO REGION),COMPOSTELA VALLEY,PH110000000,PH1108200000,Communication Disability,Male,Moderate,PH118200000,673,163,157,124,229
REGION XI (DAVAO REGION),COMPOSTELA VALLEY,PH110000000,PH1108200000,Communication Disability,Male,Severe,PH118200000,572,200,159,103,110
REGION XI (DAVAO REGION),COMPOSTELA VALLEY,PH110000000,PH1108200000,Hearing Disability,Both Sexes,All,PH118200000,16085,706,1003,2883,11493
REGION XI (DAVAO REGION),COMPOSTELA VALLEY,PH110000000,PH1108200000,Hearing Disability,Both Sexes,Mild,PH118200000,13613,485,744,2533,9851
REGION XI (DAVAO REGION),COMPOSTELA VALLEY,PH110000000,PH1108200000,Hearing Disability,Both Sexes,Moderate,PH118200000,1930,122,137,229,1442
REGION XI (DAVAO REGION),COMPOSTELA VALLEY,PH110000000,PH1108200000,Hearing Disability,Both Sexes,Severe,PH118200000,542,99,122,121,200
REGION XI (DAVAO REGION),COMPOSTELA VALLEY,PH110000000,PH1108200000,Hearing Disability,Female,All,PH118200000,7948,324,465,1425,5734
REGION XI (DAVAO REGION),COMPOSTELA VALLEY,PH110000000,PH1108200000,Hearing Disability,Female,Mild,PH118200000,6766,214,363,1279,4910
REGION XI (DAVAO REGION),COMPOSTELA VALLEY,PH110000000,PH1108200000,Hearing Disability,Female,Moderate,PH118200000,945,63,54,99,729
REGION XI (DAVAO REGION),COMPOSTELA VALLEY,PH110000000,PH1108200000,Hearing Disability,Female,Severe,PH118200000,237,47,48,47,95
REGION XI (DAVAO REGION),COMPOSTELA VALLEY,PH110000000,PH1108200000,Hearing Disability,Male,All,PH118200000,8137,382,538,1458,5759
REGION XI (DAVAO REGION),COMPOSTELA VALLEY,PH110000000,PH1108200000,Hearing Disability,Male,Mild,PH118200000,6847,271,381,1254,4941
REGION XI (DAVAO REGION),COMPOSTELA VALLEY,PH110000000,PH1108200000,Hearing Disability,Male,Moderate,PH118200000,985,59,83,130,713
REGION XI (DAVAO REGION),COMPOSTELA VALLEY,PH110000000,PH1108200000,Hearing Disability,Male,Severe,PH118200000,305,52,74,74,105
REGION XI (DAVAO REGION),COMPOSTELA VALLEY,PH110000000,PH1108200000,Mobility Disability,Both Sexes,All,PH118200000,16591,704,878,3288,11721
REGION XI (DAVAO REGION),COMPOSTELA VALLEY,PH110000000,PH1108200000,Mobility Disability,Both Sexes,Mild,PH118200000,12909,337,594,2728,9250
REGION XI (DAVAO REGION),COMPOSTELA VALLEY,PH110000000,PH1108200000,Mobility Disability,Both Sexes,Moderate,PH118200000,2533,147,180,411,1795
REGION XI (DAVAO REGION),COMPOSTELA VALLEY,PH110000000,PH1108200000,Mobility Disability,Both Sexes,Severe,PH118200000,1149,220,104,149,676
REGION XI (DAVAO REGION),COMPOSTELA VALLEY,PH110000000,PH1108200000,Mobility Disability,Female,All,PH118200000,8060,302,348,1349,6061
REGION XI (DAVAO REGION),COMPOSTELA VALLEY,PH110000000,PH1108200000,Mobility Disability,Female,Mild,PH118200000,6288,135,243,1148,4762
REGION XI (DAVAO REGION),COMPOSTELA VALLEY,PH110000000,PH1108200000,Mobility Disability,Female,Moderate,PH118200000,1178,60,68,139,911
REGION XI (DAVAO REGION),COMPOSTELA VALLEY,PH110000000,PH1108200000,Mobility Disability,Female,Severe,PH118200000,594,107,37,62,388
REGION XI (DAVAO REGION),COMPOSTELA VALLEY,PH110000000,PH1108200000,Mobility Disability,Male,All,PH118200000,8531,402,530,1939,5660
REGION XI (DAVAO REGION),COMPOSTELA VALLEY,PH110000000,PH1108200000,Mobility Disability,Male,Mild,PH118200000,6621,202,351,1580,4488
REGION XI (DAVAO REGION),COMPOSTELA VALLEY,PH110000000,PH1108200000,Mobility Disability,Male,Moderate,PH118200000,1355,87,112,272,884
REGION XI (DAVAO REGION),COMPOSTELA VALLEY,PH110000000,PH1108200000,Mobility Disability,Male,Severe,PH118200000,555,113,67,87,288
REGION XI (DAVAO REGION),COMPOSTELA VALLEY,PH110000000,PH1108200000,Self-Care Disability,Both Sexes,All,PH118200000,5020,891,477,628,3024
REGION XI (DAVAO REGION),COMPOSTELA VALLEY,PH110000000,PH1108200000,Self-Care Disability,Both Sexes,Mild,PH118200000,2707,380,201,383,1743
REGION XI (DAVAO REGION),COMPOSTELA VALLEY,PH110000000,PH1108200000,Self-Care Disability,Both Sexes,Moderate,PH118200000,1022,187,138,120,577
REGION XI (DAVAO REGION),COMPOSTELA VALLEY,PH110000000,PH1108200000,Self-Care Disability,Both Sexes,Severe,PH118200000,1291,324,138,125,704
REGION XI (DAVAO REGION),COMPOSTELA VALLEY,PH110000000,PH1108200000,Self-Care Disability,Female,All,PH118200000,2509,398,182,280,1649
REGION XI (DAVAO REGION),COMPOSTELA VALLEY,PH110000000,PH1108200000,Self-Care Disability,Female,Mild,PH118200000,1351,156,73,174,948
REGION XI (DAVAO REGION),COMPOSTELA VALLEY,PH110000000,PH1108200000,Self-Care Disability,Female,Moderate,PH118200000,495,84,57,40,314
REGION XI (DAVAO REGION),COMPOSTELA VALLEY,PH110000000,PH1108200000,Self-Care Disability,Female,Severe,PH118200000,663,158,52,66,387
REGION XI (DAVAO REGION),COMPOSTELA VALLEY,PH110000000,PH1108200000,Self-Care Disability,Male,All,PH118200000,2511,493,295,348,1375
REGION XI (DAVAO REGION),COMPOSTELA VALLEY,PH110000000,PH1108200000,Self-Care Disability,Male,Mild,PH118200000,1356,224,128,209,795
REGION XI (DAVAO REGION),COMPOSTELA VALLEY,PH110000000,PH1108200000,Self-Care Disability,Male,Moderate,PH118200000,527,103,81,80,263
REGION XI (DAVAO REGION),COMPOSTELA VALLEY,PH110000000,PH1108200000,Self-Care Disability,Male,Severe,PH118200000,628,166,86,59,317
REGION XI (DAVAO REGION),COMPOSTELA VALLEY,PH110000000,PH1108200000,Visual Disability,Both Sexes,All,PH118200000,57173,1185,3478,20274,32236
REGION XI (DAVAO REGION),COMPOSTELA VALLEY,PH110000000,PH1108200000,Visual Disability,Both Sexes,Mild,PH118200000,52246,950,3173,19324,28799
REGION XI (DAVAO REGION),COMPOSTELA VALLEY,PH110000000,PH1108200000,Visual Disability,Both Sexes,Moderate,PH118200000,4396,165,265,860,3106
REGION XI (DAVAO REGION),COMPOSTELA VALLEY,PH110000000,PH1108200000,Visual Disability,Both Sexes,Severe,PH118200000,531,70,40,90,331
REGION XI (DAVAO REGION),COMPOSTELA VALLEY,PH110000000,PH1108200000,Visual Disability,Female,All,PH118200000,31318,676,2296,11180,17166
REGION XI (DAVAO REGION),COMPOSTELA VALLEY,PH110000000,PH1108200000,Visual Disability,Female,Mild,PH118200000,28675,563,2144,10693,15275
REGION XI (DAVAO REGION),COMPOSTELA VALLEY,PH110000000,PH1108200000,Visual Disability,Female,Moderate,PH118200000,2365,84,139,444,1698
REGION XI (DAVAO REGION),COMPOSTELA VALLEY,PH110000000,PH1108200000,Visual Disability,Female,Severe,PH118200000,278,29,13,43,193
REGION XI (DAVAO REGION),COMPOSTELA VALLEY,PH110000000,PH1108200000,Visual Disability,Male,All,PH118200000,25855,509,1182,9094,15070
REGION XI (DAVAO REGION),COMPOSTELA VALLEY,PH110000000,PH1108200000,Visual Disability,Male,Mild,PH118200000,23571,387,1029,8631,13524
REGION XI (DAVAO REGION),COMPOSTELA VALLEY,PH110000000,PH1108200000,Visual Disability,Male,Moderate,PH118200000,2031,81,126,416,1408
REGION XI (DAVAO REGION),COMPOSTELA VALLEY,PH110000000,PH1108200000,Visual Disability,Male,Severe,PH118200000,253,41,27,47,138
REGION XI (DAVAO REGION),DAVAO DEL NORTE,PH110000000,PH1102300000,Cognitive Disability,Both Sexes,All,PH112300000,15977,937,1517,4043,9480
REGION XI (DAVAO REGION),DAVAO DEL NORTE,PH110000000,PH1102300000,Cognitive Disability,Both Sexes,Mild,PH112300000,13697,519,1201,3641,8336
REGION XI (DAVAO REGION),DAVAO DEL NORTE,PH110000000,PH1102300000,Cognitive Disability,Both Sexes,Moderate,PH112300000,1710,246,205,303,956
REGION XI (DAVAO REGION),DAVAO DEL NORTE,PH110000000,PH1102300000,Cognitive Disability,Both Sexes,Severe,PH112300000,570,172,111,99,188
REGION XI (DAVAO REGION),DAVAO DEL NORTE,PH110000000,PH1102300000,Cognitive Disability,Female,All,PH112300000,8662,387,813,2205,5257
REGION XI (DAVAO REGION),DAVAO DEL NORTE,PH110000000,PH1102300000,Cognitive Disability,Female,Mild,PH112300000,7510,233,676,2013,4588
REGION XI (DAVAO REGION),DAVAO DEL NORTE,PH110000000,PH1102300000,Cognitive Disability,Female,Moderate,PH112300000,906,96,90,151,569
REGION XI (DAVAO REGION),DAVAO DEL NORTE,PH110000000,PH1102300000,Cognitive Disability,Female,Severe,PH112300000,246,58,47,41,100
REGION XI (DAVAO REGION),DAVAO DEL NORTE,PH110000000,PH1102300000,Cognitive Disability,Male,All,PH112300000,7315,550,704,1838,4223
REGION XI (DAVAO REGION),DAVAO DEL NORTE,PH110000000,PH1102300000,Cognitive Disability,Male,Mild,PH112300000,6187,286,525,1628,3748
REGION XI (DAVAO REGION),DAVAO DEL NORTE,PH110000000,PH1102300000,Cognitive Disability,Male,Moderate,PH112300000,804,150,115,152,387
REGION XI (DAVAO REGION),DAVAO DEL NORTE,PH110000000,PH1102300000,Cognitive Disability,Male,Severe,PH112300000,324,114,64,58,88
REGION XI (DAVAO REGION),DAVAO DEL NORTE,PH110000000,PH1102300000,Communication Disability,Both Sexes,All,PH112300000,6108,1268,942,1122,2776
REGION XI (DAVAO REGION),DAVAO DEL NORTE,PH110000000,PH1102300000,Communication Disability,Both Sexes,Mild,PH112300000,3540,524,437,627,1952
REGION XI (DAVAO REGION),DAVAO DEL NORTE,PH110000000,PH1102300000,Communication Disability,Both Sexes,Moderate,PH112300000,1410,345,236,271,558
REGION XI (DAVAO REGION),DAVAO DEL NORTE,PH110000000,PH1102300000,Communication Disability,Both Sexes,Severe,PH112300000,1158,399,269,224,266
REGION XI (DAVAO REGION),DAVAO DEL NORTE,PH110000000,PH1102300000,Communication Disability,Female,All,PH112300000,2931,514,410,533,1474
REGION XI (DAVAO REGION),DAVAO DEL NORTE,PH110000000,PH1102300000,Communication Disability,Female,Mild,PH112300000,1695,215,178,271,1031
REGION XI (DAVAO REGION),DAVAO DEL NORTE,PH110000000,PH1102300000,Communication Disability,Female,Moderate,PH112300000,709,145,107,144,313
REGION XI (DAVAO REGION),DAVAO DEL NORTE,PH110000000,PH1102300000,Communication Disability,Female,Severe,PH112300000,527,154,125,118,130
REGION XI (DAVAO REGION),DAVAO DEL NORTE,PH110000000,PH1102300000,Communication Disability,Male,All,PH112300000,3177,754,532,589,1302
REGION XI (DAVAO REGION),DAVAO DEL NORTE,PH110000000,PH1102300000,Communication Disability,Male,Mild,PH112300000,1845,309,259,356,921
REGION XI (DAVAO REGION),DAVAO DEL NORTE,PH110000000,PH1102300000,Communication Disability,Male,Moderate,PH112300000,701,200,129,127,245
REGION XI (DAVAO REGION),DAVAO DEL NORTE,PH110000000,PH1102300000,Communication Disability,Male,Severe,PH112300000,631,245,144,106,136
REGION XI (DAVAO REGION),DAVAO DEL NORTE,PH110000000,PH1102300000,Hearing Disability,Both Sexes,All,PH112300000,18123,735,962,2913,13513
REGION XI (DAVAO REGION),DAVAO DEL NORTE,PH110000000,PH1102300000,Hearing Disability,Both Sexes,Mild,PH112300000,15708,498,717,2563,11930
REGION XI (DAVAO REGION),DAVAO DEL NORTE,PH110000000,PH1102300000,Hearing Disability,Both Sexes,Moderate,PH112300000,1923,129,142,239,1413
REGION XI (DAVAO REGION),DAVAO DEL NORTE,PH110000000,PH1102300000,Hearing Disability,Both Sexes,Severe,PH112300000,492,108,103,111,170
REGION XI (DAVAO REGION),DAVAO DEL NORTE,PH110000000,PH1102300000,Hearing Disability,Female,All,PH112300000,8986,328,454,1394,6810
REGION XI (DAVAO REGION),DAVAO DEL NORTE,PH110000000,PH1102300000,Hearing Disability,Female,Mild,PH112300000,7810,229,347,1227,6007
REGION XI (DAVAO REGION),DAVAO DEL NORTE,PH110000000,PH1102300000,Hearing Disability,Female,Moderate,PH112300000,935,50,60,109,716
REGION XI (DAVAO REGION),DAVAO DEL NORTE,PH110000000,PH1102300000,Hearing Disability,Female,Severe,PH112300000,241,49,47,58,87
REGION XI (DAVAO REGION),DAVAO DEL NORTE,PH110000000,PH1102300000,Hearing Disability,Male,All,PH112300000,9137,407,508,1519,6703
REGION XI (DAVAO REGION),DAVAO DEL NORTE,PH110000000,PH1102300000,Hearing Disability,Male,Mild,PH112300000,7898,269,370,1336,5923
REGION XI (DAVAO REGION),DAVAO DEL NORTE,PH110000000,PH1102300000,Hearing Disability,Male,Moderate,PH112300000,988,79,82,130,697
REGION XI (DAVAO REGION),DAVAO DEL NORTE,PH110000000,PH1102300000,Hearing Disability,Male,Severe,PH112300000,251,59,56,53,83
REGION XI (DAVAO REGION),DAVAO DEL NORTE,PH110000000,PH1102300000,Mobility Disability,Both Sexes,All,PH112300000,18423,722,910,3499,13292
REGION XI (DAVAO REGION),DAVAO DEL NORTE,PH110000000,PH1102300000,Mobility Disability,Both Sexes,Mild,PH112300000,14284,357,622,2747,10558
REGION XI (DAVAO REGION),DAVAO DEL NORTE,PH110000000,PH1102300000,Mobility Disability,Both Sexes,Moderate,PH112300000,2870,174,176,554,1966
REGION XI (DAVAO REGION),DAVAO DEL NORTE,PH110000000,PH1102300000,Mobility Disability,Both Sexes,Severe,PH112300000,1269,191,112,198,768
REGION XI (DAVAO REGION),DAVAO DEL NORTE,PH110000000,PH1102300000,Mobility Disability,Female,All,PH112300000,9168,284,398,1472,7014
REGION XI (DAVAO REGION),DAVAO DEL NORTE,PH110000000,PH1102300000,Mobility Disability,Female,Mild,PH112300000,7161,157,262,1194,5548
REGION XI (DAVAO REGION),DAVAO DEL NORTE,PH110000000,PH1102300000,Mobility Disability,Female,Moderate,PH112300000,1373,64,72,200,1037
REGION XI (DAVAO REGION),DAVAO DEL NORTE,PH110000000,PH1102300000,Mobility Disability,Female,Severe,PH112300000,634,63,64,78,429
REGION XI (DAVAO REGION),DAVAO DEL NORTE,PH110000000,PH1102300000,Mobility Disability,Male,All,PH112300000,9255,438,512,2027,6278
REGION XI (DAVAO REGION),DAVAO DEL NORTE,PH110000000,PH1102300000,Mobility Disability,Male,Mild,PH112300000,7123,200,360,1553,5010
REGION XI (DAVAO REGION),DAVAO DEL NORTE,PH110000000,PH1102300000,Mobility Disability,Male,Moderate,PH112300000,1497,110,104,354,929
REGION XI (DAVAO REGION),DAVAO DEL NORTE,PH110000000,PH1102300000,Mobility Disability,Male,Severe,PH112300000,635,128,48,120,339
REGION XI (DAVAO REGION),DAVAO DEL NORTE,PH110000000,PH1102300000,Self-Care Disability,Both Sexes,All,PH112300000,6899,1187,676,995,4041
REGION XI (DAVAO REGION),DAVAO DEL NORTE,PH110000000,PH1102300000,Self-Care Disability,Both Sexes,Mild,PH112300000,4103,598,393,626,2486
REGION XI (DAVAO REGION),DAVAO DEL NORTE,PH110000000,PH1102300000,Self-Care Disability,Both Sexes,Moderate,PH112300000,1303,230,121,183,769
REGION XI (DAVAO REGION),DAVAO DEL NORTE,PH110000000,PH1102300000,Self-Care Disability,Both Sexes,Severe,PH112300000,1493,359,162,186,786
REGION XI (DAVAO REGION),DAVAO DEL NORTE,PH110000000,PH1102300000,Self-Care Disability,Female,All,PH112300000,3398,497,294,438,2169
REGION XI (DAVAO REGION),DAVAO DEL NORTE,PH110000000,PH1102300000,Self-Care Disability,Female,Mild,PH112300000,2042,275,168,287,1312
REGION XI (DAVAO REGION),DAVAO DEL NORTE,PH110000000,PH1102300000,Self-Care Disability,Female,Moderate,PH112300000,621,84,44,70,423
REGION XI (DAVAO REGION),DAVAO DEL NORTE,PH110000000,PH1102300000,Self-Care Disability,Female,Severe,PH112300000,735,138,82,81,434
REGION XI (DAVAO REGION),DAVAO DEL NORTE,PH110000000,PH1102300000,Self-Care Disability,Male,All,PH112300000,3501,690,382,557,1872
REGION XI (DAVAO REGION),DAVAO DEL NORTE,PH110000000,PH1102300000,Self-Care Disability,Male,Mild,PH112300000,2061,323,225,339,1174
REGION XI (DAVAO REGION),DAVAO DEL NORTE,PH110000000,PH1102300000,Self-Care Disability,Male,Moderate,PH112300000,682,146,77,113,346
REGION XI (DAVAO REGION),DAVAO DEL NORTE,PH110000000,PH1102300000,Self-Care Disability,Male,Severe,PH112300000,758,221,80,105,352
REGION XI (DAVAO REGION),DAVAO DEL NORTE,PH110000000,PH1102300000,Visual Disability,Both Sexes,All,PH112300000,70313,1647,4451,24177,40038
REGION XI (DAVAO REGION),DAVAO DEL NORTE,PH110000000,PH1102300000,Visual Disability,Both Sexes,Mild,PH112300000,65526,1378,4107,23257,36784
REGION XI (DAVAO REGION),DAVAO DEL NORTE,PH110000000,PH1102300000,Visual Disability,Both Sexes,Moderate,PH112300000,4170,182,268,815,2905
REGION XI (DAVAO REGION),DAVAO DEL NORTE,PH110000000,PH1102300000,Visual Disability,Both Sexes,Severe,PH112300000,617,87,76,105,349
REGION XI (DAVAO REGION),DAVAO DEL NORTE,PH110000000,PH1102300000,Visual Disability,Female,All,PH112300000,38869,938,2934,13341,21656
REGION XI (DAVAO REGION),DAVAO DEL NORTE,PH110000000,PH1102300000,Visual Disability,Female,Mild,PH112300000,36276,815,2735,12883,19843
REGION XI (DAVAO REGION),DAVAO DEL NORTE,PH110000000,PH1102300000,Visual Disability,Female,Moderate,PH112300000,2272,85,154,413,1620
REGION XI (DAVAO REGION),DAVAO DEL NORTE,PH110000000,PH1102300000,Visual Disability,Female,Severe,PH112300000,321,38,45,45,193
REGION XI (DAVAO REGION),DAVAO DEL NORTE,PH110000000,PH1102300000,Visual Disability,Male,All,PH112300000,31444,709,1517,10836,18382
REGION XI (DAVAO REGION),DAVAO DEL NORTE,PH110000000,PH1102300000,Visual Disability,Male,Mild,PH112300000,29250,563,1372,10374,16941
REGION XI (DAVAO REGION),DAVAO DEL NORTE,PH110000000,PH1102300000,Visual Disability,Male,Moderate,PH112300000,1898,97,114,402,1285
REGION XI (DAVAO REGION),DAVAO DEL NORTE,PH110000000,PH1102300000,Visual Disability,Male,Severe,PH112300000,296,49,31,60,156
REGION XI (DAVAO REGION),DAVAO DEL SUR,PH110000000,PH1102400000,Cognitive Disability,Both Sexes,All,PH112400000,25708,1743,2522,5446,15997
REGION XI (DAVAO REGION),DAVAO DEL SUR,PH110000000,PH1102400000,Cognitive Disability,Both Sexes,Mild,PH112400000,21383,990,1924,4854,13615
REGION XI (DAVAO REGION),DAVAO DEL SUR,PH110000000,PH1102400000,Cognitive Disability,Both Sexes,Moderate,PH112400000,3165,440,380,431,1914
REGION XI (DAVAO REGION),DAVAO DEL SUR,PH110000000,PH1102400000,Cognitive Disability,Both Sexes,Severe,PH112400000,1160,313,218,161,468
REGION XI (DAVAO REGION),DAVAO DEL SUR,PH110000000,PH1102400000,Cognitive Disability,Female,All,PH112400000,14143,720,1287,2957,9179
REGION XI (DAVAO REGION),DAVAO DEL SUR,PH110000000,PH1102400000,Cognitive Disability,Female,Mild,PH112400000,11850,436,1021,2677,7716
REGION XI (DAVAO REGION),DAVAO DEL SUR,PH110000000,PH1102400000,Cognitive Disability,Female,Moderate,PH112400000,1728,165,167,210,1186
REGION XI (DAVAO REGION),DAVAO DEL SUR,PH110000000,PH1102400000,Cognitive Disability,Female,Severe,PH112400000,565,119,99,70,277
REGION XI (DAVAO REGION),DAVAO DEL SUR,PH110000000,PH1102400000,Cognitive Disability,Male,All,PH112400000,11565,1023,1235,2489,6818
REGION XI (DAVAO REGION),DAVAO DEL SUR,PH110000000,PH1102400000,Cognitive Disability,Male,Mild,PH112400000,9533,554,903,2177,5899
REGION XI (DAVAO REGION),DAVAO DEL SUR,PH110000000,PH1102400000,Cognitive Disability,Male,Moderate,PH112400000,1437,275,213,221,728
REGION XI (DAVAO REGION),DAVAO DEL SUR,PH110000000,PH1102400000,Cognitive Disability,Male,Severe,PH112400000,595,194,119,91,191
REGION XI (DAVAO REGION),DAVAO DEL SUR,PH110000000,PH1102400000,Communication Disability,Both Sexes,All,PH112400000,13527,2767,2443,2597,5720
REGION XI (DAVAO REGION),DAVAO DEL SUR,PH110000000,PH1102400000,Communication Disability,Both Sexes,Mild,PH112400000,7639,1081,1135,1439,3984
REGION XI (DAVAO REGION),DAVAO DEL SUR,PH110000000,PH1102400000,Communication Disability,Both Sexes,Moderate,PH112400000,3152,780,630,626,1116
REGION XI (DAVAO REGION),DAVAO DEL SUR,PH110000000,PH1102400000,Communication Disability,Both Sexes,Severe,PH112400000,2736,906,678,532,620
REGION XI (DAVAO REGION),DAVAO DEL SUR,PH110000000,PH1102400000,Communication Disability,Female,All,PH112400000,6505,1174,1050,1200,3081
REGION XI (DAVAO REGION),DAVAO DEL SUR,PH110000000,PH1102400000,Communication Disability,Female,Mild,PH112400000,3480,464,378,517,2121
REGION XI (DAVAO REGION),DAVAO DEL SUR,PH110000000,PH1102400000,Communication Disability,Female,Moderate,PH112400000,1624,308,324,380,612
REGION XI (DAVAO REGION),DAVAO DEL SUR,PH110000000,PH1102400000,Communication Disability,Female,Severe,PH112400000,1401,402,348,303,348
REGION XI (DAVAO REGION),DAVAO DEL SUR,PH110000000,PH1102400000,Communication Disability,Male,All,PH112400000,7022,1593,1393,1397,2639
REGION XI (DAVAO REGION),DAVAO DEL SUR,PH110000000,PH1102400000,Communication Disability,Male,Mild,PH112400000,4159,617,757,922,1863
REGION XI (DAVAO REGION),DAVAO DEL SUR,PH110000000,PH1102400000,Communication Disability,Male,Moderate,PH112400000,1528,472,306,246,504
REGION XI (DAVAO REGION),DAVAO DEL SUR,PH110000000,PH1102400000,Communication Disability,Male,Severe,PH112400000,1335,504,330,229,272
REGION XI (DAVAO REGION),DAVAO DEL SUR,PH110000000,PH1102400000,Hearing Disability,Both Sexes,All,PH112400000,30139,1249,1716,4458,22716
REGION XI (DAVAO REGION),DAVAO DEL SUR,PH110000000,PH1102400000,Hearing Disability,Both Sexes,Mild,PH112400000,25813,847,1257,3928,19781
REGION XI (DAVAO REGION),DAVAO DEL SUR,PH110000000,PH1102400000,Hearing Disability,Both Sexes,Moderate,PH112400000,3291,209,216,341,2525
REGION XI (DAVAO REGION),DAVAO DEL SUR,PH110000000,PH1102400000,Hearing Disability,Both Sexes,Severe,PH112400000,1035,193,243,189,410
REGION XI (DAVAO REGION),DAVAO DEL SUR,PH110000000,PH1102400000,Hearing Disability,Female,All,PH112400000,15781,580,843,2205,12153
REGION XI (DAVAO REGION),DAVAO DEL SUR,PH110000000,PH1102400000,Hearing Disability,Female,Mild,PH112400000,13609,417,623,1965,10604
REGION XI (DAVAO REGION),DAVAO DEL SUR,PH110000000,PH1102400000,Hearing Disability,Female,Moderate,PH112400000,1689,84,99,152,1354
REGION XI (DAVAO REGION),DAVAO DEL SUR,PH110000000,PH1102400000,Hearing Disability,Female,Severe,PH112400000,483,79,121,88,195
REGION XI (DAVAO REGION),DAVAO DEL SUR,PH110000000,PH1102400000,Hearing Disability,Male,All,PH112400000,14358,669,873,2253,10563
REGION XI (DAVAO REGION),DAVAO DEL SUR,PH110000000,PH1102400000,Hearing Disability,Male,Mild,PH112400000,12204,430,634,1963,9177
REGION XI (DAVAO REGION),DAVAO DEL SUR,PH110000000,PH1102400000,Hearing Disability,Male,Moderate,PH112400000,1602,125,117,189,1171
REGION XI (DAVAO REGION),DAVAO DEL SUR,PH110000000,PH1102400000,Hearing Disability,Male,Severe,PH112400000,552,114,122,101,215
REGION XI (DAVAO REGION),DAVAO DEL SUR,PH110000000,PH1102400000,Mobility Disability,Both Sexes,All,PH112400000,32203,1361,1652,5353,23837
REGION XI (DAVAO REGION),DAVAO DEL SUR,PH110000000,PH1102400000,Mobility Disability,Both Sexes,Mild,PH112400000,24416,711,1075,4127,18503
REGION XI (DAVAO REGION),DAVAO DEL SUR,PH110000000,PH1102400000,Mobility Disability,Both Sexes,Moderate,PH112400000,5217,289,332,875,3721
REGION XI (DAVAO REGION),DAVAO DEL SUR,PH110000000,PH1102400000,Mobility Disability,Both Sexes,Severe,PH112400000,2570,361,245,351,1613
REGION XI (DAVAO REGION),DAVAO DEL SUR,PH110000000,PH1102400000,Mobility Disability,Female,All,PH112400000,16363,582,669,2221,12891
REGION XI (DAVAO REGION),DAVAO DEL SUR,PH110000000,PH1102400000,Mobility Disability,Female,Mild,PH112400000,12478,315,426,1748,9989
REGION XI (DAVAO REGION),DAVAO DEL SUR,PH110000000,PH1102400000,Mobility Disability,Female,Moderate,PH112400000,2575,118,137,330,1990
REGION XI (DAVAO REGION),DAVAO DEL SUR,PH110000000,PH1102400000,Mobility Disability,Female,Severe,PH112400000,1310,149,106,143,912
REGION XI (DAVAO REGION),DAVAO DEL SUR,PH110000000,PH1102400000,Mobility Disability,Male,All,PH112400000,15840,779,983,3132,10946
REGION XI (DAVAO REGION),DAVAO DEL SUR,PH110000000,PH1102400000,Mobility Disability,Male,Mild,PH112400000,11938,396,649,2379,8514
REGION XI (DAVAO REGION),DAVAO DEL SUR,PH110000000,PH1102400000,Mobility Disability,Male,Moderate,PH112400000,2642,171,195,545,1731
REGION XI (DAVAO REGION),DAVAO DEL SUR,PH110000000,PH1102400000,Mobility Disability,Male,Severe,PH112400000,1260,212,139,208,701
REGION XI (DAVAO REGION),DAVAO DEL SUR,PH110000000,PH1102400000,Self-Care Disability,Both Sexes,All,PH112400000,13230,2354,1241,1706,7929
REGION XI (DAVAO REGION),DAVAO DEL SUR,PH110000000,PH1102400000,Self-Care Disability,Both Sexes,Mild,PH112400000,7488,1026,622,1021,4819
REGION XI (DAVAO REGION),DAVAO DEL SUR,PH110000000,PH1102400000,Self-Care Disability,Both Sexes,Moderate,PH112400000,2697,541,307,343,1506
REGION XI (DAVAO REGION),DAVAO DEL SUR,PH110000000,PH1102400000,Self-Care Disability,Both Sexes,Severe,PH112400000,3045,787,312,342,1604
REGION XI (DAVAO REGION),DAVAO DEL SUR,PH110000000,PH1102400000,Self-Care Disability,Female,All,PH112400000,6642,999,520,721,4402
REGION XI (DAVAO REGION),DAVAO DEL SUR,PH110000000,PH1102400000,Self-Care Disability,Female,Mild,PH112400000,3786,468,252,421,2645
REGION XI (DAVAO REGION),DAVAO DEL SUR,PH110000000,PH1102400000,Self-Care Disability,Female,Moderate,PH112400000,1343,229,131,145,838
REGION XI (DAVAO REGION),DAVAO DEL SUR,PH110000000,PH1102400000,Self-Care Disability,Female,Severe,PH112400000,1513,302,137,155,919
REGION XI (DAVAO REGION),DAVAO DEL SUR,PH110000000,PH1102400000,Self-Care Disability,Male,All,PH112400000,6588,1355,721,985,3527
REGION XI (DAVAO REGION),DAVAO DEL SUR,PH110000000,PH1102400000,Self-Care Disability,Male,Mild,PH112400000,3702,558,370,600,2174
REGION XI (DAVAO REGION),DAVAO DEL SUR,PH110000000,PH1102400000,Self-Care Disability,Male,Moderate,PH112400000,1354,312,176,198,668
REGION XI (DAVAO REGION),DAVAO DEL SUR,PH110000000,PH1102400000,Self-Care Disability,Male,Severe,PH112400000,1532,485,175,187,685
REGION XI (DAVAO REGION),DAVAO DEL SUR,PH110000000,PH1102400000,Visual Disability,Both Sexes,All,PH112400000,130139,4558,11259,41862,72460
REGION XI (DAVAO REGION),DAVAO DEL SUR,PH110000000,PH1102400000,Visual Disability,Both Sexes,Mild,PH112400000,121129,3936,10496,40164,66533
REGION XI (DAVAO REGION),DAVAO DEL SUR,PH110000000,PH1102400000,Visual Disability,Both Sexes,Moderate,PH112400000,7692,408,602,1441,5241
REGION XI (DAVAO REGION),DAVAO DEL SUR,PH110000000,PH1102400000,Visual Disability,Both Sexes,Severe,PH112400000,1318,214,161,257,686
REGION XI (DAVAO REGION),DAVAO DEL SUR,PH110000000,PH1102400000,Visual Disability,Female,All,PH112400000,73761,2615,7094,23362,40690
REGION XI (DAVAO REGION),DAVAO DEL SUR,PH110000000,PH1102400000,Visual Disability,Female,Mild,PH112400000,68695,2306,6680,22486,37223
REGION XI (DAVAO REGION),DAVAO DEL SUR,PH110000000,PH1102400000,Visual Disability,Female,Moderate,PH112400000,4374,211,332,752,3079
REGION XI (DAVAO REGION),DAVAO DEL SUR,PH110000000,PH1102400000,Visual Disability,Female,Severe,PH112400000,692,98,82,124,388
REGION XI (DAVAO REGION),DAVAO DEL SUR,PH110000000,PH1102400000,Visual Disability,Male,All,PH112400000,56378,1943,4165,18500,31770
REGION XI (DAVAO REGION),DAVAO DEL SUR,PH110000000,PH1102400000,Visual Disability,Male,Mild,PH112400000,52434,1630,3816,17678,29310
REGION XI (DAVAO REGION),DAVAO DEL SUR,PH110000000,PH1102400000,Visual Disability,Male,Moderate,PH112400000,3318,197,270,689,2162
REGION XI (DAVAO REGION),DAVAO DEL SUR,PH110000000,PH1102400000,Visual Disability,Male,Severe,PH112400000,626,116,79,133,298
REGION XI (DAVAO REGION),DAVAO OCCIDENTAL,PH110000000,PH1108600000,Cognitive Disability,Both Sexes,All,PH118600000,7325,311,915,2254,3845
REGION XI (DAVAO REGION),DAVAO OCCIDENTAL,PH110000000,PH1108600000,Cognitive Disability,Both Sexes,Mild,PH118600000,6553,205,850,2111,3387
REGION XI (DAVAO REGION),DAVAO OCCIDENTAL,PH110000000,PH1108600000,Cognitive Disability,Both Sexes,Moderate,PH118600000,634,64,35,124,411
REGION XI (DAVAO REGION),DAVAO OCCIDENTAL,PH110000000,PH1108600000,Cognitive Disability,Both Sexes,Severe,PH118600000,138,42,30,19,47
REGION XI (DAVAO REGION),DAVAO OCCIDENTAL,PH110000000,PH1108600000,Cognitive Disability,Female,All,PH118600000,3947,162,544,1186,2055
REGION XI (DAVAO REGION),DAVAO OCCIDENTAL,PH110000000,PH1108600000,Cognitive Disability,Female,Mild,PH118600000,3541,119,517,1112,1793
REGION XI (DAVAO REGION),DAVAO OCCIDENTAL,PH110000000,PH1108600000,Cognitive Disability,Female,Moderate,PH118600000,340,26,14,63,237
REGION XI (DAVAO REGION),DAVAO OCCIDENTAL,PH110000000,PH1108600000,Cognitive Disability,Female,Severe,PH118600000,66,17,13,11,25
REGION XI (DAVAO REGION),DAVAO OCCIDENTAL,PH110000000,PH1108600000,Cognitive Disability,Male,All,PH118600000,3378,149,371,1068,1790
REGION XI (DAVAO REGION),DAVAO OCCIDENTAL,PH110000000,PH1108600000,Cognitive Disability,Male,Mild,PH118600000,3012,86,333,999,1594
REGION XI (DAVAO REGION),DAVAO OCCIDENTAL,PH110000000,PH1108600000,Cognitive Disability,Male,Moderate,PH118600000,294,38,21,61,174
REGION XI (DAVAO REGION),DAVAO OCCIDENTAL,PH110000000,PH1108600000,Cognitive Disability,Male,Severe,PH118600000,72,25,17,8,22
REGION XI (DAVAO REGION),DAVAO OCCIDENTAL,PH110000000,PH1108600000,Communication Disability,Both Sexes,All,PH118600000,2146,426,319,405,996
REGION XI (DAVAO REGION),DAVAO OCCIDENTAL,PH110000000,PH1108600000,Communication Disability,Both Sexes,Mild,PH118600000,1351,182,150,258,761
REGION XI (DAVAO REGION),DAVAO OCCIDENTAL,PH110000000,PH1108600000,Communication Disability,Both Sexes,Moderate,PH118600000,442,117,80,79,166
REGION XI (DAVAO REGION),DAVAO OCCIDENTAL,PH110000000,PH1108600000,Communication Disability,Both Sexes,Severe,PH118600000,353,127,89,68,69
REGION XI (DAVAO REGION),DAVAO OCCIDENTAL,PH110000000,PH1108600000,Communication Disability,Female,All,PH118600000,1048,188,158,175,527
REGION XI (DAVAO REGION),DAVAO OCCIDENTAL,PH110000000,PH1108600000,Communication Disability,Female,Mild,PH118600000,636,83,63,94,396
REGION XI (DAVAO REGION),DAVAO OCCIDENTAL,PH110000000,PH1108600000,Communication Disability,Female,Moderate,PH118600000,235,51,42,48,94
REGION XI (DAVAO REGION),DAVAO OCCIDENTAL,PH110000000,PH1108600000,Communication Disability,Female,Severe,PH118600000,177,54,53,33,37
REGION XI (DAVAO REGION),DAVAO OCCIDENTAL,PH110000000,PH1108600000,Communication Disability,Male,All,PH118600000,1098,238,161,230,469
REGION XI (DAVAO REGION),DAVAO OCCIDENTAL,PH110000000,PH1108600000,Communication Disability,Male,Mild,PH118600000,715,99,87,164,365
REGION XI (DAVAO REGION),DAVAO OCCIDENTAL,PH110000000,PH1108600000,Communication Disability,Male,Moderate,PH118600000,207,66,38,31,72
REGION XI (DAVAO REGION),DAVAO OCCIDENTAL,PH110000000,PH1108600000,Communication Disability,Male,Severe,PH118600000,176,73,36,35,32
REGION XI (DAVAO REGION),DAVAO OCCIDENTAL,PH110000000,PH1108600000,Hearing Disability,Both Sexes,All,PH118600000,5112,229,334,941,3608
REGION XI (DAVAO REGION),DAVAO OCCIDENTAL,PH110000000,PH1108600000,Hearing Disability,Both Sexes,Mild,PH118600000,4440,158,267,840,3175
REGION XI (DAVAO REGION),DAVAO OCCIDENTAL,PH110000000,PH1108600000,Hearing Disability,Both Sexes,Moderate,PH118600000,534,38,33,75,388
REGION XI (DAVAO REGION),DAVAO OCCIDENTAL,PH110000000,PH1108600000,Hearing Disability,Both Sexes,Severe,PH118600000,138,33,34,26,45
REGION XI (DAVAO REGION),DAVAO OCCIDENTAL,PH110000000,PH1108600000,Hearing Disability,Female,All,PH118600000,2497,110,163,415,1809
REGION XI (DAVAO REGION),DAVAO OCCIDENTAL,PH110000000,PH1108600000,Hearing Disability,Female,Mild,PH118600000,2202,81,133,381,1607
REGION XI (DAVAO REGION),DAVAO OCCIDENTAL,PH110000000,PH1108600000,Hearing Disability,Female,Moderate,PH118600000,236,16,14,27,179
REGION XI (DAVAO REGION),DAVAO OCCIDENTAL,PH110000000,PH1108600000,Hearing Disability,Female,Severe,PH118600000,59,13,16,7,23
REGION XI (DAVAO REGION),DAVAO OCCIDENTAL,PH110000000,PH1108600000,Hearing Disability,Male,All,PH118600000,2615,119,171,526,1799
REGION XI (DAVAO REGION),DAVAO OCCIDENTAL,PH110000000,PH1108600000,Hearing Disability,Male,Mild,PH118600000,2238,77,134,459,1568
REGION XI (DAVAO REGION),DAVAO OCCIDENTAL,PH110000000,PH1108600000,Hearing Disability,Male,Moderate,PH118600000,298,22,19,48,209
REGION XI (DAVAO REGION),DAVAO OCCIDENTAL,PH110000000,PH1108600000,Hearing Disability,Male,Severe,PH118600000,79,20,18,19,22
REGION XI (DAVAO REGION),DAVAO OCCIDENTAL,PH110000000,PH1108600000,Mobility Disability,Both Sexes,All,PH118600000,5192,257,311,1136,3488
REGION XI (DAVAO REGION),DAVAO OCCIDENTAL,PH110000000,PH1108600000,Mobility Disability,Both Sexes,Mild,PH118600000,4109,147,217,943,2802
REGION XI (DAVAO REGION),DAVAO OCCIDENTAL,PH110000000,PH1108600000,Mobility Disability,Both Sexes,Moderate,PH118600000,769,54,53,134,528
REGION XI (DAVAO REGION),DAVAO OCCIDENTAL,PH110000000,PH1108600000,Mobility Disability,Both Sexes,Severe,PH118600000,314,56,41,59,158
REGION XI (DAVAO REGION),DAVAO OCCIDENTAL,PH110000000,PH1108600000,Mobility Disability,Female,All,PH118600000,2563,119,149,504,1791
REGION XI (DAVAO REGION),DAVAO OCCIDENTAL,PH110000000,PH1108600000,Mobility Disability,Female,Mild,PH118600000,2055,76,108,428,1443
REGION XI (DAVAO REGION),DAVAO OCCIDENTAL,PH110000000,PH1108600000,Mobility Disability,Female,Moderate,PH118600000,349,23,17,49,260
REGION XI (DAVAO REGION),DAVAO OCCIDENTAL,PH110000000,PH1108600000,Mobility Disability,Female,Severe,PH118600000,159,20,24,27,88
REGION XI (DAVAO REGION),DAVAO OCCIDENTAL,PH110000000,PH1108600000,Mobility Disability,Male,All,PH118600000,2629,138,162,632,1697
REGION XI (DAVAO REGION),DAVAO OCCIDENTAL,PH110000000,PH1108600000,Mobility Disability,Male,Mild,PH118600000,2054,71,109,515,1359
REGION XI (DAVAO REGION),DAVAO OCCIDENTAL,PH110000000,PH1108600000,Mobility Disability,Male,Moderate,PH118600000,420,31,36,85,268
REGION XI (DAVAO REGION),DAVAO OCCIDENTAL,PH110000000,PH1108600000,Mobility Disability,Male,Severe,PH118600000,155,36,17,32,70
REGION XI (DAVAO REGION),DAVAO OCCIDENTAL,PH110000000,PH1108600000,Self-Care Disability,Both Sexes,All,PH118600000,2073,352,193,298,1230
REGION XI (DAVAO REGION),DAVAO OCCIDENTAL,PH110000000,PH1108600000,Self-Care Disability,Both Sexes,Mild,PH118600000,1420,220,122,220,858
REGION XI (DAVAO REGION),DAVAO OCCIDENTAL,PH110000000,PH1108600000,Self-Care Disability,Both Sexes,Moderate,PH118600000,341,59,32,38,212
REGION XI (DAVAO REGION),DAVAO OCCIDENTAL,PH110000000,PH1108600000,Self-Care Disability,Both Sexes,Severe,PH118600000,312,73,39,40,160
REGION XI (DAVAO REGION),DAVAO OCCIDENTAL,PH110000000,PH1108600000,Self-Care Disability,Female,All,PH118600000,1045,162,97,132,654
REGION XI (DAVAO REGION),DAVAO OCCIDENTAL,PH110000000,PH1108600000,Self-Care Disability,Female,Mild,PH118600000,718,107,63,96,452
REGION XI (DAVAO REGION),DAVAO OCCIDENTAL,PH110000000,PH1108600000,Self-Care Disability,Female,Moderate,PH118600000,173,28,15,19,111
REGION XI (DAVAO REGION),DAVAO OCCIDENTAL,PH110000000,PH1108600000,Self-Care Disability,Female,Severe,PH118600000,154,27,19,17,91
REGION XI (DAVAO REGION),DAVAO OCCIDENTAL,PH110000000,PH1108600000,Self-Care Disability,Male,All,PH118600000,1028,190,96,166,576
REGION XI (DAVAO REGION),DAVAO OCCIDENTAL,PH110000000,PH1108600000,Self-Care Disability,Male,Mild,PH118600000,702,113,59,124,406
REGION XI (DAVAO REGION),DAVAO OCCIDENTAL,PH110000000,PH1108600000,Self-Care Disability,Male,Moderate,PH118600000,168,31,17,19,101
REGION XI (DAVAO REGION),DAVAO OCCIDENTAL,PH110000000,PH1108600000,Self-Care Disability,Male,Severe,PH118600000,158,46,20,23,69
REGION XI (DAVAO REGION),DAVAO OCCIDENTAL,PH110000000,PH1108600000,Visual Disability,Both Sexes,All,PH118600000,15577,309,826,5336,9106
REGION XI (DAVAO REGION),DAVAO OCCIDENTAL,PH110000000,PH1108600000,Visual Disability,Both Sexes,Mild,PH118600000,14282,237,763,5116,8166
REGION XI (DAVAO REGION),DAVAO OCCIDENTAL,PH110000000,PH1108600000,Visual Disability,Both Sexes,Moderate,PH118600000,1137,38,47,201,851
REGION XI (DAVAO REGION),DAVAO OCCIDENTAL,PH110000000,PH1108600000,Visual Disability,Both Sexes,Severe,PH118600000,158,34,16,19,89
REGION XI (DAVAO REGION),DAVAO OCCIDENTAL,PH110000000,PH1108600000,Visual Disability,Female,All,PH118600000,8315,159,484,2868,4804
REGION XI (DAVAO REGION),DAVAO OCCIDENTAL,PH110000000,PH1108600000,Visual Disability,Female,Mild,PH118600000,7641,127,453,2772,4289
REGION XI (DAVAO REGION),DAVAO OCCIDENTAL,PH110000000,PH1108600000,Visual Disability,Female,Moderate,PH118600000,588,16,22,90,460
REGION XI (DAVAO REGION),DAVAO OCCIDENTAL,PH110000000,PH1108600000,Visual Disability,Female,Severe,PH118600000,86,16,9,6,55
REGION XI (DAVAO REGION),DAVAO OCCIDENTAL,PH110000000,PH1108600000,Visual Disability,Male,All,PH118600000,7262,150,342,2468,4302
REGION XI (DAVAO REGION),DAVAO OCCIDENTAL,PH110000000,PH1108600000,Visual Disability,Male,Mild,PH118600000,6641,110,310,2344,3877
REGION XI (DAVAO REGION),DAVAO OCCIDENTAL,PH110000000,PH1108600000,Visual Disability,Male,Moderate,PH118600000,549,22,25,111,391
REGION XI (DAVAO REGION),DAVAO OCCIDENTAL,PH110000000,PH1108600000,Visual Disability,Male,Severe,PH118600000,72,18,7,13,34
REGION XI (DAVAO REGION),DAVAO ORIENTAL,PH110000000,PH1102500000,Cognitive Disability,Both Sexes,All,PH112500000,9295,451,730,2052,6062
REGION XI (DAVAO REGION),DAVAO ORIENTAL,PH110000000,PH1102500000,Cognitive Disability,Both Sexes,Mild,PH112500000,8002,246,580,1879,5297
REGION XI (DAVAO REGION),DAVAO ORIENTAL,PH110000000,PH1102500000,Cognitive Disability,Both Sexes,Moderate,PH112500000,995,124,102,122,647
REGION XI (DAVAO REGION),DAVAO ORIENTAL,PH110000000,PH1102500000,Cognitive Disability,Both Sexes,Severe,PH112500000,298,81,48,51,118
REGION XI (DAVAO REGION),DAVAO ORIENTAL,PH110000000,PH1102500000,Cognitive Disability,Female,All,PH112500000,5204,219,442,1128,3415
REGION XI (DAVAO REGION),DAVAO ORIENTAL,PH110000000,PH1102500000,Cognitive Disability,Female,Mild,PH112500000,4494,125,365,1036,2968
REGION XI (DAVAO REGION),DAVAO ORIENTAL,PH110000000,PH1102500000,Cognitive Disability,Female,Moderate,PH112500000,560,60,50,66,384
REGION XI (DAVAO REGION),DAVAO ORIENTAL,PH110000000,PH1102500000,Cognitive Disability,Female,Severe,PH112500000,150,34,27,26,63
REGION XI (DAVAO REGION),DAVAO ORIENTAL,PH110000000,PH1102500000,Cognitive Disability,Male,All,PH112500000,4091,232,288,924,2647
REGION XI (DAVAO REGION),DAVAO ORIENTAL,PH110000000,PH1102500000,Cognitive Disability,Male,Mild,PH112500000,3508,121,215,843,2329
REGION XI (DAVAO REGION),DAVAO ORIENTAL,PH110000000,PH1102500000,Cognitive Disability,Male,Moderate,PH112500000,435,64,52,56,263
REGION XI (DAVAO REGION),DAVAO ORIENTAL,PH110000000,PH1102500000,Cognitive Disability,Male,Severe,PH112500000,148,47,21,25,55
REGION XI (DAVAO REGION),DAVAO ORIENTAL,PH110000000,PH1102500000,Communication Disability,Both Sexes,All,PH112500000,3399,590,482,501,1826
REGION XI (DAVAO REGION),DAVAO ORIENTAL,PH110000000,PH1102500000,Communication Disability,Both Sexes,Mild,PH112500000,2025,252,209,266,1298
REGION XI (DAVAO REGION),DAVAO ORIENTAL,PH110000000,PH1102500000,Communication Disability,Both Sexes,Moderate,PH112500000,764,157,133,108,366
REGION XI (DAVAO REGION),DAVAO ORIENTAL,PH110000000,PH1102500000,Communication Disability,Both Sexes,Severe,PH112500000,610,181,140,127,162
REGION XI (DAVAO REGION),DAVAO ORIENTAL,PH110000000,PH1102500000,Communication Disability,Female,All,PH112500000,1753,277,220,233,1023
REGION XI (DAVAO REGION),DAVAO ORIENTAL,PH110000000,PH1102500000,Communication Disability,Female,Mild,PH112500000,1053,120,84,118,731
REGION XI (DAVAO REGION),DAVAO ORIENTAL,PH110000000,PH1102500000,Communication Disability,Female,Moderate,PH112500000,391,72,63,50,206
REGION XI (DAVAO REGION),DAVAO ORIENTAL,PH110000000,PH1102500000,Communication Disability,Female,Severe,PH112500000,309,85,73,65,86
REGION XI (DAVAO REGION),DAVAO ORIENTAL,PH110000000,PH1102500000,Communication Disability,Male,All,PH112500000,1646,313,262,268,803
REGION XI (DAVAO REGION),DAVAO ORIENTAL,PH110000000,PH1102500000,Communication Disability,Male,Mild,PH112500000,972,132,125,148,567
REGION XI (DAVAO REGION),DAVAO ORIENTAL,PH110000000,PH1102500000,Communication Disability,Male,Moderate,PH112500000,373,85,70,58,160
REGION XI (DAVAO REGION),DAVAO ORIENTAL,PH110000000,PH1102500000,Communication Disability,Male,Severe,PH112500000,301,96,67,62,76
REGION XI (DAVAO REGION),DAVAO ORIENTAL,PH110000000,PH1102500000,Hearing Disability,Both Sexes,All,PH112500000,9968,366,441,1431,7730
REGION XI (DAVAO REGION),DAVAO ORIENTAL,PH110000000,PH1102500000,Hearing Disability,Both Sexes,Mild,PH112500000,8477,239,319,1262,6657
REGION XI (DAVAO REGION),DAVAO ORIENTAL,PH110000000,PH1102500000,Hearing Disability,Both Sexes,Moderate,PH112500000,1182,62,61,108,951
REGION XI (DAVAO REGION),DAVAO ORIENTAL,PH110000000,PH1102500000,Hearing Disability,Both Sexes,Severe,PH112500000,309,65,61,61,122
REGION XI (DAVAO REGION),DAVAO ORIENTAL,PH110000000,PH1102500000,Hearing Disability,Female,All,PH112500000,5084,182,197,651,4054
REGION XI (DAVAO REGION),DAVAO ORIENTAL,PH110000000,PH1102500000,Hearing Disability,Female,Mild,PH112500000,4329,114,142,585,3488
REGION XI (DAVAO REGION),DAVAO ORIENTAL,PH110000000,PH1102500000,Hearing Disability,Female,Moderate,PH112500000,605,36,23,42,504
REGION XI (DAVAO REGION),DAVAO ORIENTAL,PH110000000,PH1102500000,Hearing Disability,Female,Severe,PH112500000,150,32,32,24,62
REGION XI (DAVAO REGION),DAVAO ORIENTAL,PH110000000,PH1102500000,Hearing Disability,Male,All,PH112500000,4884,184,244,780,3676
REGION XI (DAVAO REGION),DAVAO ORIENTAL,PH110000000,PH1102500000,Hearing Disability,Male,Mild,PH112500000,4148,125,177,677,3169
REGION XI (DAVAO REGION),DAVAO ORIENTAL,PH110000000,PH1102500000,Hearing Disability,Male,Moderate,PH112500000,577,26,38,66,447
REGION XI (DAVAO REGION),DAVAO ORIENTAL,PH110000000,PH1102500000,Hearing Disability,Male,Severe,PH112500000,159,33,29,37,60
REGION XI (DAVAO REGION),DAVAO ORIENTAL,PH110000000,PH1102500000,Mobility Disability,Both Sexes,All,PH112500000,10535,357,473,1785,7920
REGION XI (DAVAO REGION),DAVAO ORIENTAL,PH110000000,PH1102500000,Mobility Disability,Both Sexes,Mild,PH112500000,8138,184,298,1405,6251
REGION XI (DAVAO REGION),DAVAO ORIENTAL,PH110000000,PH1102500000,Mobility Disability,Both Sexes,Moderate,PH112500000,1678,70,106,270,1232
REGION XI (DAVAO REGION),DAVAO ORIENTAL,PH110000000,PH1102500000,Mobility Disability,Both Sexes,Severe,PH112500000,719,103,69,110,437
REGION XI (DAVAO REGION),DAVAO ORIENTAL,PH110000000,PH1102500000,Mobility Disability,Female,All,PH112500000,5431,154,214,747,4316
REGION XI (DAVAO REGION),DAVAO ORIENTAL,PH110000000,PH1102500000,Mobility Disability,Female,Mild,PH112500000,4189,78,132,586,3393
REGION XI (DAVAO REGION),DAVAO ORIENTAL,PH110000000,PH1102500000,Mobility Disability,Female,Moderate,PH112500000,851,36,49,105,661
REGION XI (DAVAO REGION),DAVAO ORIENTAL,PH110000000,PH1102500000,Mobility Disability,Female,Severe,PH112500000,391,40,33,56,262
REGION XI (DAVAO REGION),DAVAO ORIENTAL,PH110000000,PH1102500000,Mobility Disability,Male,All,PH112500000,5104,203,259,1038,3604
REGION XI (DAVAO REGION),DAVAO ORIENTAL,PH110000000,PH1102500000,Mobility Disability,Male,Mild,PH112500000,3949,106,166,819,2858
REGION XI (DAVAO REGION),DAVAO ORIENTAL,PH110000000,PH1102500000,Mobility Disability,Male,Moderate,PH112500000,827,34,57,165,571
REGION XI (DAVAO REGION),DAVAO ORIENTAL,PH110000000,PH1102500000,Mobility Disability,Male,Severe,PH112500000,328,63,36,54,175
REGION XI (DAVAO REGION),DAVAO ORIENTAL,PH110000000,PH1102500000,Self-Care Disability,Both Sexes,All,PH112500000,3589,529,272,362,2426
REGION XI (DAVAO REGION),DAVAO ORIENTAL,PH110000000,PH1102500000,Self-Care Disability,Both Sexes,Mild,PH112500000,2183,277,125,225,1556
REGION XI (DAVAO REGION),DAVAO ORIENTAL,PH110000000,PH1102500000,Self-Care Disability,Both Sexes,Moderate,PH112500000,670,112,58,59,441
REGION XI (DAVAO REGION),DAVAO ORIENTAL,PH110000000,PH1102500000,Self-Care Disability,Both Sexes,Severe,PH112500000,736,140,89,78,429
REGION XI (DAVAO REGION),DAVAO ORIENTAL,PH110000000,PH1102500000,Self-Care Disability,Female,All,PH112500000,1974,247,139,170,1418
REGION XI (DAVAO REGION),DAVAO ORIENTAL,PH110000000,PH1102500000,Self-Care Disability,Female,Mild,PH112500000,1204,141,65,107,891
REGION XI (DAVAO REGION),DAVAO ORIENTAL,PH110000000,PH1102500000,Self-Care Disability,Female,Moderate,PH112500000,372,45,30,28,269
REGION XI (DAVAO REGION),DAVAO ORIENTAL,PH110000000,PH1102500000,Self-Care Disability,Female,Severe,PH112500000,398,61,44,35,258
REGION XI (DAVAO REGION),DAVAO ORIENTAL,PH110000000,PH1102500000,Self-Care Disability,Male,All,PH112500000,1615,282,133,192,1008
REGION XI (DAVAO REGION),DAVAO ORIENTAL,PH110000000,PH1102500000,Self-Care Disability,Male,Mild,PH112500000,979,136,60,118,665
REGION XI (DAVAO REGION),DAVAO ORIENTAL,PH110000000,PH1102500000,Self-Care Disability,Male,Moderate,PH112500000,298,67,28,31,172
REGION XI (DAVAO REGION),DAVAO ORIENTAL,PH110000000,PH1102500000,Self-Care Disability,Male,Severe,PH112500000,338,79,45,43,171
REGION XI (DAVAO REGION),DAVAO ORIENTAL,PH110000000,PH1102500000,Visual Disability,Both Sexes,All,PH112500000,32348,634,1499,10078,20137
REGION XI (DAVAO REGION),DAVAO ORIENTAL,PH110000000,PH1102500000,Visual Disability,Both Sexes,Mild,PH112500000,29364,527,1358,9506,17973
REGION XI (DAVAO REGION),DAVAO ORIENTAL,PH110000000,PH1102500000,Visual Disability,Both Sexes,Moderate,PH112500000,2630,78,107,514,1931
REGION XI (DAVAO REGION),DAVAO ORIENTAL,PH110000000,PH1102500000,Visual Disability,Both Sexes,Severe,PH112500000,354,29,34,58,233
REGION XI (DAVAO REGION),DAVAO ORIENTAL,PH110000000,PH1102500000,Visual Disability,Female,All,PH112500000,17637,342,930,5408,10957
REGION XI (DAVAO REGION),DAVAO ORIENTAL,PH110000000,PH1102500000,Visual Disability,Female,Mild,PH112500000,15966,289,858,5104,9715
REGION XI (DAVAO REGION),DAVAO ORIENTAL,PH110000000,PH1102500000,Visual Disability,Female,Moderate,PH112500000,1486,39,56,280,1111
REGION XI (DAVAO REGION),DAVAO ORIENTAL,PH110000000,PH1102500000,Visual Disability,Female,Severe,PH112500000,185,14,16,24,131
REGION XI (DAVAO REGION),DAVAO ORIENTAL,PH110000000,PH1102500000,Visual Disability,Male,All,PH112500000,14711,292,569,4670,9180
REGION XI (DAVAO REGION),DAVAO ORIENTAL,PH110000000,PH1102500000,Visual Disability,Male,Mild,PH112500000,13398,238,500,4402,8258
REGION XI (DAVAO REGION),DAVAO ORIENTAL,PH110000000,PH1102500000,Visual Disability,Male,Moderate,PH112500000,1144,39,51,234,820
REGION XI (DAVAO REGION),DAVAO ORIENTAL,PH110000000,PH1102500000,Visual Disability,Male,Severe,PH112500000,169,15,18,34,102
REGION XII (SOCCSKSARGEN),COTABATO (NORTH COTABATO),PH120000000,PH1204700000,Cognitive Disability,Both Sexes,All,PH124700000,19562,1230,1691,4687,11954
REGION XII (SOCCSKSARGEN),COTABATO (NORTH COTABATO),PH120000000,PH1204700000,Cognitive Disability,Both Sexes,Mild,PH124700000,16672,743,1295,4246,10388
REGION XII (SOCCSKSARGEN),COTABATO (NORTH COTABATO),PH120000000,PH1204700000,Cognitive Disability,Both Sexes,Moderate,PH124700000,2176,295,256,324,1301
REGION XII (SOCCSKSARGEN),COTABATO (NORTH COTABATO),PH120000000,PH1204700000,Cognitive Disability,Both Sexes,Severe,PH124700000,714,192,140,117,265
REGION XII (SOCCSKSARGEN),COTABATO (NORTH COTABATO),PH120000000,PH1204700000,Cognitive Disability,Female,All,PH124700000,10933,516,876,2540,7001
REGION XII (SOCCSKSARGEN),COTABATO (NORTH COTABATO),PH120000000,PH1204700000,Cognitive Disability,Female,Mild,PH124700000,9397,331,721,2320,6025
REGION XII (SOCCSKSARGEN),COTABATO (NORTH COTABATO),PH120000000,PH1204700000,Cognitive Disability,Female,Moderate,PH124700000,1189,123,97,161,808
REGION XII (SOCCSKSARGEN),COTABATO (NORTH COTABATO),PH120000000,PH1204700000,Cognitive Disability,Female,Severe,PH124700000,347,62,58,59,168
REGION XII (SOCCSKSARGEN),COTABATO (NORTH COTABATO),PH120000000,PH1204700000,Cognitive Disability,Male,All,PH124700000,8629,714,815,2147,4953
REGION XII (SOCCSKSARGEN),COTABATO (NORTH COTABATO),PH120000000,PH1204700000,Cognitive Disability,Male,Mild,PH124700000,7275,412,574,1926,4363
REGION XII (SOCCSKSARGEN),COTABATO (NORTH COTABATO),PH120000000,PH1204700000,Cognitive Disability,Male,Moderate,PH124700000,987,172,159,163,493
REGION XII (SOCCSKSARGEN),COTABATO (NORTH COTABATO),PH120000000,PH1204700000,Cognitive Disability,Male,Severe,PH124700000,367,130,82,58,97
REGION XII (SOCCSKSARGEN),COTABATO (NORTH COTABATO),PH120000000,PH1204700000,Communication Disability,Both Sexes,All,PH124700000,7992,1617,1323,1432,3620
REGION XII (SOCCSKSARGEN),COTABATO (NORTH COTABATO),PH120000000,PH1204700000,Communication Disability,Both Sexes,Mild,PH124700000,4843,721,633,853,2636
REGION XII (SOCCSKSARGEN),COTABATO (NORTH COTABATO),PH120000000,PH1204700000,Communication Disability,Both Sexes,Moderate,PH124700000,1741,439,354,325,623
REGION XII (SOCCSKSARGEN),COTABATO (NORTH COTABATO),PH120000000,PH1204700000,Communication Disability,Both Sexes,Severe,PH124700000,1408,457,336,254,361
REGION XII (SOCCSKSARGEN),COTABATO (NORTH COTABATO),PH120000000,PH1204700000,Communication Disability,Female,All,PH124700000,3941,701,576,649,2015
REGION XII (SOCCSKSARGEN),COTABATO (NORTH COTABATO),PH120000000,PH1204700000,Communication Disability,Female,Mild,PH124700000,2401,334,257,341,1469
REGION XII (SOCCSKSARGEN),COTABATO (NORTH COTABATO),PH120000000,PH1204700000,Communication Disability,Female,Moderate,PH124700000,885,187,159,180,359
REGION XII (SOCCSKSARGEN),COTABATO (NORTH COTABATO),PH120000000,PH1204700000,Communication Disability,Female,Severe,PH124700000,655,180,160,128,187
REGION XII (SOCCSKSARGEN),COTABATO (NORTH COTABATO),PH120000000,PH1204700000,Communication Disability,Male,All,PH124700000,4051,916,747,783,1605
REGION XII (SOCCSKSARGEN),COTABATO (NORTH COTABATO),PH120000000,PH1204700000,Communication Disability,Male,Mild,PH124700000,2442,387,376,512,1167
REGION XII (SOCCSKSARGEN),COTABATO (NORTH COTABATO),PH120000000,PH1204700000,Communication Disability,Male,Moderate,PH124700000,856,252,195,145,264
REGION XII (SOCCSKSARGEN),COTABATO (NORTH COTABATO),PH120000000,PH1204700000,Communication Disability,Male,Severe,PH124700000,753,277,176,126,174
REGION XII (SOCCSKSARGEN),COTABATO (NORTH COTABATO),PH120000000,PH1204700000,Hearing Disability,Both Sexes,All,PH124700000,20190,775,1036,3117,15262
REGION XII (SOCCSKSARGEN),COTABATO (NORTH COTABATO),PH120000000,PH1204700000,Hearing Disability,Both Sexes,Mild,PH124700000,17356,529,770,2722,13335
REGION XII (SOCCSKSARGEN),COTABATO (NORTH COTABATO),PH120000000,PH1204700000,Hearing Disability,Both Sexes,Moderate,PH124700000,2239,130,126,287,1696
REGION XII (SOCCSKSARGEN),COTABATO (NORTH COTABATO),PH120000000,PH1204700000,Hearing Disability,Both Sexes,Severe,PH124700000,595,116,140,108,231
REGION XII (SOCCSKSARGEN),COTABATO (NORTH COTABATO),PH120000000,PH1204700000,Hearing Disability,Female,All,PH124700000,10502,353,455,1458,8236
REGION XII (SOCCSKSARGEN),COTABATO (NORTH COTABATO),PH120000000,PH1204700000,Hearing Disability,Female,Mild,PH124700000,9063,242,332,1276,7213
REGION XII (SOCCSKSARGEN),COTABATO (NORTH COTABATO),PH120000000,PH1204700000,Hearing Disability,Female,Moderate,PH124700000,1166,58,60,133,915
REGION XII (SOCCSKSARGEN),COTABATO (NORTH COTABATO),PH120000000,PH1204700000,Hearing Disability,Female,Severe,PH124700000,273,53,63,49,108
REGION XII (SOCCSKSARGEN),COTABATO (NORTH COTABATO),PH120000000,PH1204700000,Hearing Disability,Male,All,PH124700000,9688,422,581,1659,7026
REGION XII (SOCCSKSARGEN),COTABATO (NORTH COTABATO),PH120000000,PH1204700000,Hearing Disability,Male,Mild,PH124700000,8293,287,438,1446,6122
REGION XII (SOCCSKSARGEN),COTABATO (NORTH COTABATO),PH120000000,PH1204700000,Hearing Disability,Male,Moderate,PH124700000,1073,72,66,154,781
REGION XII (SOCCSKSARGEN),COTABATO (NORTH COTABATO),PH120000000,PH1204700000,Hearing Disability,Male,Severe,PH124700000,322,63,77,59,123
REGION XII (SOCCSKSARGEN),COTABATO (NORTH COTABATO),PH120000000,PH1204700000,Mobility Disability,Both Sexes,All,PH124700000,21216,988,1039,3984,15205
REGION XII (SOCCSKSARGEN),COTABATO (NORTH COTABATO),PH120000000,PH1204700000,Mobility Disability,Both Sexes,Mild,PH124700000,16605,500,682,3142,12281
REGION XII (SOCCSKSARGEN),COTABATO (NORTH COTABATO),PH120000000,PH1204700000,Mobility Disability,Both Sexes,Moderate,PH124700000,3084,214,213,615,2042
REGION XII (SOCCSKSARGEN),COTABATO (NORTH COTABATO),PH120000000,PH1204700000,Mobility Disability,Both Sexes,Severe,PH124700000,1527,274,144,227,882
REGION XII (SOCCSKSARGEN),COTABATO (NORTH COTABATO),PH120000000,PH1204700000,Mobility Disability,Female,All,PH124700000,10624,414,426,1569,8215
REGION XII (SOCCSKSARGEN),COTABATO (NORTH COTABATO),PH120000000,PH1204700000,Mobility Disability,Female,Mild,PH124700000,8416,225,284,1279,6628
REGION XII (SOCCSKSARGEN),COTABATO (NORTH COTABATO),PH120000000,PH1204700000,Mobility Disability,Female,Moderate,PH124700000,1446,78,77,200,1091
REGION XII (SOCCSKSARGEN),COTABATO (NORTH COTABATO),PH120000000,PH1204700000,Mobility Disability,Female,Severe,PH124700000,762,111,65,90,496
REGION XII (SOCCSKSARGEN),COTABATO (NORTH COTABATO),PH120000000,PH1204700000,Mobility Disability,Male,All,PH124700000,10592,574,613,2415,6990
REGION XII (SOCCSKSARGEN),COTABATO (NORTH COTABATO),PH120000000,PH1204700000,Mobility Disability,Male,Mild,PH124700000,8189,275,398,1863,5653
REGION XII (SOCCSKSARGEN),COTABATO (NORTH COTABATO),PH120000000,PH1204700000,Mobility Disability,Male,Moderate,PH124700000,1638,136,136,415,951
REGION XII (SOCCSKSARGEN),COTABATO (NORTH COTABATO),PH120000000,PH1204700000,Mobility Disability,Male,Severe,PH124700000,765,163,79,137,386
REGION XII (SOCCSKSARGEN),COTABATO (NORTH COTABATO),PH120000000,PH1204700000,Self-Care Disability,Both Sexes,All,PH124700000,8402,1732,690,1062,4918
REGION XII (SOCCSKSARGEN),COTABATO (NORTH COTABATO),PH120000000,PH1204700000,Self-Care Disability,Both Sexes,Mild,PH124700000,5096,952,361,648,3135
REGION XII (SOCCSKSARGEN),COTABATO (NORTH COTABATO),PH120000000,PH1204700000,Self-Care Disability,Both Sexes,Moderate,PH124700000,1577,316,144,200,917
REGION XII (SOCCSKSARGEN),COTABATO (NORTH COTABATO),PH120000000,PH1204700000,Self-Care Disability,Both Sexes,Severe,PH124700000,1729,464,185,214,866
REGION XII (SOCCSKSARGEN),COTABATO (NORTH COTABATO),PH120000000,PH1204700000,Self-Care Disability,Female,All,PH124700000,4282,754,297,459,2772
REGION XII (SOCCSKSARGEN),COTABATO (NORTH COTABATO),PH120000000,PH1204700000,Self-Care Disability,Female,Mild,PH124700000,2639,443,157,271,1768
REGION XII (SOCCSKSARGEN),COTABATO (NORTH COTABATO),PH120000000,PH1204700000,Self-Care Disability,Female,Moderate,PH124700000,801,132,63,87,519
REGION XII (SOCCSKSARGEN),COTABATO (NORTH COTABATO),PH120000000,PH1204700000,Self-Care Disability,Female,Severe,PH124700000,842,179,77,101,485
REGION XII (SOCCSKSARGEN),COTABATO (NORTH COTABATO),PH120000000,PH1204700000,Self-Care Disability,Male,All,PH124700000,4120,978,393,603,2146
REGION XII (SOCCSKSARGEN),COTABATO (NORTH COTABATO),PH120000000,PH1204700000,Self-Care Disability,Male,Mild,PH124700000,2457,509,204,377,1367
REGION XII (SOCCSKSARGEN),COTABATO (NORTH COTABATO),PH120000000,PH1204700000,Self-Care Disability,Male,Moderate,PH124700000,776,184,81,113,398
REGION XII (SOCCSKSARGEN),COTABATO (NORTH COTABATO),PH120000000,PH1204700000,Self-Care Disability,Male,Severe,PH124700000,887,285,108,113,381
REGION XII (SOCCSKSARGEN),COTABATO (NORTH COTABATO),PH120000000,PH1204700000,Visual Disability,Both Sexes,All,PH124700000,66850,1269,2909,21955,40717
REGION XII (SOCCSKSARGEN),COTABATO (NORTH COTABATO),PH120000000,PH1204700000,Visual Disability,Both Sexes,Mild,PH124700000,61819,977,2610,21090,37142
REGION XII (SOCCSKSARGEN),COTABATO (NORTH COTABATO),PH120000000,PH1204700000,Visual Disability,Both Sexes,Moderate,PH124700000,4273,185,206,750,3132
REGION XII (SOCCSKSARGEN),COTABATO (NORTH COTABATO),PH120000000,PH1204700000,Visual Disability,Both Sexes,Severe,PH124700000,758,107,93,115,443
REGION XII (SOCCSKSARGEN),COTABATO (NORTH COTABATO),PH120000000,PH1204700000,Visual Disability,Female,All,PH124700000,37076,667,1719,11779,22911
REGION XII (SOCCSKSARGEN),COTABATO (NORTH COTABATO),PH120000000,PH1204700000,Visual Disability,Female,Mild,PH124700000,34295,548,1573,11355,20819
REGION XII (SOCCSKSARGEN),COTABATO (NORTH COTABATO),PH120000000,PH1204700000,Visual Disability,Female,Moderate,PH124700000,2399,76,108,379,1836
REGION XII (SOCCSKSARGEN),COTABATO (NORTH COTABATO),PH120000000,PH1204700000,Visual Disability,Female,Severe,PH124700000,382,43,38,45,256
REGION XII (SOCCSKSARGEN),COTABATO (NORTH COTABATO),PH120000000,PH1204700000,Visual Disability,Male,All,PH124700000,29774,602,1190,10176,17806
REGION XII (SOCCSKSARGEN),COTABATO (NORTH COTABATO),PH120000000,PH1204700000,Visual Disability,Male,Mild,PH124700000,27524,429,1037,9735,16323
REGION XII (SOCCSKSARGEN),COTABATO (NORTH COTABATO),PH120000000,PH1204700000,Visual Disability,Male,Moderate,PH124700000,1874,109,98,371,1296
REGION XII (SOCCSKSARGEN),COTABATO (NORTH COTABATO),PH120000000,PH1204700000,Visual Disability,Male,Severe,PH124700000,376,64,55,70,187
REGION XII (SOCCSKSARGEN),SARANGANI,PH120000000,PH1208000000,Cognitive Disability,Both Sexes,All,PH128000000,61228,3340,6215,15203,36470
REGION XII (SOCCSKSARGEN),SARANGANI,PH120000000,PH1208000000,Cognitive Disability,Both Sexes,Mild,PH128000000,52909,1903,4963,13890,32153
REGION XII (SOCCSKSARGEN),SARANGANI,PH120000000,PH1208000000,Cognitive Disability,Both Sexes,Moderate,PH128000000,6330,853,854,1013,3610
REGION XII (SOCCSKSARGEN),SARANGANI,PH120000000,PH1208000000,Cognitive Disability,Both Sexes,Severe,PH128000000,1989,584,398,300,707
REGION XII (SOCCSKSARGEN),SARANGANI,PH120000000,PH1208000000,Cognitive Disability,Female,All,PH128000000,34403,1514,3451,8416,21022
REGION XII (SOCCSKSARGEN),SARANGANI,PH120000000,PH1208000000,Cognitive Disability,Female,Mild,PH128000000,29879,903,2884,7746,18346
REGION XII (SOCCSKSARGEN),SARANGANI,PH120000000,PH1208000000,Cognitive Disability,Female,Moderate,PH128000000,3476,360,384,527,2205
REGION XII (SOCCSKSARGEN),SARANGANI,PH120000000,PH1208000000,Cognitive Disability,Female,Severe,PH128000000,1048,251,183,143,471
REGION XII (SOCCSKSARGEN),SARANGANI,PH120000000,PH1208000000,Cognitive Disability,Male,All,PH128000000,26825,1826,2764,6787,15448
REGION XII (SOCCSKSARGEN),SARANGANI,PH120000000,PH1208000000,Cognitive Disability,Male,Mild,PH128000000,23030,1000,2079,6144,13807
REGION XII (SOCCSKSARGEN),SARANGANI,PH120000000,PH1208000000,Cognitive Disability,Male,Moderate,PH128000000,2854,493,470,486,1405
REGION XII (SOCCSKSARGEN),SARANGANI,PH120000000,PH1208000000,Cognitive Disability,Male,Severe,PH128000000,941,333,215,157,236
REGION XII (SOCCSKSARGEN),SARANGANI,PH120000000,PH1208000000,Communication Disability,Both Sexes,All,PH128000000,21271,4646,3768,3638,9219
REGION XII (SOCCSKSARGEN),SARANGANI,PH120000000,PH1208000000,Communication Disability,Both Sexes,Mild,PH128000000,11983,1938,1735,1963,6347
REGION XII (SOCCSKSARGEN),SARANGANI,PH120000000,PH1208000000,Communication Disability,Both Sexes,Moderate,PH128000000,5074,1317,1002,934,1821
REGION XII (SOCCSKSARGEN),SARANGANI,PH120000000,PH1208000000,Communication Disability,Both Sexes,Severe,PH128000000,4214,1391,1031,741,1051
REGION XII (SOCCSKSARGEN),SARANGANI,PH120000000,PH1208000000,Communication Disability,Female,All,PH128000000,10394,1998,1694,1651,5051
REGION XII (SOCCSKSARGEN),SARANGANI,PH120000000,PH1208000000,Communication Disability,Female,Mild,PH128000000,5867,844,729,824,3470
REGION XII (SOCCSKSARGEN),SARANGANI,PH120000000,PH1208000000,Communication Disability,Female,Moderate,PH128000000,2484,543,478,479,984
REGION XII (SOCCSKSARGEN),SARANGANI,PH120000000,PH1208000000,Communication Disability,Female,Severe,PH128000000,2043,611,487,348,597
REGION XII (SOCCSKSARGEN),SARANGANI,PH120000000,PH1208000000,Communication Disability,Male,All,PH128000000,10877,2648,2074,1987,4168
REGION XII (SOCCSKSARGEN),SARANGANI,PH120000000,PH1208000000,Communication Disability,Male,Mild,PH128000000,6116,1094,1006,1139,2877
REGION XII (SOCCSKSARGEN),SARANGANI,PH120000000,PH1208000000,Communication Disability,Male,Moderate,PH128000000,2590,774,524,455,837
REGION XII (SOCCSKSARGEN),SARANGANI,PH120000000,PH1208000000,Communication Disability,Male,Severe,PH128000000,2171,780,544,393,454
REGION XII (SOCCSKSARGEN),SARANGANI,PH120000000,PH1208000000,Hearing Disability,Both Sexes,All,PH128000000,60346,2679,3756,9780,44131
REGION XII (SOCCSKSARGEN),SARANGANI,PH120000000,PH1208000000,Hearing Disability,Both Sexes,Mild,PH128000000,51049,1791,2758,8538,37962
REGION XII (SOCCSKSARGEN),SARANGANI,PH120000000,PH1208000000,Hearing Disability,Both Sexes,Moderate,PH128000000,7223,439,509,820,5455
REGION XII (SOCCSKSARGEN),SARANGANI,PH120000000,PH1208000000,Hearing Disability,Both Sexes,Severe,PH128000000,2074,449,489,422,714
REGION XII (SOCCSKSARGEN),SARANGANI,PH120000000,PH1208000000,Hearing Disability,Female,All,PH128000000,30296,1205,1740,4541,22810
REGION XII (SOCCSKSARGEN),SARANGANI,PH120000000,PH1208000000,Hearing Disability,Female,Mild,PH128000000,25753,816,1296,4024,19617
REGION XII (SOCCSKSARGEN),SARANGANI,PH120000000,PH1208000000,Hearing Disability,Female,Moderate,PH128000000,3560,185,215,341,2819
REGION XII (SOCCSKSARGEN),SARANGANI,PH120000000,PH1208000000,Hearing Disability,Female,Severe,PH128000000,983,204,229,176,374
REGION XII (SOCCSKSARGEN),SARANGANI,PH120000000,PH1208000000,Hearing Disability,Male,All,PH128000000,30050,1474,2016,5239,21321
REGION XII (SOCCSKSARGEN),SARANGANI,PH120000000,PH1208000000,Hearing Disability,Male,Mild,PH128000000,25296,975,1462,4514,18345
REGION XII (SOCCSKSARGEN),SARANGANI,PH120000000,PH1208000000,Hearing Disability,Male,Moderate,PH128000000,3663,254,294,479,2636
REGION XII (SOCCSKSARGEN),SARANGANI,PH120000000,PH1208000000,Hearing Disability,Male,Severe,PH128000000,1091,245,260,246,340
REGION XII (SOCCSKSARGEN),SARANGANI,PH120000000,PH1208000000,Mobility Disability,Both Sexes,All,PH128000000,57114,2671,3109,10069,41265
REGION XII (SOCCSKSARGEN),SARANGANI,PH120000000,PH1208000000,Mobility Disability,Both Sexes,Mild,PH128000000,43032,1307,2008,7809,31908
REGION XII (SOCCSKSARGEN),SARANGANI,PH120000000,PH1208000000,Mobility Disability,Both Sexes,Moderate,PH128000000,9434,598,637,1640,6559
REGION XII (SOCCSKSARGEN),SARANGANI,PH120000000,PH1208000000,Mobility Disability,Both Sexes,Severe,PH128000000,4648,766,464,620,2798
REGION XII (SOCCSKSARGEN),SARANGANI,PH120000000,PH1208000000,Mobility Disability,Female,All,PH128000000,29090,1205,1235,3987,22663
REGION XII (SOCCSKSARGEN),SARANGANI,PH120000000,PH1208000000,Mobility Disability,Female,Mild,PH128000000,22070,577,832,3176,17485
REGION XII (SOCCSKSARGEN),SARANGANI,PH120000000,PH1208000000,Mobility Disability,Female,Moderate,PH128000000,4586,270,206,566,3544
REGION XII (SOCCSKSARGEN),SARANGANI,PH120000000,PH1208000000,Mobility Disability,Female,Severe,PH128000000,2434,358,197,245,1634
REGION XII (SOCCSKSARGEN),SARANGANI,PH120000000,PH1208000000,Mobility Disability,Male,All,PH128000000,28024,1466,1874,6082,18602
REGION XII (SOCCSKSARGEN),SARANGANI,PH120000000,PH1208000000,Mobility Disability,Male,Mild,PH128000000,20962,730,1176,4633,14423
REGION XII (SOCCSKSARGEN),SARANGANI,PH120000000,PH1208000000,Mobility Disability,Male,Moderate,PH128000000,4848,328,431,1074,3015
REGION XII (SOCCSKSARGEN),SARANGANI,PH120000000,PH1208000000,Mobility Disability,Male,Severe,PH128000000,2214,408,267,375,1164
REGION XII (SOCCSKSARGEN),SARANGANI,PH120000000,PH1208000000,Self-Care Disability,Both Sexes,All,PH128000000,21118,3772,2043,2599,12704
REGION XII (SOCCSKSARGEN),SARANGANI,PH120000000,PH1208000000,Self-Care Disability,Both Sexes,Mild,PH128000000,11709,1897,978,1509,7325
REGION XII (SOCCSKSARGEN),SARANGANI,PH120000000,PH1208000000,Self-Care Disability,Both Sexes,Moderate,PH128000000,4200,716,472,553,2459
REGION XII (SOCCSKSARGEN),SARANGANI,PH120000000,PH1208000000,Self-Care Disability,Both Sexes,Severe,PH128000000,5209,1159,593,537,2920
REGION XII (SOCCSKSARGEN),SARANGANI,PH120000000,PH1208000000,Self-Care Disability,Female,All,PH128000000,10909,1624,891,1144,7250
REGION XII (SOCCSKSARGEN),SARANGANI,PH120000000,PH1208000000,Self-Care Disability,Female,Mild,PH128000000,6074,815,429,686,4144
REGION XII (SOCCSKSARGEN),SARANGANI,PH120000000,PH1208000000,Self-Care Disability,Female,Moderate,PH128000000,2151,300,195,234,1422
REGION XII (SOCCSKSARGEN),SARANGANI,PH120000000,PH1208000000,Self-Care Disability,Female,Severe,PH128000000,2684,509,267,224,1684
REGION XII (SOCCSKSARGEN),SARANGANI,PH120000000,PH1208000000,Self-Care Disability,Male,All,PH128000000,10209,2148,1152,1455,5454
REGION XII (SOCCSKSARGEN),SARANGANI,PH120000000,PH1208000000,Self-Care Disability,Male,Mild,PH128000000,5635,1082,549,823,3181
REGION XII (SOCCSKSARGEN),SARANGANI,PH120000000,PH1208000000,Self-Care Disability,Male,Moderate,PH128000000,2049,416,277,319,1037
REGION XII (SOCCSKSARGEN),SARANGANI,PH120000000,PH1208000000,Self-Care Disability,Male,Severe,PH128000000,2525,650,326,313,1236
REGION XII (SOCCSKSARGEN),SARANGANI,PH120000000,PH1208000000,Visual Disability,Both Sexes,All,PH128000000,183632,4292,10367,59930,109043
REGION XII (SOCCSKSARGEN),SARANGANI,PH120000000,PH1208000000,Visual Disability,Both Sexes,Mild,PH128000000,168988,3552,9459,57307,98670
REGION XII (SOCCSKSARGEN),SARANGANI,PH120000000,PH1208000000,Visual Disability,Both Sexes,Moderate,PH128000000,12628,502,683,2341,9102
REGION XII (SOCCSKSARGEN),SARANGANI,PH120000000,PH1208000000,Visual Disability,Both Sexes,Severe,PH128000000,2016,238,225,282,1271
REGION XII (SOCCSKSARGEN),SARANGANI,PH120000000,PH1208000000,Visual Disability,Female,All,PH128000000,101775,2342,6413,32497,60523
REGION XII (SOCCSKSARGEN),SARANGANI,PH120000000,PH1208000000,Visual Disability,Female,Mild,PH128000000,93685,2018,5978,31212,54477
REGION XII (SOCCSKSARGEN),SARANGANI,PH120000000,PH1208000000,Visual Disability,Female,Moderate,PH128000000,6989,226,325,1172,5266
REGION XII (SOCCSKSARGEN),SARANGANI,PH120000000,PH1208000000,Visual Disability,Female,Severe,PH128000000,1101,98,110,113,780
REGION XII (SOCCSKSARGEN),SARANGANI,PH120000000,PH1208000000,Visual Disability,Male,All,PH128000000,81857,1950,3954,27433,48520
REGION XII (SOCCSKSARGEN),SARANGANI,PH120000000,PH1208000000,Visual Disability,Male,Mild,PH128000000,75303,1534,3481,26095,44193
REGION XII (SOCCSKSARGEN),SARANGANI,PH120000000,PH1208000000,Visual Disability,Male,Moderate,PH128000000,5639,276,358,1169,3836
REGION XII (SOCCSKSARGEN),SARANGANI,PH120000000,PH1208000000,Visual Disability,Male,Severe,PH128000000,915,140,115,169,491
REGION XII (SOCCSKSARGEN),SOUTH COTABATO,PH120000000,PH1206300000,Cognitive Disability,Both Sexes,All,PH126300000,21025,1378,2172,5151,12324
REGION XII (SOCCSKSARGEN),SOUTH COTABATO,PH120000000,PH1206300000,Cognitive Disability,Both Sexes,Mild,PH126300000,17759,776,1661,4635,10687
REGION XII (SOCCSKSARGEN),SOUTH COTABATO,PH120000000,PH1206300000,Cognitive Disability,Both Sexes,Moderate,PH126300000,2378,364,345,361,1308
REGION XII (SOCCSKSARGEN),SOUTH COTABATO,PH120000000,PH1206300000,Cognitive Disability,Both Sexes,Severe,PH126300000,888,238,166,155,329
REGION XII (SOCCSKSARGEN),SOUTH COTABATO,PH120000000,PH1206300000,Cognitive Disability,Female,All,PH126300000,12028,601,1139,2856,7432
REGION XII (SOCCSKSARGEN),SOUTH COTABATO,PH120000000,PH1206300000,Cognitive Disability,Female,Mild,PH126300000,10245,357,924,2606,6358
REGION XII (SOCCSKSARGEN),SOUTH COTABATO,PH120000000,PH1206300000,Cognitive Disability,Female,Moderate,PH126300000,1320,139,138,182,861
REGION XII (SOCCSKSARGEN),SOUTH COTABATO,PH120000000,PH1206300000,Cognitive Disability,Female,Severe,PH126300000,463,105,77,68,213
REGION XII (SOCCSKSARGEN),SOUTH COTABATO,PH120000000,PH1206300000,Cognitive Disability,Male,All,PH126300000,8997,777,1033,2295,4892
REGION XII (SOCCSKSARGEN),SOUTH COTABATO,PH120000000,PH1206300000,Cognitive Disability,Male,Mild,PH126300000,7514,419,737,2029,4329
REGION XII (SOCCSKSARGEN),SOUTH COTABATO,PH120000000,PH1206300000,Cognitive Disability,Male,Moderate,PH126300000,1058,225,207,179,447
REGION XII (SOCCSKSARGEN),SOUTH COTABATO,PH120000000,PH1206300000,Cognitive Disability,Male,Severe,PH126300000,425,133,89,87,116
REGION XII (SOCCSKSARGEN),SOUTH COTABATO,PH120000000,PH1206300000,Communication Disability,Both Sexes,All,PH126300000,8435,1660,1469,1526,3780
REGION XII (SOCCSKSARGEN),SOUTH COTABATO,PH120000000,PH1206300000,Communication Disability,Both Sexes,Mild,PH126300000,4813,680,663,829,2641
REGION XII (SOCCSKSARGEN),SOUTH COTABATO,PH120000000,PH1206300000,Communication Disability,Both Sexes,Moderate,PH126300000,1877,455,388,354,680
REGION XII (SOCCSKSARGEN),SOUTH COTABATO,PH120000000,PH1206300000,Communication Disability,Both Sexes,Severe,PH126300000,1745,525,418,343,459
REGION XII (SOCCSKSARGEN),SOUTH COTABATO,PH120000000,PH1206300000,Communication Disability,Female,All,PH126300000,4140,692,656,670,2122
REGION XII (SOCCSKSARGEN),SOUTH COTABATO,PH120000000,PH1206300000,Communication Disability,Female,Mild,PH126300000,2381,280,282,331,1488
REGION XII (SOCCSKSARGEN),SOUTH COTABATO,PH120000000,PH1206300000,Communication Disability,Female,Moderate,PH126300000,904,179,177,173,375
REGION XII (SOCCSKSARGEN),SOUTH COTABATO,PH120000000,PH1206300000,Communication Disability,Female,Severe,PH126300000,855,233,197,166,259
REGION XII (SOCCSKSARGEN),SOUTH COTABATO,PH120000000,PH1206300000,Communication Disability,Male,All,PH126300000,4295,968,813,856,1658
REGION XII (SOCCSKSARGEN),SOUTH COTABATO,PH120000000,PH1206300000,Communication Disability,Male,Mild,PH126300000,2432,400,381,498,1153
REGION XII (SOCCSKSARGEN),SOUTH COTABATO,PH120000000,PH1206300000,Communication Disability,Male,Moderate,PH126300000,973,276,211,181,305
REGION XII (SOCCSKSARGEN),SOUTH COTABATO,PH120000000,PH1206300000,Communication Disability,Male,Severe,PH126300000,890,292,221,177,200
REGION XII (SOCCSKSARGEN),SOUTH COTABATO,PH120000000,PH1206300000,Hearing Disability,Both Sexes,All,PH126300000,20842,977,1373,3333,15159
REGION XII (SOCCSKSARGEN),SOUTH COTABATO,PH120000000,PH1206300000,Hearing Disability,Both Sexes,Mild,PH126300000,17816,656,1027,2880,13253
REGION XII (SOCCSKSARGEN),SOUTH COTABATO,PH120000000,PH1206300000,Hearing Disability,Both Sexes,Moderate,PH126300000,2266,156,174,300,1636
REGION XII (SOCCSKSARGEN),SOUTH COTABATO,PH120000000,PH1206300000,Hearing Disability,Both Sexes,Severe,PH126300000,760,165,172,153,270
REGION XII (SOCCSKSARGEN),SOUTH COTABATO,PH120000000,PH1206300000,Hearing Disability,Female,All,PH126300000,11179,466,662,1573,8478
REGION XII (SOCCSKSARGEN),SOUTH COTABATO,PH120000000,PH1206300000,Hearing Disability,Female,Mild,PH126300000,9627,311,497,1370,7449
REGION XII (SOCCSKSARGEN),SOUTH COTABATO,PH120000000,PH1206300000,Hearing Disability,Female,Moderate,PH126300000,1172,74,84,141,873
REGION XII (SOCCSKSARGEN),SOUTH COTABATO,PH120000000,PH1206300000,Hearing Disability,Female,Severe,PH126300000,380,81,81,62,156
REGION XII (SOCCSKSARGEN),SOUTH COTABATO,PH120000000,PH1206300000,Hearing Disability,Male,All,PH126300000,9663,511,711,1760,6681
REGION XII (SOCCSKSARGEN),SOUTH COTABATO,PH120000000,PH1206300000,Hearing Disability,Male,Mild,PH126300000,8189,345,530,1510,5804
REGION XII (SOCCSKSARGEN),SOUTH COTABATO,PH120000000,PH1206300000,Hearing Disability,Male,Moderate,PH126300000,1094,82,90,159,763
REGION XII (SOCCSKSARGEN),SOUTH COTABATO,PH120000000,PH1206300000,Hearing Disability,Male,Severe,PH126300000,380,84,91,91,114
REGION XII (SOCCSKSARGEN),SOUTH COTABATO,PH120000000,PH1206300000,Mobility Disability,Both Sexes,All,PH126300000,22725,1060,1299,4421,15945
REGION XII (SOCCSKSARGEN),SOUTH COTABATO,PH120000000,PH1206300000,Mobility Disability,Both Sexes,Mild,PH126300000,17069,517,844,3404,12304
REGION XII (SOCCSKSARGEN),SOUTH COTABATO,PH120000000,PH1206300000,Mobility Disability,Both Sexes,Moderate,PH126300000,3685,237,258,713,2477
REGION XII (SOCCSKSARGEN),SOUTH COTABATO,PH120000000,PH1206300000,Mobility Disability,Both Sexes,Severe,PH126300000,1971,306,197,304,1164
REGION XII (SOCCSKSARGEN),SOUTH COTABATO,PH120000000,PH1206300000,Mobility Disability,Female,All,PH126300000,11447,473,524,1646,8804
REGION XII (SOCCSKSARGEN),SOUTH COTABATO,PH120000000,PH1206300000,Mobility Disability,Female,Mild,PH126300000,8609,232,325,1284,6768
REGION XII (SOCCSKSARGEN),SOUTH COTABATO,PH120000000,PH1206300000,Mobility Disability,Female,Moderate,PH126300000,1774,106,98,227,1343
REGION XII (SOCCSKSARGEN),SOUTH COTABATO,PH120000000,PH1206300000,Mobility Disability,Female,Severe,PH126300000,1064,135,101,135,693
REGION XII (SOCCSKSARGEN),SOUTH COTABATO,PH120000000,PH1206300000,Mobility Disability,Male,All,PH126300000,11278,587,775,2775,7141
REGION XII (SOCCSKSARGEN),SOUTH COTABATO,PH120000000,PH1206300000,Mobility Disability,Male,Mild,PH126300000,8460,285,519,2120,5536
REGION XII (SOCCSKSARGEN),SOUTH COTABATO,PH120000000,PH1206300000,Mobility Disability,Male,Moderate,PH126300000,1911,131,160,486,1134
REGION XII (SOCCSKSARGEN),SOUTH COTABATO,PH120000000,PH1206300000,Mobility Disability,Male,Severe,PH126300000,907,171,96,169,471
REGION XII (SOCCSKSARGEN),SOUTH COTABATO,PH120000000,PH1206300000,Self-Care Disability,Both Sexes,All,PH126300000,9423,1814,859,1301,5449
REGION XII (SOCCSKSARGEN),SOUTH COTABATO,PH120000000,PH1206300000,Self-Care Disability,Both Sexes,Mild,PH126300000,5336,874,438,762,3262
REGION XII (SOCCSKSARGEN),SOUTH COTABATO,PH120000000,PH1206300000,Self-Care Disability,Both Sexes,Moderate,PH126300000,1771,346,177,274,974
REGION XII (SOCCSKSARGEN),SOUTH COTABATO,PH120000000,PH1206300000,Self-Care Disability,Both Sexes,Severe,PH126300000,2316,594,244,265,1213
REGION XII (SOCCSKSARGEN),SOUTH COTABATO,PH120000000,PH1206300000,Self-Care Disability,Female,All,PH126300000,4852,798,358,554,3142
REGION XII (SOCCSKSARGEN),SOUTH COTABATO,PH120000000,PH1206300000,Self-Care Disability,Female,Mild,PH126300000,2755,390,173,318,1874
REGION XII (SOCCSKSARGEN),SOUTH COTABATO,PH120000000,PH1206300000,Self-Care Disability,Female,Moderate,PH126300000,913,154,69,108,582
REGION XII (SOCCSKSARGEN),SOUTH COTABATO,PH120000000,PH1206300000,Self-Care Disability,Female,Severe,PH126300000,1184,254,116,128,686
REGION XII (SOCCSKSARGEN),SOUTH COTABATO,PH120000000,PH1206300000,Self-Care Disability,Male,All,PH126300000,4571,1016,501,747,2307
REGION XII (SOCCSKSARGEN),SOUTH COTABATO,PH120000000,PH1206300000,Self-Care Disability,Male,Mild,PH126300000,2581,484,265,444,1388
REGION XII (SOCCSKSARGEN),SOUTH COTABATO,PH120000000,PH1206300000,Self-Care Disability,Male,Moderate,PH126300000,858,192,108,166,392
REGION XII (SOCCSKSARGEN),SOUTH COTABATO,PH120000000,PH1206300000,Self-Care Disability,Male,Severe,PH126300000,1132,340,128,137,527
REGION XII (SOCCSKSARGEN),SOUTH COTABATO,PH120000000,PH1206300000,Visual Disability,Both Sexes,All,PH126300000,85584,2646,6489,30120,46329
REGION XII (SOCCSKSARGEN),SOUTH COTABATO,PH120000000,PH1206300000,Visual Disability,Both Sexes,Mild,PH126300000,79569,2248,6046,28939,42336
REGION XII (SOCCSKSARGEN),SOUTH COTABATO,PH120000000,PH1206300000,Visual Disability,Both Sexes,Moderate,PH126300000,5182,263,351,1043,3525
REGION XII (SOCCSKSARGEN),SOUTH COTABATO,PH120000000,PH1206300000,Visual Disability,Both Sexes,Severe,PH126300000,833,135,92,138,468
REGION XII (SOCCSKSARGEN),SOUTH COTABATO,PH120000000,PH1206300000,Visual Disability,Female,All,PH126300000,49357,1596,4239,16727,26795
REGION XII (SOCCSKSARGEN),SOUTH COTABATO,PH120000000,PH1206300000,Visual Disability,Female,Mild,PH126300000,45904,1387,3989,16140,24388
REGION XII (SOCCSKSARGEN),SOUTH COTABATO,PH120000000,PH1206300000,Visual Disability,Female,Moderate,PH126300000,2996,136,205,524,2131
REGION XII (SOCCSKSARGEN),SOUTH COTABATO,PH120000000,PH1206300000,Visual Disability,Female,Severe,PH126300000,457,73,45,63,276
REGION XII (SOCCSKSARGEN),SOUTH COTABATO,PH120000000,PH1206300000,Visual Disability,Male,All,PH126300000,36227,1050,2250,13393,19534
REGION XII (SOCCSKSARGEN),SOUTH COTABATO,PH120000000,PH1206300000,Visual Disability,Male,Mild,PH126300000,33665,861,2057,12799,17948
REGION XII (SOCCSKSARGEN),SOUTH COTABATO,PH120000000,PH1206300000,Visual Disability,Male,Moderate,PH126300000,2186,127,146,519,1394
REGION XII (SOCCSKSARGEN),SOUTH COTABATO,PH120000000,PH1206300000,Visual Disability,Male,Severe,PH126300000,376,62,47,75,192
REGION XII (SOCCSKSARGEN),SULTAN KUDARAT,PH120000000,PH1206500000,Cognitive Disability,Both Sexes,All,PH126500000,16076,611,1683,4756,9026
REGION XII (SOCCSKSARGEN),SULTAN KUDARAT,PH120000000,PH1206500000,Cognitive Disability,Both Sexes,Mild,PH126500000,14650,417,1509,4523,8201
REGION XII (SOCCSKSARGEN),SULTAN KUDARAT,PH120000000,PH1206500000,Cognitive Disability,Both Sexes,Moderate,PH126500000,1157,115,128,181,733
REGION XII (SOCCSKSARGEN),SULTAN KUDARAT,PH120000000,PH1206500000,Cognitive Disability,Both Sexes,Severe,PH126500000,269,79,46,52,92
REGION XII (SOCCSKSARGEN),SULTAN KUDARAT,PH120000000,PH1206500000,Cognitive Disability,Female,All,PH126500000,8922,297,903,2486,5236
REGION XII (SOCCSKSARGEN),SULTAN KUDARAT,PH120000000,PH1206500000,Cognitive Disability,Female,Mild,PH126500000,8146,218,828,2380,4720
REGION XII (SOCCSKSARGEN),SULTAN KUDARAT,PH120000000,PH1206500000,Cognitive Disability,Female,Moderate,PH126500000,650,42,54,86,468
REGION XII (SOCCSKSARGEN),SULTAN KUDARAT,PH120000000,PH1206500000,Cognitive Disability,Female,Severe,PH126500000,126,37,21,20,48
REGION XII (SOCCSKSARGEN),SULTAN KUDARAT,PH120000000,PH1206500000,Cognitive Disability,Male,All,PH126500000,7154,314,780,2270,3790
REGION XII (SOCCSKSARGEN),SULTAN KUDARAT,PH120000000,PH1206500000,Cognitive Disability,Male,Mild,PH126500000,6504,199,681,2143,3481
REGION XII (SOCCSKSARGEN),SULTAN KUDARAT,PH120000000,PH1206500000,Cognitive Disability,Male,Moderate,PH126500000,507,73,74,95,265
REGION XII (SOCCSKSARGEN),SULTAN KUDARAT,PH120000000,PH1206500000,Cognitive Disability,Male,Severe,PH126500000,143,42,25,32,44
REGION XII (SOCCSKSARGEN),SULTAN KUDARAT,PH120000000,PH1206500000,Communication Disability,Both Sexes,All,PH126500000,4649,810,627,836,2376
REGION XII (SOCCSKSARGEN),SULTAN KUDARAT,PH120000000,PH1206500000,Communication Disability,Both Sexes,Mild,PH126500000,3277,416,330,571,1960
REGION XII (SOCCSKSARGEN),SULTAN KUDARAT,PH120000000,PH1206500000,Communication Disability,Both Sexes,Moderate,PH126500000,776,195,154,142,285
REGION XII (SOCCSKSARGEN),SULTAN KUDARAT,PH120000000,PH1206500000,Communication Disability,Both Sexes,Severe,PH126500000,596,199,143,123,131
REGION XII (SOCCSKSARGEN),SULTAN KUDARAT,PH120000000,PH1206500000,Communication Disability,Female,All,PH126500000,2373,368,292,376,1337
REGION XII (SOCCSKSARGEN),SULTAN KUDARAT,PH120000000,PH1206500000,Communication Disability,Female,Mild,PH126500000,1706,198,147,248,1113
REGION XII (SOCCSKSARGEN),SULTAN KUDARAT,PH120000000,PH1206500000,Communication Disability,Female,Moderate,PH126500000,374,76,75,67,156
REGION XII (SOCCSKSARGEN),SULTAN KUDARAT,PH120000000,PH1206500000,Communication Disability,Female,Severe,PH126500000,293,94,70,61,68
REGION XII (SOCCSKSARGEN),SULTAN KUDARAT,PH120000000,PH1206500000,Communication Disability,Male,All,PH126500000,2276,442,335,460,1039
REGION XII (SOCCSKSARGEN),SULTAN KUDARAT,PH120000000,PH1206500000,Communication Disability,Male,Mild,PH126500000,1571,218,183,323,847
REGION XII (SOCCSKSARGEN),SULTAN KUDARAT,PH120000000,PH1206500000,Communication Disability,Male,Moderate,PH126500000,402,119,79,75,129
REGION XII (SOCCSKSARGEN),SULTAN KUDARAT,PH120000000,PH1206500000,Communication Disability,Male,Severe,PH126500000,303,105,73,62,63
REGION XII (SOCCSKSARGEN),SULTAN KUDARAT,PH120000000,PH1206500000,Hearing Disability,Both Sexes,All,PH126500000,12927,434,602,2252,9639
REGION XII (SOCCSKSARGEN),SULTAN KUDARAT,PH120000000,PH1206500000,Hearing Disability,Both Sexes,Mild,PH126500000,11537,311,481,2051,8694
REGION XII (SOCCSKSARGEN),SULTAN KUDARAT,PH120000000,PH1206500000,Hearing Disability,Both Sexes,Moderate,PH126500000,1110,58,61,144,847
REGION XII (SOCCSKSARGEN),SULTAN KUDARAT,PH120000000,PH1206500000,Hearing Disability,Both Sexes,Severe,PH126500000,280,65,60,57,98
REGION XII (SOCCSKSARGEN),SULTAN KUDARAT,PH120000000,PH1206500000,Hearing Disability,Female,All,PH126500000,6780,193,301,1024,5262
REGION XII (SOCCSKSARGEN),SULTAN KUDARAT,PH120000000,PH1206500000,Hearing Disability,Female,Mild,PH126500000,6068,151,239,948,4730
REGION XII (SOCCSKSARGEN),SULTAN KUDARAT,PH120000000,PH1206500000,Hearing Disability,Female,Moderate,PH126500000,583,20,28,54,481
REGION XII (SOCCSKSARGEN),SULTAN KUDARAT,PH120000000,PH1206500000,Hearing Disability,Female,Severe,PH126500000,129,22,34,22,51
REGION XII (SOCCSKSARGEN),SULTAN KUDARAT,PH120000000,PH1206500000,Hearing Disability,Male,All,PH126500000,6147,241,301,1228,4377
REGION XII (SOCCSKSARGEN),SULTAN KUDARAT,PH120000000,PH1206500000,Hearing Disability,Male,Mild,PH126500000,5469,160,242,1103,3964
REGION XII (SOCCSKSARGEN),SULTAN KUDARAT,PH120000000,PH1206500000,Hearing Disability,Male,Moderate,PH126500000,527,38,33,90,366
REGION XII (SOCCSKSARGEN),SULTAN KUDARAT,PH120000000,PH1206500000,Hearing Disability,Male,Severe,PH126500000,151,43,26,35,47
REGION XII (SOCCSKSARGEN),SULTAN KUDARAT,PH120000000,PH1206500000,Mobility Disability,Both Sexes,All,PH126500000,13670,517,708,2775,9670
REGION XII (SOCCSKSARGEN),SULTAN KUDARAT,PH120000000,PH1206500000,Mobility Disability,Both Sexes,Mild,PH126500000,11157,292,539,2320,8006
REGION XII (SOCCSKSARGEN),SULTAN KUDARAT,PH120000000,PH1206500000,Mobility Disability,Both Sexes,Moderate,PH126500000,1758,96,115,329,1218
REGION XII (SOCCSKSARGEN),SULTAN KUDARAT,PH120000000,PH1206500000,Mobility Disability,Both Sexes,Severe,PH126500000,755,129,54,126,446
REGION XII (SOCCSKSARGEN),SULTAN KUDARAT,PH120000000,PH1206500000,Mobility Disability,Female,All,PH126500000,6798,231,276,1098,5193
REGION XII (SOCCSKSARGEN),SULTAN KUDARAT,PH120000000,PH1206500000,Mobility Disability,Female,Mild,PH126500000,5553,124,213,933,4283
REGION XII (SOCCSKSARGEN),SULTAN KUDARAT,PH120000000,PH1206500000,Mobility Disability,Female,Moderate,PH126500000,837,41,42,113,641
REGION XII (SOCCSKSARGEN),SULTAN KUDARAT,PH120000000,PH1206500000,Mobility Disability,Female,Severe,PH126500000,408,66,21,52,269
REGION XII (SOCCSKSARGEN),SULTAN KUDARAT,PH120000000,PH1206500000,Mobility Disability,Male,All,PH126500000,6872,286,432,1677,4477
REGION XII (SOCCSKSARGEN),SULTAN KUDARAT,PH120000000,PH1206500000,Mobility Disability,Male,Mild,PH126500000,5604,168,326,1387,3723
REGION XII (SOCCSKSARGEN),SULTAN KUDARAT,PH120000000,PH1206500000,Mobility Disability,Male,Moderate,PH126500000,921,55,73,216,577
REGION XII (SOCCSKSARGEN),SULTAN KUDARAT,PH120000000,PH1206500000,Mobility Disability,Male,Severe,PH126500000,347,63,33,74,177
REGION XII (SOCCSKSARGEN),SULTAN KUDARAT,PH120000000,PH1206500000,Self-Care Disability,Both Sexes,All,PH126500000,5477,969,390,742,3376
REGION XII (SOCCSKSARGEN),SULTAN KUDARAT,PH120000000,PH1206500000,Self-Care Disability,Both Sexes,Mild,PH126500000,3829,659,247,551,2372
REGION XII (SOCCSKSARGEN),SULTAN KUDARAT,PH120000000,PH1206500000,Self-Care Disability,Both Sexes,Moderate,PH126500000,870,139,69,97,565
REGION XII (SOCCSKSARGEN),SULTAN KUDARAT,PH120000000,PH1206500000,Self-Care Disability,Both Sexes,Severe,PH126500000,778,171,74,94,439
REGION XII (SOCCSKSARGEN),SULTAN KUDARAT,PH120000000,PH1206500000,Self-Care Disability,Female,All,PH126500000,2858,451,187,321,1899
REGION XII (SOCCSKSARGEN),SULTAN KUDARAT,PH120000000,PH1206500000,Self-Care Disability,Female,Mild,PH126500000,1987,305,114,242,1326
REGION XII (SOCCSKSARGEN),SULTAN KUDARAT,PH120000000,PH1206500000,Self-Care Disability,Female,Moderate,PH126500000,454,61,39,47,307
REGION XII (SOCCSKSARGEN),SULTAN KUDARAT,PH120000000,PH1206500000,Self-Care Disability,Female,Severe,PH126500000,417,85,34,32,266
REGION XII (SOCCSKSARGEN),SULTAN KUDARAT,PH120000000,PH1206500000,Self-Care Disability,Male,All,PH126500000,2619,518,203,421,1477
REGION XII (SOCCSKSARGEN),SULTAN KUDARAT,PH120000000,PH1206500000,Self-Care Disability,Male,Mild,PH126500000,1842,354,133,309,1046
REGION XII (SOCCSKSARGEN),SULTAN KUDARAT,PH120000000,PH1206500000,Self-Care Disability,Male,Moderate,PH126500000,416,78,30,50,258
REGION XII (SOCCSKSARGEN),SULTAN KUDARAT,PH120000000,PH1206500000,Self-Care Disability,Male,Severe,PH126500000,361,86,40,62,173
REGION XII (SOCCSKSARGEN),SULTAN KUDARAT,PH120000000,PH1206500000,Visual Disability,Both Sexes,All,PH126500000,38816,580,1789,13348,23099
REGION XII (SOCCSKSARGEN),SULTAN KUDARAT,PH120000000,PH1206500000,Visual Disability,Both Sexes,Mild,PH126500000,36401,473,1662,12932,21334
REGION XII (SOCCSKSARGEN),SULTAN KUDARAT,PH120000000,PH1206500000,Visual Disability,Both Sexes,Moderate,PH126500000,2081,57,93,354,1577
REGION XII (SOCCSKSARGEN),SULTAN KUDARAT,PH120000000,PH1206500000,Visual Disability,Both Sexes,Severe,PH126500000,334,50,34,62,188
REGION XII (SOCCSKSARGEN),SULTAN KUDARAT,PH120000000,PH1206500000,Visual Disability,Female,All,PH126500000,20852,279,1023,6837,12713
REGION XII (SOCCSKSARGEN),SULTAN KUDARAT,PH120000000,PH1206500000,Visual Disability,Female,Mild,PH126500000,19534,241,967,6638,11688
REGION XII (SOCCSKSARGEN),SULTAN KUDARAT,PH120000000,PH1206500000,Visual Disability,Female,Moderate,PH126500000,1143,17,42,177,907
REGION XII (SOCCSKSARGEN),SULTAN KUDARAT,PH120000000,PH1206500000,Visual Disability,Female,Severe,PH126500000,175,21,14,22,118
REGION XII (SOCCSKSARGEN),SULTAN KUDARAT,PH120000000,PH1206500000,Visual Disability,Male,All,PH126500000,17964,301,766,6511,10386
REGION XII (SOCCSKSARGEN),SULTAN KUDARAT,PH120000000,PH1206500000,Visual Disability,Male,Mild,PH126500000,16867,232,695,6294,9646
REGION XII (SOCCSKSARGEN),SULTAN KUDARAT,PH120000000,PH1206500000,Visual Disability,Male,Moderate,PH126500000,938,40,51,177,670
REGION XII (SOCCSKSARGEN),SULTAN KUDARAT,PH120000000,PH1206500000,Visual Disability,Male,Severe,PH126500000,159,29,20,40,70
Region I (Ilocos Region),ILOCOS NORTE,PH010000000,PH0102800000,Cognitive Disability,Both Sexes,All,PH012800000,8085,297,381,1089,6318
Region I (Ilocos Region),ILOCOS NORTE,PH010000000,PH0102800000,Cognitive Disability,Both Sexes,Mild,PH012800000,6564,174,241,918,5231
Region I (Ilocos Region),ILOCOS NORTE,PH010000000,PH0102800000,Cognitive Disability,Both Sexes,Moderate,PH012800000,1109,66,81,108,854
Region I (Ilocos Region),ILOCOS NORTE,PH010000000,PH0102800000,Cognitive Disability,Both Sexes,Severe,PH012800000,412,57,59,63,233
Region I (Ilocos Region),ILOCOS NORTE,PH010000000,PH0102800000,Cognitive Disability,Female,All,PH012800000,4977,130,183,608,4056
Region I (Ilocos Region),ILOCOS NORTE,PH010000000,PH0102800000,Cognitive Disability,Female,Mild,PH012800000,4044,77,129,535,3303
Region I (Ilocos Region),ILOCOS NORTE,PH010000000,PH0102800000,Cognitive Disability,Female,Moderate,PH012800000,695,28,30,47,590
Region I (Ilocos Region),ILOCOS NORTE,PH010000000,PH0102800000,Cognitive Disability,Female,Severe,PH012800000,239,25,25,26,163
Region I (Ilocos Region),ILOCOS NORTE,PH010000000,PH0102800000,Cognitive Disability,Male,All,PH012800000,3108,167,198,481,2262
Region I (Ilocos Region),ILOCOS NORTE,PH010000000,PH0102800000,Cognitive Disability,Male,Mild,PH012800000,2520,97,112,383,1928
Region I (Ilocos Region),ILOCOS NORTE,PH010000000,PH0102800000,Cognitive Disability,Male,Moderate,PH012800000,414,38,51,61,264
Region I (Ilocos Region),ILOCOS NORTE,PH010000000,PH0102800000,Cognitive Disability,Male,Severe,PH012800000,175,32,36,37,70
Region I (Ilocos Region),ILOCOS NORTE,PH010000000,PH0102800000,Communication Disability,Both Sexes,All,PH012800000,3983,511,544,676,2252
Region I (Ilocos Region),ILOCOS NORTE,PH010000000,PH0102800000,Communication Disability,Both Sexes,Mild,PH012800000,2308,224,245,355,1484
Region I (Ilocos Region),ILOCOS NORTE,PH010000000,PH0102800000,Communication Disability,Both Sexes,Moderate,PH012800000,930,143,147,161,479
Region I (Ilocos Region),ILOCOS NORTE,PH010000000,PH0102800000,Communication Disability,Both Sexes,Severe,PH012800000,747,144,153,160,290
Region I (Ilocos Region),ILOCOS NORTE,PH010000000,PH0102800000,Communication Disability,Female,All,PH012800000,2153,227,243,297,1386
Region I (Ilocos Region),ILOCOS NORTE,PH010000000,PH0102800000,Communication Disability,Female,Mild,PH012800000,1284,108,111,148,917
Region I (Ilocos Region),ILOCOS NORTE,PH010000000,PH0102800000,Communication Disability,Female,Moderate,PH012800000,495,62,65,80,288
Region I (Ilocos Region),ILOCOS NORTE,PH010000000,PH0102800000,Communication Disability,Female,Severe,PH012800000,374,57,67,69,181
Region I (Ilocos Region),ILOCOS NORTE,PH010000000,PH0102800000,Communication Disability,Male,All,PH012800000,1828,284,300,379,865
Region I (Ilocos Region),ILOCOS NORTE,PH010000000,PH0102800000,Communication Disability,Male,Mild,PH012800000,1022,116,134,207,565
Region I (Ilocos Region),ILOCOS NORTE,PH010000000,PH0102800000,Communication Disability,Male,Moderate,PH012800000,435,81,82,81,191
Region I (Ilocos Region),ILOCOS NORTE,PH010000000,PH0102800000,Communication Disability,Male,Severe,PH012800000,371,87,84,91,109
Region I (Ilocos Region),ILOCOS NORTE,PH010000000,PH0102800000,Hearing Disability,Both Sexes,All,PH012800000,12638,278,426,1280,10654
Region I (Ilocos Region),ILOCOS NORTE,PH010000000,PH0102800000,Hearing Disability,Both Sexes,Mild,PH012800000,10460,190,279,1076,8915
Region I (Ilocos Region),ILOCOS NORTE,PH010000000,PH0102800000,Hearing Disability,Both Sexes,Moderate,PH012800000,1735,29,62,117,1527
Region I (Ilocos Region),ILOCOS NORTE,PH010000000,PH0102800000,Hearing Disability,Both Sexes,Severe,PH012800000,443,59,85,87,212
Region I (Ilocos Region),ILOCOS NORTE,PH010000000,PH0102800000,Hearing Disability,Female,All,PH012800000,7155,121,206,624,6204
Region I (Ilocos Region),ILOCOS NORTE,PH010000000,PH0102800000,Hearing Disability,Female,Mild,PH012800000,5982,88,143,531,5220
Region I (Ilocos Region),ILOCOS NORTE,PH010000000,PH0102800000,Hearing Disability,Female,Moderate,PH012800000,975,11,29,60,875
Region I (Ilocos Region),ILOCOS NORTE,PH010000000,PH0102800000,Hearing Disability,Female,Severe,PH012800000,198,22,34,33,109
Region I (Ilocos Region),ILOCOS NORTE,PH010000000,PH0102800000,Hearing Disability,Male,All,PH012800000,5483,157,220,656,4450
Region I (Ilocos Region),ILOCOS NORTE,PH010000000,PH0102800000,Hearing Disability,Male,Mild,PH012800000,4478,102,136,545,3695
Region I (Ilocos Region),ILOCOS NORTE,PH010000000,PH0102800000,Hearing Disability,Male,Moderate,PH012800000,760,18,33,57,652
Region I (Ilocos Region),ILOCOS NORTE,PH010000000,PH0102800000,Hearing Disability,Male,Severe,PH012800000,245,37,51,54,103
Region I (Ilocos Region),ILOCOS NORTE,PH010000000,PH0102800000,Mobility Disability,Both Sexes,All,PH012800000,13503,353,425,1506,11219
Region I (Ilocos Region),ILOCOS NORTE,PH010000000,PH0102800000,Mobility Disability,Both Sexes,Mild,PH012800000,9943,160,243,1133,8407
Region I (Ilocos Region),ILOCOS NORTE,PH010000000,PH0102800000,Mobility Disability,Both Sexes,Moderate,PH012800000,2249,59,95,260,1835
Region I (Ilocos Region),ILOCOS NORTE,PH010000000,PH0102800000,Mobility Disability,Both Sexes,Severe,PH012800000,1311,134,87,113,977
Region I (Ilocos Region),ILOCOS NORTE,PH010000000,PH0102800000,Mobility Disability,Female,All,PH012800000,7829,151,156,642,6880
Region I (Ilocos Region),ILOCOS NORTE,PH010000000,PH0102800000,Mobility Disability,Female,Mild,PH012800000,5830,74,91,486,5179
Region I (Ilocos Region),ILOCOS NORTE,PH010000000,PH0102800000,Mobility Disability,Female,Moderate,PH012800000,1247,30,34,97,1086
Region I (Ilocos Region),ILOCOS NORTE,PH010000000,PH0102800000,Mobility Disability,Female,Severe,PH012800000,752,47,31,59,615
Region I (Ilocos Region),ILOCOS NORTE,PH010000000,PH0102800000,Mobility Disability,Male,All,PH012800000,5674,202,269,864,4339
Region I (Ilocos Region),ILOCOS NORTE,PH010000000,PH0102800000,Mobility Disability,Male,Mild,PH012800000,4113,86,152,647,3228
Region I (Ilocos Region),ILOCOS NORTE,PH010000000,PH0102800000,Mobility Disability,Male,Moderate,PH012800000,1002,29,61,163,749
Region I (Ilocos Region),ILOCOS NORTE,PH010000000,PH0102800000,Mobility Disability,Male,Severe,PH012800000,559,87,56,54,362
Region I (Ilocos Region),ILOCOS NORTE,PH010000000,PH0102800000,Self-Care Disability,Both Sexes,All,PH012800000,4540,446,266,406,3422
Region I (Ilocos Region),ILOCOS NORTE,PH010000000,PH0102800000,Self-Care Disability,Both Sexes,Mild,PH012800000,2142,217,93,187,1645
Region I (Ilocos Region),ILOCOS NORTE,PH010000000,PH0102800000,Self-Care Disability,Both Sexes,Moderate,PH012800000,930,73,57,83,717
Region I (Ilocos Region),ILOCOS NORTE,PH010000000,PH0102800000,Self-Care Disability,Both Sexes,Severe,PH012800000,1468,156,116,136,1060
Region I (Ilocos Region),ILOCOS NORTE,PH010000000,PH0102800000,Self-Care Disability,Female,All,PH012800000,2622,207,99,180,2136
Region I (Ilocos Region),ILOCOS NORTE,PH010000000,PH0102800000,Self-Care Disability,Female,Mild,PH012800000,1271,113,36,83,1039
Region I (Ilocos Region),ILOCOS NORTE,PH010000000,PH0102800000,Self-Care Disability,Female,Moderate,PH012800000,513,30,17,35,431
Region I (Ilocos Region),ILOCOS NORTE,PH010000000,PH0102800000,Self-Care Disability,Female,Severe,PH012800000,838,64,46,62,666
Region I (Ilocos Region),ILOCOS NORTE,PH010000000,PH0102800000,Self-Care Disability,Male,All,PH012800000,1918,239,167,226,1286
Region I (Ilocos Region),ILOCOS NORTE,PH010000000,PH0102800000,Self-Care Disability,Male,Mild,PH012800000,871,104,57,104,606
Region I (Ilocos Region),ILOCOS NORTE,PH010000000,PH0102800000,Self-Care Disability,Male,Moderate,PH012800000,417,43,40,48,286
Region I (Ilocos Region),ILOCOS NORTE,PH010000000,PH0102800000,Self-Care Disability,Male,Severe,PH012800000,630,92,70,74,394
Region I (Ilocos Region),ILOCOS NORTE,PH010000000,PH0102800000,Visual Disability,Both Sexes,All,PH012800000,32064,623,1460,7995,21986
Region I (Ilocos Region),ILOCOS NORTE,PH010000000,PH0102800000,Visual Disability,Both Sexes,Mild,PH012800000,29074,516,1326,7657,19575
Region I (Ilocos Region),ILOCOS NORTE,PH010000000,PH0102800000,Visual Disability,Both Sexes,Moderate,PH012800000,2317,57,83,260,1917
Region I (Ilocos Region),ILOCOS NORTE,PH010000000,PH0102800000,Visual Disability,Both Sexes,Severe,PH012800000,673,50,51,78,494
Region I (Ilocos Region),ILOCOS NORTE,PH010000000,PH0102800000,Visual Disability,Female,All,PH012800000,18941,340,882,4521,13198
Region I (Ilocos Region),ILOCOS NORTE,PH010000000,PH0102800000,Visual Disability,Female,Mild,PH012800000,17191,292,829,4345,11725
Region I (Ilocos Region),ILOCOS NORTE,PH010000000,PH0102800000,Visual Disability,Female,Moderate,PH012800000,1379,25,32,142,1180
Region I (Ilocos Region),ILOCOS NORTE,PH010000000,PH0102800000,Visual Disability,Female,Severe,PH012800000,371,23,21,34,293
Region I (Ilocos Region),ILOCOS NORTE,PH010000000,PH0102800000,Visual Disability,Male,All,PH012800000,13123,283,578,3474,8788
Region I (Ilocos Region),ILOCOS NORTE,PH010000000,PH0102800000,Visual Disability,Male,Mild,PH012800000,11883,224,497,3312,7850
Region I (Ilocos Region),ILOCOS NORTE,PH010000000,PH0102800000,Visual Disability,Male,Moderate,PH012800000,938,32,51,118,737
Region I (Ilocos Region),ILOCOS NORTE,PH010000000,PH0102800000,Visual Disability,Male,Severe,PH012800000,302,27,30,44,201
Region I (Ilocos Region),ILOCOS SUR,PH010000000,PH0102900000,Cognitive Disability,Both Sexes,All,PH012900000,11896,395,567,1791,9143
Region I (Ilocos Region),ILOCOS SUR,PH010000000,PH0102900000,Cognitive Disability,Both Sexes,Mild,PH012900000,9796,195,373,1530,7698
Region I (Ilocos Region),ILOCOS SUR,PH010000000,PH0102900000,Cognitive Disability,Both Sexes,Moderate,PH012900000,1568,105,120,179,1164
Region I (Ilocos Region),ILOCOS SUR,PH010000000,PH0102900000,Cognitive Disability,Both Sexes,Severe,PH012900000,532,95,74,82,281
Region I (Ilocos Region),ILOCOS SUR,PH010000000,PH0102900000,Cognitive Disability,Female,All,PH012900000,7219,156,285,939,5839
Region I (Ilocos Region),ILOCOS SUR,PH010000000,PH0102900000,Cognitive Disability,Female,Mild,PH012900000,5974,82,205,821,4866
Region I (Ilocos Region),ILOCOS SUR,PH010000000,PH0102900000,Cognitive Disability,Female,Moderate,PH012900000,936,39,46,77,774
Region I (Ilocos Region),ILOCOS SUR,PH010000000,PH0102900000,Cognitive Disability,Female,Severe,PH012900000,309,35,34,41,199
Region I (Ilocos Region),ILOCOS SUR,PH010000000,PH0102900000,Cognitive Disability,Male,All,PH012900000,4677,239,282,852,3304
Region I (Ilocos Region),ILOCOS SUR,PH010000000,PH0102900000,Cognitive Disability,Male,Mild,PH012900000,3822,113,168,709,2832
Region I (Ilocos Region),ILOCOS SUR,PH010000000,PH0102900000,Cognitive Disability,Male,Moderate,PH012900000,632,66,74,102,390
Region I (Ilocos Region),ILOCOS SUR,PH010000000,PH0102900000,Cognitive Disability,Male,Severe,PH012900000,223,60,40,41,82
Region I (Ilocos Region),ILOCOS SUR,PH010000000,PH0102900000,Communication Disability,Both Sexes,All,PH012900000,4813,606,571,766,2870
Region I (Ilocos Region),ILOCOS SUR,PH010000000,PH0102900000,Communication Disability,Both Sexes,Mild,PH012900000,2721,209,221,390,1901
Region I (Ilocos Region),ILOCOS SUR,PH010000000,PH0102900000,Communication Disability,Both Sexes,Moderate,PH012900000,1178,175,172,199,632
Region I (Ilocos Region),ILOCOS SUR,PH010000000,PH0102900000,Communication Disability,Both Sexes,Severe,PH012900000,914,222,178,177,337
Region I (Ilocos Region),ILOCOS SUR,PH010000000,PH0102900000,Communication Disability,Female,All,PH012900000,2624,247,255,359,1763
Region I (Ilocos Region),ILOCOS SUR,PH010000000,PH0102900000,Communication Disability,Female,Mild,PH012900000,1551,85,98,185,1183
Region I (Ilocos Region),ILOCOS SUR,PH010000000,PH0102900000,Communication Disability,Female,Moderate,PH012900000,631,76,82,82,391
Region I (Ilocos Region),ILOCOS SUR,PH010000000,PH0102900000,Communication Disability,Female,Severe,PH012900000,442,86,75,92,189
Region I (Ilocos Region),ILOCOS SUR,PH010000000,PH0102900000,Communication Disability,Male,All,PH012900000,2189,359,316,407,1107
Region I (Ilocos Region),ILOCOS SUR,PH010000000,PH0102900000,Communication Disability,Male,Mild,PH012900000,1170,124,123,205,718
Region I (Ilocos Region),ILOCOS SUR,PH010000000,PH0102900000,Communication Disability,Male,Moderate,PH012900000,547,99,90,117,241
Region I (Ilocos Region),ILOCOS SUR,PH010000000,PH0102900000,Communication Disability,Male,Severe,PH012900000,472,136,103,85,148
Region I (Ilocos Region),ILOCOS SUR,PH010000000,PH0102900000,Hearing Disability,Both Sexes,All,PH012900000,20844,404,649,2487,17304
Region I (Ilocos Region),ILOCOS SUR,PH010000000,PH0102900000,Hearing Disability,Both Sexes,Mild,PH012900000,17611,267,464,2186,14694
Region I (Ilocos Region),ILOCOS SUR,PH010000000,PH0102900000,Hearing Disability,Both Sexes,Moderate,PH012900000,2734,73,99,206,2356
Region I (Ilocos Region),ILOCOS SUR,PH010000000,PH0102900000,Hearing Disability,Both Sexes,Severe,PH012900000,499,64,86,95,254
Region I (Ilocos Region),ILOCOS SUR,PH010000000,PH0102900000,Hearing Disability,Female,All,PH012900000,11702,192,317,1147,10046
Region I (Ilocos Region),ILOCOS SUR,PH010000000,PH0102900000,Hearing Disability,Female,Mild,PH012900000,9881,134,233,1016,8498
Region I (Ilocos Region),ILOCOS SUR,PH010000000,PH0102900000,Hearing Disability,Female,Moderate,PH012900000,1565,34,47,84,1400
Region I (Ilocos Region),ILOCOS SUR,PH010000000,PH0102900000,Hearing Disability,Female,Severe,PH012900000,256,24,37,47,148
Region I (Ilocos Region),ILOCOS SUR,PH010000000,PH0102900000,Hearing Disability,Male,All,PH012900000,9142,212,332,1340,7258
Region I (Ilocos Region),ILOCOS SUR,PH010000000,PH0102900000,Hearing Disability,Male,Mild,PH012900000,7730,133,231,1170,6196
Region I (Ilocos Region),ILOCOS SUR,PH010000000,PH0102900000,Hearing Disability,Male,Moderate,PH012900000,1169,39,52,122,956
Region I (Ilocos Region),ILOCOS SUR,PH010000000,PH0102900000,Hearing Disability,Male,Severe,PH012900000,243,40,49,48,106
Region I (Ilocos Region),ILOCOS SUR,PH010000000,PH0102900000,Mobility Disability,Both Sexes,All,PH012900000,20579,462,598,2530,16989
Region I (Ilocos Region),ILOCOS SUR,PH010000000,PH0102900000,Mobility Disability,Both Sexes,Mild,PH012900000,15894,212,389,1980,13313
Region I (Ilocos Region),ILOCOS SUR,PH010000000,PH0102900000,Mobility Disability,Both Sexes,Moderate,PH012900000,3147,95,125,361,2566
Region I (Ilocos Region),ILOCOS SUR,PH010000000,PH0102900000,Mobility Disability,Both Sexes,Severe,PH012900000,1538,155,84,189,1110
Region I (Ilocos Region),ILOCOS SUR,PH010000000,PH0102900000,Mobility Disability,Female,All,PH012900000,11708,186,251,1038,10233
Region I (Ilocos Region),ILOCOS SUR,PH010000000,PH0102900000,Mobility Disability,Female,Mild,PH012900000,9070,91,170,842,7967
Region I (Ilocos Region),ILOCOS SUR,PH010000000,PH0102900000,Mobility Disability,Female,Moderate,PH012900000,1742,32,47,120,1543
Region I (Ilocos Region),ILOCOS SUR,PH010000000,PH0102900000,Mobility Disability,Female,Severe,PH012900000,896,63,34,76,723
Region I (Ilocos Region),ILOCOS SUR,PH010000000,PH0102900000,Mobility Disability,Male,All,PH012900000,8871,276,347,1492,6756
Region I (Ilocos Region),ILOCOS SUR,PH010000000,PH0102900000,Mobility Disability,Male,Mild,PH012900000,6824,121,219,1138,5346
Region I (Ilocos Region),ILOCOS SUR,PH010000000,PH0102900000,Mobility Disability,Male,Moderate,PH012900000,1405,63,78,241,1023
Region I (Ilocos Region),ILOCOS SUR,PH010000000,PH0102900000,Mobility Disability,Male,Severe,PH012900000,642,92,50,113,387
Region I (Ilocos Region),ILOCOS SUR,PH010000000,PH0102900000,Self-Care Disability,Both Sexes,All,PH012900000,5934,496,323,596,4519
Region I (Ilocos Region),ILOCOS SUR,PH010000000,PH0102900000,Self-Care Disability,Both Sexes,Mild,PH012900000,3002,200,141,299,2362
Region I (Ilocos Region),ILOCOS SUR,PH010000000,PH0102900000,Self-Care Disability,Both Sexes,Moderate,PH012900000,1173,88,69,113,903
Region I (Ilocos Region),ILOCOS SUR,PH010000000,PH0102900000,Self-Care Disability,Both Sexes,Severe,PH012900000,1759,208,113,184,1254
Region I (Ilocos Region),ILOCOS SUR,PH010000000,PH0102900000,Self-Care Disability,Female,All,PH012900000,3416,201,132,261,2822
Region I (Ilocos Region),ILOCOS SUR,PH010000000,PH0102900000,Self-Care Disability,Female,Mild,PH012900000,1749,86,61,129,1473
Region I (Ilocos Region),ILOCOS SUR,PH010000000,PH0102900000,Self-Care Disability,Female,Moderate,PH012900000,636,38,23,46,529
Region I (Ilocos Region),ILOCOS SUR,PH010000000,PH0102900000,Self-Care Disability,Female,Severe,PH012900000,1031,77,48,86,820
Region I (Ilocos Region),ILOCOS SUR,PH010000000,PH0102900000,Self-Care Disability,Male,All,PH012900000,2518,295,191,335,1697
Region I (Ilocos Region),ILOCOS SUR,PH010000000,PH0102900000,Self-Care Disability,Male,Mild,PH012900000,1253,114,80,170,889
Region I (Ilocos Region),ILOCOS SUR,PH010000000,PH0102900000,Self-Care Disability,Male,Moderate,PH012900000,537,50,46,67,374
Region I (Ilocos Region),ILOCOS SUR,PH010000000,PH0102900000,Self-Care Disability,Male,Severe,PH012900000,728,131,65,98,434
Region I (Ilocos Region),ILOCOS SUR,PH010000000,PH0102900000,Visual Disability,Both Sexes,All,PH012900000,61726,1107,2689,17656,40274
Region I (Ilocos Region),ILOCOS SUR,PH010000000,PH0102900000,Visual Disability,Both Sexes,Mild,PH012900000,56809,928,2466,17067,36348
Region I (Ilocos Region),ILOCOS SUR,PH010000000,PH0102900000,Visual Disability,Both Sexes,Moderate,PH012900000,4135,121,161,508,3345
Region I (Ilocos Region),ILOCOS SUR,PH010000000,PH0102900000,Visual Disability,Both Sexes,Severe,PH012900000,782,58,62,81,581
Region I (Ilocos Region),ILOCOS SUR,PH010000000,PH0102900000,Visual Disability,Female,All,PH012900000,35586,652,1669,9713,23552
Region I (Ilocos Region),ILOCOS SUR,PH010000000,PH0102900000,Visual Disability,Female,Mild,PH012900000,32724,564,1563,9416,21181
Region I (Ilocos Region),ILOCOS SUR,PH010000000,PH0102900000,Visual Disability,Female,Moderate,PH012900000,2421,58,79,261,2023
Region I (Ilocos Region),ILOCOS SUR,PH010000000,PH0102900000,Visual Disability,Female,Severe,PH012900000,441,30,27,36,348
Region I (Ilocos Region),ILOCOS SUR,PH010000000,PH0102900000,Visual Disability,Male,All,PH012900000,26140,455,1020,7943,16722
Region I (Ilocos Region),ILOCOS SUR,PH010000000,PH0102900000,Visual Disability,Male,Mild,PH012900000,24085,364,903,7651,15167
Region I (Ilocos Region),ILOCOS SUR,PH010000000,PH0102900000,Visual Disability,Male,Moderate,PH012900000,1714,63,82,247,1322
Region I (Ilocos Region),ILOCOS SUR,PH010000000,PH0102900000,Visual Disability,Male,Severe,PH012900000,341,28,35,45,233
Region I (Ilocos Region),LA UNION,PH010000000,PH0103300000,Cognitive Disability,Both Sexes,All,PH013300000,11275,475,627,1690,8483
Region I (Ilocos Region),LA UNION,PH010000000,PH0103300000,Cognitive Disability,Both Sexes,Mild,PH013300000,9086,236,351,1375,7124
Region I (Ilocos Region),LA UNION,PH010000000,PH0103300000,Cognitive Disability,Both Sexes,Moderate,PH013300000,1545,129,160,212,1044
Region I (Ilocos Region),LA UNION,PH010000000,PH0103300000,Cognitive Disability,Both Sexes,Severe,PH013300000,644,110,116,103,315
Region I (Ilocos Region),LA UNION,PH010000000,PH0103300000,Cognitive Disability,Female,All,PH013300000,6846,209,312,906,5419
Region I (Ilocos Region),LA UNION,PH010000000,PH0103300000,Cognitive Disability,Female,Mild,PH013300000,5515,101,184,747,4483
Region I (Ilocos Region),LA UNION,PH010000000,PH0103300000,Cognitive Disability,Female,Moderate,PH013300000,968,57,72,106,733
Region I (Ilocos Region),LA UNION,PH010000000,PH0103300000,Cognitive Disability,Female,Severe,PH013300000,363,51,56,53,203
Region I (Ilocos Region),LA UNION,PH010000000,PH0103300000,Cognitive Disability,Male,All,PH013300000,4429,266,315,784,3064
Region I (Ilocos Region),LA UNION,PH010000000,PH0103300000,Cognitive Disability,Male,Mild,PH013300000,3571,135,167,628,2641
Region I (Ilocos Region),LA UNION,PH010000000,PH0103300000,Cognitive Disability,Male,Moderate,PH013300000,577,72,88,106,311
Region I (Ilocos Region),LA UNION,PH010000000,PH0103300000,Cognitive Disability,Male,Severe,PH013300000,281,59,60,50,112
Region I (Ilocos Region),LA UNION,PH010000000,PH0103300000,Communication Disability,Both Sexes,All,PH013300000,5170,844,780,887,2659
Region I (Ilocos Region),LA UNION,PH010000000,PH0103300000,Communication Disability,Both Sexes,Mild,PH013300000,2660,283,269,427,1681
Region I (Ilocos Region),LA UNION,PH010000000,PH0103300000,Communication Disability,Both Sexes,Moderate,PH013300000,1279,242,239,231,567
Region I (Ilocos Region),LA UNION,PH010000000,PH0103300000,Communication Disability,Both Sexes,Severe,PH013300000,1231,319,272,229,411
Region I (Ilocos Region),LA UNION,PH010000000,PH0103300000,Communication Disability,Female,All,PH013300000,2722,365,356,389,1612
Region I (Ilocos Region),LA UNION,PH010000000,PH0103300000,Communication Disability,Female,Mild,PH013300000,1387,115,110,170,992
Region I (Ilocos Region),LA UNION,PH010000000,PH0103300000,Communication Disability,Female,Moderate,PH013300000,709,109,120,108,372
Region I (Ilocos Region),LA UNION,PH010000000,PH0103300000,Communication Disability,Female,Severe,PH013300000,626,141,126,111,248
Region I (Ilocos Region),LA UNION,PH010000000,PH0103300000,Communication Disability,Male,All,PH013300000,2448,479,424,498,1047
Region I (Ilocos Region),LA UNION,PH010000000,PH0103300000,Communication Disability,Male,Mild,PH013300000,1273,168,159,257,689
Region I (Ilocos Region),LA UNION,PH010000000,PH0103300000,Communication Disability,Male,Moderate,PH013300000,570,133,119,123,195
Region I (Ilocos Region),LA UNION,PH010000000,PH0103300000,Communication Disability,Male,Severe,PH013300000,605,178,146,118,163
Region I (Ilocos Region),LA UNION,PH010000000,PH0103300000,Hearing Disability,Both Sexes,All,PH013300000,18869,512,738,2248,15371
Region I (Ilocos Region),LA UNION,PH010000000,PH0103300000,Hearing Disability,Both Sexes,Mild,PH013300000,15722,301,481,1888,13052
Region I (Ilocos Region),LA UNION,PH010000000,PH0103300000,Hearing Disability,Both Sexes,Moderate,PH013300000,2449,81,97,222,2049
Region I (Ilocos Region),LA UNION,PH010000000,PH0103300000,Hearing Disability,Both Sexes,Severe,PH013300000,698,130,160,138,270
Region I (Ilocos Region),LA UNION,PH010000000,PH0103300000,Hearing Disability,Female,All,PH013300000,10513,220,382,1142,8769
Region I (Ilocos Region),LA UNION,PH010000000,PH0103300000,Hearing Disability,Female,Mild,PH013300000,8747,132,250,971,7394
Region I (Ilocos Region),LA UNION,PH010000000,PH0103300000,Hearing Disability,Female,Moderate,PH013300000,1402,31,47,103,1221
Region I (Ilocos Region),LA UNION,PH010000000,PH0103300000,Hearing Disability,Female,Severe,PH013300000,364,57,85,68,154
Region I (Ilocos Region),LA UNION,PH010000000,PH0103300000,Hearing Disability,Male,All,PH013300000,8356,292,356,1106,6602
Region I (Ilocos Region),LA UNION,PH010000000,PH0103300000,Hearing Disability,Male,Mild,PH013300000,6975,169,231,917,5658
Region I (Ilocos Region),LA UNION,PH010000000,PH0103300000,Hearing Disability,Male,Moderate,PH013300000,1047,50,50,119,828
Region I (Ilocos Region),LA UNION,PH010000000,PH0103300000,Hearing Disability,Male,Severe,PH013300000,334,73,75,70,116
Region I (Ilocos Region),LA UNION,PH010000000,PH0103300000,Mobility Disability,Both Sexes,All,PH013300000,18503,543,716,2502,14742
Region I (Ilocos Region),LA UNION,PH010000000,PH0103300000,Mobility Disability,Both Sexes,Mild,PH013300000,13922,239,433,1893,11357
Region I (Ilocos Region),LA UNION,PH010000000,PH0103300000,Mobility Disability,Both Sexes,Moderate,PH013300000,2930,118,140,427,2245
Region I (Ilocos Region),LA UNION,PH010000000,PH0103300000,Mobility Disability,Both Sexes,Severe,PH013300000,1651,186,143,182,1140
Region I (Ilocos Region),LA UNION,PH010000000,PH0103300000,Mobility Disability,Female,All,PH013300000,10223,252,266,985,8720
Region I (Ilocos Region),LA UNION,PH010000000,PH0103300000,Mobility Disability,Female,Mild,PH013300000,7731,108,155,768,6700
Region I (Ilocos Region),LA UNION,PH010000000,PH0103300000,Mobility Disability,Female,Moderate,PH013300000,1564,59,48,148,1309
Region I (Ilocos Region),LA UNION,PH010000000,PH0103300000,Mobility Disability,Female,Severe,PH013300000,928,85,63,69,711
Region I (Ilocos Region),LA UNION,PH010000000,PH0103300000,Mobility Disability,Male,All,PH013300000,8280,291,450,1517,6022
Region I (Ilocos Region),LA UNION,PH010000000,PH0103300000,Mobility Disability,Male,Mild,PH013300000,6191,131,278,1125,4657
Region I (Ilocos Region),LA UNION,PH010000000,PH0103300000,Mobility Disability,Male,Moderate,PH013300000,1366,59,92,279,936
Region I (Ilocos Region),LA UNION,PH010000000,PH0103300000,Mobility Disability,Male,Severe,PH013300000,723,101,80,113,429
Region I (Ilocos Region),LA UNION,PH010000000,PH0103300000,Self-Care Disability,Both Sexes,All,PH013300000,5780,650,448,646,4036
Region I (Ilocos Region),LA UNION,PH010000000,PH0103300000,Self-Care Disability,Both Sexes,Mild,PH013300000,2744,250,154,296,2044
Region I (Ilocos Region),LA UNION,PH010000000,PH0103300000,Self-Care Disability,Both Sexes,Moderate,PH013300000,1164,131,106,154,773
Region I (Ilocos Region),LA UNION,PH010000000,PH0103300000,Self-Care Disability,Both Sexes,Severe,PH013300000,1872,269,188,196,1219
Region I (Ilocos Region),LA UNION,PH010000000,PH0103300000,Self-Care Disability,Female,All,PH013300000,3305,303,197,289,2516
Region I (Ilocos Region),LA UNION,PH010000000,PH0103300000,Self-Care Disability,Female,Mild,PH013300000,1550,113,67,133,1237
Region I (Ilocos Region),LA UNION,PH010000000,PH0103300000,Self-Care Disability,Female,Moderate,PH013300000,660,65,49,68,478
Region I (Ilocos Region),LA UNION,PH010000000,PH0103300000,Self-Care Disability,Female,Severe,PH013300000,1095,125,81,88,801
Region I (Ilocos Region),LA UNION,PH010000000,PH0103300000,Self-Care Disability,Male,All,PH013300000,2475,347,251,357,1520
Region I (Ilocos Region),LA UNION,PH010000000,PH0103300000,Self-Care Disability,Male,Mild,PH013300000,1194,137,87,163,807
Region I (Ilocos Region),LA UNION,PH010000000,PH0103300000,Self-Care Disability,Male,Moderate,PH013300000,504,66,57,86,295
Region I (Ilocos Region),LA UNION,PH010000000,PH0103300000,Self-Care Disability,Male,Severe,PH013300000,777,144,107,108,418
Region I (Ilocos Region),LA UNION,PH010000000,PH0103300000,Visual Disability,Both Sexes,All,PH013300000,57736,1286,3134,16091,37225
Region I (Ilocos Region),LA UNION,PH010000000,PH0103300000,Visual Disability,Both Sexes,Mild,PH013300000,53116,1095,2910,15420,33691
Region I (Ilocos Region),LA UNION,PH010000000,PH0103300000,Visual Disability,Both Sexes,Moderate,PH013300000,3743,118,155,541,2929
Region I (Ilocos Region),LA UNION,PH010000000,PH0103300000,Visual Disability,Both Sexes,Severe,PH013300000,877,73,69,130,605
Region I (Ilocos Region),LA UNION,PH010000000,PH0103300000,Visual Disability,Female,All,PH013300000,33437,720,1934,8931,21852
Region I (Ilocos Region),LA UNION,PH010000000,PH0103300000,Visual Disability,Female,Mild,PH013300000,30745,628,1833,8581,19703
Region I (Ilocos Region),LA UNION,PH010000000,PH0103300000,Visual Disability,Female,Moderate,PH013300000,2198,57,73,293,1775
Region I (Ilocos Region),LA UNION,PH010000000,PH0103300000,Visual Disability,Female,Severe,PH013300000,494,35,28,57,374
Region I (Ilocos Region),LA UNION,PH010000000,PH0103300000,Visual Disability,Male,All,PH013300000,24299,566,1200,7160,15373
Region I (Ilocos Region),LA UNION,PH010000000,PH0103300000,Visual Disability,Male,Mild,PH013300000,22371,467,1077,6839,13988
Region I (Ilocos Region),LA UNION,PH010000000,PH0103300000,Visual Disability,Male,Moderate,PH013300000,1545,61,82,248,1154
Region I (Ilocos Region),LA UNION,PH010000000,PH0103300000,Visual Disability,Male,Severe,PH013300000,383,38,41,73,231
Region I (Ilocos Region),PANGASINAN,PH010000000,PH0105500000,Cognitive Disability,Both Sexes,All,PH015500000,37762,1667,2294,6140,27661
Region I (Ilocos Region),PANGASINAN,PH010000000,PH0105500000,Cognitive Disability,Both Sexes,Mild,PH015500000,31175,848,1521,5187,23619
Region I (Ilocos Region),PANGASINAN,PH010000000,PH0105500000,Cognitive Disability,Both Sexes,Moderate,PH015500000,4781,449,496,651,3185
Region I (Ilocos Region),PANGASINAN,PH010000000,PH0105500000,Cognitive Disability,Both Sexes,Severe,PH015500000,1806,370,277,302,857
Region I (Ilocos Region),PANGASINAN,PH010000000,PH0105500000,Cognitive Disability,Female,All,PH015500000,22884,721,1238,3463,17462
Region I (Ilocos Region),PANGASINAN,PH010000000,PH0105500000,Cognitive Disability,Female,Mild,PH015500000,19088,400,873,3023,14792
Region I (Ilocos Region),PANGASINAN,PH010000000,PH0105500000,Cognitive Disability,Female,Moderate,PH015500000,2829,176,230,299,2124
Region I (Ilocos Region),PANGASINAN,PH010000000,PH0105500000,Cognitive Disability,Female,Severe,PH015500000,967,145,135,141,546
Region I (Ilocos Region),PANGASINAN,PH010000000,PH0105500000,Cognitive Disability,Male,All,PH015500000,14878,946,1056,2677,10199
Region I (Ilocos Region),PANGASINAN,PH010000000,PH0105500000,Cognitive Disability,Male,Mild,PH015500000,12087,448,648,2164,8827
Region I (Ilocos Region),PANGASINAN,PH010000000,PH0105500000,Cognitive Disability,Male,Moderate,PH015500000,1952,273,266,352,1061
Region I (Ilocos Region),PANGASINAN,PH010000000,PH0105500000,Cognitive Disability,Male,Severe,PH015500000,839,225,142,161,311
Region I (Ilocos Region),PANGASINAN,PH010000000,PH0105500000,Communication Disability,Both Sexes,All,PH015500000,19646,3192,3041,3532,9881
Region I (Ilocos Region),PANGASINAN,PH010000000,PH0105500000,Communication Disability,Both Sexes,Mild,PH015500000,11144,1189,1260,1829,6866
Region I (Ilocos Region),PANGASINAN,PH010000000,PH0105500000,Communication Disability,Both Sexes,Moderate,PH015500000,4507,861,848,894,1904
Region I (Ilocos Region),PANGASINAN,PH010000000,PH0105500000,Communication Disability,Both Sexes,Severe,PH015500000,3995,1142,933,809,1111
Region I (Ilocos Region),PANGASINAN,PH010000000,PH0105500000,Communication Disability,Female,All,PH015500000,10147,1370,1390,1594,5793
Region I (Ilocos Region),PANGASINAN,PH010000000,PH0105500000,Communication Disability,Female,Mild,PH015500000,5741,540,503,701,3997
Region I (Ilocos Region),PANGASINAN,PH010000000,PH0105500000,Communication Disability,Female,Moderate,PH015500000,2373,353,407,465,1148
Region I (Ilocos Region),PANGASINAN,PH010000000,PH0105500000,Communication Disability,Female,Severe,PH015500000,2033,477,480,428,648
Region I (Ilocos Region),PANGASINAN,PH010000000,PH0105500000,Communication Disability,Male,All,PH015500000,9499,1822,1651,1938,4088
Region I (Ilocos Region),PANGASINAN,PH010000000,PH0105500000,Communication Disability,Male,Mild,PH015500000,5403,649,757,1128,2869
Region I (Ilocos Region),PANGASINAN,PH010000000,PH0105500000,Communication Disability,Male,Moderate,PH015500000,2134,508,441,429,756
Region I (Ilocos Region),PANGASINAN,PH010000000,PH0105500000,Communication Disability,Male,Severe,PH015500000,1962,665,453,381,463
Region I (Ilocos Region),PANGASINAN,PH010000000,PH0105500000,Hearing Disability,Both Sexes,All,PH015500000,65411,1762,2484,8543,52622
Region I (Ilocos Region),PANGASINAN,PH010000000,PH0105500000,Hearing Disability,Both Sexes,Mild,PH015500000,56074,1125,1793,7541,45615
Region I (Ilocos Region),PANGASINAN,PH010000000,PH0105500000,Hearing Disability,Both Sexes,Moderate,PH015500000,7495,285,335,634,6241
Region I (Ilocos Region),PANGASINAN,PH010000000,PH0105500000,Hearing Disability,Both Sexes,Severe,PH015500000,1842,352,356,368,766
Region I (Ilocos Region),PANGASINAN,PH010000000,PH0105500000,Hearing Disability,Female,All,PH015500000,36601,800,1250,4228,30323
Region I (Ilocos Region),PANGASINAN,PH010000000,PH0105500000,Hearing Disability,Female,Mild,PH015500000,31439,525,923,3800,26191
Region I (Ilocos Region),PANGASINAN,PH010000000,PH0105500000,Hearing Disability,Female,Moderate,PH015500000,4247,125,156,264,3702
Region I (Ilocos Region),PANGASINAN,PH010000000,PH0105500000,Hearing Disability,Female,Severe,PH015500000,915,150,171,164,430
Region I (Ilocos Region),PANGASINAN,PH010000000,PH0105500000,Hearing Disability,Male,All,PH015500000,28810,962,1234,4315,22299
Region I (Ilocos Region),PANGASINAN,PH010000000,PH0105500000,Hearing Disability,Male,Mild,PH015500000,24635,600,870,3741,19424
Region I (Ilocos Region),PANGASINAN,PH010000000,PH0105500000,Hearing Disability,Male,Moderate,PH015500000,3248,160,179,370,2539
Region I (Ilocos Region),PANGASINAN,PH010000000,PH0105500000,Hearing Disability,Male,Severe,PH015500000,927,202,185,204,336
Region I (Ilocos Region),PANGASINAN,PH010000000,PH0105500000,Mobility Disability,Both Sexes,All,PH015500000,63540,1787,2306,8727,50720
Region I (Ilocos Region),PANGASINAN,PH010000000,PH0105500000,Mobility Disability,Both Sexes,Mild,PH015500000,49235,811,1445,6853,40126
Region I (Ilocos Region),PANGASINAN,PH010000000,PH0105500000,Mobility Disability,Both Sexes,Moderate,PH015500000,9568,375,461,1311,7421
Region I (Ilocos Region),PANGASINAN,PH010000000,PH0105500000,Mobility Disability,Both Sexes,Severe,PH015500000,4737,601,400,563,3173
Region I (Ilocos Region),PANGASINAN,PH010000000,PH0105500000,Mobility Disability,Female,All,PH015500000,35602,767,937,3629,30269
Region I (Ilocos Region),PANGASINAN,PH010000000,PH0105500000,Mobility Disability,Female,Mild,PH015500000,27740,343,595,2904,23898
Region I (Ilocos Region),PANGASINAN,PH010000000,PH0105500000,Mobility Disability,Female,Moderate,PH015500000,5221,165,172,480,4404
Region I (Ilocos Region),PANGASINAN,PH010000000,PH0105500000,Mobility Disability,Female,Severe,PH015500000,2641,259,170,245,1967
Region I (Ilocos Region),PANGASINAN,PH010000000,PH0105500000,Mobility Disability,Male,All,PH015500000,27938,1020,1369,5098,20451
Region I (Ilocos Region),PANGASINAN,PH010000000,PH0105500000,Mobility Disability,Male,Mild,PH015500000,21495,468,850,3949,16228
Region I (Ilocos Region),PANGASINAN,PH010000000,PH0105500000,Mobility Disability,Male,Moderate,PH015500000,4347,210,289,831,3017
Region I (Ilocos Region),PANGASINAN,PH010000000,PH0105500000,Mobility Disability,Male,Severe,PH015500000,2096,342,230,318,1206
Region I (Ilocos Region),PANGASINAN,PH010000000,PH0105500000,Self-Care Disability,Both Sexes,All,PH015500000,20714,2414,1488,2339,14473
Region I (Ilocos Region),PANGASINAN,PH010000000,PH0105500000,Self-Care Disability,Both Sexes,Mild,PH015500000,11488,1109,669,1257,8453
Region I (Ilocos Region),PANGASINAN,PH010000000,PH0105500000,Self-Care Disability,Both Sexes,Moderate,PH015500000,3975,463,339,487,2686
Region I (Ilocos Region),PANGASINAN,PH010000000,PH0105500000,Self-Care Disability,Both Sexes,Severe,PH015500000,5251,842,480,595,3334
Region I (Ilocos Region),PANGASINAN,PH010000000,PH0105500000,Self-Care Disability,Female,All,PH015500000,11697,1052,684,1029,8932
Region I (Ilocos Region),PANGASINAN,PH010000000,PH0105500000,Self-Care Disability,Female,Mild,PH015500000,6542,506,308,559,5169
Region I (Ilocos Region),PANGASINAN,PH010000000,PH0105500000,Self-Care Disability,Female,Moderate,PH015500000,2211,183,156,207,1665
Region I (Ilocos Region),PANGASINAN,PH010000000,PH0105500000,Self-Care Disability,Female,Severe,PH015500000,2944,363,220,263,2098
Region I (Ilocos Region),PANGASINAN,PH010000000,PH0105500000,Self-Care Disability,Male,All,PH015500000,9017,1362,804,1310,5541
Region I (Ilocos Region),PANGASINAN,PH010000000,PH0105500000,Self-Care Disability,Male,Mild,PH015500000,4946,603,361,698,3284
Region I (Ilocos Region),PANGASINAN,PH010000000,PH0105500000,Self-Care Disability,Male,Moderate,PH015500000,1764,280,183,280,1021
Region I (Ilocos Region),PANGASINAN,PH010000000,PH0105500000,Self-Care Disability,Male,Severe,PH015500000,2307,479,260,332,1236
Region I (Ilocos Region),PANGASINAN,PH010000000,PH0105500000,Visual Disability,Both Sexes,All,PH015500000,234885,4731,12010,73236,144908
Region I (Ilocos Region),PANGASINAN,PH010000000,PH0105500000,Visual Disability,Both Sexes,Mild,PH015500000,219259,3983,11031,70792,133453
Region I (Ilocos Region),PANGASINAN,PH010000000,PH0105500000,Visual Disability,Both Sexes,Moderate,PH015500000,12865,374,595,1978,9918
Region I (Ilocos Region),PANGASINAN,PH010000000,PH0105500000,Visual Disability,Both Sexes,Severe,PH015500000,2761,374,384,466,1537
Region I (Ilocos Region),PANGASINAN,PH010000000,PH0105500000,Visual Disability,Female,All,PH015500000,134909,2742,7632,40303,84232
Region I (Ilocos Region),PANGASINAN,PH010000000,PH0105500000,Visual Disability,Female,Mild,PH015500000,125784,2354,7109,39090,77231
Region I (Ilocos Region),PANGASINAN,PH010000000,PH0105500000,Visual Disability,Female,Moderate,PH015500000,7561,189,340,985,6047
Region I (Ilocos Region),PANGASINAN,PH010000000,PH0105500000,Visual Disability,Female,Severe,PH015500000,1564,199,183,228,954
Region I (Ilocos Region),PANGASINAN,PH010000000,PH0105500000,Visual Disability,Male,All,PH015500000,99976,1989,4378,32933,60676
Region I (Ilocos Region),PANGASINAN,PH010000000,PH0105500000,Visual Disability,Male,Mild,PH015500000,93475,1629,3922,31702,56222
Region I (Ilocos Region),PANGASINAN,PH010000000,PH0105500000,Visual Disability,Male,Moderate,PH015500000,5304,185,255,993,3871
Region I (Ilocos Region),PANGASINAN,PH010000000,PH0105500000,Visual Disability,Male,Severe,PH015500000,1197,175,201,238,583
Region II (Cagayan Valley),BATANES,PH020000000,PH0200900000,Cognitive Disability,Both Sexes,All,PH020900000,263,15,29,36,183
Region II (Cagayan Valley),BATANES,PH020000000,PH0200900000,Cognitive Disability,Both Sexes,Mild,PH020900000,204,11,18,31,144
Region II (Cagayan Valley),BATANES,PH020000000,PH0200900000,Cognitive Disability,Both Sexes,Moderate,PH020900000,45,2,4,4,35
Region II (Cagayan Valley),BATANES,PH020000000,PH0200900000,Cognitive Disability,Both Sexes,Severe,PH020900000,14,2,7,1,4
Region II (Cagayan Valley),BATANES,PH020000000,PH0200900000,Cognitive Disability,Female,All,PH020900000,153,3,14,17,119
Region II (Cagayan Valley),BATANES,PH020000000,PH0200900000,Cognitive Disability,Female,Mild,PH020900000,124,3,10,16,95
Region II (Cagayan Valley),BATANES,PH020000000,PH0200900000,Cognitive Disability,Female,Moderate,PH020900000,26,0,2,1,23
Region II (Cagayan Valley),BATANES,PH020000000,PH0200900000,Cognitive Disability,Female,Severe,PH020900000,3,0,2,0,1
Region II (Cagayan Valley),BATANES,PH020000000,PH0200900000,Cognitive Disability,Male,All,PH020900000,110,12,15,19,64
Region II (Cagayan Valley),BATANES,PH020000000,PH0200900000,Cognitive Disability,Male,Mild,PH020900000,80,8,8,15,49
Region II (Cagayan Valley),BATANES,PH020000000,PH0200900000,Cognitive Disability,Male,Moderate,PH020900000,19,2,2,3,12
Region II (Cagayan Valley),BATANES,PH020000000,PH0200900000,Cognitive Disability,Male,Severe,PH020900000,11,2,5,1,3
Region II (Cagayan Valley),BATANES,PH020000000,PH0200900000,Communication Disability,Both Sexes,All,PH020900000,146,40,28,21,57
Region II (Cagayan Valley),BATANES,PH020000000,PH0200900000,Communication Disability,Both Sexes,Mild,PH020900000,84,23,14,12,35
Region II (Cagayan Valley),BATANES,PH020000000,PH0200900000,Communication Disability,Both Sexes,Moderate,PH020900000,40,8,7,8,17
Region II (Cagayan Valley),BATANES,PH020000000,PH0200900000,Communication Disability,Both Sexes,Severe,PH020900000,22,9,7,1,5
Region II (Cagayan Valley),BATANES,PH020000000,PH0200900000,Communication Disability,Female,All,PH020900000,60,10,10,7,33
Region II (Cagayan Valley),BATANES,PH020000000,PH0200900000,Communication Disability,Female,Mild,PH020900000,35,4,5,5,21
Region II (Cagayan Valley),BATANES,PH020000000,PH0200900000,Communication Disability,Female,Moderate,PH020900000,18,3,3,2,10
Region II (Cagayan Valley),BATANES,PH020000000,PH0200900000,Communication Disability,Female,Severe,PH020900000,7,3,2,0,2
Region II (Cagayan Valley),BATANES,PH020000000,PH0200900000,Communication Disability,Male,All,PH020900000,86,30,18,14,24
Region II (Cagayan Valley),BATANES,PH020000000,PH0200900000,Communication Disability,Male,Mild,PH020900000,49,19,9,7,14
Region II (Cagayan Valley),BATANES,PH020000000,PH0200900000,Communication Disability,Male,Moderate,PH020900000,22,5,4,6,7
Region II (Cagayan Valley),BATANES,PH020000000,PH0200900000,Communication Disability,Male,Severe,PH020900000,15,6,5,1,3
Region II (Cagayan Valley),BATANES,PH020000000,PH0200900000,Hearing Disability,Both Sexes,All,PH020900000,485,21,20,59,385
Region II (Cagayan Valley),BATANES,PH020000000,PH0200900000,Hearing Disability,Both Sexes,Mild,PH020900000,386,14,14,51,307
Region II (Cagayan Valley),BATANES,PH020000000,PH0200900000,Hearing Disability,Both Sexes,Moderate,PH020900000,80,2,4,6,68
Region II (Cagayan Valley),BATANES,PH020000000,PH0200900000,Hearing Disability,Both Sexes,Severe,PH020900000,19,5,2,2,10
Region II (Cagayan Valley),BATANES,PH020000000,PH0200900000,Hearing Disability,Female,All,PH020900000,257,6,10,18,223
Region II (Cagayan Valley),BATANES,PH020000000,PH0200900000,Hearing Disability,Female,Mild,PH020900000,200,4,7,16,173
Region II (Cagayan Valley),BATANES,PH020000000,PH0200900000,Hearing Disability,Female,Moderate,PH020900000,48,0,3,2,43
Region II (Cagayan Valley),BATANES,PH020000000,PH0200900000,Hearing Disability,Female,Severe,PH020900000,9,2,0,0,7
Region II (Cagayan Valley),BATANES,PH020000000,PH0200900000,Hearing Disability,Male,All,PH020900000,228,15,10,41,162
Region II (Cagayan Valley),BATANES,PH020000000,PH0200900000,Hearing Disability,Male,Mild,PH020900000,186,10,7,35,134
Region II (Cagayan Valley),BATANES,PH020000000,PH0200900000,Hearing Disability,Male,Moderate,PH020900000,32,2,1,4,25
Region II (Cagayan Valley),BATANES,PH020000000,PH0200900000,Hearing Disability,Male,Severe,PH020900000,10,3,2,2,3
Region II (Cagayan Valley),BATANES,PH020000000,PH0200900000,Mobility Disability,Both Sexes,All,PH020900000,517,16,18,64,419
Region II (Cagayan Valley),BATANES,PH020000000,PH0200900000,Mobility Disability,Both Sexes,Mild,PH020900000,373,4,9,51,309
Region II (Cagayan Valley),BATANES,PH020000000,PH0200900000,Mobility Disability,Both Sexes,Moderate,PH020900000,87,3,3,7,74
Region II (Cagayan Valley),BATANES,PH020000000,PH0200900000,Mobility Disability,Both Sexes,Severe,PH020900000,57,9,6,6,36
Region II (Cagayan Valley),BATANES,PH020000000,PH0200900000,Mobility Disability,Female,All,PH020900000,298,5,7,29,257
Region II (Cagayan Valley),BATANES,PH020000000,PH0200900000,Mobility Disability,Female,Mild,PH020900000,214,1,3,21,189
Region II (Cagayan Valley),BATANES,PH020000000,PH0200900000,Mobility Disability,Female,Moderate,PH020900000,53,2,2,4,45
Region II (Cagayan Valley),BATANES,PH020000000,PH0200900000,Mobility Disability,Female,Severe,PH020900000,31,2,2,4,23
Region II (Cagayan Valley),BATANES,PH020000000,PH0200900000,Mobility Disability,Male,All,PH020900000,219,11,11,35,162
Region II (Cagayan Valley),BATANES,PH020000000,PH0200900000,Mobility Disability,Male,Mild,PH020900000,159,3,6,30,120
Region II (Cagayan Valley),BATANES,PH020000000,PH0200900000,Mobility Disability,Male,Moderate,PH020900000,34,1,1,3,29
Region II (Cagayan Valley),BATANES,PH020000000,PH0200900000,Mobility Disability,Male,Severe,PH020900000,26,7,4,2,13
Region II (Cagayan Valley),BATANES,PH020000000,PH0200900000,Self-Care Disability,Both Sexes,All,PH020900000,134,21,15,15,83
Region II (Cagayan Valley),BATANES,PH020000000,PH0200900000,Self-Care Disability,Both Sexes,Mild,PH020900000,73,10,7,13,43
Region II (Cagayan Valley),BATANES,PH020000000,PH0200900000,Self-Care Disability,Both Sexes,Moderate,PH020900000,20,4,1,1,14
Region II (Cagayan Valley),BATANES,PH020000000,PH0200900000,Self-Care Disability,Both Sexes,Severe,PH020900000,41,7,7,1,26
Region II (Cagayan Valley),BATANES,PH020000000,PH0200900000,Self-Care Disability,Female,All,PH020900000,67,3,5,7,52
Region II (Cagayan Valley),BATANES,PH020000000,PH0200900000,Self-Care Disability,Female,Mild,PH020900000,34,2,1,5,26
Region II (Cagayan Valley),BATANES,PH020000000,PH0200900000,Self-Care Disability,Female,Moderate,PH020900000,12,0,1,1,10
Region II (Cagayan Valley),BATANES,PH020000000,PH0200900000,Self-Care Disability,Female,Severe,PH020900000,21,1,3,1,16
Region II (Cagayan Valley),BATANES,PH020000000,PH0200900000,Self-Care Disability,Male,All,PH020900000,67,18,10,8,31
Region II (Cagayan Valley),BATANES,PH020000000,PH0200900000,Self-Care Disability,Male,Mild,PH020900000,39,8,6,8,17
Region II (Cagayan Valley),BATANES,PH020000000,PH0200900000,Self-Care Disability,Male,Moderate,PH020900000,8,4,0,0,4
Region II (Cagayan Valley),BATANES,PH020000000,PH0200900000,Self-Care Disability,Male,Severe,PH020900000,20,6,4,0,10
Region II (Cagayan Valley),BATANES,PH020000000,PH0200900000,Visual Disability,Both Sexes,All,PH020900000,950,33,51,235,631
Region II (Cagayan Valley),BATANES,PH020000000,PH0200900000,Visual Disability,Both Sexes,Mild,PH020900000,857,26,45,227,559
Region II (Cagayan Valley),BATANES,PH020000000,PH0200900000,Visual Disability,Both Sexes,Moderate,PH020900000,77,5,4,7,61
Region II (Cagayan Valley),BATANES,PH020000000,PH0200900000,Visual Disability,Both Sexes,Severe,PH020900000,16,2,2,1,11
Region II (Cagayan Valley),BATANES,PH020000000,PH0200900000,Visual Disability,Female,All,PH020900000,543,11,31,123,378
Region II (Cagayan Valley),BATANES,PH020000000,PH0200900000,Visual Disability,Female,Mild,PH020900000,479,7,27,119,326
Region II (Cagayan Valley),BATANES,PH020000000,PH0200900000,Visual Disability,Female,Moderate,PH020900000,51,3,2,4,42
Region II (Cagayan Valley),BATANES,PH020000000,PH0200900000,Visual Disability,Female,Severe,PH020900000,13,1,2,0,10
Region II (Cagayan Valley),BATANES,PH020000000,PH0200900000,Visual Disability,Male,All,PH020900000,407,22,20,112,253
Region II (Cagayan Valley),BATANES,PH020000000,PH0200900000,Visual Disability,Male,Mild,PH020900000,378,19,18,108,233
Region II (Cagayan Valley),BATANES,PH020000000,PH0200900000,Visual Disability,Male,Moderate,PH020900000,26,2,2,3,19
Region II (Cagayan Valley),BATANES,PH020000000,PH0200900000,Visual Disability,Male,Severe,PH020900000,3,1,0,1,1
Region II (Cagayan Valley),CAGAYAN,PH020000000,PH0201500000,Cognitive Disability,Both Sexes,All,PH021500000,21363,832,1220,3867,15444
Region II (Cagayan Valley),CAGAYAN,PH020000000,PH0201500000,Cognitive Disability,Both Sexes,Mild,PH021500000,18052,439,892,3442,13279
Region II (Cagayan Valley),CAGAYAN,PH020000000,PH0201500000,Cognitive Disability,Both Sexes,Moderate,PH021500000,2459,190,189,305,1775
Region II (Cagayan Valley),CAGAYAN,PH020000000,PH0201500000,Cognitive Disability,Both Sexes,Severe,PH021500000,852,203,139,120,390
Region II (Cagayan Valley),CAGAYAN,PH020000000,PH0201500000,Cognitive Disability,Female,All,PH021500000,12746,358,634,2158,9596
Region II (Cagayan Valley),CAGAYAN,PH020000000,PH0201500000,Cognitive Disability,Female,Mild,PH021500000,10764,197,473,1927,8167
Region II (Cagayan Valley),CAGAYAN,PH020000000,PH0201500000,Cognitive Disability,Female,Moderate,PH021500000,1483,75,93,166,1149
Region II (Cagayan Valley),CAGAYAN,PH020000000,PH0201500000,Cognitive Disability,Female,Severe,PH021500000,499,86,68,65,280
Region II (Cagayan Valley),CAGAYAN,PH020000000,PH0201500000,Cognitive Disability,Male,All,PH021500000,8617,474,586,1709,5848
Region II (Cagayan Valley),CAGAYAN,PH020000000,PH0201500000,Cognitive Disability,Male,Mild,PH021500000,7288,242,419,1515,5112
Region II (Cagayan Valley),CAGAYAN,PH020000000,PH0201500000,Cognitive Disability,Male,Moderate,PH021500000,976,115,96,139,626
Region II (Cagayan Valley),CAGAYAN,PH020000000,PH0201500000,Cognitive Disability,Male,Severe,PH021500000,353,117,71,55,110
Region II (Cagayan Valley),CAGAYAN,PH020000000,PH0201500000,Communication Disability,Both Sexes,All,PH021500000,8278,1280,1104,1363,4531
Region II (Cagayan Valley),CAGAYAN,PH020000000,PH0201500000,Communication Disability,Both Sexes,Mild,PH021500000,4790,452,448,736,3154
Region II (Cagayan Valley),CAGAYAN,PH020000000,PH0201500000,Communication Disability,Both Sexes,Moderate,PH021500000,1769,316,297,306,850
Region II (Cagayan Valley),CAGAYAN,PH020000000,PH0201500000,Communication Disability,Both Sexes,Severe,PH021500000,1719,512,359,321,527
Region II (Cagayan Valley),CAGAYAN,PH020000000,PH0201500000,Communication Disability,Female,All,PH021500000,4499,549,531,655,2764
Region II (Cagayan Valley),CAGAYAN,PH020000000,PH0201500000,Communication Disability,Female,Mild,PH021500000,2620,208,201,333,1878
Region II (Cagayan Valley),CAGAYAN,PH020000000,PH0201500000,Communication Disability,Female,Moderate,PH021500000,994,129,155,161,549
Region II (Cagayan Valley),CAGAYAN,PH020000000,PH0201500000,Communication Disability,Female,Severe,PH021500000,885,212,175,161,337
Region II (Cagayan Valley),CAGAYAN,PH020000000,PH0201500000,Communication Disability,Male,All,PH021500000,3779,731,573,708,1767
Region II (Cagayan Valley),CAGAYAN,PH020000000,PH0201500000,Communication Disability,Male,Mild,PH021500000,2170,244,247,403,1276
Region II (Cagayan Valley),CAGAYAN,PH020000000,PH0201500000,Communication Disability,Male,Moderate,PH021500000,775,187,142,145,301
Region II (Cagayan Valley),CAGAYAN,PH020000000,PH0201500000,Communication Disability,Male,Severe,PH021500000,834,300,184,160,190
Region II (Cagayan Valley),CAGAYAN,PH020000000,PH0201500000,Hearing Disability,Both Sexes,All,PH021500000,32301,866,1241,4591,25603
Region II (Cagayan Valley),CAGAYAN,PH020000000,PH0201500000,Hearing Disability,Both Sexes,Mild,PH021500000,27262,566,904,4085,21707
Region II (Cagayan Valley),CAGAYAN,PH020000000,PH0201500000,Hearing Disability,Both Sexes,Moderate,PH021500000,4023,134,142,325,3422
Region II (Cagayan Valley),CAGAYAN,PH020000000,PH0201500000,Hearing Disability,Both Sexes,Severe,PH021500000,1016,166,195,181,474
Region II (Cagayan Valley),CAGAYAN,PH020000000,PH0201500000,Hearing Disability,Female,All,PH021500000,17534,357,584,2150,14443
Region II (Cagayan Valley),CAGAYAN,PH020000000,PH0201500000,Hearing Disability,Female,Mild,PH021500000,14827,240,422,1967,12198
Region II (Cagayan Valley),CAGAYAN,PH020000000,PH0201500000,Hearing Disability,Female,Moderate,PH021500000,2194,52,64,115,1963
Region II (Cagayan Valley),CAGAYAN,PH020000000,PH0201500000,Hearing Disability,Female,Severe,PH021500000,513,65,98,68,282
Region II (Cagayan Valley),CAGAYAN,PH020000000,PH0201500000,Hearing Disability,Male,All,PH021500000,14767,509,657,2441,11160
Region II (Cagayan Valley),CAGAYAN,PH020000000,PH0201500000,Hearing Disability,Male,Mild,PH021500000,12435,326,482,2118,9509
Region II (Cagayan Valley),CAGAYAN,PH020000000,PH0201500000,Hearing Disability,Male,Moderate,PH021500000,1829,82,78,210,1459
Region II (Cagayan Valley),CAGAYAN,PH020000000,PH0201500000,Hearing Disability,Male,Severe,PH021500000,503,101,97,113,192
Region II (Cagayan Valley),CAGAYAN,PH020000000,PH0201500000,Mobility Disability,Both Sexes,All,PH021500000,30032,969,1241,4792,23030
Region II (Cagayan Valley),CAGAYAN,PH020000000,PH0201500000,Mobility Disability,Both Sexes,Mild,PH021500000,23516,470,787,3837,18422
Region II (Cagayan Valley),CAGAYAN,PH020000000,PH0201500000,Mobility Disability,Both Sexes,Moderate,PH021500000,4483,184,247,663,3389
Region II (Cagayan Valley),CAGAYAN,PH020000000,PH0201500000,Mobility Disability,Both Sexes,Severe,PH021500000,2033,315,207,292,1219
Region II (Cagayan Valley),CAGAYAN,PH020000000,PH0201500000,Mobility Disability,Female,All,PH021500000,16695,451,472,2109,13663
Region II (Cagayan Valley),CAGAYAN,PH020000000,PH0201500000,Mobility Disability,Female,Mild,PH021500000,13118,229,298,1738,10853
Region II (Cagayan Valley),CAGAYAN,PH020000000,PH0201500000,Mobility Disability,Female,Moderate,PH021500000,2409,74,86,236,2013
Region II (Cagayan Valley),CAGAYAN,PH020000000,PH0201500000,Mobility Disability,Female,Severe,PH021500000,1168,148,88,135,797
Region II (Cagayan Valley),CAGAYAN,PH020000000,PH0201500000,Mobility Disability,Male,All,PH021500000,13337,518,769,2683,9367
Region II (Cagayan Valley),CAGAYAN,PH020000000,PH0201500000,Mobility Disability,Male,Mild,PH021500000,10398,241,489,2099,7569
Region II (Cagayan Valley),CAGAYAN,PH020000000,PH0201500000,Mobility Disability,Male,Moderate,PH021500000,2074,110,161,427,1376
Region II (Cagayan Valley),CAGAYAN,PH020000000,PH0201500000,Mobility Disability,Male,Severe,PH021500000,865,167,119,157,422
Region II (Cagayan Valley),CAGAYAN,PH020000000,PH0201500000,Self-Care Disability,Both Sexes,All,PH021500000,9618,1330,755,1222,6311
Region II (Cagayan Valley),CAGAYAN,PH020000000,PH0201500000,Self-Care Disability,Both Sexes,Mild,PH021500000,5562,659,358,736,3809
Region II (Cagayan Valley),CAGAYAN,PH020000000,PH0201500000,Self-Care Disability,Both Sexes,Moderate,PH021500000,1722,230,143,224,1125
Region II (Cagayan Valley),CAGAYAN,PH020000000,PH0201500000,Self-Care Disability,Both Sexes,Severe,PH021500000,2334,441,254,262,1377
Region II (Cagayan Valley),CAGAYAN,PH020000000,PH0201500000,Self-Care Disability,Female,All,PH021500000,5385,606,362,569,3848
Region II (Cagayan Valley),CAGAYAN,PH020000000,PH0201500000,Self-Care Disability,Female,Mild,PH021500000,3090,300,175,334,2281
Region II (Cagayan Valley),CAGAYAN,PH020000000,PH0201500000,Self-Care Disability,Female,Moderate,PH021500000,984,108,70,106,700
Region II (Cagayan Valley),CAGAYAN,PH020000000,PH0201500000,Self-Care Disability,Female,Severe,PH021500000,1311,198,117,129,867
Region II (Cagayan Valley),CAGAYAN,PH020000000,PH0201500000,Self-Care Disability,Male,All,PH021500000,4233,724,393,653,2463
Region II (Cagayan Valley),CAGAYAN,PH020000000,PH0201500000,Self-Care Disability,Male,Mild,PH021500000,2472,359,183,402,1528
Region II (Cagayan Valley),CAGAYAN,PH020000000,PH0201500000,Self-Care Disability,Male,Moderate,PH021500000,738,122,73,118,425
Region II (Cagayan Valley),CAGAYAN,PH020000000,PH0201500000,Self-Care Disability,Male,Severe,PH021500000,1023,243,137,133,510
Region II (Cagayan Valley),CAGAYAN,PH020000000,PH0201500000,Visual Disability,Both Sexes,All,PH021500000,100996,2218,5238,31331,62209
Region II (Cagayan Valley),CAGAYAN,PH020000000,PH0201500000,Visual Disability,Both Sexes,Mild,PH021500000,93284,1878,4825,30120,56461
Region II (Cagayan Valley),CAGAYAN,PH020000000,PH0201500000,Visual Disability,Both Sexes,Moderate,PH021500000,6347,184,279,1002,4882
Region II (Cagayan Valley),CAGAYAN,PH020000000,PH0201500000,Visual Disability,Both Sexes,Severe,PH021500000,1365,156,134,209,866
Region II (Cagayan Valley),CAGAYAN,PH020000000,PH0201500000,Visual Disability,Female,All,PH021500000,58390,1244,3291,17434,36421
Region II (Cagayan Valley),CAGAYAN,PH020000000,PH0201500000,Visual Disability,Female,Mild,PH021500000,53819,1086,3095,16805,32833
Region II (Cagayan Valley),CAGAYAN,PH020000000,PH0201500000,Visual Disability,Female,Moderate,PH021500000,3769,91,134,526,3018
Region II (Cagayan Valley),CAGAYAN,PH020000000,PH0201500000,Visual Disability,Female,Severe,PH021500000,802,67,62,103,570
Region II (Cagayan Valley),CAGAYAN,PH020000000,PH0201500000,Visual Disability,Male,All,PH021500000,42606,974,1947,13897,25788
Region II (Cagayan Valley),CAGAYAN,PH020000000,PH0201500000,Visual Disability,Male,Mild,PH021500000,39465,792,1730,13315,23628
Region II (Cagayan Valley),CAGAYAN,PH020000000,PH0201500000,Visual Disability,Male,Moderate,PH021500000,2578,93,145,476,1864
Region II (Cagayan Valley),CAGAYAN,PH020000000,PH0201500000,Visual Disability,Male,Severe,PH021500000,563,89,72,106,296
Region II (Cagayan Valley),ISABELA,PH020000000,PH0203100000,Cognitive Disability,Both Sexes,All,PH023100000,28113,1108,1942,5911,19152
Region II (Cagayan Valley),ISABELA,PH020000000,PH0203100000,Cognitive Disability,Both Sexes,Mild,PH023100000,24111,569,1472,5369,16701
Region II (Cagayan Valley),ISABELA,PH020000000,PH0203100000,Cognitive Disability,Both Sexes,Moderate,PH023100000,3036,269,291,412,2064
Region II (Cagayan Valley),ISABELA,PH020000000,PH0203100000,Cognitive Disability,Both Sexes,Severe,PH023100000,966,270,179,130,387
Region II (Cagayan Valley),ISABELA,PH020000000,PH0203100000,Cognitive Disability,Female,All,PH023100000,16698,472,1049,3331,11846
Region II (Cagayan Valley),ISABELA,PH020000000,PH0203100000,Cognitive Disability,Female,Mild,PH023100000,14390,262,831,3056,10241
Region II (Cagayan Valley),ISABELA,PH020000000,PH0203100000,Cognitive Disability,Female,Moderate,PH023100000,1815,102,143,212,1358
Region II (Cagayan Valley),ISABELA,PH020000000,PH0203100000,Cognitive Disability,Female,Severe,PH023100000,493,108,75,63,247
Region II (Cagayan Valley),ISABELA,PH020000000,PH0203100000,Cognitive Disability,Male,All,PH023100000,11415,636,893,2580,7306
Region II (Cagayan Valley),ISABELA,PH020000000,PH0203100000,Cognitive Disability,Male,Mild,PH023100000,9721,307,641,2313,6460
Region II (Cagayan Valley),ISABELA,PH020000000,PH0203100000,Cognitive Disability,Male,Moderate,PH023100000,1221,167,148,200,706
Region II (Cagayan Valley),ISABELA,PH020000000,PH0203100000,Cognitive Disability,Male,Severe,PH023100000,473,162,104,67,140
Region II (Cagayan Valley),ISABELA,PH020000000,PH0203100000,Communication Disability,Both Sexes,All,PH023100000,11222,2063,1855,1993,5311
Region II (Cagayan Valley),ISABELA,PH020000000,PH0203100000,Communication Disability,Both Sexes,Mild,PH023100000,6429,811,816,1100,3702
Region II (Cagayan Valley),ISABELA,PH020000000,PH0203100000,Communication Disability,Both Sexes,Moderate,PH023100000,2509,537,475,482,1015
Region II (Cagayan Valley),ISABELA,PH020000000,PH0203100000,Communication Disability,Both Sexes,Severe,PH023100000,2284,715,564,411,594
Region II (Cagayan Valley),ISABELA,PH020000000,PH0203100000,Communication Disability,Female,All,PH023100000,5749,887,869,877,3116
Region II (Cagayan Valley),ISABELA,PH020000000,PH0203100000,Communication Disability,Female,Mild,PH023100000,3266,355,320,414,2177
Region II (Cagayan Valley),ISABELA,PH020000000,PH0203100000,Communication Disability,Female,Moderate,PH023100000,1338,229,265,248,596
Region II (Cagayan Valley),ISABELA,PH020000000,PH0203100000,Communication Disability,Female,Severe,PH023100000,1145,303,284,215,343
Region II (Cagayan Valley),ISABELA,PH020000000,PH0203100000,Communication Disability,Male,All,PH023100000,5473,1176,986,1116,2195
Region II (Cagayan Valley),ISABELA,PH020000000,PH0203100000,Communication Disability,Male,Mild,PH023100000,3163,456,496,686,1525
Region II (Cagayan Valley),ISABELA,PH020000000,PH0203100000,Communication Disability,Male,Moderate,PH023100000,1171,308,210,234,419
Region II (Cagayan Valley),ISABELA,PH020000000,PH0203100000,Communication Disability,Male,Severe,PH023100000,1139,412,280,196,251
Region II (Cagayan Valley),ISABELA,PH020000000,PH0203100000,Hearing Disability,Both Sexes,All,PH023100000,40872,1275,1799,6358,31440
Region II (Cagayan Valley),ISABELA,PH020000000,PH0203100000,Hearing Disability,Both Sexes,Mild,PH023100000,34851,868,1344,5663,26976
Region II (Cagayan Valley),ISABELA,PH020000000,PH0203100000,Hearing Disability,Both Sexes,Moderate,PH023100000,4899,181,233,473,4012
Region II (Cagayan Valley),ISABELA,PH020000000,PH0203100000,Hearing Disability,Both Sexes,Severe,PH023100000,1122,226,222,222,452
Region II (Cagayan Valley),ISABELA,PH020000000,PH0203100000,Hearing Disability,Female,All,PH023100000,22217,546,877,3172,17622
Region II (Cagayan Valley),ISABELA,PH020000000,PH0203100000,Hearing Disability,Female,Mild,PH023100000,19058,374,675,2881,15128
Region II (Cagayan Valley),ISABELA,PH020000000,PH0203100000,Hearing Disability,Female,Moderate,PH023100000,2641,72,111,195,2263
Region II (Cagayan Valley),ISABELA,PH020000000,PH0203100000,Hearing Disability,Female,Severe,PH023100000,518,100,91,96,231
Region II (Cagayan Valley),ISABELA,PH020000000,PH0203100000,Hearing Disability,Male,All,PH023100000,18655,729,922,3186,13818
Region II (Cagayan Valley),ISABELA,PH020000000,PH0203100000,Hearing Disability,Male,Mild,PH023100000,15793,494,669,2782,11848
Region II (Cagayan Valley),ISABELA,PH020000000,PH0203100000,Hearing Disability,Male,Moderate,PH023100000,2258,109,122,278,1749
Region II (Cagayan Valley),ISABELA,PH020000000,PH0203100000,Hearing Disability,Male,Severe,PH023100000,604,126,131,126,221
Region II (Cagayan Valley),ISABELA,PH020000000,PH0203100000,Mobility Disability,Both Sexes,All,PH023100000,39987,1190,1674,7099,30024
Region II (Cagayan Valley),ISABELA,PH020000000,PH0203100000,Mobility Disability,Both Sexes,Mild,PH023100000,31711,545,1082,5758,24326
Region II (Cagayan Valley),ISABELA,PH020000000,PH0203100000,Mobility Disability,Both Sexes,Moderate,PH023100000,5796,263,327,996,4210
Region II (Cagayan Valley),ISABELA,PH020000000,PH0203100000,Mobility Disability,Both Sexes,Severe,PH023100000,2480,382,265,345,1488
Region II (Cagayan Valley),ISABELA,PH020000000,PH0203100000,Mobility Disability,Female,All,PH023100000,21688,493,637,3037,17521
Region II (Cagayan Valley),ISABELA,PH020000000,PH0203100000,Mobility Disability,Female,Mild,PH023100000,17394,241,423,2540,14190
Region II (Cagayan Valley),ISABELA,PH020000000,PH0203100000,Mobility Disability,Female,Moderate,PH023100000,3012,99,112,350,2451
Region II (Cagayan Valley),ISABELA,PH020000000,PH0203100000,Mobility Disability,Female,Severe,PH023100000,1282,153,102,147,880
Region II (Cagayan Valley),ISABELA,PH020000000,PH0203100000,Mobility Disability,Male,All,PH023100000,18299,697,1037,4062,12503
Region II (Cagayan Valley),ISABELA,PH020000000,PH0203100000,Mobility Disability,Male,Mild,PH023100000,14317,304,659,3218,10136
Region II (Cagayan Valley),ISABELA,PH020000000,PH0203100000,Mobility Disability,Male,Moderate,PH023100000,2784,164,215,646,1759
Region II (Cagayan Valley),ISABELA,PH020000000,PH0203100000,Mobility Disability,Male,Severe,PH023100000,1198,229,163,198,608
Region II (Cagayan Valley),ISABELA,PH020000000,PH0203100000,Self-Care Disability,Both Sexes,All,PH023100000,10452,1547,861,1289,6755
Region II (Cagayan Valley),ISABELA,PH020000000,PH0203100000,Self-Care Disability,Both Sexes,Mild,PH023100000,5909,746,379,717,4067
Region II (Cagayan Valley),ISABELA,PH020000000,PH0203100000,Self-Care Disability,Both Sexes,Moderate,PH023100000,1961,272,204,274,1211
Region II (Cagayan Valley),ISABELA,PH020000000,PH0203100000,Self-Care Disability,Both Sexes,Severe,PH023100000,2582,529,278,298,1477
Region II (Cagayan Valley),ISABELA,PH020000000,PH0203100000,Self-Care Disability,Female,All,PH023100000,5659,660,385,554,4060
Region II (Cagayan Valley),ISABELA,PH020000000,PH0203100000,Self-Care Disability,Female,Mild,PH023100000,3305,332,184,319,2470
Region II (Cagayan Valley),ISABELA,PH020000000,PH0203100000,Self-Care Disability,Female,Moderate,PH023100000,1005,116,76,97,716
Region II (Cagayan Valley),ISABELA,PH020000000,PH0203100000,Self-Care Disability,Female,Severe,PH023100000,1349,212,125,138,874
Region II (Cagayan Valley),ISABELA,PH020000000,PH0203100000,Self-Care Disability,Male,All,PH023100000,4793,887,476,735,2695
Region II (Cagayan Valley),ISABELA,PH020000000,PH0203100000,Self-Care Disability,Male,Mild,PH023100000,2604,414,195,398,1597
Region II (Cagayan Valley),ISABELA,PH020000000,PH0203100000,Self-Care Disability,Male,Moderate,PH023100000,956,156,128,177,495
Region II (Cagayan Valley),ISABELA,PH020000000,PH0203100000,Self-Care Disability,Male,Severe,PH023100000,1233,317,153,160,603
Region II (Cagayan Valley),ISABELA,PH020000000,PH0203100000,Visual Disability,Both Sexes,All,PH023100000,152476,3426,8680,52603,87767
Region II (Cagayan Valley),ISABELA,PH020000000,PH0203100000,Visual Disability,Both Sexes,Mild,PH023100000,141789,2835,8053,50731,80170
Region II (Cagayan Valley),ISABELA,PH020000000,PH0203100000,Visual Disability,Both Sexes,Moderate,PH023100000,9011,312,397,1566,6736
Region II (Cagayan Valley),ISABELA,PH020000000,PH0203100000,Visual Disability,Both Sexes,Severe,PH023100000,1676,279,230,306,861
Region II (Cagayan Valley),ISABELA,PH020000000,PH0203100000,Visual Disability,Female,All,PH023100000,85735,1961,5392,28631,49751
Region II (Cagayan Valley),ISABELA,PH020000000,PH0203100000,Visual Disability,Female,Mild,PH023100000,79501,1681,5099,27666,45055
Region II (Cagayan Valley),ISABELA,PH020000000,PH0203100000,Visual Disability,Female,Moderate,PH023100000,5314,153,200,809,4152
Region II (Cagayan Valley),ISABELA,PH020000000,PH0203100000,Visual Disability,Female,Severe,PH023100000,920,127,93,156,544
Region II (Cagayan Valley),ISABELA,PH020000000,PH0203100000,Visual Disability,Male,All,PH023100000,66741,1465,3288,23972,38016
Region II (Cagayan Valley),ISABELA,PH020000000,PH0203100000,Visual Disability,Male,Mild,PH023100000,62288,1154,2954,23065,35115
Region II (Cagayan Valley),ISABELA,PH020000000,PH0203100000,Visual Disability,Male,Moderate,PH023100000,3697,159,197,757,2584
Region II (Cagayan Valley),ISABELA,PH020000000,PH0203100000,Visual Disability,Male,Severe,PH023100000,756,152,137,150,317
Region II (Cagayan Valley),NUEVA VIZCAYA,PH020000000,PH0205000000,Cognitive Disability,Both Sexes,All,PH025000000,8619,445,604,1660,5910
Region II (Cagayan Valley),NUEVA VIZCAYA,PH020000000,PH0205000000,Cognitive Disability,Both Sexes,Mild,PH025000000,7214,226,421,1483,5084
Region II (Cagayan Valley),NUEVA VIZCAYA,PH020000000,PH0205000000,Cognitive Disability,Both Sexes,Moderate,PH025000000,1103,137,121,134,711
Region II (Cagayan Valley),NUEVA VIZCAYA,PH020000000,PH0205000000,Cognitive Disability,Both Sexes,Severe,PH025000000,302,82,62,43,115
Region II (Cagayan Valley),NUEVA VIZCAYA,PH020000000,PH0205000000,Cognitive Disability,Female,All,PH025000000,4900,193,279,865,3563
Region II (Cagayan Valley),NUEVA VIZCAYA,PH020000000,PH0205000000,Cognitive Disability,Female,Mild,PH025000000,4109,92,210,781,3026
Region II (Cagayan Valley),NUEVA VIZCAYA,PH020000000,PH0205000000,Cognitive Disability,Female,Moderate,PH025000000,624,59,43,65,457
Region II (Cagayan Valley),NUEVA VIZCAYA,PH020000000,PH0205000000,Cognitive Disability,Female,Severe,PH025000000,167,42,26,19,80
Region II (Cagayan Valley),NUEVA VIZCAYA,PH020000000,PH0205000000,Cognitive Disability,Male,All,PH025000000,3719,252,325,795,2347
Region II (Cagayan Valley),NUEVA VIZCAYA,PH020000000,PH0205000000,Cognitive Disability,Male,Mild,PH025000000,3105,134,211,702,2058
Region II (Cagayan Valley),NUEVA VIZCAYA,PH020000000,PH0205000000,Cognitive Disability,Male,Moderate,PH025000000,479,78,78,69,254
Region II (Cagayan Valley),NUEVA VIZCAYA,PH020000000,PH0205000000,Cognitive Disability,Male,Severe,PH025000000,135,40,36,24,35
Region II (Cagayan Valley),NUEVA VIZCAYA,PH020000000,PH0205000000,Communication Disability,Both Sexes,All,PH025000000,3271,562,480,519,1710
Region II (Cagayan Valley),NUEVA VIZCAYA,PH020000000,PH0205000000,Communication Disability,Both Sexes,Mild,PH025000000,1892,211,195,284,1202
Region II (Cagayan Valley),NUEVA VIZCAYA,PH020000000,PH0205000000,Communication Disability,Both Sexes,Moderate,PH025000000,776,172,138,123,343
Region II (Cagayan Valley),NUEVA VIZCAYA,PH020000000,PH0205000000,Communication Disability,Both Sexes,Severe,PH025000000,603,179,147,112,165
Region II (Cagayan Valley),NUEVA VIZCAYA,PH020000000,PH0205000000,Communication Disability,Female,All,PH025000000,1652,233,193,230,996
Region II (Cagayan Valley),NUEVA VIZCAYA,PH020000000,PH0205000000,Communication Disability,Female,Mild,PH025000000,957,82,63,112,700
Region II (Cagayan Valley),NUEVA VIZCAYA,PH020000000,PH0205000000,Communication Disability,Female,Moderate,PH025000000,408,73,63,66,206
Region II (Cagayan Valley),NUEVA VIZCAYA,PH020000000,PH0205000000,Communication Disability,Female,Severe,PH025000000,287,78,67,52,90
Region II (Cagayan Valley),NUEVA VIZCAYA,PH020000000,PH0205000000,Communication Disability,Male,All,PH025000000,1619,329,287,289,714
Region II (Cagayan Valley),NUEVA VIZCAYA,PH020000000,PH0205000000,Communication Disability,Male,Mild,PH025000000,935,129,132,172,502
Region II (Cagayan Valley),NUEVA VIZCAYA,PH020000000,PH0205000000,Communication Disability,Male,Moderate,PH025000000,368,99,75,57,137
Region II (Cagayan Valley),NUEVA VIZCAYA,PH020000000,PH0205000000,Communication Disability,Male,Severe,PH025000000,316,101,80,60,75
Region II (Cagayan Valley),NUEVA VIZCAYA,PH020000000,PH0205000000,Hearing Disability,Both Sexes,All,PH025000000,12482,416,526,1828,9712
Region II (Cagayan Valley),NUEVA VIZCAYA,PH020000000,PH0205000000,Hearing Disability,Both Sexes,Mild,PH025000000,10638,282,393,1632,8331
Region II (Cagayan Valley),NUEVA VIZCAYA,PH020000000,PH0205000000,Hearing Disability,Both Sexes,Moderate,PH025000000,1524,75,66,131,1252
Region II (Cagayan Valley),NUEVA VIZCAYA,PH020000000,PH0205000000,Hearing Disability,Both Sexes,Severe,PH025000000,320,59,67,65,129
Region II (Cagayan Valley),NUEVA VIZCAYA,PH020000000,PH0205000000,Hearing Disability,Female,All,PH025000000,6745,191,252,864,5438
Region II (Cagayan Valley),NUEVA VIZCAYA,PH020000000,PH0205000000,Hearing Disability,Female,Mild,PH025000000,5768,134,198,785,4651
Region II (Cagayan Valley),NUEVA VIZCAYA,PH020000000,PH0205000000,Hearing Disability,Female,Moderate,PH025000000,832,32,29,56,715
Region II (Cagayan Valley),NUEVA VIZCAYA,PH020000000,PH0205000000,Hearing Disability,Female,Severe,PH025000000,145,25,25,23,72
Region II (Cagayan Valley),NUEVA VIZCAYA,PH020000000,PH0205000000,Hearing Disability,Male,All,PH025000000,5737,225,274,964,4274
Region II (Cagayan Valley),NUEVA VIZCAYA,PH020000000,PH0205000000,Hearing Disability,Male,Mild,PH025000000,4870,148,195,847,3680
Region II (Cagayan Valley),NUEVA VIZCAYA,PH020000000,PH0205000000,Hearing Disability,Male,Moderate,PH025000000,692,43,37,75,537
Region II (Cagayan Valley),NUEVA VIZCAYA,PH020000000,PH0205000000,Hearing Disability,Male,Severe,PH025000000,175,34,42,42,57
Region II (Cagayan Valley),NUEVA VIZCAYA,PH020000000,PH0205000000,Mobility Disability,Both Sexes,All,PH025000000,13157,451,531,2042,10133
Region II (Cagayan Valley),NUEVA VIZCAYA,PH020000000,PH0205000000,Mobility Disability,Both Sexes,Mild,PH025000000,10374,205,339,1654,8176
Region II (Cagayan Valley),NUEVA VIZCAYA,PH020000000,PH0205000000,Mobility Disability,Both Sexes,Moderate,PH025000000,1957,102,88,273,1494
Region II (Cagayan Valley),NUEVA VIZCAYA,PH020000000,PH0205000000,Mobility Disability,Both Sexes,Severe,PH025000000,826,144,104,115,463
Region II (Cagayan Valley),NUEVA VIZCAYA,PH020000000,PH0205000000,Mobility Disability,Female,All,PH025000000,7170,188,219,874,5889
Region II (Cagayan Valley),NUEVA VIZCAYA,PH020000000,PH0205000000,Mobility Disability,Female,Mild,PH025000000,5699,88,138,703,4770
Region II (Cagayan Valley),NUEVA VIZCAYA,PH020000000,PH0205000000,Mobility Disability,Female,Moderate,PH025000000,1032,30,36,109,857
Region II (Cagayan Valley),NUEVA VIZCAYA,PH020000000,PH0205000000,Mobility Disability,Female,Severe,PH025000000,439,70,45,62,262
Region II (Cagayan Valley),NUEVA VIZCAYA,PH020000000,PH0205000000,Mobility Disability,Male,All,PH025000000,5987,263,312,1168,4244
Region II (Cagayan Valley),NUEVA VIZCAYA,PH020000000,PH0205000000,Mobility Disability,Male,Mild,PH025000000,4675,117,201,951,3406
Region II (Cagayan Valley),NUEVA VIZCAYA,PH020000000,PH0205000000,Mobility Disability,Male,Moderate,PH025000000,925,72,52,164,637
Region II (Cagayan Valley),NUEVA VIZCAYA,PH020000000,PH0205000000,Mobility Disability,Male,Severe,PH025000000,387,74,59,53,201
Region II (Cagayan Valley),NUEVA VIZCAYA,PH020000000,PH0205000000,Self-Care Disability,Both Sexes,All,PH025000000,3911,657,313,452,2489
Region II (Cagayan Valley),NUEVA VIZCAYA,PH020000000,PH0205000000,Self-Care Disability,Both Sexes,Mild,PH025000000,2129,256,127,260,1486
Region II (Cagayan Valley),NUEVA VIZCAYA,PH020000000,PH0205000000,Self-Care Disability,Both Sexes,Moderate,PH025000000,747,116,68,76,487
Region II (Cagayan Valley),NUEVA VIZCAYA,PH020000000,PH0205000000,Self-Care Disability,Both Sexes,Severe,PH025000000,1035,285,118,116,516
Region II (Cagayan Valley),NUEVA VIZCAYA,PH020000000,PH0205000000,Self-Care Disability,Female,All,PH025000000,2087,294,133,195,1465
Region II (Cagayan Valley),NUEVA VIZCAYA,PH020000000,PH0205000000,Self-Care Disability,Female,Mild,PH025000000,1166,118,47,109,892
Region II (Cagayan Valley),NUEVA VIZCAYA,PH020000000,PH0205000000,Self-Care Disability,Female,Moderate,PH025000000,384,40,35,30,279
Region II (Cagayan Valley),NUEVA VIZCAYA,PH020000000,PH0205000000,Self-Care Disability,Female,Severe,PH025000000,537,136,51,56,294
Region II (Cagayan Valley),NUEVA VIZCAYA,PH020000000,PH0205000000,Self-Care Disability,Male,All,PH025000000,1824,363,180,257,1024
Region II (Cagayan Valley),NUEVA VIZCAYA,PH020000000,PH0205000000,Self-Care Disability,Male,Mild,PH025000000,963,138,80,151,594
Region II (Cagayan Valley),NUEVA VIZCAYA,PH020000000,PH0205000000,Self-Care Disability,Male,Moderate,PH025000000,363,76,33,46,208
Region II (Cagayan Valley),NUEVA VIZCAYA,PH020000000,PH0205000000,Self-Care Disability,Male,Severe,PH025000000,498,149,67,60,222
Region II (Cagayan Valley),NUEVA VIZCAYA,PH020000000,PH0205000000,Visual Disability,Both Sexes,All,PH025000000,36041,782,1828,10722,22709
Region II (Cagayan Valley),NUEVA VIZCAYA,PH020000000,PH0205000000,Visual Disability,Both Sexes,Mild,PH025000000,33299,652,1657,10334,20656
Region II (Cagayan Valley),NUEVA VIZCAYA,PH020000000,PH0205000000,Visual Disability,Both Sexes,Moderate,PH025000000,2362,81,124,332,1825
Region II (Cagayan Valley),NUEVA VIZCAYA,PH020000000,PH0205000000,Visual Disability,Both Sexes,Severe,PH025000000,380,49,47,56,228
Region II (Cagayan Valley),NUEVA VIZCAYA,PH020000000,PH0205000000,Visual Disability,Female,All,PH025000000,20453,442,1155,5879,12977
Region II (Cagayan Valley),NUEVA VIZCAYA,PH020000000,PH0205000000,Visual Disability,Female,Mild,PH025000000,18832,383,1072,5687,11690
Region II (Cagayan Valley),NUEVA VIZCAYA,PH020000000,PH0205000000,Visual Disability,Female,Moderate,PH025000000,1401,38,62,157,1144
Region II (Cagayan Valley),NUEVA VIZCAYA,PH020000000,PH0205000000,Visual Disability,Female,Severe,PH025000000,220,21,21,35,143
Region II (Cagayan Valley),NUEVA VIZCAYA,PH020000000,PH0205000000,Visual Disability,Male,All,PH025000000,15588,340,673,4843,9732
Region II (Cagayan Valley),NUEVA VIZCAYA,PH020000000,PH0205000000,Visual Disability,Male,Mild,PH025000000,14467,269,585,4647,8966
Region II (Cagayan Valley),NUEVA VIZCAYA,PH020000000,PH0205000000,Visual Disability,Male,Moderate,PH025000000,961,43,62,175,681
Region II (Cagayan Valley),NUEVA VIZCAYA,PH020000000,PH0205000000,Visual Disability,Male,Severe,PH025000000,160,28,26,21,85
Region II (Cagayan Valley),QUIRINO,PH020000000,PH0205700000,Cognitive Disability,Both Sexes,All,PH025700000,2957,139,222,571,2025
Region II (Cagayan Valley),QUIRINO,PH020000000,PH0205700000,Cognitive Disability,Both Sexes,Mild,PH025700000,2517,72,157,502,1786
Region II (Cagayan Valley),QUIRINO,PH020000000,PH0205700000,Cognitive Disability,Both Sexes,Moderate,PH025700000,355,50,49,54,202
Region II (Cagayan Valley),QUIRINO,PH020000000,PH0205700000,Cognitive Disability,Both Sexes,Severe,PH025700000,85,17,16,15,37
Region II (Cagayan Valley),QUIRINO,PH020000000,PH0205700000,Cognitive Disability,Female,All,PH025700000,1679,54,97,296,1232
Region II (Cagayan Valley),QUIRINO,PH020000000,PH0205700000,Cognitive Disability,Female,Mild,PH025700000,1461,34,77,270,1080
Region II (Cagayan Valley),QUIRINO,PH020000000,PH0205700000,Cognitive Disability,Female,Moderate,PH025700000,177,14,17,20,126
Region II (Cagayan Valley),QUIRINO,PH020000000,PH0205700000,Cognitive Disability,Female,Severe,PH025700000,41,6,3,6,26
Region II (Cagayan Valley),QUIRINO,PH020000000,PH0205700000,Cognitive Disability,Male,All,PH025700000,1278,85,125,275,793
Region II (Cagayan Valley),QUIRINO,PH020000000,PH0205700000,Cognitive Disability,Male,Mild,PH025700000,1056,38,80,232,706
Region II (Cagayan Valley),QUIRINO,PH020000000,PH0205700000,Cognitive Disability,Male,Moderate,PH025700000,178,36,32,34,76
Region II (Cagayan Valley),QUIRINO,PH020000000,PH0205700000,Cognitive Disability,Male,Severe,PH025700000,44,11,13,9,11
Region II (Cagayan Valley),QUIRINO,PH020000000,PH0205700000,Communication Disability,Both Sexes,All,PH025700000,1064,196,163,194,511
Region II (Cagayan Valley),QUIRINO,PH020000000,PH0205700000,Communication Disability,Both Sexes,Mild,PH025700000,562,74,57,95,336
Region II (Cagayan Valley),QUIRINO,PH020000000,PH0205700000,Communication Disability,Both Sexes,Moderate,PH025700000,291,56,54,60,121
Region II (Cagayan Valley),QUIRINO,PH020000000,PH0205700000,Communication Disability,Both Sexes,Severe,PH025700000,211,66,52,39,54
Region II (Cagayan Valley),QUIRINO,PH020000000,PH0205700000,Communication Disability,Female,All,PH025700000,502,79,68,82,273
Region II (Cagayan Valley),QUIRINO,PH020000000,PH0205700000,Communication Disability,Female,Mild,PH025700000,286,40,28,40,178
Region II (Cagayan Valley),QUIRINO,PH020000000,PH0205700000,Communication Disability,Female,Moderate,PH025700000,129,15,21,24,69
Region II (Cagayan Valley),QUIRINO,PH020000000,PH0205700000,Communication Disability,Female,Severe,PH025700000,87,24,19,18,26
Region II (Cagayan Valley),QUIRINO,PH020000000,PH0205700000,Communication Disability,Male,All,PH025700000,562,117,95,112,238
Region II (Cagayan Valley),QUIRINO,PH020000000,PH0205700000,Communication Disability,Male,Mild,PH025700000,276,34,29,55,158
Region II (Cagayan Valley),QUIRINO,PH020000000,PH0205700000,Communication Disability,Male,Moderate,PH025700000,162,41,33,36,52
Region II (Cagayan Valley),QUIRINO,PH020000000,PH0205700000,Communication Disability,Male,Severe,PH025700000,124,42,33,21,28
Region II (Cagayan Valley),QUIRINO,PH020000000,PH0205700000,Hearing Disability,Both Sexes,All,PH025700000,4348,181,214,684,3269
Region II (Cagayan Valley),QUIRINO,PH020000000,PH0205700000,Hearing Disability,Both Sexes,Mild,PH025700000,3674,126,158,584,2806
Region II (Cagayan Valley),QUIRINO,PH020000000,PH0205700000,Hearing Disability,Both Sexes,Moderate,PH025700000,552,32,27,71,422
Region II (Cagayan Valley),QUIRINO,PH020000000,PH0205700000,Hearing Disability,Both Sexes,Severe,PH025700000,122,23,29,29,41
Region II (Cagayan Valley),QUIRINO,PH020000000,PH0205700000,Hearing Disability,Female,All,PH025700000,2243,84,102,319,1738
Region II (Cagayan Valley),QUIRINO,PH020000000,PH0205700000,Hearing Disability,Female,Mild,PH025700000,1909,58,74,280,1497
Region II (Cagayan Valley),QUIRINO,PH020000000,PH0205700000,Hearing Disability,Female,Moderate,PH025700000,270,14,12,26,218
Region II (Cagayan Valley),QUIRINO,PH020000000,PH0205700000,Hearing Disability,Female,Severe,PH025700000,64,12,16,13,23
Region II (Cagayan Valley),QUIRINO,PH020000000,PH0205700000,Hearing Disability,Male,All,PH025700000,2105,97,112,365,1531
Region II (Cagayan Valley),QUIRINO,PH020000000,PH0205700000,Hearing Disability,Male,Mild,PH025700000,1765,68,84,304,1309
Region II (Cagayan Valley),QUIRINO,PH020000000,PH0205700000,Hearing Disability,Male,Moderate,PH025700000,282,18,15,45,204
Region II (Cagayan Valley),QUIRINO,PH020000000,PH0205700000,Hearing Disability,Male,Severe,PH025700000,58,11,13,16,18
Region II (Cagayan Valley),QUIRINO,PH020000000,PH0205700000,Mobility Disability,Both Sexes,All,PH025700000,4313,167,201,684,3261
Region II (Cagayan Valley),QUIRINO,PH020000000,PH0205700000,Mobility Disability,Both Sexes,Mild,PH025700000,3423,94,126,553,2650
Region II (Cagayan Valley),QUIRINO,PH020000000,PH0205700000,Mobility Disability,Both Sexes,Moderate,PH025700000,618,29,39,97,453
Region II (Cagayan Valley),QUIRINO,PH020000000,PH0205700000,Mobility Disability,Both Sexes,Severe,PH025700000,272,44,36,34,158
Region II (Cagayan Valley),QUIRINO,PH020000000,PH0205700000,Mobility Disability,Female,All,PH025700000,2231,67,63,281,1820
Region II (Cagayan Valley),QUIRINO,PH020000000,PH0205700000,Mobility Disability,Female,Mild,PH025700000,1822,42,46,239,1495
Region II (Cagayan Valley),QUIRINO,PH020000000,PH0205700000,Mobility Disability,Female,Moderate,PH025700000,284,14,6,30,234
Region II (Cagayan Valley),QUIRINO,PH020000000,PH0205700000,Mobility Disability,Female,Severe,PH025700000,125,11,11,12,91
Region II (Cagayan Valley),QUIRINO,PH020000000,PH0205700000,Mobility Disability,Male,All,PH025700000,2082,100,138,403,1441
Region II (Cagayan Valley),QUIRINO,PH020000000,PH0205700000,Mobility Disability,Male,Mild,PH025700000,1601,52,80,314,1155
Region II (Cagayan Valley),QUIRINO,PH020000000,PH0205700000,Mobility Disability,Male,Moderate,PH025700000,334,15,33,67,219
Region II (Cagayan Valley),QUIRINO,PH020000000,PH0205700000,Mobility Disability,Male,Severe,PH025700000,147,33,25,22,67
Region II (Cagayan Valley),QUIRINO,PH020000000,PH0205700000,Self-Care Disability,Both Sexes,All,PH025700000,1069,135,107,121,706
Region II (Cagayan Valley),QUIRINO,PH020000000,PH0205700000,Self-Care Disability,Both Sexes,Mild,PH025700000,534,42,37,59,396
Region II (Cagayan Valley),QUIRINO,PH020000000,PH0205700000,Self-Care Disability,Both Sexes,Moderate,PH025700000,242,42,23,37,140
Region II (Cagayan Valley),QUIRINO,PH020000000,PH0205700000,Self-Care Disability,Both Sexes,Severe,PH025700000,293,51,47,25,170
Region II (Cagayan Valley),QUIRINO,PH020000000,PH0205700000,Self-Care Disability,Female,All,PH025700000,526,47,39,39,401
Region II (Cagayan Valley),QUIRINO,PH020000000,PH0205700000,Self-Care Disability,Female,Mild,PH025700000,274,15,18,16,225
Region II (Cagayan Valley),QUIRINO,PH020000000,PH0205700000,Self-Care Disability,Female,Moderate,PH025700000,110,12,7,12,79
Region II (Cagayan Valley),QUIRINO,PH020000000,PH0205700000,Self-Care Disability,Female,Severe,PH025700000,142,20,14,11,97
Region II (Cagayan Valley),QUIRINO,PH020000000,PH0205700000,Self-Care Disability,Male,All,PH025700000,543,88,68,82,305
Region II (Cagayan Valley),QUIRINO,PH020000000,PH0205700000,Self-Care Disability,Male,Mild,PH025700000,260,27,19,43,171
Region II (Cagayan Valley),QUIRINO,PH020000000,PH0205700000,Self-Care Disability,Male,Moderate,PH025700000,132,30,16,25,61
Region II (Cagayan Valley),QUIRINO,PH020000000,PH0205700000,Self-Care Disability,Male,Severe,PH025700000,151,31,33,14,73
Region II (Cagayan Valley),QUIRINO,PH020000000,PH0205700000,Visual Disability,Both Sexes,All,PH025700000,10592,251,574,3288,6479
Region II (Cagayan Valley),QUIRINO,PH020000000,PH0205700000,Visual Disability,Both Sexes,Mild,PH025700000,9845,195,513,3177,5960
Region II (Cagayan Valley),QUIRINO,PH020000000,PH0205700000,Visual Disability,Both Sexes,Moderate,PH025700000,612,40,42,88,442
Region II (Cagayan Valley),QUIRINO,PH020000000,PH0205700000,Visual Disability,Both Sexes,Severe,PH025700000,135,16,19,23,77
Region II (Cagayan Valley),QUIRINO,PH020000000,PH0205700000,Visual Disability,Female,All,PH025700000,5742,125,347,1703,3567
Region II (Cagayan Valley),QUIRINO,PH020000000,PH0205700000,Visual Disability,Female,Mild,PH025700000,5347,103,322,1657,3265
Region II (Cagayan Valley),QUIRINO,PH020000000,PH0205700000,Visual Disability,Female,Moderate,PH025700000,320,16,15,38,251
Region II (Cagayan Valley),QUIRINO,PH020000000,PH0205700000,Visual Disability,Female,Severe,PH025700000,75,6,10,8,51
Region II (Cagayan Valley),QUIRINO,PH020000000,PH0205700000,Visual Disability,Male,All,PH025700000,4850,126,227,1585,2912
Region II (Cagayan Valley),QUIRINO,PH020000000,PH0205700000,Visual Disability,Male,Mild,PH025700000,4498,92,191,1520,2695
Region II (Cagayan Valley),QUIRINO,PH020000000,PH0205700000,Visual Disability,Male,Moderate,PH025700000,292,24,27,50,191
Region II (Cagayan Valley),QUIRINO,PH020000000,PH0205700000,Visual Disability,Male,Severe,PH025700000,60,10,9,15,26
Region III (Central Luzon),AURORA,PH030000000,PH0307700000,Cognitive Disability,Both Sexes,All,PH037700000,2700,184,246,577,1693
Region III (Central Luzon),AURORA,PH030000000,PH0307700000,Cognitive Disability,Both Sexes,Mild,PH037700000,2223,92,164,503,1464
Region III (Central Luzon),AURORA,PH030000000,PH0307700000,Cognitive Disability,Both Sexes,Moderate,PH037700000,342,49,58,56,179
Region III (Central Luzon),AURORA,PH030000000,PH0307700000,Cognitive Disability,Both Sexes,Severe,PH037700000,135,43,24,18,50
Region III (Central Luzon),AURORA,PH030000000,PH0307700000,Cognitive Disability,Female,All,PH037700000,1548,82,127,305,1034
Region III (Central Luzon),AURORA,PH030000000,PH0307700000,Cognitive Disability,Female,Mild,PH037700000,1287,43,84,275,885
Region III (Central Luzon),AURORA,PH030000000,PH0307700000,Cognitive Disability,Female,Moderate,PH037700000,192,24,31,21,116
Region III (Central Luzon),AURORA,PH030000000,PH0307700000,Cognitive Disability,Female,Severe,PH037700000,69,15,12,9,33
Region III (Central Luzon),AURORA,PH030000000,PH0307700000,Cognitive Disability,Male,All,PH037700000,1152,102,119,272,659
Region III (Central Luzon),AURORA,PH030000000,PH0307700000,Cognitive Disability,Male,Mild,PH037700000,936,49,80,228,579
Region III (Central Luzon),AURORA,PH030000000,PH0307700000,Cognitive Disability,Male,Moderate,PH037700000,150,25,27,35,63
Region III (Central Luzon),AURORA,PH030000000,PH0307700000,Cognitive Disability,Male,Severe,PH037700000,66,28,12,9,17
Region III (Central Luzon),AURORA,PH030000000,PH0307700000,Communication Disability,Both Sexes,All,PH037700000,1286,264,218,227,577
Region III (Central Luzon),AURORA,PH030000000,PH0307700000,Communication Disability,Both Sexes,Mild,PH037700000,711,107,84,123,397
Region III (Central Luzon),AURORA,PH030000000,PH0307700000,Communication Disability,Both Sexes,Moderate,PH037700000,297,62,72,53,110
Region III (Central Luzon),AURORA,PH030000000,PH0307700000,Communication Disability,Both Sexes,Severe,PH037700000,278,95,62,51,70
Region III (Central Luzon),AURORA,PH030000000,PH0307700000,Communication Disability,Female,All,PH037700000,623,105,101,98,319
Region III (Central Luzon),AURORA,PH030000000,PH0307700000,Communication Disability,Female,Mild,PH037700000,339,45,31,49,214
Region III (Central Luzon),AURORA,PH030000000,PH0307700000,Communication Disability,Female,Moderate,PH037700000,143,22,40,22,59
Region III (Central Luzon),AURORA,PH030000000,PH0307700000,Communication Disability,Female,Severe,PH037700000,141,38,30,27,46
Region III (Central Luzon),AURORA,PH030000000,PH0307700000,Communication Disability,Male,All,PH037700000,663,159,117,129,258
Region III (Central Luzon),AURORA,PH030000000,PH0307700000,Communication Disability,Male,Mild,PH037700000,372,62,53,74,183
Region III (Central Luzon),AURORA,PH030000000,PH0307700000,Communication Disability,Male,Moderate,PH037700000,154,40,32,31,51
Region III (Central Luzon),AURORA,PH030000000,PH0307700000,Communication Disability,Male,Severe,PH037700000,137,57,32,24,24
Region III (Central Luzon),AURORA,PH030000000,PH0307700000,Hearing Disability,Both Sexes,All,PH037700000,3694,155,200,587,2752
Region III (Central Luzon),AURORA,PH030000000,PH0307700000,Hearing Disability,Both Sexes,Mild,PH037700000,3169,113,139,513,2404
Region III (Central Luzon),AURORA,PH030000000,PH0307700000,Hearing Disability,Both Sexes,Moderate,PH037700000,396,16,22,44,314
Region III (Central Luzon),AURORA,PH030000000,PH0307700000,Hearing Disability,Both Sexes,Severe,PH037700000,129,26,39,30,34
Region III (Central Luzon),AURORA,PH030000000,PH0307700000,Hearing Disability,Female,All,PH037700000,1948,75,98,276,1499
Region III (Central Luzon),AURORA,PH030000000,PH0307700000,Hearing Disability,Female,Mild,PH037700000,1678,57,72,243,1306
Region III (Central Luzon),AURORA,PH030000000,PH0307700000,Hearing Disability,Female,Moderate,PH037700000,206,8,9,17,172
Region III (Central Luzon),AURORA,PH030000000,PH0307700000,Hearing Disability,Female,Severe,PH037700000,64,10,17,16,21
Region III (Central Luzon),AURORA,PH030000000,PH0307700000,Hearing Disability,Male,All,PH037700000,1746,80,102,311,1253
Region III (Central Luzon),AURORA,PH030000000,PH0307700000,Hearing Disability,Male,Mild,PH037700000,1491,56,67,270,1098
Region III (Central Luzon),AURORA,PH030000000,PH0307700000,Hearing Disability,Male,Moderate,PH037700000,190,8,13,27,142
Region III (Central Luzon),AURORA,PH030000000,PH0307700000,Hearing Disability,Male,Severe,PH037700000,65,16,22,14,13
Region III (Central Luzon),AURORA,PH030000000,PH0307700000,Mobility Disability,Both Sexes,All,PH037700000,3917,195,226,661,2835
Region III (Central Luzon),AURORA,PH030000000,PH0307700000,Mobility Disability,Both Sexes,Mild,PH037700000,2961,96,147,531,2187
Region III (Central Luzon),AURORA,PH030000000,PH0307700000,Mobility Disability,Both Sexes,Moderate,PH037700000,620,37,48,85,450
Region III (Central Luzon),AURORA,PH030000000,PH0307700000,Mobility Disability,Both Sexes,Severe,PH037700000,336,62,31,45,198
Region III (Central Luzon),AURORA,PH030000000,PH0307700000,Mobility Disability,Female,All,PH037700000,2031,74,96,269,1592
Region III (Central Luzon),AURORA,PH030000000,PH0307700000,Mobility Disability,Female,Mild,PH037700000,1540,30,57,223,1230
Region III (Central Luzon),AURORA,PH030000000,PH0307700000,Mobility Disability,Female,Moderate,PH037700000,309,14,23,32,240
Region III (Central Luzon),AURORA,PH030000000,PH0307700000,Mobility Disability,Female,Severe,PH037700000,182,30,16,14,122
Region III (Central Luzon),AURORA,PH030000000,PH0307700000,Mobility Disability,Male,All,PH037700000,1886,121,130,392,1243
Region III (Central Luzon),AURORA,PH030000000,PH0307700000,Mobility Disability,Male,Mild,PH037700000,1421,66,90,308,957
Region III (Central Luzon),AURORA,PH030000000,PH0307700000,Mobility Disability,Male,Moderate,PH037700000,311,23,25,53,210
Region III (Central Luzon),AURORA,PH030000000,PH0307700000,Mobility Disability,Male,Severe,PH037700000,154,32,15,31,76
Region III (Central Luzon),AURORA,PH030000000,PH0307700000,Self-Care Disability,Both Sexes,All,PH037700000,1241,176,115,137,813
Region III (Central Luzon),AURORA,PH030000000,PH0307700000,Self-Care Disability,Both Sexes,Mild,PH037700000,659,58,52,71,478
Region III (Central Luzon),AURORA,PH030000000,PH0307700000,Self-Care Disability,Both Sexes,Moderate,PH037700000,244,36,24,26,158
Region III (Central Luzon),AURORA,PH030000000,PH0307700000,Self-Care Disability,Both Sexes,Severe,PH037700000,338,82,39,40,177
Region III (Central Luzon),AURORA,PH030000000,PH0307700000,Self-Care Disability,Female,All,PH037700000,644,69,50,51,474
Region III (Central Luzon),AURORA,PH030000000,PH0307700000,Self-Care Disability,Female,Mild,PH037700000,345,25,22,28,270
Region III (Central Luzon),AURORA,PH030000000,PH0307700000,Self-Care Disability,Female,Moderate,PH037700000,124,11,11,10,92
Region III (Central Luzon),AURORA,PH030000000,PH0307700000,Self-Care Disability,Female,Severe,PH037700000,175,33,17,13,112
Region III (Central Luzon),AURORA,PH030000000,PH0307700000,Self-Care Disability,Male,All,PH037700000,597,107,65,86,339
Region III (Central Luzon),AURORA,PH030000000,PH0307700000,Self-Care Disability,Male,Mild,PH037700000,314,33,30,43,208
Region III (Central Luzon),AURORA,PH030000000,PH0307700000,Self-Care Disability,Male,Moderate,PH037700000,120,25,13,16,66
Region III (Central Luzon),AURORA,PH030000000,PH0307700000,Self-Care Disability,Male,Severe,PH037700000,163,49,22,27,65
Region III (Central Luzon),AURORA,PH030000000,PH0307700000,Visual Disability,Both Sexes,All,PH037700000,10125,261,526,3064,6274
Region III (Central Luzon),AURORA,PH030000000,PH0307700000,Visual Disability,Both Sexes,Mild,PH037700000,9380,205,478,2950,5747
Region III (Central Luzon),AURORA,PH030000000,PH0307700000,Visual Disability,Both Sexes,Moderate,PH037700000,603,40,34,93,436
Region III (Central Luzon),AURORA,PH030000000,PH0307700000,Visual Disability,Both Sexes,Severe,PH037700000,142,16,14,21,91
Region III (Central Luzon),AURORA,PH030000000,PH0307700000,Visual Disability,Female,All,PH037700000,5610,132,306,1610,3562
Region III (Central Luzon),AURORA,PH030000000,PH0307700000,Visual Disability,Female,Mild,PH037700000,5189,107,286,1557,3239
Region III (Central Luzon),AURORA,PH030000000,PH0307700000,Visual Disability,Female,Moderate,PH037700000,340,19,16,40,265
Region III (Central Luzon),AURORA,PH030000000,PH0307700000,Visual Disability,Female,Severe,PH037700000,81,6,4,13,58
Region III (Central Luzon),AURORA,PH030000000,PH0307700000,Visual Disability,Male,All,PH037700000,4515,129,220,1454,2712
Region III (Central Luzon),AURORA,PH030000000,PH0307700000,Visual Disability,Male,Mild,PH037700000,4191,98,192,1393,2508
Region III (Central Luzon),AURORA,PH030000000,PH0307700000,Visual Disability,Male,Moderate,PH037700000,263,21,18,53,171
Region III (Central Luzon),AURORA,PH030000000,PH0307700000,Visual Disability,Male,Severe,PH037700000,61,10,10,8,33
Region III (Central Luzon),BATAAN,PH030000000,PH0300800000,Cognitive Disability,Both Sexes,All,PH030800000,8093,470,733,1834,5056
Region III (Central Luzon),BATAAN,PH030000000,PH0300800000,Cognitive Disability,Both Sexes,Mild,PH030800000,6794,273,540,1625,4356
Region III (Central Luzon),BATAAN,PH030000000,PH0300800000,Cognitive Disability,Both Sexes,Moderate,PH030800000,956,120,127,147,562
Region III (Central Luzon),BATAAN,PH030000000,PH0300800000,Cognitive Disability,Both Sexes,Severe,PH030800000,343,77,66,62,138
Region III (Central Luzon),BATAAN,PH030000000,PH0300800000,Cognitive Disability,Female,All,PH030800000,5047,208,430,1169,3240
Region III (Central Luzon),BATAAN,PH030000000,PH0300800000,Cognitive Disability,Female,Mild,PH030800000,4345,129,353,1079,2784
Region III (Central Luzon),BATAAN,PH030000000,PH0300800000,Cognitive Disability,Female,Moderate,PH030800000,536,46,56,67,367
Region III (Central Luzon),BATAAN,PH030000000,PH0300800000,Cognitive Disability,Female,Severe,PH030800000,166,33,21,23,89
Region III (Central Luzon),BATAAN,PH030000000,PH0300800000,Cognitive Disability,Male,All,PH030800000,3046,262,303,665,1816
Region III (Central Luzon),BATAAN,PH030000000,PH0300800000,Cognitive Disability,Male,Mild,PH030800000,2449,144,187,546,1572
Region III (Central Luzon),BATAAN,PH030000000,PH0300800000,Cognitive Disability,Male,Moderate,PH030800000,420,74,71,80,195
Region III (Central Luzon),BATAAN,PH030000000,PH0300800000,Cognitive Disability,Male,Severe,PH030800000,177,44,45,39,49
Region III (Central Luzon),BATAAN,PH030000000,PH0300800000,Communication Disability,Both Sexes,All,PH030800000,3832,751,667,730,1684
Region III (Central Luzon),BATAAN,PH030000000,PH0300800000,Communication Disability,Both Sexes,Mild,PH030800000,2042,297,265,355,1125
Region III (Central Luzon),BATAAN,PH030000000,PH0300800000,Communication Disability,Both Sexes,Moderate,PH030800000,960,214,198,201,347
Region III (Central Luzon),BATAAN,PH030000000,PH0300800000,Communication Disability,Both Sexes,Severe,PH030800000,830,240,204,174,212
Region III (Central Luzon),BATAAN,PH030000000,PH0300800000,Communication Disability,Female,All,PH030800000,1943,322,306,328,987
Region III (Central Luzon),BATAAN,PH030000000,PH0300800000,Communication Disability,Female,Mild,PH030800000,1031,120,105,142,664
Region III (Central Luzon),BATAAN,PH030000000,PH0300800000,Communication Disability,Female,Moderate,PH030800000,498,96,103,98,201
Region III (Central Luzon),BATAAN,PH030000000,PH0300800000,Communication Disability,Female,Severe,PH030800000,414,106,98,88,122
Region III (Central Luzon),BATAAN,PH030000000,PH0300800000,Communication Disability,Male,All,PH030800000,1889,429,361,402,697
Region III (Central Luzon),BATAAN,PH030000000,PH0300800000,Communication Disability,Male,Mild,PH030800000,1011,177,160,213,461
Region III (Central Luzon),BATAAN,PH030000000,PH0300800000,Communication Disability,Male,Moderate,PH030800000,462,118,95,103,146
Region III (Central Luzon),BATAAN,PH030000000,PH0300800000,Communication Disability,Male,Severe,PH030800000,416,134,106,86,90
Region III (Central Luzon),BATAAN,PH030000000,PH0300800000,Hearing Disability,Both Sexes,All,PH030800000,12754,592,774,2280,9108
Region III (Central Luzon),BATAAN,PH030000000,PH0300800000,Hearing Disability,Both Sexes,Mild,PH030800000,10985,395,572,2000,8018
Region III (Central Luzon),BATAAN,PH030000000,PH0300800000,Hearing Disability,Both Sexes,Moderate,PH030800000,1307,77,93,175,962
Region III (Central Luzon),BATAAN,PH030000000,PH0300800000,Hearing Disability,Both Sexes,Severe,PH030800000,462,120,109,105,128
Region III (Central Luzon),BATAAN,PH030000000,PH0300800000,Hearing Disability,Female,All,PH030800000,7030,289,381,1163,5197
Region III (Central Luzon),BATAAN,PH030000000,PH0300800000,Hearing Disability,Female,Mild,PH030800000,6088,204,288,1028,4568
Region III (Central Luzon),BATAAN,PH030000000,PH0300800000,Hearing Disability,Female,Moderate,PH030800000,714,31,44,89,550
Region III (Central Luzon),BATAAN,PH030000000,PH0300800000,Hearing Disability,Female,Severe,PH030800000,228,54,49,46,79
Region III (Central Luzon),BATAAN,PH030000000,PH0300800000,Hearing Disability,Male,All,PH030800000,5724,303,393,1117,3911
Region III (Central Luzon),BATAAN,PH030000000,PH0300800000,Hearing Disability,Male,Mild,PH030800000,4897,191,284,972,3450
Region III (Central Luzon),BATAAN,PH030000000,PH0300800000,Hearing Disability,Male,Moderate,PH030800000,593,46,49,86,412
Region III (Central Luzon),BATAAN,PH030000000,PH0300800000,Hearing Disability,Male,Severe,PH030800000,234,66,60,59,49
Region III (Central Luzon),BATAAN,PH030000000,PH0300800000,Mobility Disability,Both Sexes,All,PH030800000,14946,499,665,2580,11202
Region III (Central Luzon),BATAAN,PH030000000,PH0300800000,Mobility Disability,Both Sexes,Mild,PH030800000,11311,253,407,1971,8680
Region III (Central Luzon),BATAAN,PH030000000,PH0300800000,Mobility Disability,Both Sexes,Moderate,PH030800000,2554,113,153,443,1845
Region III (Central Luzon),BATAAN,PH030000000,PH0300800000,Mobility Disability,Both Sexes,Severe,PH030800000,1081,133,105,166,677
Region III (Central Luzon),BATAAN,PH030000000,PH0300800000,Mobility Disability,Female,All,PH030800000,8180,233,268,1081,6598
Region III (Central Luzon),BATAAN,PH030000000,PH0300800000,Mobility Disability,Female,Mild,PH030800000,6287,125,165,857,5140
Region III (Central Luzon),BATAAN,PH030000000,PH0300800000,Mobility Disability,Female,Moderate,PH030800000,1307,48,56,148,1055
Region III (Central Luzon),BATAAN,PH030000000,PH0300800000,Mobility Disability,Female,Severe,PH030800000,586,60,47,76,403
Region III (Central Luzon),BATAAN,PH030000000,PH0300800000,Mobility Disability,Male,All,PH030800000,6766,266,397,1499,4604
Region III (Central Luzon),BATAAN,PH030000000,PH0300800000,Mobility Disability,Male,Mild,PH030800000,5024,128,242,1114,3540
Region III (Central Luzon),BATAAN,PH030000000,PH0300800000,Mobility Disability,Male,Moderate,PH030800000,1247,65,97,295,790
Region III (Central Luzon),BATAAN,PH030000000,PH0300800000,Mobility Disability,Male,Severe,PH030800000,495,73,58,90,274
Region III (Central Luzon),BATAAN,PH030000000,PH0300800000,Self-Care Disability,Both Sexes,All,PH030800000,4212,635,407,588,2582
Region III (Central Luzon),BATAAN,PH030000000,PH0300800000,Self-Care Disability,Both Sexes,Mild,PH030800000,2331,310,199,341,1481
Region III (Central Luzon),BATAAN,PH030000000,PH0300800000,Self-Care Disability,Both Sexes,Moderate,PH030800000,841,116,97,128,500
Region III (Central Luzon),BATAAN,PH030000000,PH0300800000,Self-Care Disability,Both Sexes,Severe,PH030800000,1040,209,111,119,601
Region III (Central Luzon),BATAAN,PH030000000,PH0300800000,Self-Care Disability,Female,All,PH030800000,2334,289,203,282,1560
Region III (Central Luzon),BATAAN,PH030000000,PH0300800000,Self-Care Disability,Female,Mild,PH030800000,1340,153,113,179,895
Region III (Central Luzon),BATAAN,PH030000000,PH0300800000,Self-Care Disability,Female,Moderate,PH030800000,451,58,39,50,304
Region III (Central Luzon),BATAAN,PH030000000,PH0300800000,Self-Care Disability,Female,Severe,PH030800000,543,78,51,53,361
Region III (Central Luzon),BATAAN,PH030000000,PH0300800000,Self-Care Disability,Male,All,PH030800000,1878,346,204,306,1022
Region III (Central Luzon),BATAAN,PH030000000,PH0300800000,Self-Care Disability,Male,Mild,PH030800000,991,157,86,162,586
Region III (Central Luzon),BATAAN,PH030000000,PH0300800000,Self-Care Disability,Male,Moderate,PH030800000,390,58,58,78,196
Region III (Central Luzon),BATAAN,PH030000000,PH0300800000,Self-Care Disability,Male,Severe,PH030800000,497,131,60,66,240
Region III (Central Luzon),BATAAN,PH030000000,PH0300800000,Visual Disability,Both Sexes,All,PH030800000,66535,3173,6551,22641,34170
Region III (Central Luzon),BATAAN,PH030000000,PH0300800000,Visual Disability,Both Sexes,Mild,PH030800000,61905,2865,6093,21643,31304
Region III (Central Luzon),BATAAN,PH030000000,PH0300800000,Visual Disability,Both Sexes,Moderate,PH030800000,4229,253,413,923,2640
Region III (Central Luzon),BATAAN,PH030000000,PH0300800000,Visual Disability,Both Sexes,Severe,PH030800000,401,55,45,75,226
Region III (Central Luzon),BATAAN,PH030000000,PH0300800000,Visual Disability,Female,All,PH030800000,39212,1884,4295,13172,19861
Region III (Central Luzon),BATAAN,PH030000000,PH0300800000,Visual Disability,Female,Mild,PH030800000,36427,1710,4026,12608,18083
Region III (Central Luzon),BATAAN,PH030000000,PH0300800000,Visual Disability,Female,Moderate,PH030800000,2564,146,246,531,1641
Region III (Central Luzon),BATAAN,PH030000000,PH0300800000,Visual Disability,Female,Severe,PH030800000,221,28,23,33,137
Region III (Central Luzon),BATAAN,PH030000000,PH0300800000,Visual Disability,Male,All,PH030800000,27323,1289,2256,9469,14309
Region III (Central Luzon),BATAAN,PH030000000,PH0300800000,Visual Disability,Male,Mild,PH030800000,25478,1155,2067,9035,13221
Region III (Central Luzon),BATAAN,PH030000000,PH0300800000,Visual Disability,Male,Moderate,PH030800000,1665,107,167,392,999
Region III (Central Luzon),BATAAN,PH030000000,PH0300800000,Visual Disability,Male,Severe,PH030800000,180,27,22,42,89
Region III (Central Luzon),BULACAN,PH030000000,PH0301400000,Cognitive Disability,Both Sexes,All,PH031400000,32148,2222,2969,6698,20259
Region III (Central Luzon),BULACAN,PH030000000,PH0301400000,Cognitive Disability,Both Sexes,Mild,PH031400000,26606,1375,2158,5829,17244
Region III (Central Luzon),BULACAN,PH030000000,PH0301400000,Cognitive Disability,Both Sexes,Moderate,PH031400000,4049,530,522,631,2366
Region III (Central Luzon),BULACAN,PH030000000,PH0301400000,Cognitive Disability,Both Sexes,Severe,PH031400000,1493,317,289,238,649
Region III (Central Luzon),BULACAN,PH030000000,PH0301400000,Cognitive Disability,Female,All,PH031400000,19321,924,1649,4061,12687
Region III (Central Luzon),BULACAN,PH030000000,PH0301400000,Cognitive Disability,Female,Mild,PH031400000,16317,595,1306,3669,10747
Region III (Central Luzon),BULACAN,PH030000000,PH0301400000,Cognitive Disability,Female,Moderate,PH031400000,2257,200,215,289,1553
Region III (Central Luzon),BULACAN,PH030000000,PH0301400000,Cognitive Disability,Female,Severe,PH031400000,747,129,128,103,387
Region III (Central Luzon),BULACAN,PH030000000,PH0301400000,Cognitive Disability,Male,All,PH031400000,12827,1298,1320,2637,7572
Region III (Central Luzon),BULACAN,PH030000000,PH0301400000,Cognitive Disability,Male,Mild,PH031400000,10289,780,852,2160,6497
Region III (Central Luzon),BULACAN,PH030000000,PH0301400000,Cognitive Disability,Male,Moderate,PH031400000,1792,330,307,342,813
Region III (Central Luzon),BULACAN,PH030000000,PH0301400000,Cognitive Disability,Male,Severe,PH031400000,746,188,161,135,262
Region III (Central Luzon),BULACAN,PH030000000,PH0301400000,Communication Disability,Both Sexes,All,PH031400000,19115,3798,3401,3736,8180
Region III (Central Luzon),BULACAN,PH030000000,PH0301400000,Communication Disability,Both Sexes,Mild,PH031400000,10742,1644,1471,2097,5530
Region III (Central Luzon),BULACAN,PH030000000,PH0301400000,Communication Disability,Both Sexes,Moderate,PH031400000,4501,1083,905,902,1611
Region III (Central Luzon),BULACAN,PH030000000,PH0301400000,Communication Disability,Both Sexes,Severe,PH031400000,3872,1071,1025,737,1039
Region III (Central Luzon),BULACAN,PH030000000,PH0301400000,Communication Disability,Female,All,PH031400000,9549,1577,1553,1750,4669
Region III (Central Luzon),BULACAN,PH030000000,PH0301400000,Communication Disability,Female,Mild,PH031400000,5322,693,591,863,3175
Region III (Central Luzon),BULACAN,PH030000000,PH0301400000,Communication Disability,Female,Moderate,PH031400000,2284,429,439,479,937
Region III (Central Luzon),BULACAN,PH030000000,PH0301400000,Communication Disability,Female,Severe,PH031400000,1943,455,523,408,557
Region III (Central Luzon),BULACAN,PH030000000,PH0301400000,Communication Disability,Male,All,PH031400000,9566,2221,1848,1986,3511
Region III (Central Luzon),BULACAN,PH030000000,PH0301400000,Communication Disability,Male,Mild,PH031400000,5420,951,880,1234,2355
Region III (Central Luzon),BULACAN,PH030000000,PH0301400000,Communication Disability,Male,Moderate,PH031400000,2217,654,466,423,674
Region III (Central Luzon),BULACAN,PH030000000,PH0301400000,Communication Disability,Male,Severe,PH031400000,1929,616,502,329,482
Region III (Central Luzon),BULACAN,PH030000000,PH0301400000,Hearing Disability,Both Sexes,All,PH031400000,53788,2292,3430,9319,38747
Region III (Central Luzon),BULACAN,PH030000000,PH0301400000,Hearing Disability,Both Sexes,Mild,PH031400000,47085,1584,2607,8293,34601
Region III (Central Luzon),BULACAN,PH030000000,PH0301400000,Hearing Disability,Both Sexes,Moderate,PH031400000,5015,362,387,646,3620
Region III (Central Luzon),BULACAN,PH030000000,PH0301400000,Hearing Disability,Both Sexes,Severe,PH031400000,1688,346,436,380,526
Region III (Central Luzon),BULACAN,PH030000000,PH0301400000,Hearing Disability,Female,All,PH031400000,29638,1061,1667,4811,22099
Region III (Central Luzon),BULACAN,PH030000000,PH0301400000,Hearing Disability,Female,Mild,PH031400000,26029,749,1299,4310,19671
Region III (Central Luzon),BULACAN,PH030000000,PH0301400000,Hearing Disability,Female,Moderate,PH031400000,2758,143,174,308,2133
Region III (Central Luzon),BULACAN,PH030000000,PH0301400000,Hearing Disability,Female,Severe,PH031400000,851,169,194,193,295
Region III (Central Luzon),BULACAN,PH030000000,PH0301400000,Hearing Disability,Male,All,PH031400000,24150,1231,1763,4508,16648
Region III (Central Luzon),BULACAN,PH030000000,PH0301400000,Hearing Disability,Male,Mild,PH031400000,21056,835,1308,3983,14930
Region III (Central Luzon),BULACAN,PH030000000,PH0301400000,Hearing Disability,Male,Moderate,PH031400000,2257,219,213,338,1487
Region III (Central Luzon),BULACAN,PH030000000,PH0301400000,Hearing Disability,Male,Severe,PH031400000,837,177,242,187,231
Region III (Central Luzon),BULACAN,PH030000000,PH0301400000,Mobility Disability,Both Sexes,All,PH031400000,60681,2036,2723,10096,45826
Region III (Central Luzon),BULACAN,PH030000000,PH0301400000,Mobility Disability,Both Sexes,Mild,PH031400000,46702,1062,1739,7720,36181
Region III (Central Luzon),BULACAN,PH030000000,PH0301400000,Mobility Disability,Both Sexes,Moderate,PH031400000,9673,455,573,1781,6864
Region III (Central Luzon),BULACAN,PH030000000,PH0301400000,Mobility Disability,Both Sexes,Severe,PH031400000,4306,519,411,595,2781
Region III (Central Luzon),BULACAN,PH030000000,PH0301400000,Mobility Disability,Female,All,PH031400000,34005,875,1187,4425,27518
Region III (Central Luzon),BULACAN,PH030000000,PH0301400000,Mobility Disability,Female,Mild,PH031400000,26572,460,743,3516,21853
Region III (Central Luzon),BULACAN,PH030000000,PH0301400000,Mobility Disability,Female,Moderate,PH031400000,5070,191,248,656,3975
Region III (Central Luzon),BULACAN,PH030000000,PH0301400000,Mobility Disability,Female,Severe,PH031400000,2363,224,196,253,1690
Region III (Central Luzon),BULACAN,PH030000000,PH0301400000,Mobility Disability,Male,All,PH031400000,26676,1161,1536,5671,18308
Region III (Central Luzon),BULACAN,PH030000000,PH0301400000,Mobility Disability,Male,Mild,PH031400000,20130,602,996,4204,14328
Region III (Central Luzon),BULACAN,PH030000000,PH0301400000,Mobility Disability,Male,Moderate,PH031400000,4603,264,325,1125,2889
Region III (Central Luzon),BULACAN,PH030000000,PH0301400000,Mobility Disability,Male,Severe,PH031400000,1943,295,215,342,1091
Region III (Central Luzon),BULACAN,PH030000000,PH0301400000,Self-Care Disability,Both Sexes,All,PH031400000,18989,2913,1861,2701,11514
Region III (Central Luzon),BULACAN,PH030000000,PH0301400000,Self-Care Disability,Both Sexes,Mild,PH031400000,11012,1501,1023,1671,6817
Region III (Central Luzon),BULACAN,PH030000000,PH0301400000,Self-Care Disability,Both Sexes,Moderate,PH031400000,3658,541,373,527,2217
Region III (Central Luzon),BULACAN,PH030000000,PH0301400000,Self-Care Disability,Both Sexes,Severe,PH031400000,4319,871,465,503,2480
Region III (Central Luzon),BULACAN,PH030000000,PH0301400000,Self-Care Disability,Female,All,PH031400000,10304,1266,842,1263,6933
Region III (Central Luzon),BULACAN,PH030000000,PH0301400000,Self-Care Disability,Female,Mild,PH031400000,6019,660,471,806,4082
Region III (Central Luzon),BULACAN,PH030000000,PH0301400000,Self-Care Disability,Female,Moderate,PH031400000,1980,234,166,230,1350
Region III (Central Luzon),BULACAN,PH030000000,PH0301400000,Self-Care Disability,Female,Severe,PH031400000,2305,372,205,227,1501
Region III (Central Luzon),BULACAN,PH030000000,PH0301400000,Self-Care Disability,Male,All,PH031400000,8685,1647,1019,1438,4581
Region III (Central Luzon),BULACAN,PH030000000,PH0301400000,Self-Care Disability,Male,Mild,PH031400000,4993,841,552,865,2735
Region III (Central Luzon),BULACAN,PH030000000,PH0301400000,Self-Care Disability,Male,Moderate,PH031400000,1678,307,207,297,867
Region III (Central Luzon),BULACAN,PH030000000,PH0301400000,Self-Care Disability,Male,Severe,PH031400000,2014,499,260,276,979
Region III (Central Luzon),BULACAN,PH030000000,PH0301400000,Visual Disability,Both Sexes,All,PH031400000,300259,15556,32025,104821,147857
Region III (Central Luzon),BULACAN,PH030000000,PH0301400000,Visual Disability,Both Sexes,Mild,PH031400000,280526,13916,29706,100287,136617
Region III (Central Luzon),BULACAN,PH030000000,PH0301400000,Visual Disability,Both Sexes,Moderate,PH031400000,17493,1305,1967,4025,10196
Region III (Central Luzon),BULACAN,PH030000000,PH0301400000,Visual Disability,Both Sexes,Severe,PH031400000,2240,335,352,509,1044
Region III (Central Luzon),BULACAN,PH030000000,PH0301400000,Visual Disability,Female,All,PH031400000,174817,9166,20371,59458,85822
Region III (Central Luzon),BULACAN,PH030000000,PH0301400000,Visual Disability,Female,Mild,PH031400000,163228,8284,19038,56955,78951
Region III (Central Luzon),BULACAN,PH030000000,PH0301400000,Visual Disability,Female,Moderate,PH031400000,10363,705,1158,2256,6244
Region III (Central Luzon),BULACAN,PH030000000,PH0301400000,Visual Disability,Female,Severe,PH031400000,1226,177,175,247,627
Region III (Central Luzon),BULACAN,PH030000000,PH0301400000,Visual Disability,Male,All,PH031400000,125442,6390,11654,45363,62035
Region III (Central Luzon),BULACAN,PH030000000,PH0301400000,Visual Disability,Male,Mild,PH031400000,117298,5632,10668,43332,57666
Region III (Central Luzon),BULACAN,PH030000000,PH0301400000,Visual Disability,Male,Moderate,PH031400000,7130,600,809,1769,3952
Region III (Central Luzon),BULACAN,PH030000000,PH0301400000,Visual Disability,Male,Severe,PH031400000,1014,158,177,262,417
Region III (Central Luzon),NUEVA ECIJA,PH030000000,PH0304900000,Cognitive Disability,Both Sexes,All,PH034900000,23399,1134,1671,4254,16340
Region III (Central Luzon),NUEVA ECIJA,PH030000000,PH0304900000,Cognitive Disability,Both Sexes,Mild,PH034900000,19553,635,1168,3608,14142
Region III (Central Luzon),NUEVA ECIJA,PH030000000,PH0304900000,Cognitive Disability,Both Sexes,Moderate,PH034900000,2790,278,318,434,1760
Region III (Central Luzon),NUEVA ECIJA,PH030000000,PH0304900000,Cognitive Disability,Both Sexes,Severe,PH034900000,1056,221,185,212,438
Region III (Central Luzon),NUEVA ECIJA,PH030000000,PH0304900000,Cognitive Disability,Female,All,PH034900000,14266,497,871,2477,10421
Region III (Central Luzon),NUEVA ECIJA,PH030000000,PH0304900000,Cognitive Disability,Female,Mild,PH034900000,12119,290,675,2168,8986
Region III (Central Luzon),NUEVA ECIJA,PH030000000,PH0304900000,Cognitive Disability,Female,Moderate,PH034900000,1584,115,129,206,1134
Region III (Central Luzon),NUEVA ECIJA,PH030000000,PH0304900000,Cognitive Disability,Female,Severe,PH034900000,563,92,67,103,301
Region III (Central Luzon),NUEVA ECIJA,PH030000000,PH0304900000,Cognitive Disability,Male,All,PH034900000,9133,637,800,1777,5919
Region III (Central Luzon),NUEVA ECIJA,PH030000000,PH0304900000,Cognitive Disability,Male,Mild,PH034900000,7434,345,493,1440,5156
Region III (Central Luzon),NUEVA ECIJA,PH030000000,PH0304900000,Cognitive Disability,Male,Moderate,PH034900000,1206,163,189,228,626
Region III (Central Luzon),NUEVA ECIJA,PH030000000,PH0304900000,Cognitive Disability,Male,Severe,PH034900000,493,129,118,109,137
Region III (Central Luzon),NUEVA ECIJA,PH030000000,PH0304900000,Communication Disability,Both Sexes,All,PH034900000,13429,2139,2031,2489,6770
Region III (Central Luzon),NUEVA ECIJA,PH030000000,PH0304900000,Communication Disability,Both Sexes,Mild,PH034900000,8030,932,869,1309,4920
Region III (Central Luzon),NUEVA ECIJA,PH030000000,PH0304900000,Communication Disability,Both Sexes,Moderate,PH034900000,2902,545,593,591,1173
Region III (Central Luzon),NUEVA ECIJA,PH030000000,PH0304900000,Communication Disability,Both Sexes,Severe,PH034900000,2497,662,569,589,677
Region III (Central Luzon),NUEVA ECIJA,PH030000000,PH0304900000,Communication Disability,Female,All,PH034900000,6950,952,872,1120,4006
Region III (Central Luzon),NUEVA ECIJA,PH030000000,PH0304900000,Communication Disability,Female,Mild,PH034900000,4159,403,338,502,2916
Region III (Central Luzon),NUEVA ECIJA,PH030000000,PH0304900000,Communication Disability,Female,Moderate,PH034900000,1509,240,273,317,679
Region III (Central Luzon),NUEVA ECIJA,PH030000000,PH0304900000,Communication Disability,Female,Severe,PH034900000,1282,309,261,301,411
Region III (Central Luzon),NUEVA ECIJA,PH030000000,PH0304900000,Communication Disability,Male,All,PH034900000,6479,1187,1159,1369,2764
Region III (Central Luzon),NUEVA ECIJA,PH030000000,PH0304900000,Communication Disability,Male,Mild,PH034900000,3871,529,531,807,2004
Region III (Central Luzon),NUEVA ECIJA,PH030000000,PH0304900000,Communication Disability,Male,Moderate,PH034900000,1393,305,320,274,494
Region III (Central Luzon),NUEVA ECIJA,PH030000000,PH0304900000,Communication Disability,Male,Severe,PH034900000,1215,353,308,288,266
Region III (Central Luzon),NUEVA ECIJA,PH030000000,PH0304900000,Hearing Disability,Both Sexes,All,PH034900000,45316,1347,2015,6985,34969
Region III (Central Luzon),NUEVA ECIJA,PH030000000,PH0304900000,Hearing Disability,Both Sexes,Mild,PH034900000,40058,936,1540,6294,31288
Region III (Central Luzon),NUEVA ECIJA,PH030000000,PH0304900000,Hearing Disability,Both Sexes,Moderate,PH034900000,4133,209,221,409,3294
Region III (Central Luzon),NUEVA ECIJA,PH030000000,PH0304900000,Hearing Disability,Both Sexes,Severe,PH034900000,1125,202,254,282,387
Region III (Central Luzon),NUEVA ECIJA,PH030000000,PH0304900000,Hearing Disability,Female,All,PH034900000,25376,653,1001,3610,20112
Region III (Central Luzon),NUEVA ECIJA,PH030000000,PH0304900000,Hearing Disability,Female,Mild,PH034900000,22521,463,811,3300,17947
Region III (Central Luzon),NUEVA ECIJA,PH030000000,PH0304900000,Hearing Disability,Female,Moderate,PH034900000,2323,98,94,188,1943
Region III (Central Luzon),NUEVA ECIJA,PH030000000,PH0304900000,Hearing Disability,Female,Severe,PH034900000,532,92,96,122,222
Region III (Central Luzon),NUEVA ECIJA,PH030000000,PH0304900000,Hearing Disability,Male,All,PH034900000,19940,694,1014,3375,14857
Region III (Central Luzon),NUEVA ECIJA,PH030000000,PH0304900000,Hearing Disability,Male,Mild,PH034900000,17537,473,729,2994,13341
Region III (Central Luzon),NUEVA ECIJA,PH030000000,PH0304900000,Hearing Disability,Male,Moderate,PH034900000,1810,111,127,221,1351
Region III (Central Luzon),NUEVA ECIJA,PH030000000,PH0304900000,Hearing Disability,Male,Severe,PH034900000,593,110,158,160,165
Region III (Central Luzon),NUEVA ECIJA,PH030000000,PH0304900000,Mobility Disability,Both Sexes,All,PH034900000,46433,1222,1746,7053,36412
Region III (Central Luzon),NUEVA ECIJA,PH030000000,PH0304900000,Mobility Disability,Both Sexes,Mild,PH034900000,37068,638,1129,5639,29662
Region III (Central Luzon),NUEVA ECIJA,PH030000000,PH0304900000,Mobility Disability,Both Sexes,Moderate,PH034900000,6607,248,353,1011,4995
Region III (Central Luzon),NUEVA ECIJA,PH030000000,PH0304900000,Mobility Disability,Both Sexes,Severe,PH034900000,2758,336,264,403,1755
Region III (Central Luzon),NUEVA ECIJA,PH030000000,PH0304900000,Mobility Disability,Female,All,PH034900000,26218,521,680,3063,21954
Region III (Central Luzon),NUEVA ECIJA,PH030000000,PH0304900000,Mobility Disability,Female,Mild,PH034900000,21213,274,447,2540,17952
Region III (Central Luzon),NUEVA ECIJA,PH030000000,PH0304900000,Mobility Disability,Female,Moderate,PH034900000,3518,112,124,360,2922
Region III (Central Luzon),NUEVA ECIJA,PH030000000,PH0304900000,Mobility Disability,Female,Severe,PH034900000,1487,135,109,163,1080
Region III (Central Luzon),NUEVA ECIJA,PH030000000,PH0304900000,Mobility Disability,Male,All,PH034900000,20215,701,1066,3990,14458
Region III (Central Luzon),NUEVA ECIJA,PH030000000,PH0304900000,Mobility Disability,Male,Mild,PH034900000,15855,364,682,3099,11710
Region III (Central Luzon),NUEVA ECIJA,PH030000000,PH0304900000,Mobility Disability,Male,Moderate,PH034900000,3089,136,229,651,2073
Region III (Central Luzon),NUEVA ECIJA,PH030000000,PH0304900000,Mobility Disability,Male,Severe,PH034900000,1271,201,155,240,675
Region III (Central Luzon),NUEVA ECIJA,PH030000000,PH0304900000,Self-Care Disability,Both Sexes,All,PH034900000,14477,1935,1235,1907,9400
Region III (Central Luzon),NUEVA ECIJA,PH030000000,PH0304900000,Self-Care Disability,Both Sexes,Mild,PH034900000,8902,1144,673,1154,5931
Region III (Central Luzon),NUEVA ECIJA,PH030000000,PH0304900000,Self-Care Disability,Both Sexes,Moderate,PH034900000,2721,334,273,366,1748
Region III (Central Luzon),NUEVA ECIJA,PH030000000,PH0304900000,Self-Care Disability,Both Sexes,Severe,PH034900000,2854,457,289,387,1721
Region III (Central Luzon),NUEVA ECIJA,PH030000000,PH0304900000,Self-Care Disability,Female,All,PH034900000,7919,843,510,859,5707
Region III (Central Luzon),NUEVA ECIJA,PH030000000,PH0304900000,Self-Care Disability,Female,Mild,PH034900000,4907,510,282,524,3591
Region III (Central Luzon),NUEVA ECIJA,PH030000000,PH0304900000,Self-Care Disability,Female,Moderate,PH034900000,1478,160,109,161,1048
Region III (Central Luzon),NUEVA ECIJA,PH030000000,PH0304900000,Self-Care Disability,Female,Severe,PH034900000,1534,173,119,174,1068
Region III (Central Luzon),NUEVA ECIJA,PH030000000,PH0304900000,Self-Care Disability,Male,All,PH034900000,6558,1092,725,1048,3693
Region III (Central Luzon),NUEVA ECIJA,PH030000000,PH0304900000,Self-Care Disability,Male,Mild,PH034900000,3995,634,391,630,2340
Region III (Central Luzon),NUEVA ECIJA,PH030000000,PH0304900000,Self-Care Disability,Male,Moderate,PH034900000,1243,174,164,205,700
Region III (Central Luzon),NUEVA ECIJA,PH030000000,PH0304900000,Self-Care Disability,Male,Severe,PH034900000,1320,284,170,213,653
Region III (Central Luzon),NUEVA ECIJA,PH030000000,PH0304900000,Visual Disability,Both Sexes,All,PH034900000,210017,5466,13228,71773,119550
Region III (Central Luzon),NUEVA ECIJA,PH030000000,PH0304900000,Visual Disability,Both Sexes,Mild,PH034900000,198451,4842,12417,69548,111644
Region III (Central Luzon),NUEVA ECIJA,PH030000000,PH0304900000,Visual Disability,Both Sexes,Moderate,PH034900000,9982,424,582,1935,7041
Region III (Central Luzon),NUEVA ECIJA,PH030000000,PH0304900000,Visual Disability,Both Sexes,Severe,PH034900000,1584,200,229,290,865
Region III (Central Luzon),NUEVA ECIJA,PH030000000,PH0304900000,Visual Disability,Female,All,PH034900000,119680,3232,8342,39603,68503
Region III (Central Luzon),NUEVA ECIJA,PH030000000,PH0304900000,Visual Disability,Female,Mild,PH034900000,113012,2926,7915,38489,63682
Region III (Central Luzon),NUEVA ECIJA,PH030000000,PH0304900000,Visual Disability,Female,Moderate,PH034900000,5785,206,317,973,4289
Region III (Central Luzon),NUEVA ECIJA,PH030000000,PH0304900000,Visual Disability,Female,Severe,PH034900000,883,100,110,141,532
Region III (Central Luzon),NUEVA ECIJA,PH030000000,PH0304900000,Visual Disability,Male,All,PH034900000,90337,2234,4886,32170,51047
Region III (Central Luzon),NUEVA ECIJA,PH030000000,PH0304900000,Visual Disability,Male,Mild,PH034900000,85439,1916,4502,31059,47962
Region III (Central Luzon),NUEVA ECIJA,PH030000000,PH0304900000,Visual Disability,Male,Moderate,PH034900000,4197,218,265,962,2752
Region III (Central Luzon),NUEVA ECIJA,PH030000000,PH0304900000,Visual Disability,Male,Severe,PH034900000,701,100,119,149,333
Region III (Central Luzon),PAMPANGA,PH030000000,PH0305400000,Cognitive Disability,Both Sexes,All,PH035400000,16006,1029,1253,2700,11024
Region III (Central Luzon),PAMPANGA,PH030000000,PH0305400000,Cognitive Disability,Both Sexes,Mild,PH035400000,13310,673,897,2298,9442
Region III (Central Luzon),PAMPANGA,PH030000000,PH0305400000,Cognitive Disability,Both Sexes,Moderate,PH035400000,1874,205,213,262,1194
Region III (Central Luzon),PAMPANGA,PH030000000,PH0305400000,Cognitive Disability,Both Sexes,Severe,PH035400000,822,151,143,140,388
Region III (Central Luzon),PAMPANGA,PH030000000,PH0305400000,Cognitive Disability,Female,All,PH035400000,9570,475,645,1566,6884
Region III (Central Luzon),PAMPANGA,PH030000000,PH0305400000,Cognitive Disability,Female,Mild,PH035400000,8056,315,485,1387,5869
Region III (Central Luzon),PAMPANGA,PH030000000,PH0305400000,Cognitive Disability,Female,Moderate,PH035400000,1082,85,96,123,778
Region III (Central Luzon),PAMPANGA,PH030000000,PH0305400000,Cognitive Disability,Female,Severe,PH035400000,432,75,64,56,237
Region III (Central Luzon),PAMPANGA,PH030000000,PH0305400000,Cognitive Disability,Male,All,PH035400000,6436,554,608,1134,4140
Region III (Central Luzon),PAMPANGA,PH030000000,PH0305400000,Cognitive Disability,Male,Mild,PH035400000,5254,358,412,911,3573
Region III (Central Luzon),PAMPANGA,PH030000000,PH0305400000,Cognitive Disability,Male,Moderate,PH035400000,792,120,117,139,416
Region III (Central Luzon),PAMPANGA,PH030000000,PH0305400000,Cognitive Disability,Male,Severe,PH035400000,390,76,79,84,151
Region III (Central Luzon),PAMPANGA,PH030000000,PH0305400000,Communication Disability,Both Sexes,All,PH035400000,11842,2191,2117,2411,5123
Region III (Central Luzon),PAMPANGA,PH030000000,PH0305400000,Communication Disability,Both Sexes,Mild,PH035400000,6858,929,922,1330,3677
Region III (Central Luzon),PAMPANGA,PH030000000,PH0305400000,Communication Disability,Both Sexes,Moderate,PH035400000,2459,578,546,531,804
Region III (Central Luzon),PAMPANGA,PH030000000,PH0305400000,Communication Disability,Both Sexes,Severe,PH035400000,2525,684,649,550,642
Region III (Central Luzon),PAMPANGA,PH030000000,PH0305400000,Communication Disability,Female,All,PH035400000,6019,977,981,1102,2959
Region III (Central Luzon),PAMPANGA,PH030000000,PH0305400000,Communication Disability,Female,Mild,PH035400000,3317,401,348,479,2089
Region III (Central Luzon),PAMPANGA,PH030000000,PH0305400000,Communication Disability,Female,Moderate,PH035400000,1335,248,290,317,480
Region III (Central Luzon),PAMPANGA,PH030000000,PH0305400000,Communication Disability,Female,Severe,PH035400000,1367,328,343,306,390
Region III (Central Luzon),PAMPANGA,PH030000000,PH0305400000,Communication Disability,Male,All,PH035400000,5823,1214,1136,1309,2164
Region III (Central Luzon),PAMPANGA,PH030000000,PH0305400000,Communication Disability,Male,Mild,PH035400000,3541,528,574,851,1588
Region III (Central Luzon),PAMPANGA,PH030000000,PH0305400000,Communication Disability,Male,Moderate,PH035400000,1124,330,256,214,324
Region III (Central Luzon),PAMPANGA,PH030000000,PH0305400000,Communication Disability,Male,Severe,PH035400000,1158,356,306,244,252
Region III (Central Luzon),PAMPANGA,PH030000000,PH0305400000,Hearing Disability,Both Sexes,All,PH035400000,26330,1145,1496,3884,19805
Region III (Central Luzon),PAMPANGA,PH030000000,PH0305400000,Hearing Disability,Both Sexes,Mild,PH035400000,23070,792,1110,3367,17801
Region III (Central Luzon),PAMPANGA,PH030000000,PH0305400000,Hearing Disability,Both Sexes,Moderate,PH035400000,2363,184,193,309,1677
Region III (Central Luzon),PAMPANGA,PH030000000,PH0305400000,Hearing Disability,Both Sexes,Severe,PH035400000,897,169,193,208,327
Region III (Central Luzon),PAMPANGA,PH030000000,PH0305400000,Hearing Disability,Female,All,PH035400000,14814,509,742,2022,11541
Region III (Central Luzon),PAMPANGA,PH030000000,PH0305400000,Hearing Disability,Female,Mild,PH035400000,13027,344,556,1781,10346
Region III (Central Luzon),PAMPANGA,PH030000000,PH0305400000,Hearing Disability,Female,Moderate,PH035400000,1340,81,97,150,1012
Region III (Central Luzon),PAMPANGA,PH030000000,PH0305400000,Hearing Disability,Female,Severe,PH035400000,447,84,89,91,183
Region III (Central Luzon),PAMPANGA,PH030000000,PH0305400000,Hearing Disability,Male,All,PH035400000,11516,636,754,1862,8264
Region III (Central Luzon),PAMPANGA,PH030000000,PH0305400000,Hearing Disability,Male,Mild,PH035400000,10043,448,554,1586,7455
Region III (Central Luzon),PAMPANGA,PH030000000,PH0305400000,Hearing Disability,Male,Moderate,PH035400000,1023,103,96,159,665
Region III (Central Luzon),PAMPANGA,PH030000000,PH0305400000,Hearing Disability,Male,Severe,PH035400000,450,85,104,117,144
Region III (Central Luzon),PAMPANGA,PH030000000,PH0305400000,Mobility Disability,Both Sexes,All,PH035400000,32149,992,1344,4924,24889
Region III (Central Luzon),PAMPANGA,PH030000000,PH0305400000,Mobility Disability,Both Sexes,Mild,PH035400000,25499,512,912,3911,20164
Region III (Central Luzon),PAMPANGA,PH030000000,PH0305400000,Mobility Disability,Both Sexes,Moderate,PH035400000,4293,209,223,676,3185
Region III (Central Luzon),PAMPANGA,PH030000000,PH0305400000,Mobility Disability,Both Sexes,Severe,PH035400000,2357,271,209,337,1540
Region III (Central Luzon),PAMPANGA,PH030000000,PH0305400000,Mobility Disability,Female,All,PH035400000,17835,484,590,2108,14653
Region III (Central Luzon),PAMPANGA,PH030000000,PH0305400000,Mobility Disability,Female,Mild,PH035400000,14290,245,398,1727,11920
Region III (Central Luzon),PAMPANGA,PH030000000,PH0305400000,Mobility Disability,Female,Moderate,PH035400000,2249,104,97,258,1790
Region III (Central Luzon),PAMPANGA,PH030000000,PH0305400000,Mobility Disability,Female,Severe,PH035400000,1296,135,95,123,943
Region III (Central Luzon),PAMPANGA,PH030000000,PH0305400000,Mobility Disability,Male,All,PH035400000,14314,508,754,2816,10236
Region III (Central Luzon),PAMPANGA,PH030000000,PH0305400000,Mobility Disability,Male,Mild,PH035400000,11209,267,514,2184,8244
Region III (Central Luzon),PAMPANGA,PH030000000,PH0305400000,Mobility Disability,Male,Moderate,PH035400000,2044,105,126,418,1395
Region III (Central Luzon),PAMPANGA,PH030000000,PH0305400000,Mobility Disability,Male,Severe,PH035400000,1061,136,114,214,597
Region III (Central Luzon),PAMPANGA,PH030000000,PH0305400000,Self-Care Disability,Both Sexes,All,PH035400000,10790,1360,875,1344,7211
Region III (Central Luzon),PAMPANGA,PH030000000,PH0305400000,Self-Care Disability,Both Sexes,Mild,PH035400000,6619,764,463,789,4603
Region III (Central Luzon),PAMPANGA,PH030000000,PH0305400000,Self-Care Disability,Both Sexes,Moderate,PH035400000,1828,226,168,268,1166
Region III (Central Luzon),PAMPANGA,PH030000000,PH0305400000,Self-Care Disability,Both Sexes,Severe,PH035400000,2343,370,244,287,1442
Region III (Central Luzon),PAMPANGA,PH030000000,PH0305400000,Self-Care Disability,Female,All,PH035400000,5938,609,405,589,4335
Region III (Central Luzon),PAMPANGA,PH030000000,PH0305400000,Self-Care Disability,Female,Mild,PH035400000,3654,343,211,361,2739
Region III (Central Luzon),PAMPANGA,PH030000000,PH0305400000,Self-Care Disability,Female,Moderate,PH035400000,998,106,79,109,704
Region III (Central Luzon),PAMPANGA,PH030000000,PH0305400000,Self-Care Disability,Female,Severe,PH035400000,1286,160,115,119,892
Region III (Central Luzon),PAMPANGA,PH030000000,PH0305400000,Self-Care Disability,Male,All,PH035400000,4852,751,470,755,2876
Region III (Central Luzon),PAMPANGA,PH030000000,PH0305400000,Self-Care Disability,Male,Mild,PH035400000,2965,421,252,428,1864
Region III (Central Luzon),PAMPANGA,PH030000000,PH0305400000,Self-Care Disability,Male,Moderate,PH035400000,830,120,89,159,462
Region III (Central Luzon),PAMPANGA,PH030000000,PH0305400000,Self-Care Disability,Male,Severe,PH035400000,1057,210,129,168,550
Region III (Central Luzon),PAMPANGA,PH030000000,PH0305400000,Visual Disability,Both Sexes,All,PH035400000,129675,6301,13279,40568,69527
Region III (Central Luzon),PAMPANGA,PH030000000,PH0305400000,Visual Disability,Both Sexes,Mild,PH035400000,121219,5281,12062,38694,65182
Region III (Central Luzon),PAMPANGA,PH030000000,PH0305400000,Visual Disability,Both Sexes,Moderate,PH035400000,5836,404,573,1217,3642
Region III (Central Luzon),PAMPANGA,PH030000000,PH0305400000,Visual Disability,Both Sexes,Severe,PH035400000,2620,616,644,657,703
Region III (Central Luzon),PAMPANGA,PH030000000,PH0305400000,Visual Disability,Female,All,PH035400000,74401,3588,8328,22656,39829
Region III (Central Luzon),PAMPANGA,PH030000000,PH0305400000,Visual Disability,Female,Mild,PH035400000,69674,3052,7669,21698,37255
Region III (Central Luzon),PAMPANGA,PH030000000,PH0305400000,Visual Disability,Female,Moderate,PH035400000,3371,222,339,640,2170
Region III (Central Luzon),PAMPANGA,PH030000000,PH0305400000,Visual Disability,Female,Severe,PH035400000,1356,314,320,318,404
Region III (Central Luzon),PAMPANGA,PH030000000,PH0305400000,Visual Disability,Male,All,PH035400000,55274,2713,4951,17912,29698
Region III (Central Luzon),PAMPANGA,PH030000000,PH0305400000,Visual Disability,Male,Mild,PH035400000,51545,2229,4393,16996,27927
Region III (Central Luzon),PAMPANGA,PH030000000,PH0305400000,Visual Disability,Male,Moderate,PH035400000,2465,182,234,577,1472
Region III (Central Luzon),PAMPANGA,PH030000000,PH0305400000,Visual Disability,Male,Severe,PH035400000,1264,302,324,339,299
Region III (Central Luzon),TARLAC,PH030000000,PH0306900000,Cognitive Disability,Both Sexes,All,PH036900000,12217,581,833,1999,8804
Region III (Central Luzon),TARLAC,PH030000000,PH0306900000,Cognitive Disability,Both Sexes,Mild,PH036900000,10074,306,586,1700,7482
Region III (Central Luzon),TARLAC,PH030000000,PH0306900000,Cognitive Disability,Both Sexes,Moderate,PH036900000,1496,138,136,198,1024
Region III (Central Luzon),TARLAC,PH030000000,PH0306900000,Cognitive Disability,Both Sexes,Severe,PH036900000,647,137,111,101,298
Region III (Central Luzon),TARLAC,PH030000000,PH0306900000,Cognitive Disability,Female,All,PH036900000,7516,253,443,1152,5668
Region III (Central Luzon),TARLAC,PH030000000,PH0306900000,Cognitive Disability,Female,Mild,PH036900000,6248,133,334,1004,4777
Region III (Central Luzon),TARLAC,PH030000000,PH0306900000,Cognitive Disability,Female,Moderate,PH036900000,918,58,63,107,690
Region III (Central Luzon),TARLAC,PH030000000,PH0306900000,Cognitive Disability,Female,Severe,PH036900000,350,62,46,41,201
Region III (Central Luzon),TARLAC,PH030000000,PH0306900000,Cognitive Disability,Male,All,PH036900000,4701,328,390,847,3136
Region III (Central Luzon),TARLAC,PH030000000,PH0306900000,Cognitive Disability,Male,Mild,PH036900000,3826,173,252,696,2705
Region III (Central Luzon),TARLAC,PH030000000,PH0306900000,Cognitive Disability,Male,Moderate,PH036900000,578,80,73,91,334
Region III (Central Luzon),TARLAC,PH030000000,PH0306900000,Cognitive Disability,Male,Severe,PH036900000,297,75,65,60,97
Region III (Central Luzon),TARLAC,PH030000000,PH0306900000,Communication Disability,Both Sexes,All,PH036900000,7050,1236,1201,1400,3213
Region III (Central Luzon),TARLAC,PH030000000,PH0306900000,Communication Disability,Both Sexes,Mild,PH036900000,3904,452,493,760,2199
Region III (Central Luzon),TARLAC,PH030000000,PH0306900000,Communication Disability,Both Sexes,Moderate,PH036900000,1529,309,299,339,582
Region III (Central Luzon),TARLAC,PH030000000,PH0306900000,Communication Disability,Both Sexes,Severe,PH036900000,1617,475,409,301,432
Region III (Central Luzon),TARLAC,PH030000000,PH0306900000,Communication Disability,Female,All,PH036900000,3655,574,551,607,1923
Region III (Central Luzon),TARLAC,PH030000000,PH0306900000,Communication Disability,Female,Mild,PH036900000,1942,198,194,242,1308
Region III (Central Luzon),TARLAC,PH030000000,PH0306900000,Communication Disability,Female,Moderate,PH036900000,835,136,156,193,350
Region III (Central Luzon),TARLAC,PH030000000,PH0306900000,Communication Disability,Female,Severe,PH036900000,878,240,201,172,265
Region III (Central Luzon),TARLAC,PH030000000,PH0306900000,Communication Disability,Male,All,PH036900000,3395,662,650,793,1290
Region III (Central Luzon),TARLAC,PH030000000,PH0306900000,Communication Disability,Male,Mild,PH036900000,1962,254,299,518,891
Region III (Central Luzon),TARLAC,PH030000000,PH0306900000,Communication Disability,Male,Moderate,PH036900000,694,173,143,146,232
Region III (Central Luzon),TARLAC,PH030000000,PH0306900000,Communication Disability,Male,Severe,PH036900000,739,235,208,129,167
Region III (Central Luzon),TARLAC,PH030000000,PH0306900000,Hearing Disability,Both Sexes,All,PH036900000,21850,746,1010,3038,17056
Region III (Central Luzon),TARLAC,PH030000000,PH0306900000,Hearing Disability,Both Sexes,Mild,PH036900000,18863,480,731,2675,14977
Region III (Central Luzon),TARLAC,PH030000000,PH0306900000,Hearing Disability,Both Sexes,Moderate,PH036900000,2312,126,127,224,1835
Region III (Central Luzon),TARLAC,PH030000000,PH0306900000,Hearing Disability,Both Sexes,Severe,PH036900000,675,140,152,139,244
Region III (Central Luzon),TARLAC,PH030000000,PH0306900000,Hearing Disability,Female,All,PH036900000,12182,359,500,1535,9788
Region III (Central Luzon),TARLAC,PH030000000,PH0306900000,Hearing Disability,Female,Mild,PH036900000,10512,230,369,1369,8544
Region III (Central Luzon),TARLAC,PH030000000,PH0306900000,Hearing Disability,Female,Moderate,PH036900000,1309,55,54,101,1099
Region III (Central Luzon),TARLAC,PH030000000,PH0306900000,Hearing Disability,Female,Severe,PH036900000,361,74,77,65,145
Region III (Central Luzon),TARLAC,PH030000000,PH0306900000,Hearing Disability,Male,All,PH036900000,9668,387,510,1503,7268
Region III (Central Luzon),TARLAC,PH030000000,PH0306900000,Hearing Disability,Male,Mild,PH036900000,8351,250,362,1306,6433
Region III (Central Luzon),TARLAC,PH030000000,PH0306900000,Hearing Disability,Male,Moderate,PH036900000,1003,71,73,123,736
Region III (Central Luzon),TARLAC,PH030000000,PH0306900000,Hearing Disability,Male,Severe,PH036900000,314,66,75,74,99
Region III (Central Luzon),TARLAC,PH030000000,PH0306900000,Mobility Disability,Both Sexes,All,PH036900000,23051,737,928,3396,17990
Region III (Central Luzon),TARLAC,PH030000000,PH0306900000,Mobility Disability,Both Sexes,Mild,PH036900000,18074,342,584,2666,14482
Region III (Central Luzon),TARLAC,PH030000000,PH0306900000,Mobility Disability,Both Sexes,Moderate,PH036900000,3157,148,167,503,2339
Region III (Central Luzon),TARLAC,PH030000000,PH0306900000,Mobility Disability,Both Sexes,Severe,PH036900000,1820,247,177,227,1169
Region III (Central Luzon),TARLAC,PH030000000,PH0306900000,Mobility Disability,Female,All,PH036900000,12723,335,369,1408,10611
Region III (Central Luzon),TARLAC,PH030000000,PH0306900000,Mobility Disability,Female,Mild,PH036900000,10092,162,238,1122,8570
Region III (Central Luzon),TARLAC,PH030000000,PH0306900000,Mobility Disability,Female,Moderate,PH036900000,1631,51,58,192,1330
Region III (Central Luzon),TARLAC,PH030000000,PH0306900000,Mobility Disability,Female,Severe,PH036900000,1000,122,73,94,711
Region III (Central Luzon),TARLAC,PH030000000,PH0306900000,Mobility Disability,Male,All,PH036900000,10328,402,559,1988,7379
Region III (Central Luzon),TARLAC,PH030000000,PH0306900000,Mobility Disability,Male,Mild,PH036900000,7982,180,346,1544,5912
Region III (Central Luzon),TARLAC,PH030000000,PH0306900000,Mobility Disability,Male,Moderate,PH036900000,1526,97,109,311,1009
Region III (Central Luzon),TARLAC,PH030000000,PH0306900000,Mobility Disability,Male,Severe,PH036900000,820,125,104,133,458
Region III (Central Luzon),TARLAC,PH030000000,PH0306900000,Self-Care Disability,Both Sexes,All,PH036900000,7529,842,655,911,5121
Region III (Central Luzon),TARLAC,PH030000000,PH0306900000,Self-Care Disability,Both Sexes,Mild,PH036900000,4168,363,306,468,3031
Region III (Central Luzon),TARLAC,PH030000000,PH0306900000,Self-Care Disability,Both Sexes,Moderate,PH036900000,1464,168,138,205,953
Region III (Central Luzon),TARLAC,PH030000000,PH0306900000,Self-Care Disability,Both Sexes,Severe,PH036900000,1897,311,211,238,1137
Region III (Central Luzon),TARLAC,PH030000000,PH0306900000,Self-Care Disability,Female,All,PH036900000,4162,376,285,402,3099
Region III (Central Luzon),TARLAC,PH030000000,PH0306900000,Self-Care Disability,Female,Mild,PH036900000,2351,171,133,202,1845
Region III (Central Luzon),TARLAC,PH030000000,PH0306900000,Self-Care Disability,Female,Moderate,PH036900000,774,66,62,90,556
Region III (Central Luzon),TARLAC,PH030000000,PH0306900000,Self-Care Disability,Female,Severe,PH036900000,1037,139,90,110,698
Region III (Central Luzon),TARLAC,PH030000000,PH0306900000,Self-Care Disability,Male,All,PH036900000,3367,466,370,509,2022
Region III (Central Luzon),TARLAC,PH030000000,PH0306900000,Self-Care Disability,Male,Mild,PH036900000,1817,192,173,266,1186
Region III (Central Luzon),TARLAC,PH030000000,PH0306900000,Self-Care Disability,Male,Moderate,PH036900000,690,102,76,115,397
Region III (Central Luzon),TARLAC,PH030000000,PH0306900000,Self-Care Disability,Male,Severe,PH036900000,860,172,121,128,439
Region III (Central Luzon),TARLAC,PH030000000,PH0306900000,Visual Disability,Both Sexes,All,PH036900000,78602,2464,5175,24503,46460
Region III (Central Luzon),TARLAC,PH030000000,PH0306900000,Visual Disability,Both Sexes,Mild,PH036900000,73137,1956,4644,23482,43055
Region III (Central Luzon),TARLAC,PH030000000,PH0306900000,Visual Disability,Both Sexes,Moderate,PH036900000,3960,197,256,683,2824
Region III (Central Luzon),TARLAC,PH030000000,PH0306900000,Visual Disability,Both Sexes,Severe,PH036900000,1505,311,275,338,581
Region III (Central Luzon),TARLAC,PH030000000,PH0306900000,Visual Disability,Female,All,PH036900000,44965,1392,3281,13527,26765
Region III (Central Luzon),TARLAC,PH030000000,PH0306900000,Visual Disability,Female,Mild,PH036900000,41794,1147,2985,12986,24676
Region III (Central Luzon),TARLAC,PH030000000,PH0306900000,Visual Disability,Female,Moderate,PH036900000,2325,97,152,363,1713
Region III (Central Luzon),TARLAC,PH030000000,PH0306900000,Visual Disability,Female,Severe,PH036900000,846,148,144,178,376
Region III (Central Luzon),TARLAC,PH030000000,PH0306900000,Visual Disability,Male,All,PH036900000,33637,1072,1894,10976,19695
Region III (Central Luzon),TARLAC,PH030000000,PH0306900000,Visual Disability,Male,Mild,PH036900000,31343,809,1659,10496,18379
Region III (Central Luzon),TARLAC,PH030000000,PH0306900000,Visual Disability,Male,Moderate,PH036900000,1635,100,104,320,1111
Region III (Central Luzon),TARLAC,PH030000000,PH0306900000,Visual Disability,Male,Severe,PH036900000,659,163,131,160,205
Region III (Central Luzon),ZAMBALES,PH030000000,PH0307100000,Cognitive Disability,Both Sexes,All,PH037100000,10959,595,868,2196,7300
Region III (Central Luzon),ZAMBALES,PH030000000,PH0307100000,Cognitive Disability,Both Sexes,Mild,PH037100000,9105,311,629,1918,6247
Region III (Central Luzon),ZAMBALES,PH030000000,PH0307100000,Cognitive Disability,Both Sexes,Moderate,PH037100000,1367,158,163,195,851
Region III (Central Luzon),ZAMBALES,PH030000000,PH0307100000,Cognitive Disability,Both Sexes,Severe,PH037100000,487,126,76,83,202
Region III (Central Luzon),ZAMBALES,PH030000000,PH0307100000,Cognitive Disability,Female,All,PH037100000,6679,242,485,1360,4592
Region III (Central Luzon),ZAMBALES,PH030000000,PH0307100000,Cognitive Disability,Female,Mild,PH037100000,5630,131,367,1227,3905
Region III (Central Luzon),ZAMBALES,PH030000000,PH0307100000,Cognitive Disability,Female,Moderate,PH037100000,782,53,84,99,546
Region III (Central Luzon),ZAMBALES,PH030000000,PH0307100000,Cognitive Disability,Female,Severe,PH037100000,267,58,34,34,141
Region III (Central Luzon),ZAMBALES,PH030000000,PH0307100000,Cognitive Disability,Male,All,PH037100000,4280,353,383,836,2708
Region III (Central Luzon),ZAMBALES,PH030000000,PH0307100000,Cognitive Disability,Male,Mild,PH037100000,3475,180,262,691,2342
Region III (Central Luzon),ZAMBALES,PH030000000,PH0307100000,Cognitive Disability,Male,Moderate,PH037100000,585,105,79,96,305
Region III (Central Luzon),ZAMBALES,PH030000000,PH0307100000,Cognitive Disability,Male,Severe,PH037100000,220,68,42,49,61
Region III (Central Luzon),ZAMBALES,PH030000000,PH0307100000,Communication Disability,Both Sexes,All,PH037100000,4851,836,712,816,2487
Region III (Central Luzon),ZAMBALES,PH030000000,PH0307100000,Communication Disability,Both Sexes,Mild,PH037100000,2659,314,288,393,1664
Region III (Central Luzon),ZAMBALES,PH030000000,PH0307100000,Communication Disability,Both Sexes,Moderate,PH037100000,1199,234,206,228,531
Region III (Central Luzon),ZAMBALES,PH030000000,PH0307100000,Communication Disability,Both Sexes,Severe,PH037100000,993,288,218,195,292
Region III (Central Luzon),ZAMBALES,PH030000000,PH0307100000,Communication Disability,Female,All,PH037100000,2426,329,299,387,1411
Region III (Central Luzon),ZAMBALES,PH030000000,PH0307100000,Communication Disability,Female,Mild,PH037100000,1355,134,114,168,939
Region III (Central Luzon),ZAMBALES,PH030000000,PH0307100000,Communication Disability,Female,Moderate,PH037100000,593,83,88,126,296
Region III (Central Luzon),ZAMBALES,PH030000000,PH0307100000,Communication Disability,Female,Severe,PH037100000,478,112,97,93,176
Region III (Central Luzon),ZAMBALES,PH030000000,PH0307100000,Communication Disability,Male,All,PH037100000,2425,507,413,429,1076
Region III (Central Luzon),ZAMBALES,PH030000000,PH0307100000,Communication Disability,Male,Mild,PH037100000,1304,180,174,225,725
Region III (Central Luzon),ZAMBALES,PH030000000,PH0307100000,Communication Disability,Male,Moderate,PH037100000,606,151,118,102,235
Region III (Central Luzon),ZAMBALES,PH030000000,PH0307100000,Communication Disability,Male,Severe,PH037100000,515,176,121,102,116
Region III (Central Luzon),ZAMBALES,PH030000000,PH0307100000,Hearing Disability,Both Sexes,All,PH037100000,18047,707,997,2697,13646
Region III (Central Luzon),ZAMBALES,PH030000000,PH0307100000,Hearing Disability,Both Sexes,Mild,PH037100000,15486,476,744,2378,11888
Region III (Central Luzon),ZAMBALES,PH030000000,PH0307100000,Hearing Disability,Both Sexes,Moderate,PH037100000,1981,116,109,210,1546
Region III (Central Luzon),ZAMBALES,PH030000000,PH0307100000,Hearing Disability,Both Sexes,Severe,PH037100000,580,115,144,109,212
Region III (Central Luzon),ZAMBALES,PH030000000,PH0307100000,Hearing Disability,Female,All,PH037100000,9945,323,484,1307,7831
Region III (Central Luzon),ZAMBALES,PH030000000,PH0307100000,Hearing Disability,Female,Mild,PH037100000,8558,220,361,1166,6811
Region III (Central Luzon),ZAMBALES,PH030000000,PH0307100000,Hearing Disability,Female,Moderate,PH037100000,1088,47,57,88,896
Region III (Central Luzon),ZAMBALES,PH030000000,PH0307100000,Hearing Disability,Female,Severe,PH037100000,299,56,66,53,124
Region III (Central Luzon),ZAMBALES,PH030000000,PH0307100000,Hearing Disability,Male,All,PH037100000,8102,384,513,1390,5815
Region III (Central Luzon),ZAMBALES,PH030000000,PH0307100000,Hearing Disability,Male,Mild,PH037100000,6928,256,383,1212,5077
Region III (Central Luzon),ZAMBALES,PH030000000,PH0307100000,Hearing Disability,Male,Moderate,PH037100000,893,69,52,122,650
Region III (Central Luzon),ZAMBALES,PH030000000,PH0307100000,Hearing Disability,Male,Severe,PH037100000,281,59,78,56,88
Region III (Central Luzon),ZAMBALES,PH030000000,PH0307100000,Mobility Disability,Both Sexes,All,PH037100000,18721,593,740,2867,14521
Region III (Central Luzon),ZAMBALES,PH030000000,PH0307100000,Mobility Disability,Both Sexes,Mild,PH037100000,14260,279,475,2190,11316
Region III (Central Luzon),ZAMBALES,PH030000000,PH0307100000,Mobility Disability,Both Sexes,Moderate,PH037100000,2963,124,148,471,2220
Region III (Central Luzon),ZAMBALES,PH030000000,PH0307100000,Mobility Disability,Both Sexes,Severe,PH037100000,1498,190,117,206,985
Region III (Central Luzon),ZAMBALES,PH030000000,PH0307100000,Mobility Disability,Female,All,PH037100000,10514,244,293,1258,8719
Region III (Central Luzon),ZAMBALES,PH030000000,PH0307100000,Mobility Disability,Female,Mild,PH037100000,8151,119,188,965,6879
Region III (Central Luzon),ZAMBALES,PH030000000,PH0307100000,Mobility Disability,Female,Moderate,PH037100000,1548,42,60,192,1254
Region III (Central Luzon),ZAMBALES,PH030000000,PH0307100000,Mobility Disability,Female,Severe,PH037100000,815,83,45,101,586
Region III (Central Luzon),ZAMBALES,PH030000000,PH0307100000,Mobility Disability,Male,All,PH037100000,8207,349,447,1609,5802
Region III (Central Luzon),ZAMBALES,PH030000000,PH0307100000,Mobility Disability,Male,Mild,PH037100000,6109,160,287,1225,4437
Region III (Central Luzon),ZAMBALES,PH030000000,PH0307100000,Mobility Disability,Male,Moderate,PH037100000,1415,82,88,279,966
Region III (Central Luzon),ZAMBALES,PH030000000,PH0307100000,Mobility Disability,Male,Severe,PH037100000,683,107,72,105,399
Region III (Central Luzon),ZAMBALES,PH030000000,PH0307100000,Self-Care Disability,Both Sexes,All,PH037100000,5387,645,402,620,3720
Region III (Central Luzon),ZAMBALES,PH030000000,PH0307100000,Self-Care Disability,Both Sexes,Mild,PH037100000,2670,241,165,292,1972
Region III (Central Luzon),ZAMBALES,PH030000000,PH0307100000,Self-Care Disability,Both Sexes,Moderate,PH037100000,1150,138,97,154,761
Region III (Central Luzon),ZAMBALES,PH030000000,PH0307100000,Self-Care Disability,Both Sexes,Severe,PH037100000,1567,266,140,174,987
Region III (Central Luzon),ZAMBALES,PH030000000,PH0307100000,Self-Care Disability,Female,All,PH037100000,2934,256,171,290,2217
Region III (Central Luzon),ZAMBALES,PH030000000,PH0307100000,Self-Care Disability,Female,Mild,PH037100000,1460,97,65,123,1175
Region III (Central Luzon),ZAMBALES,PH030000000,PH0307100000,Self-Care Disability,Female,Moderate,PH037100000,612,48,45,81,438
Region III (Central Luzon),ZAMBALES,PH030000000,PH0307100000,Self-Care Disability,Female,Severe,PH037100000,862,111,61,86,604
Region III (Central Luzon),ZAMBALES,PH030000000,PH0307100000,Self-Care Disability,Male,All,PH037100000,2453,389,231,330,1503
Region III (Central Luzon),ZAMBALES,PH030000000,PH0307100000,Self-Care Disability,Male,Mild,PH037100000,1210,144,100,169,797
Region III (Central Luzon),ZAMBALES,PH030000000,PH0307100000,Self-Care Disability,Male,Moderate,PH037100000,538,90,52,73,323
Region III (Central Luzon),ZAMBALES,PH030000000,PH0307100000,Self-Care Disability,Male,Severe,PH037100000,705,155,79,88,383
Region III (Central Luzon),ZAMBALES,PH030000000,PH0307100000,Visual Disability,Both Sexes,All,PH037100000,76348,2393,6267,25560,42128
Region III (Central Luzon),ZAMBALES,PH030000000,PH0307100000,Visual Disability,Both Sexes,Mild,PH037100000,71203,2128,5892,24579,38604
Region III (Central Luzon),ZAMBALES,PH030000000,PH0307100000,Visual Disability,Both Sexes,Moderate,PH037100000,4590,203,324,890,3173
Region III (Central Luzon),ZAMBALES,PH030000000,PH0307100000,Visual Disability,Both Sexes,Severe,PH037100000,555,62,51,91,351
Region III (Central Luzon),ZAMBALES,PH030000000,PH0307100000,Visual Disability,Female,All,PH037100000,44298,1436,3970,14351,24541
Region III (Central Luzon),ZAMBALES,PH030000000,PH0307100000,Visual Disability,Female,Mild,PH037100000,41336,1303,3789,13817,22427
Region III (Central Luzon),ZAMBALES,PH030000000,PH0307100000,Visual Disability,Female,Moderate,PH037100000,2678,103,164,486,1925
Region III (Central Luzon),ZAMBALES,PH030000000,PH0307100000,Visual Disability,Female,Severe,PH037100000,284,30,17,48,189
Region III (Central Luzon),ZAMBALES,PH030000000,PH0307100000,Visual Disability,Male,All,PH037100000,32050,957,2297,11209,17587
Region III (Central Luzon),ZAMBALES,PH030000000,PH0307100000,Visual Disability,Male,Mild,PH037100000,29867,825,2103,10762,16177
Region III (Central Luzon),ZAMBALES,PH030000000,PH0307100000,Visual Disability,Male,Moderate,PH037100000,1912,100,160,404,1248
Region III (Central Luzon),ZAMBALES,PH030000000,PH0307100000,Visual Disability,Male,Severe,PH037100000,271,32,34,43,162
Region IV-A (CALABARZON),BATANGAS,PH040000000,PH0401000000,Cognitive Disability,Both Sexes,All,PH041000000,20136,1459,1635,3253,13789
Region IV-A (CALABARZON),BATANGAS,PH040000000,PH0401000000,Cognitive Disability,Both Sexes,Mild,PH041000000,15699,796,1015,2627,11261
Region IV-A (CALABARZON),BATANGAS,PH040000000,PH0401000000,Cognitive Disability,Both Sexes,Moderate,PH041000000,3025,391,376,423,1835
Region IV-A (CALABARZON),BATANGAS,PH040000000,PH0401000000,Cognitive Disability,Both Sexes,Severe,PH041000000,1412,272,244,203,693
Region IV-A (CALABARZON),BATANGAS,PH040000000,PH0401000000,Cognitive Disability,Female,All,PH041000000,12228,570,800,1898,8960
Region IV-A (CALABARZON),BATANGAS,PH040000000,PH0401000000,Cognitive Disability,Female,Mild,PH041000000,9761,329,532,1616,7284
Region IV-A (CALABARZON),BATANGAS,PH040000000,PH0401000000,Cognitive Disability,Female,Moderate,PH041000000,1726,147,157,198,1224
Region IV-A (CALABARZON),BATANGAS,PH040000000,PH0401000000,Cognitive Disability,Female,Severe,PH041000000,741,94,111,84,452
Region IV-A (CALABARZON),BATANGAS,PH040000000,PH0401000000,Cognitive Disability,Male,All,PH041000000,7908,889,835,1355,4829
Region IV-A (CALABARZON),BATANGAS,PH040000000,PH0401000000,Cognitive Disability,Male,Mild,PH041000000,5938,467,483,1011,3977
Region IV-A (CALABARZON),BATANGAS,PH040000000,PH0401000000,Cognitive Disability,Male,Moderate,PH041000000,1299,244,219,225,611
Region IV-A (CALABARZON),BATANGAS,PH040000000,PH0401000000,Cognitive Disability,Male,Severe,PH041000000,671,178,133,119,241
Region IV-A (CALABARZON),BATANGAS,PH040000000,PH0401000000,Communication Disability,Both Sexes,All,PH041000000,13844,2379,2222,2544,6699
Region IV-A (CALABARZON),BATANGAS,PH040000000,PH0401000000,Communication Disability,Both Sexes,Mild,PH041000000,7847,1029,985,1387,4446
Region IV-A (CALABARZON),BATANGAS,PH040000000,PH0401000000,Communication Disability,Both Sexes,Moderate,PH041000000,3110,621,596,583,1310
Region IV-A (CALABARZON),BATANGAS,PH040000000,PH0401000000,Communication Disability,Both Sexes,Severe,PH041000000,2887,729,641,574,943
Region IV-A (CALABARZON),BATANGAS,PH040000000,PH0401000000,Communication Disability,Female,All,PH041000000,7010,968,974,1112,3956
Region IV-A (CALABARZON),BATANGAS,PH040000000,PH0401000000,Communication Disability,Female,Mild,PH041000000,3983,431,405,528,2619
Region IV-A (CALABARZON),BATANGAS,PH040000000,PH0401000000,Communication Disability,Female,Moderate,PH041000000,1582,238,257,307,780
Region IV-A (CALABARZON),BATANGAS,PH040000000,PH0401000000,Communication Disability,Female,Severe,PH041000000,1445,299,312,277,557
Region IV-A (CALABARZON),BATANGAS,PH040000000,PH0401000000,Communication Disability,Male,All,PH041000000,6834,1411,1248,1432,2743
Region IV-A (CALABARZON),BATANGAS,PH040000000,PH0401000000,Communication Disability,Male,Mild,PH041000000,3864,598,580,859,1827
Region IV-A (CALABARZON),BATANGAS,PH040000000,PH0401000000,Communication Disability,Male,Moderate,PH041000000,1528,383,339,276,530
Region IV-A (CALABARZON),BATANGAS,PH040000000,PH0401000000,Communication Disability,Male,Severe,PH041000000,1442,430,329,297,386
Region IV-A (CALABARZON),BATANGAS,PH040000000,PH0401000000,Hearing Disability,Both Sexes,All,PH041000000,36229,1415,1796,4991,28027
Region IV-A (CALABARZON),BATANGAS,PH040000000,PH0401000000,Hearing Disability,Both Sexes,Mild,PH041000000,31107,925,1274,4314,24594
Region IV-A (CALABARZON),BATANGAS,PH040000000,PH0401000000,Hearing Disability,Both Sexes,Moderate,PH041000000,3901,238,261,409,2993
Region IV-A (CALABARZON),BATANGAS,PH040000000,PH0401000000,Hearing Disability,Both Sexes,Severe,PH041000000,1221,252,261,268,440
Region IV-A (CALABARZON),BATANGAS,PH040000000,PH0401000000,Hearing Disability,Female,All,PH041000000,20432,605,835,2462,16530
Region IV-A (CALABARZON),BATANGAS,PH040000000,PH0401000000,Hearing Disability,Female,Mild,PH041000000,17643,393,602,2140,14508
Region IV-A (CALABARZON),BATANGAS,PH040000000,PH0401000000,Hearing Disability,Female,Moderate,PH041000000,2193,102,106,202,1783
Region IV-A (CALABARZON),BATANGAS,PH040000000,PH0401000000,Hearing Disability,Female,Severe,PH041000000,596,110,127,120,239
Region IV-A (CALABARZON),BATANGAS,PH040000000,PH0401000000,Hearing Disability,Male,All,PH041000000,15797,810,961,2529,11497
Region IV-A (CALABARZON),BATANGAS,PH040000000,PH0401000000,Hearing Disability,Male,Mild,PH041000000,13464,532,672,2174,10086
Region IV-A (CALABARZON),BATANGAS,PH040000000,PH0401000000,Hearing Disability,Male,Moderate,PH041000000,1708,136,155,207,1210
Region IV-A (CALABARZON),BATANGAS,PH040000000,PH0401000000,Hearing Disability,Male,Severe,PH041000000,625,142,134,148,201
Region IV-A (CALABARZON),BATANGAS,PH040000000,PH0401000000,Mobility Disability,Both Sexes,All,PH041000000,45785,1516,1881,6730,35658
Region IV-A (CALABARZON),BATANGAS,PH040000000,PH0401000000,Mobility Disability,Both Sexes,Mild,PH041000000,35098,796,1223,5160,27919
Region IV-A (CALABARZON),BATANGAS,PH040000000,PH0401000000,Mobility Disability,Both Sexes,Moderate,PH041000000,7095,320,372,1101,5302
Region IV-A (CALABARZON),BATANGAS,PH040000000,PH0401000000,Mobility Disability,Both Sexes,Severe,PH041000000,3592,400,286,469,2437
Region IV-A (CALABARZON),BATANGAS,PH040000000,PH0401000000,Mobility Disability,Female,All,PH041000000,25496,629,723,2645,21499
Region IV-A (CALABARZON),BATANGAS,PH040000000,PH0401000000,Mobility Disability,Female,Mild,PH041000000,19804,354,480,2049,16921
Region IV-A (CALABARZON),BATANGAS,PH040000000,PH0401000000,Mobility Disability,Female,Moderate,PH041000000,3736,118,127,411,3080
Region IV-A (CALABARZON),BATANGAS,PH040000000,PH0401000000,Mobility Disability,Female,Severe,PH041000000,1956,157,116,185,1498
Region IV-A (CALABARZON),BATANGAS,PH040000000,PH0401000000,Mobility Disability,Male,All,PH041000000,20289,887,1158,4085,14159
Region IV-A (CALABARZON),BATANGAS,PH040000000,PH0401000000,Mobility Disability,Male,Mild,PH041000000,15294,442,743,3111,10998
Region IV-A (CALABARZON),BATANGAS,PH040000000,PH0401000000,Mobility Disability,Male,Moderate,PH041000000,3359,202,245,690,2222
Region IV-A (CALABARZON),BATANGAS,PH040000000,PH0401000000,Mobility Disability,Male,Severe,PH041000000,1636,243,170,284,939
Region IV-A (CALABARZON),BATANGAS,PH040000000,PH0401000000,Self-Care Disability,Both Sexes,All,PH041000000,14938,2445,1219,1764,9510
Region IV-A (CALABARZON),BATANGAS,PH040000000,PH0401000000,Self-Care Disability,Both Sexes,Mild,PH041000000,7543,961,530,947,5105
Region IV-A (CALABARZON),BATANGAS,PH040000000,PH0401000000,Self-Care Disability,Both Sexes,Moderate,PH041000000,3170,630,309,380,1851
Region IV-A (CALABARZON),BATANGAS,PH040000000,PH0401000000,Self-Care Disability,Both Sexes,Severe,PH041000000,4225,854,380,437,2554
Region IV-A (CALABARZON),BATANGAS,PH040000000,PH0401000000,Self-Care Disability,Female,All,PH041000000,8055,988,534,722,5811
Region IV-A (CALABARZON),BATANGAS,PH040000000,PH0401000000,Self-Care Disability,Female,Mild,PH041000000,4193,405,239,381,3168
Region IV-A (CALABARZON),BATANGAS,PH040000000,PH0401000000,Self-Care Disability,Female,Moderate,PH041000000,1631,261,134,153,1083
Region IV-A (CALABARZON),BATANGAS,PH040000000,PH0401000000,Self-Care Disability,Female,Severe,PH041000000,2231,322,161,188,1560
Region IV-A (CALABARZON),BATANGAS,PH040000000,PH0401000000,Self-Care Disability,Male,All,PH041000000,6883,1457,685,1042,3699
Region IV-A (CALABARZON),BATANGAS,PH040000000,PH0401000000,Self-Care Disability,Male,Mild,PH041000000,3350,556,291,566,1937
Region IV-A (CALABARZON),BATANGAS,PH040000000,PH0401000000,Self-Care Disability,Male,Moderate,PH041000000,1539,369,175,227,768
Region IV-A (CALABARZON),BATANGAS,PH040000000,PH0401000000,Self-Care Disability,Male,Severe,PH041000000,1994,532,219,249,994
Region IV-A (CALABARZON),BATANGAS,PH040000000,PH0401000000,Visual Disability,Both Sexes,All,PH041000000,158855,6637,14083,48936,89199
Region IV-A (CALABARZON),BATANGAS,PH040000000,PH0401000000,Visual Disability,Both Sexes,Mild,PH041000000,147975,5908,13116,46762,82189
Region IV-A (CALABARZON),BATANGAS,PH040000000,PH0401000000,Visual Disability,Both Sexes,Moderate,PH041000000,9217,560,790,1825,6042
Region IV-A (CALABARZON),BATANGAS,PH040000000,PH0401000000,Visual Disability,Both Sexes,Severe,PH041000000,1663,169,177,349,968
Region IV-A (CALABARZON),BATANGAS,PH040000000,PH0401000000,Visual Disability,Female,All,PH041000000,95824,3928,9225,28486,54185
Region IV-A (CALABARZON),BATANGAS,PH040000000,PH0401000000,Visual Disability,Female,Mild,PH041000000,89218,3558,8651,27314,49695
Region IV-A (CALABARZON),BATANGAS,PH040000000,PH0401000000,Visual Disability,Female,Moderate,PH041000000,5670,299,472,1003,3896
Region IV-A (CALABARZON),BATANGAS,PH040000000,PH0401000000,Visual Disability,Female,Severe,PH041000000,936,71,102,169,594
Region IV-A (CALABARZON),BATANGAS,PH040000000,PH0401000000,Visual Disability,Male,All,PH041000000,63031,2709,4858,20450,35014
Region IV-A (CALABARZON),BATANGAS,PH040000000,PH0401000000,Visual Disability,Male,Mild,PH041000000,58757,2350,4465,19448,32494
Region IV-A (CALABARZON),BATANGAS,PH040000000,PH0401000000,Visual Disability,Male,Moderate,PH041000000,3547,261,318,822,2146
Region IV-A (CALABARZON),BATANGAS,PH040000000,PH0401000000,Visual Disability,Male,Severe,PH041000000,727,98,75,180,374
Region IV-A (CALABARZON),CAVITE,PH040000000,PH0402100000,Cognitive Disability,Both Sexes,All,PH042100000,26012,2295,2458,5004,16255
Region IV-A (CALABARZON),CAVITE,PH040000000,PH0402100000,Cognitive Disability,Both Sexes,Mild,PH042100000,20477,1249,1677,4066,13485
Region IV-A (CALABARZON),CAVITE,PH040000000,PH0402100000,Cognitive Disability,Both Sexes,Moderate,PH042100000,3869,623,498,640,2108
Region IV-A (CALABARZON),CAVITE,PH040000000,PH0402100000,Cognitive Disability,Both Sexes,Severe,PH042100000,1666,423,283,298,662
Region IV-A (CALABARZON),CAVITE,PH040000000,PH0402100000,Cognitive Disability,Female,All,PH042100000,15661,934,1304,2848,10575
Region IV-A (CALABARZON),CAVITE,PH040000000,PH0402100000,Cognitive Disability,Female,Mild,PH042100000,12632,524,958,2426,8724
Region IV-A (CALABARZON),CAVITE,PH040000000,PH0402100000,Cognitive Disability,Female,Moderate,PH042100000,2170,242,215,294,1419
Region IV-A (CALABARZON),CAVITE,PH040000000,PH0402100000,Cognitive Disability,Female,Severe,PH042100000,859,168,131,128,432
Region IV-A (CALABARZON),CAVITE,PH040000000,PH0402100000,Cognitive Disability,Male,All,PH042100000,10351,1361,1154,2156,5680
Region IV-A (CALABARZON),CAVITE,PH040000000,PH0402100000,Cognitive Disability,Male,Mild,PH042100000,7845,725,719,1640,4761
Region IV-A (CALABARZON),CAVITE,PH040000000,PH0402100000,Cognitive Disability,Male,Moderate,PH042100000,1699,381,283,346,689
Region IV-A (CALABARZON),CAVITE,PH040000000,PH0402100000,Cognitive Disability,Male,Severe,PH042100000,807,255,152,170,230
Region IV-A (CALABARZON),CAVITE,PH040000000,PH0402100000,Communication Disability,Both Sexes,All,PH042100000,18778,3856,3340,3919,7663
Region IV-A (CALABARZON),CAVITE,PH040000000,PH0402100000,Communication Disability,Both Sexes,Mild,PH042100000,10149,1534,1476,2011,5128
Region IV-A (CALABARZON),CAVITE,PH040000000,PH0402100000,Communication Disability,Both Sexes,Moderate,PH042100000,4379,1059,896,972,1452
Region IV-A (CALABARZON),CAVITE,PH040000000,PH0402100000,Communication Disability,Both Sexes,Severe,PH042100000,4250,1263,968,936,1083
Region IV-A (CALABARZON),CAVITE,PH040000000,PH0402100000,Communication Disability,Female,All,PH042100000,9334,1542,1552,1725,4515
Region IV-A (CALABARZON),CAVITE,PH040000000,PH0402100000,Communication Disability,Female,Mild,PH042100000,5020,616,614,755,3035
Region IV-A (CALABARZON),CAVITE,PH040000000,PH0402100000,Communication Disability,Female,Moderate,PH042100000,2180,404,432,498,846
Region IV-A (CALABARZON),CAVITE,PH040000000,PH0402100000,Communication Disability,Female,Severe,PH042100000,2134,522,506,472,634
Region IV-A (CALABARZON),CAVITE,PH040000000,PH0402100000,Communication Disability,Male,All,PH042100000,9444,2314,1788,2194,3148
Region IV-A (CALABARZON),CAVITE,PH040000000,PH0402100000,Communication Disability,Male,Mild,PH042100000,5129,918,862,1256,2093
Region IV-A (CALABARZON),CAVITE,PH040000000,PH0402100000,Communication Disability,Male,Moderate,PH042100000,2199,655,464,474,606
Region IV-A (CALABARZON),CAVITE,PH040000000,PH0402100000,Communication Disability,Male,Severe,PH042100000,2116,741,462,464,449
Region IV-A (CALABARZON),CAVITE,PH040000000,PH0402100000,Hearing Disability,Both Sexes,All,PH042100000,46899,2221,2929,7376,34373
Region IV-A (CALABARZON),CAVITE,PH040000000,PH0402100000,Hearing Disability,Both Sexes,Mild,PH042100000,40593,1461,2143,6289,30700
Region IV-A (CALABARZON),CAVITE,PH040000000,PH0402100000,Hearing Disability,Both Sexes,Moderate,PH042100000,4517,340,374,672,3131
Region IV-A (CALABARZON),CAVITE,PH040000000,PH0402100000,Hearing Disability,Both Sexes,Severe,PH042100000,1789,420,412,415,542
Region IV-A (CALABARZON),CAVITE,PH040000000,PH0402100000,Hearing Disability,Female,All,PH042100000,26531,980,1482,3739,20330
Region IV-A (CALABARZON),CAVITE,PH040000000,PH0402100000,Hearing Disability,Female,Mild,PH042100000,23066,670,1092,3233,18071
Region IV-A (CALABARZON),CAVITE,PH040000000,PH0402100000,Hearing Disability,Female,Moderate,PH042100000,2596,132,181,326,1957
Region IV-A (CALABARZON),CAVITE,PH040000000,PH0402100000,Hearing Disability,Female,Severe,PH042100000,869,178,209,180,302
Region IV-A (CALABARZON),CAVITE,PH040000000,PH0402100000,Hearing Disability,Male,All,PH042100000,20368,1241,1447,3637,14043
Region IV-A (CALABARZON),CAVITE,PH040000000,PH0402100000,Hearing Disability,Male,Mild,PH042100000,17527,791,1051,3056,12629
Region IV-A (CALABARZON),CAVITE,PH040000000,PH0402100000,Hearing Disability,Male,Moderate,PH042100000,1921,208,193,346,1174
Region IV-A (CALABARZON),CAVITE,PH040000000,PH0402100000,Hearing Disability,Male,Severe,PH042100000,920,242,203,235,240
Region IV-A (CALABARZON),CAVITE,PH040000000,PH0402100000,Mobility Disability,Both Sexes,All,PH042100000,52845,2112,2528,8915,39290
Region IV-A (CALABARZON),CAVITE,PH040000000,PH0402100000,Mobility Disability,Both Sexes,Mild,PH042100000,40533,1093,1617,6690,31133
Region IV-A (CALABARZON),CAVITE,PH040000000,PH0402100000,Mobility Disability,Both Sexes,Moderate,PH042100000,8312,442,552,1559,5759
Region IV-A (CALABARZON),CAVITE,PH040000000,PH0402100000,Mobility Disability,Both Sexes,Severe,PH042100000,4000,577,359,666,2398
Region IV-A (CALABARZON),CAVITE,PH040000000,PH0402100000,Mobility Disability,Female,All,PH042100000,29796,884,1094,3892,23926
Region IV-A (CALABARZON),CAVITE,PH040000000,PH0402100000,Mobility Disability,Female,Mild,PH042100000,23258,481,686,3020,19071
Region IV-A (CALABARZON),CAVITE,PH040000000,PH0402100000,Mobility Disability,Female,Moderate,PH042100000,4375,169,239,584,3383
Region IV-A (CALABARZON),CAVITE,PH040000000,PH0402100000,Mobility Disability,Female,Severe,PH042100000,2163,234,169,288,1472
Region IV-A (CALABARZON),CAVITE,PH040000000,PH0402100000,Mobility Disability,Male,All,PH042100000,23049,1228,1434,5023,15364
Region IV-A (CALABARZON),CAVITE,PH040000000,PH0402100000,Mobility Disability,Male,Mild,PH042100000,17275,612,931,3670,12062
Region IV-A (CALABARZON),CAVITE,PH040000000,PH0402100000,Mobility Disability,Male,Moderate,PH042100000,3937,273,313,975,2376
Region IV-A (CALABARZON),CAVITE,PH040000000,PH0402100000,Mobility Disability,Male,Severe,PH042100000,1837,343,190,378,926
Region IV-A (CALABARZON),CAVITE,PH040000000,PH0402100000,Self-Care Disability,Both Sexes,All,PH042100000,17645,2831,1659,2599,10556
Region IV-A (CALABARZON),CAVITE,PH040000000,PH0402100000,Self-Care Disability,Both Sexes,Mild,PH042100000,9740,1306,807,1398,6229
Region IV-A (CALABARZON),CAVITE,PH040000000,PH0402100000,Self-Care Disability,Both Sexes,Moderate,PH042100000,3693,607,411,578,2097
Region IV-A (CALABARZON),CAVITE,PH040000000,PH0402100000,Self-Care Disability,Both Sexes,Severe,PH042100000,4212,918,441,623,2230
Region IV-A (CALABARZON),CAVITE,PH040000000,PH0402100000,Self-Care Disability,Female,All,PH042100000,9595,1156,743,1171,6525
Region IV-A (CALABARZON),CAVITE,PH040000000,PH0402100000,Self-Care Disability,Female,Mild,PH042100000,5446,558,361,661,3866
Region IV-A (CALABARZON),CAVITE,PH040000000,PH0402100000,Self-Care Disability,Female,Moderate,PH042100000,1916,234,168,239,1275
Region IV-A (CALABARZON),CAVITE,PH040000000,PH0402100000,Self-Care Disability,Female,Severe,PH042100000,2233,364,214,271,1384
Region IV-A (CALABARZON),CAVITE,PH040000000,PH0402100000,Self-Care Disability,Male,All,PH042100000,8050,1675,916,1428,4031
Region IV-A (CALABARZON),CAVITE,PH040000000,PH0402100000,Self-Care Disability,Male,Mild,PH042100000,4294,748,446,737,2363
Region IV-A (CALABARZON),CAVITE,PH040000000,PH0402100000,Self-Care Disability,Male,Moderate,PH042100000,1777,373,243,339,822
Region IV-A (CALABARZON),CAVITE,PH040000000,PH0402100000,Self-Care Disability,Male,Severe,PH042100000,1979,554,227,352,846
Region IV-A (CALABARZON),CAVITE,PH040000000,PH0402100000,Visual Disability,Both Sexes,All,PH042100000,231358,13831,28003,76194,113330
Region IV-A (CALABARZON),CAVITE,PH040000000,PH0402100000,Visual Disability,Both Sexes,Mild,PH042100000,216770,12442,26256,72807,105265
Region IV-A (CALABARZON),CAVITE,PH040000000,PH0402100000,Visual Disability,Both Sexes,Moderate,PH042100000,12407,992,1385,2884,7146
Region IV-A (CALABARZON),CAVITE,PH040000000,PH0402100000,Visual Disability,Both Sexes,Severe,PH042100000,2181,397,362,503,919
Region IV-A (CALABARZON),CAVITE,PH040000000,PH0402100000,Visual Disability,Female,All,PH042100000,137001,7987,17457,43733,67824
Region IV-A (CALABARZON),CAVITE,PH040000000,PH0402100000,Visual Disability,Female,Mild,PH042100000,128364,7289,16446,41912,62717
Region IV-A (CALABARZON),CAVITE,PH040000000,PH0402100000,Visual Disability,Female,Moderate,PH042100000,7504,519,834,1602,4549
Region IV-A (CALABARZON),CAVITE,PH040000000,PH0402100000,Visual Disability,Female,Severe,PH042100000,1133,179,177,219,558
Region IV-A (CALABARZON),CAVITE,PH040000000,PH0402100000,Visual Disability,Male,All,PH042100000,94357,5844,10546,32461,45506
Region IV-A (CALABARZON),CAVITE,PH040000000,PH0402100000,Visual Disability,Male,Mild,PH042100000,88406,5153,9810,30895,42548
Region IV-A (CALABARZON),CAVITE,PH040000000,PH0402100000,Visual Disability,Male,Moderate,PH042100000,4903,473,551,1282,2597
Region IV-A (CALABARZON),CAVITE,PH040000000,PH0402100000,Visual Disability,Male,Severe,PH042100000,1048,218,185,284,361
Region IV-A (CALABARZON),LAGUNA,PH040000000,PH0403400000,Cognitive Disability,Both Sexes,All,PH043400000,24421,2038,2394,5006,14983
Region IV-A (CALABARZON),LAGUNA,PH040000000,PH0403400000,Cognitive Disability,Both Sexes,Mild,PH043400000,20378,1300,1804,4338,12936
Region IV-A (CALABARZON),LAGUNA,PH040000000,PH0403400000,Cognitive Disability,Both Sexes,Moderate,PH043400000,2862,438,372,446,1606
Region IV-A (CALABARZON),LAGUNA,PH040000000,PH0403400000,Cognitive Disability,Both Sexes,Severe,PH043400000,1181,300,218,222,441
Region IV-A (CALABARZON),LAGUNA,PH040000000,PH0403400000,Cognitive Disability,Female,All,PH043400000,14577,838,1273,2923,9543
Region IV-A (CALABARZON),LAGUNA,PH040000000,PH0403400000,Cognitive Disability,Female,Mild,PH043400000,12360,560,1019,2616,8165
Region IV-A (CALABARZON),LAGUNA,PH040000000,PH0403400000,Cognitive Disability,Female,Moderate,PH043400000,1627,160,153,214,1100
Region IV-A (CALABARZON),LAGUNA,PH040000000,PH0403400000,Cognitive Disability,Female,Severe,PH043400000,590,118,101,93,278
Region IV-A (CALABARZON),LAGUNA,PH040000000,PH0403400000,Cognitive Disability,Male,All,PH043400000,9844,1200,1121,2083,5440
Region IV-A (CALABARZON),LAGUNA,PH040000000,PH0403400000,Cognitive Disability,Male,Mild,PH043400000,8018,740,785,1722,4771
Region IV-A (CALABARZON),LAGUNA,PH040000000,PH0403400000,Cognitive Disability,Male,Moderate,PH043400000,1235,278,219,232,506
Region IV-A (CALABARZON),LAGUNA,PH040000000,PH0403400000,Cognitive Disability,Male,Severe,PH043400000,591,182,117,129,163
Region IV-A (CALABARZON),LAGUNA,PH040000000,PH0403400000,Communication Disability,Both Sexes,All,PH043400000,15373,3035,2775,3422,6141
Region IV-A (CALABARZON),LAGUNA,PH040000000,PH0403400000,Communication Disability,Both Sexes,Mild,PH043400000,9176,1508,1382,1957,4329
Region IV-A (CALABARZON),LAGUNA,PH040000000,PH0403400000,Communication Disability,Both Sexes,Moderate,PH043400000,3274,706,675,772,1121
Region IV-A (CALABARZON),LAGUNA,PH040000000,PH0403400000,Communication Disability,Both Sexes,Severe,PH043400000,2923,821,718,693,691
Region IV-A (CALABARZON),LAGUNA,PH040000000,PH0403400000,Communication Disability,Female,All,PH043400000,7762,1260,1294,1617,3591
Region IV-A (CALABARZON),LAGUNA,PH040000000,PH0403400000,Communication Disability,Female,Mild,PH043400000,4527,631,585,796,2515
Region IV-A (CALABARZON),LAGUNA,PH040000000,PH0403400000,Communication Disability,Female,Moderate,PH043400000,1720,283,341,452,644
Region IV-A (CALABARZON),LAGUNA,PH040000000,PH0403400000,Communication Disability,Female,Severe,PH043400000,1515,346,368,369,432
Region IV-A (CALABARZON),LAGUNA,PH040000000,PH0403400000,Communication Disability,Male,All,PH043400000,7611,1775,1481,1805,2550
Region IV-A (CALABARZON),LAGUNA,PH040000000,PH0403400000,Communication Disability,Male,Mild,PH043400000,4649,877,797,1161,1814
Region IV-A (CALABARZON),LAGUNA,PH040000000,PH0403400000,Communication Disability,Male,Moderate,PH043400000,1554,423,334,320,477
Region IV-A (CALABARZON),LAGUNA,PH040000000,PH0403400000,Communication Disability,Male,Severe,PH043400000,1408,475,350,324,259
Region IV-A (CALABARZON),LAGUNA,PH040000000,PH0403400000,Hearing Disability,Both Sexes,All,PH043400000,39119,1602,2294,6598,28625
Region IV-A (CALABARZON),LAGUNA,PH040000000,PH0403400000,Hearing Disability,Both Sexes,Mild,PH043400000,34343,1078,1690,5793,25782
Region IV-A (CALABARZON),LAGUNA,PH040000000,PH0403400000,Hearing Disability,Both Sexes,Moderate,PH043400000,3525,260,298,499,2468
Region IV-A (CALABARZON),LAGUNA,PH040000000,PH0403400000,Hearing Disability,Both Sexes,Severe,PH043400000,1251,264,306,306,375
Region IV-A (CALABARZON),LAGUNA,PH040000000,PH0403400000,Hearing Disability,Female,All,PH043400000,22119,718,1137,3345,16919
Region IV-A (CALABARZON),LAGUNA,PH040000000,PH0403400000,Hearing Disability,Female,Mild,PH043400000,19469,476,850,2943,15200
Region IV-A (CALABARZON),LAGUNA,PH040000000,PH0403400000,Hearing Disability,Female,Moderate,PH043400000,2011,118,151,243,1499
Region IV-A (CALABARZON),LAGUNA,PH040000000,PH0403400000,Hearing Disability,Female,Severe,PH043400000,639,124,136,159,220
Region IV-A (CALABARZON),LAGUNA,PH040000000,PH0403400000,Hearing Disability,Male,All,PH043400000,17000,884,1157,3253,11706
Region IV-A (CALABARZON),LAGUNA,PH040000000,PH0403400000,Hearing Disability,Male,Mild,PH043400000,14874,602,840,2850,10582
Region IV-A (CALABARZON),LAGUNA,PH040000000,PH0403400000,Hearing Disability,Male,Moderate,PH043400000,1514,142,147,256,969
Region IV-A (CALABARZON),LAGUNA,PH040000000,PH0403400000,Hearing Disability,Male,Severe,PH043400000,612,140,170,147,155
Region IV-A (CALABARZON),LAGUNA,PH040000000,PH0403400000,Mobility Disability,Both Sexes,All,PH043400000,43165,1924,2205,7314,31722
Region IV-A (CALABARZON),LAGUNA,PH040000000,PH0403400000,Mobility Disability,Both Sexes,Mild,PH043400000,33924,1168,1567,5699,25490
Region IV-A (CALABARZON),LAGUNA,PH040000000,PH0403400000,Mobility Disability,Both Sexes,Moderate,PH043400000,6292,308,366,1131,4487
Region IV-A (CALABARZON),LAGUNA,PH040000000,PH0403400000,Mobility Disability,Both Sexes,Severe,PH043400000,2949,448,272,484,1745
Region IV-A (CALABARZON),LAGUNA,PH040000000,PH0403400000,Mobility Disability,Female,All,PH043400000,23953,847,969,3140,18997
Region IV-A (CALABARZON),LAGUNA,PH040000000,PH0403400000,Mobility Disability,Female,Mild,PH043400000,19040,512,695,2512,15321
Region IV-A (CALABARZON),LAGUNA,PH040000000,PH0403400000,Mobility Disability,Female,Moderate,PH043400000,3306,138,149,414,2605
Region IV-A (CALABARZON),LAGUNA,PH040000000,PH0403400000,Mobility Disability,Female,Severe,PH043400000,1607,197,125,214,1071
Region IV-A (CALABARZON),LAGUNA,PH040000000,PH0403400000,Mobility Disability,Male,All,PH043400000,19212,1077,1236,4174,12725
Region IV-A (CALABARZON),LAGUNA,PH040000000,PH0403400000,Mobility Disability,Male,Mild,PH043400000,14884,656,872,3187,10169
Region IV-A (CALABARZON),LAGUNA,PH040000000,PH0403400000,Mobility Disability,Male,Moderate,PH043400000,2986,170,217,717,1882
Region IV-A (CALABARZON),LAGUNA,PH040000000,PH0403400000,Mobility Disability,Male,Severe,PH043400000,1342,251,147,270,674
Region IV-A (CALABARZON),LAGUNA,PH040000000,PH0403400000,Self-Care Disability,Both Sexes,All,PH043400000,15484,2799,1647,2421,8617
Region IV-A (CALABARZON),LAGUNA,PH040000000,PH0403400000,Self-Care Disability,Both Sexes,Mild,PH043400000,9569,1556,1045,1605,5363
Region IV-A (CALABARZON),LAGUNA,PH040000000,PH0403400000,Self-Care Disability,Both Sexes,Moderate,PH043400000,2752,502,265,392,1593
Region IV-A (CALABARZON),LAGUNA,PH040000000,PH0403400000,Self-Care Disability,Both Sexes,Severe,PH043400000,3163,741,337,424,1661
Region IV-A (CALABARZON),LAGUNA,PH040000000,PH0403400000,Self-Care Disability,Female,All,PH043400000,8372,1185,771,1156,5260
Region IV-A (CALABARZON),LAGUNA,PH040000000,PH0403400000,Self-Care Disability,Female,Mild,PH043400000,5215,673,494,776,3272
Region IV-A (CALABARZON),LAGUNA,PH040000000,PH0403400000,Self-Care Disability,Female,Moderate,PH043400000,1485,199,120,178,988
Region IV-A (CALABARZON),LAGUNA,PH040000000,PH0403400000,Self-Care Disability,Female,Severe,PH043400000,1672,313,157,202,1000
Region IV-A (CALABARZON),LAGUNA,PH040000000,PH0403400000,Self-Care Disability,Male,All,PH043400000,7112,1614,876,1265,3357
Region IV-A (CALABARZON),LAGUNA,PH040000000,PH0403400000,Self-Care Disability,Male,Mild,PH043400000,4354,883,551,829,2091
Region IV-A (CALABARZON),LAGUNA,PH040000000,PH0403400000,Self-Care Disability,Male,Moderate,PH043400000,1267,303,145,214,605
Region IV-A (CALABARZON),LAGUNA,PH040000000,PH0403400000,Self-Care Disability,Male,Severe,PH043400000,1491,428,180,222,661
Region IV-A (CALABARZON),LAGUNA,PH040000000,PH0403400000,Visual Disability,Both Sexes,All,PH043400000,185517,9231,20951,61160,94175
Region IV-A (CALABARZON),LAGUNA,PH040000000,PH0403400000,Visual Disability,Both Sexes,Mild,PH043400000,174834,8379,19743,58876,87836
Region IV-A (CALABARZON),LAGUNA,PH040000000,PH0403400000,Visual Disability,Both Sexes,Moderate,PH043400000,9104,638,980,1911,5575
Region IV-A (CALABARZON),LAGUNA,PH040000000,PH0403400000,Visual Disability,Both Sexes,Severe,PH043400000,1579,214,228,373,764
Region IV-A (CALABARZON),LAGUNA,PH040000000,PH0403400000,Visual Disability,Female,All,PH043400000,108921,5342,13061,34564,55954
Region IV-A (CALABARZON),LAGUNA,PH040000000,PH0403400000,Visual Disability,Female,Mild,PH043400000,102578,4906,12370,33309,51993
Region IV-A (CALABARZON),LAGUNA,PH040000000,PH0403400000,Visual Disability,Female,Moderate,PH043400000,5472,340,568,1072,3492
Region IV-A (CALABARZON),LAGUNA,PH040000000,PH0403400000,Visual Disability,Female,Severe,PH043400000,871,96,123,183,469
Region IV-A (CALABARZON),LAGUNA,PH040000000,PH0403400000,Visual Disability,Male,All,PH043400000,76596,3889,7890,26596,38221
Region IV-A (CALABARZON),LAGUNA,PH040000000,PH0403400000,Visual Disability,Male,Mild,PH043400000,72256,3473,7373,25567,35843
Region IV-A (CALABARZON),LAGUNA,PH040000000,PH0403400000,Visual Disability,Male,Moderate,PH043400000,3632,298,412,839,2083
Region IV-A (CALABARZON),LAGUNA,PH040000000,PH0403400000,Visual Disability,Male,Severe,PH043400000,708,118,105,190,295
Region IV-A (CALABARZON),QUEZON,PH040000000,PH0405600000,Cognitive Disability,Both Sexes,All,PH045600000,38206,1882,3380,9481,23463
Region IV-A (CALABARZON),QUEZON,PH040000000,PH0405600000,Cognitive Disability,Both Sexes,Mild,PH045600000,33069,1089,2707,8658,20615
Region IV-A (CALABARZON),QUEZON,PH040000000,PH0405600000,Cognitive Disability,Both Sexes,Moderate,PH045600000,3949,488,459,623,2379
Region IV-A (CALABARZON),QUEZON,PH040000000,PH0405600000,Cognitive Disability,Both Sexes,Severe,PH045600000,1188,305,214,200,469
Region IV-A (CALABARZON),QUEZON,PH040000000,PH0405600000,Cognitive Disability,Female,All,PH045600000,23259,864,2039,5839,14517
Region IV-A (CALABARZON),QUEZON,PH040000000,PH0405600000,Cognitive Disability,Female,Mild,PH045600000,20337,513,1745,5420,12659
Region IV-A (CALABARZON),QUEZON,PH040000000,PH0405600000,Cognitive Disability,Female,Moderate,PH045600000,2328,225,214,319,1570
Region IV-A (CALABARZON),QUEZON,PH040000000,PH0405600000,Cognitive Disability,Female,Severe,PH045600000,594,126,80,100,288
Region IV-A (CALABARZON),QUEZON,PH040000000,PH0405600000,Cognitive Disability,Male,All,PH045600000,14947,1018,1341,3642,8946
Region IV-A (CALABARZON),QUEZON,PH040000000,PH0405600000,Cognitive Disability,Male,Mild,PH045600000,12732,576,962,3238,7956
Region IV-A (CALABARZON),QUEZON,PH040000000,PH0405600000,Cognitive Disability,Male,Moderate,PH045600000,1621,263,245,304,809
Region IV-A (CALABARZON),QUEZON,PH040000000,PH0405600000,Cognitive Disability,Male,Severe,PH045600000,594,179,134,100,181
Region IV-A (CALABARZON),QUEZON,PH040000000,PH0405600000,Communication Disability,Both Sexes,All,PH045600000,14461,2859,2370,2659,6573
Region IV-A (CALABARZON),QUEZON,PH040000000,PH0405600000,Communication Disability,Both Sexes,Mild,PH045600000,8234,1207,1063,1459,4505
Region IV-A (CALABARZON),QUEZON,PH040000000,PH0405600000,Communication Disability,Both Sexes,Moderate,PH045600000,3564,826,677,704,1357
Region IV-A (CALABARZON),QUEZON,PH040000000,PH0405600000,Communication Disability,Both Sexes,Severe,PH045600000,2663,826,630,496,711
Region IV-A (CALABARZON),QUEZON,PH040000000,PH0405600000,Communication Disability,Female,All,PH045600000,7292,1231,1045,1210,3806
Region IV-A (CALABARZON),QUEZON,PH040000000,PH0405600000,Communication Disability,Female,Mild,PH045600000,4193,529,439,610,2615
Region IV-A (CALABARZON),QUEZON,PH040000000,PH0405600000,Communication Disability,Female,Moderate,PH045600000,1791,347,327,331,786
Region IV-A (CALABARZON),QUEZON,PH040000000,PH0405600000,Communication Disability,Female,Severe,PH045600000,1308,355,279,269,405
Region IV-A (CALABARZON),QUEZON,PH040000000,PH0405600000,Communication Disability,Male,All,PH045600000,7169,1628,1325,1449,2767
Region IV-A (CALABARZON),QUEZON,PH040000000,PH0405600000,Communication Disability,Male,Mild,PH045600000,4041,678,624,849,1890
Region IV-A (CALABARZON),QUEZON,PH040000000,PH0405600000,Communication Disability,Male,Moderate,PH045600000,1773,479,350,373,571
Region IV-A (CALABARZON),QUEZON,PH040000000,PH0405600000,Communication Disability,Male,Severe,PH045600000,1355,471,351,227,306
Region IV-A (CALABARZON),QUEZON,PH040000000,PH0405600000,Hearing Disability,Both Sexes,All,PH045600000,45468,1984,2550,7812,33122
Region IV-A (CALABARZON),QUEZON,PH040000000,PH0405600000,Hearing Disability,Both Sexes,Mild,PH045600000,39118,1353,1906,6932,28927
Region IV-A (CALABARZON),QUEZON,PH040000000,PH0405600000,Hearing Disability,Both Sexes,Moderate,PH045600000,4997,337,315,589,3756
Region IV-A (CALABARZON),QUEZON,PH040000000,PH0405600000,Hearing Disability,Both Sexes,Severe,PH045600000,1353,294,329,291,439
Region IV-A (CALABARZON),QUEZON,PH040000000,PH0405600000,Hearing Disability,Female,All,PH045600000,24347,921,1287,3804,18335
Region IV-A (CALABARZON),QUEZON,PH040000000,PH0405600000,Hearing Disability,Female,Mild,PH045600000,21047,625,974,3425,16023
Region IV-A (CALABARZON),QUEZON,PH040000000,PH0405600000,Hearing Disability,Female,Moderate,PH045600000,2640,170,151,252,2067
Region IV-A (CALABARZON),QUEZON,PH040000000,PH0405600000,Hearing Disability,Female,Severe,PH045600000,660,126,162,127,245
Region IV-A (CALABARZON),QUEZON,PH040000000,PH0405600000,Hearing Disability,Male,All,PH045600000,21121,1063,1263,4008,14787
Region IV-A (CALABARZON),QUEZON,PH040000000,PH0405600000,Hearing Disability,Male,Mild,PH045600000,18071,728,932,3507,12904
Region IV-A (CALABARZON),QUEZON,PH040000000,PH0405600000,Hearing Disability,Male,Moderate,PH045600000,2357,167,164,337,1689
Region IV-A (CALABARZON),QUEZON,PH040000000,PH0405600000,Hearing Disability,Male,Severe,PH045600000,693,168,167,164,194
Region IV-A (CALABARZON),QUEZON,PH040000000,PH0405600000,Mobility Disability,Both Sexes,All,PH045600000,49097,1797,2084,8424,36792
Region IV-A (CALABARZON),QUEZON,PH040000000,PH0405600000,Mobility Disability,Both Sexes,Mild,PH045600000,38465,899,1385,6777,29404
Region IV-A (CALABARZON),QUEZON,PH040000000,PH0405600000,Mobility Disability,Both Sexes,Moderate,PH045600000,7397,394,413,1206,5384
Region IV-A (CALABARZON),QUEZON,PH040000000,PH0405600000,Mobility Disability,Both Sexes,Severe,PH045600000,3235,504,286,441,2004
Region IV-A (CALABARZON),QUEZON,PH040000000,PH0405600000,Mobility Disability,Female,All,PH045600000,26436,820,833,3529,21254
Region IV-A (CALABARZON),QUEZON,PH040000000,PH0405600000,Mobility Disability,Female,Mild,PH045600000,20891,426,543,2936,16986
Region IV-A (CALABARZON),QUEZON,PH040000000,PH0405600000,Mobility Disability,Female,Moderate,PH045600000,3834,177,167,424,3066
Region IV-A (CALABARZON),QUEZON,PH040000000,PH0405600000,Mobility Disability,Female,Severe,PH045600000,1711,217,123,169,1202
Region IV-A (CALABARZON),QUEZON,PH040000000,PH0405600000,Mobility Disability,Male,All,PH045600000,22661,977,1251,4895,15538
Region IV-A (CALABARZON),QUEZON,PH040000000,PH0405600000,Mobility Disability,Male,Mild,PH045600000,17574,473,842,3841,12418
Region IV-A (CALABARZON),QUEZON,PH040000000,PH0405600000,Mobility Disability,Male,Moderate,PH045600000,3563,217,246,782,2318
Region IV-A (CALABARZON),QUEZON,PH040000000,PH0405600000,Mobility Disability,Male,Severe,PH045600000,1524,287,163,272,802
Region IV-A (CALABARZON),QUEZON,PH040000000,PH0405600000,Self-Care Disability,Both Sexes,All,PH045600000,13488,2154,1220,1819,8295
Region IV-A (CALABARZON),QUEZON,PH040000000,PH0405600000,Self-Care Disability,Both Sexes,Mild,PH045600000,7380,1011,607,1089,4673
Region IV-A (CALABARZON),QUEZON,PH040000000,PH0405600000,Self-Care Disability,Both Sexes,Moderate,PH045600000,2763,450,273,373,1667
Region IV-A (CALABARZON),QUEZON,PH040000000,PH0405600000,Self-Care Disability,Both Sexes,Severe,PH045600000,3345,693,340,357,1955
Region IV-A (CALABARZON),QUEZON,PH040000000,PH0405600000,Self-Care Disability,Female,All,PH045600000,7344,953,571,838,4982
Region IV-A (CALABARZON),QUEZON,PH040000000,PH0405600000,Self-Care Disability,Female,Mild,PH045600000,4094,467,310,518,2799
Region IV-A (CALABARZON),QUEZON,PH040000000,PH0405600000,Self-Care Disability,Female,Moderate,PH045600000,1453,188,106,162,997
Region IV-A (CALABARZON),QUEZON,PH040000000,PH0405600000,Self-Care Disability,Female,Severe,PH045600000,1797,298,155,158,1186
Region IV-A (CALABARZON),QUEZON,PH040000000,PH0405600000,Self-Care Disability,Male,All,PH045600000,6144,1201,649,981,3313
Region IV-A (CALABARZON),QUEZON,PH040000000,PH0405600000,Self-Care Disability,Male,Mild,PH045600000,3286,544,297,571,1874
Region IV-A (CALABARZON),QUEZON,PH040000000,PH0405600000,Self-Care Disability,Male,Moderate,PH045600000,1310,262,167,211,670
Region IV-A (CALABARZON),QUEZON,PH040000000,PH0405600000,Self-Care Disability,Male,Severe,PH045600000,1548,395,185,199,769
Region IV-A (CALABARZON),QUEZON,PH040000000,PH0405600000,Visual Disability,Both Sexes,All,PH045600000,172265,5375,11388,58362,97140
Region IV-A (CALABARZON),QUEZON,PH040000000,PH0405600000,Visual Disability,Both Sexes,Mild,PH045600000,160152,4702,10535,55992,88923
Region IV-A (CALABARZON),QUEZON,PH040000000,PH0405600000,Visual Disability,Both Sexes,Moderate,PH045600000,10767,496,708,2112,7451
Region IV-A (CALABARZON),QUEZON,PH040000000,PH0405600000,Visual Disability,Both Sexes,Severe,PH045600000,1346,177,145,258,766
Region IV-A (CALABARZON),QUEZON,PH040000000,PH0405600000,Visual Disability,Female,All,PH045600000,98883,3114,7418,32433,55918
Region IV-A (CALABARZON),QUEZON,PH040000000,PH0405600000,Visual Disability,Female,Mild,PH045600000,91893,2795,6955,31215,50928
Region IV-A (CALABARZON),QUEZON,PH040000000,PH0405600000,Visual Disability,Female,Moderate,PH045600000,6254,234,394,1099,4527
Region IV-A (CALABARZON),QUEZON,PH040000000,PH0405600000,Visual Disability,Female,Severe,PH045600000,736,85,69,119,463
Region IV-A (CALABARZON),QUEZON,PH040000000,PH0405600000,Visual Disability,Male,All,PH045600000,73382,2261,3970,25929,41222
Region IV-A (CALABARZON),QUEZON,PH040000000,PH0405600000,Visual Disability,Male,Mild,PH045600000,68259,1907,3580,24777,37995
Region IV-A (CALABARZON),QUEZON,PH040000000,PH0405600000,Visual Disability,Male,Moderate,PH045600000,4513,262,314,1013,2924
Region IV-A (CALABARZON),QUEZON,PH040000000,PH0405600000,Visual Disability,Male,Severe,PH045600000,610,92,76,139,303
Region IV-A (CALABARZON),RIZAL,PH040000000,PH0405800000,Cognitive Disability,Both Sexes,All,PH045800000,23363,1672,2269,5223,14199
Region IV-A (CALABARZON),RIZAL,PH040000000,PH0405800000,Cognitive Disability,Both Sexes,Mild,PH045800000,19143,956,1663,4396,12128
Region IV-A (CALABARZON),RIZAL,PH040000000,PH0405800000,Cognitive Disability,Both Sexes,Moderate,PH045800000,2969,418,386,590,1575
Region IV-A (CALABARZON),RIZAL,PH040000000,PH0405800000,Cognitive Disability,Both Sexes,Severe,PH045800000,1251,298,220,237,496
Region IV-A (CALABARZON),RIZAL,PH040000000,PH0405800000,Cognitive Disability,Female,All,PH045800000,13966,722,1258,3070,8916
Region IV-A (CALABARZON),RIZAL,PH040000000,PH0405800000,Cognitive Disability,Female,Mild,PH045800000,11675,431,972,2671,7601
Region IV-A (CALABARZON),RIZAL,PH040000000,PH0405800000,Cognitive Disability,Female,Moderate,PH045800000,1645,159,186,281,1019
Region IV-A (CALABARZON),RIZAL,PH040000000,PH0405800000,Cognitive Disability,Female,Severe,PH045800000,646,132,100,118,296
Region IV-A (CALABARZON),RIZAL,PH040000000,PH0405800000,Cognitive Disability,Male,All,PH045800000,9397,950,1011,2153,5283
Region IV-A (CALABARZON),RIZAL,PH040000000,PH0405800000,Cognitive Disability,Male,Mild,PH045800000,7468,525,691,1725,4527
Region IV-A (CALABARZON),RIZAL,PH040000000,PH0405800000,Cognitive Disability,Male,Moderate,PH045800000,1324,259,200,309,556
Region IV-A (CALABARZON),RIZAL,PH040000000,PH0405800000,Cognitive Disability,Male,Severe,PH045800000,605,166,120,119,200
Region IV-A (CALABARZON),RIZAL,PH040000000,PH0405800000,Communication Disability,Both Sexes,All,PH045800000,13971,2622,2402,2887,6060
Region IV-A (CALABARZON),RIZAL,PH040000000,PH0405800000,Communication Disability,Both Sexes,Mild,PH045800000,8058,1064,1101,1577,4316
Region IV-A (CALABARZON),RIZAL,PH040000000,PH0405800000,Communication Disability,Both Sexes,Moderate,PH045800000,3113,762,613,675,1063
Region IV-A (CALABARZON),RIZAL,PH040000000,PH0405800000,Communication Disability,Both Sexes,Severe,PH045800000,2800,796,688,635,681
Region IV-A (CALABARZON),RIZAL,PH040000000,PH0405800000,Communication Disability,Female,All,PH045800000,6968,1107,1069,1310,3482
Region IV-A (CALABARZON),RIZAL,PH040000000,PH0405800000,Communication Disability,Female,Mild,PH045800000,3960,447,420,618,2475
Region IV-A (CALABARZON),RIZAL,PH040000000,PH0405800000,Communication Disability,Female,Moderate,PH045800000,1538,310,285,349,594
Region IV-A (CALABARZON),RIZAL,PH040000000,PH0405800000,Communication Disability,Female,Severe,PH045800000,1470,350,364,343,413
Region IV-A (CALABARZON),RIZAL,PH040000000,PH0405800000,Communication Disability,Male,All,PH045800000,7003,1515,1333,1577,2578
Region IV-A (CALABARZON),RIZAL,PH040000000,PH0405800000,Communication Disability,Male,Mild,PH045800000,4098,617,681,959,1841
Region IV-A (CALABARZON),RIZAL,PH040000000,PH0405800000,Communication Disability,Male,Moderate,PH045800000,1575,452,328,326,469
Region IV-A (CALABARZON),RIZAL,PH040000000,PH0405800000,Communication Disability,Male,Severe,PH045800000,1330,446,324,292,268
Region IV-A (CALABARZON),RIZAL,PH040000000,PH0405800000,Hearing Disability,Both Sexes,All,PH045800000,35568,1809,2472,6549,24738
Region IV-A (CALABARZON),RIZAL,PH040000000,PH0405800000,Hearing Disability,Both Sexes,Mild,PH045800000,30952,1255,1863,5745,22089
Region IV-A (CALABARZON),RIZAL,PH040000000,PH0405800000,Hearing Disability,Both Sexes,Moderate,PH045800000,3435,305,314,538,2278
Region IV-A (CALABARZON),RIZAL,PH040000000,PH0405800000,Hearing Disability,Both Sexes,Severe,PH045800000,1181,249,295,266,371
Region IV-A (CALABARZON),RIZAL,PH040000000,PH0405800000,Hearing Disability,Female,All,PH045800000,19641,866,1192,3335,14248
Region IV-A (CALABARZON),RIZAL,PH040000000,PH0405800000,Hearing Disability,Female,Mild,PH045800000,17160,632,878,2949,12701
Region IV-A (CALABARZON),RIZAL,PH040000000,PH0405800000,Hearing Disability,Female,Moderate,PH045800000,1873,124,160,252,1337
Region IV-A (CALABARZON),RIZAL,PH040000000,PH0405800000,Hearing Disability,Female,Severe,PH045800000,608,110,154,134,210
Region IV-A (CALABARZON),RIZAL,PH040000000,PH0405800000,Hearing Disability,Male,All,PH045800000,15927,943,1280,3214,10490
Region IV-A (CALABARZON),RIZAL,PH040000000,PH0405800000,Hearing Disability,Male,Mild,PH045800000,13792,623,985,2796,9388
Region IV-A (CALABARZON),RIZAL,PH040000000,PH0405800000,Hearing Disability,Male,Moderate,PH045800000,1562,181,154,286,941
Region IV-A (CALABARZON),RIZAL,PH040000000,PH0405800000,Hearing Disability,Male,Severe,PH045800000,573,139,141,132,161
Region IV-A (CALABARZON),RIZAL,PH040000000,PH0405800000,Mobility Disability,Both Sexes,All,PH045800000,37665,1604,1934,7011,27116
Region IV-A (CALABARZON),RIZAL,PH040000000,PH0405800000,Mobility Disability,Both Sexes,Mild,PH045800000,29131,828,1250,5304,21749
Region IV-A (CALABARZON),RIZAL,PH040000000,PH0405800000,Mobility Disability,Both Sexes,Moderate,PH045800000,5796,384,417,1201,3794
Region IV-A (CALABARZON),RIZAL,PH040000000,PH0405800000,Mobility Disability,Both Sexes,Severe,PH045800000,2738,392,267,506,1573
Region IV-A (CALABARZON),RIZAL,PH040000000,PH0405800000,Mobility Disability,Female,All,PH045800000,20624,713,828,3126,15957
Region IV-A (CALABARZON),RIZAL,PH040000000,PH0405800000,Mobility Disability,Female,Mild,PH045800000,16241,381,527,2452,12881
Region IV-A (CALABARZON),RIZAL,PH040000000,PH0405800000,Mobility Disability,Female,Moderate,PH045800000,2972,149,183,483,2157
Region IV-A (CALABARZON),RIZAL,PH040000000,PH0405800000,Mobility Disability,Female,Severe,PH045800000,1411,183,118,191,919
Region IV-A (CALABARZON),RIZAL,PH040000000,PH0405800000,Mobility Disability,Male,All,PH045800000,17041,891,1106,3885,11159
Region IV-A (CALABARZON),RIZAL,PH040000000,PH0405800000,Mobility Disability,Male,Mild,PH045800000,12890,447,723,2852,8868
Region IV-A (CALABARZON),RIZAL,PH040000000,PH0405800000,Mobility Disability,Male,Moderate,PH045800000,2824,235,234,718,1637
Region IV-A (CALABARZON),RIZAL,PH040000000,PH0405800000,Mobility Disability,Male,Severe,PH045800000,1327,209,149,315,654
Region IV-A (CALABARZON),RIZAL,PH040000000,PH0405800000,Self-Care Disability,Both Sexes,All,PH045800000,13528,2062,1260,2109,8097
Region IV-A (CALABARZON),RIZAL,PH040000000,PH0405800000,Self-Care Disability,Both Sexes,Mild,PH045800000,7912,1004,600,1212,5096
Region IV-A (CALABARZON),RIZAL,PH040000000,PH0405800000,Self-Care Disability,Both Sexes,Moderate,PH045800000,2649,449,305,431,1464
Region IV-A (CALABARZON),RIZAL,PH040000000,PH0405800000,Self-Care Disability,Both Sexes,Severe,PH045800000,2967,609,355,466,1537
Region IV-A (CALABARZON),RIZAL,PH040000000,PH0405800000,Self-Care Disability,Female,All,PH045800000,7294,873,567,976,4878
Region IV-A (CALABARZON),RIZAL,PH040000000,PH0405800000,Self-Care Disability,Female,Mild,PH045800000,4375,420,254,590,3111
Region IV-A (CALABARZON),RIZAL,PH040000000,PH0405800000,Self-Care Disability,Female,Moderate,PH045800000,1348,178,144,173,853
Region IV-A (CALABARZON),RIZAL,PH040000000,PH0405800000,Self-Care Disability,Female,Severe,PH045800000,1571,275,169,213,914
Region IV-A (CALABARZON),RIZAL,PH040000000,PH0405800000,Self-Care Disability,Male,All,PH045800000,6234,1189,693,1133,3219
Region IV-A (CALABARZON),RIZAL,PH040000000,PH0405800000,Self-Care Disability,Male,Mild,PH045800000,3537,584,346,622,1985
Region IV-A (CALABARZON),RIZAL,PH040000000,PH0405800000,Self-Care Disability,Male,Moderate,PH045800000,1301,271,161,258,611
Region IV-A (CALABARZON),RIZAL,PH040000000,PH0405800000,Self-Care Disability,Male,Severe,PH045800000,1396,334,186,253,623
Region IV-A (CALABARZON),RIZAL,PH040000000,PH0405800000,Visual Disability,Both Sexes,All,PH045800000,186306,9948,21553,65246,89559
Region IV-A (CALABARZON),RIZAL,PH040000000,PH0405800000,Visual Disability,Both Sexes,Mild,PH045800000,174321,8897,20018,62271,83135
Region IV-A (CALABARZON),RIZAL,PH040000000,PH0405800000,Visual Disability,Both Sexes,Moderate,PH045800000,10299,826,1244,2535,5694
Region IV-A (CALABARZON),RIZAL,PH040000000,PH0405800000,Visual Disability,Both Sexes,Severe,PH045800000,1686,225,291,440,730
Region IV-A (CALABARZON),RIZAL,PH040000000,PH0405800000,Visual Disability,Female,All,PH045800000,107819,5799,13279,36854,51887
Region IV-A (CALABARZON),RIZAL,PH040000000,PH0405800000,Visual Disability,Female,Mild,PH045800000,100901,5251,12396,35263,47991
Region IV-A (CALABARZON),RIZAL,PH040000000,PH0405800000,Visual Disability,Female,Moderate,PH045800000,6039,441,744,1399,3455
Region IV-A (CALABARZON),RIZAL,PH040000000,PH0405800000,Visual Disability,Female,Severe,PH045800000,879,107,139,192,441
Region IV-A (CALABARZON),RIZAL,PH040000000,PH0405800000,Visual Disability,Male,All,PH045800000,78487,4149,8274,28392,37672
Region IV-A (CALABARZON),RIZAL,PH040000000,PH0405800000,Visual Disability,Male,Mild,PH045800000,73420,3646,7622,27008,35144
Region IV-A (CALABARZON),RIZAL,PH040000000,PH0405800000,Visual Disability,Male,Moderate,PH045800000,4260,385,500,1136,2239
Region IV-A (CALABARZON),RIZAL,PH040000000,PH0405800000,Visual Disability,Male,Severe,PH045800000,807,118,152,248,289
Region IX (Zamboanga Peninsula),CITY OF ISABELA (NOT A PROVINCE),PH090000000,PH0990100000,Cognitive Disability,Both Sexes,All,PH099700000,991,62,83,173,673
Region IX (Zamboanga Peninsula),CITY OF ISABELA (NOT A PROVINCE),PH090000000,PH0990100000,Cognitive Disability,Both Sexes,Mild,PH099700000,844,35,58,155,596
Region IX (Zamboanga Peninsula),CITY OF ISABELA (NOT A PROVINCE),PH090000000,PH0990100000,Cognitive Disability,Both Sexes,Moderate,PH099700000,104,11,14,13,66
Region IX (Zamboanga Peninsula),CITY OF ISABELA (NOT A PROVINCE),PH090000000,PH0990100000,Cognitive Disability,Both Sexes,Severe,PH099700000,43,16,11,5,11
Region IX (Zamboanga Peninsula),CITY OF ISABELA (NOT A PROVINCE),PH090000000,PH0990100000,Cognitive Disability,Female,All,PH099700000,559,28,35,92,404
Region IX (Zamboanga Peninsula),CITY OF ISABELA (NOT A PROVINCE),PH090000000,PH0990100000,Cognitive Disability,Female,Mild,PH099700000,478,15,25,85,353
Region IX (Zamboanga Peninsula),CITY OF ISABELA (NOT A PROVINCE),PH090000000,PH0990100000,Cognitive Disability,Female,Moderate,PH099700000,60,6,6,4,44
Region IX (Zamboanga Peninsula),CITY OF ISABELA (NOT A PROVINCE),PH090000000,PH0990100000,Cognitive Disability,Female,Severe,PH099700000,21,7,4,3,7
Region IX (Zamboanga Peninsula),CITY OF ISABELA (NOT A PROVINCE),PH090000000,PH0990100000,Cognitive Disability,Male,All,PH099700000,432,34,48,81,269
Region IX (Zamboanga Peninsula),CITY OF ISABELA (NOT A PROVINCE),PH090000000,PH0990100000,Cognitive Disability,Male,Mild,PH099700000,366,20,33,70,243
Region IX (Zamboanga Peninsula),CITY OF ISABELA (NOT A PROVINCE),PH090000000,PH0990100000,Cognitive Disability,Male,Moderate,PH099700000,44,5,8,9,22
Region IX (Zamboanga Peninsula),CITY OF ISABELA (NOT A PROVINCE),PH090000000,PH0990100000,Cognitive Disability,Male,Severe,PH099700000,22,9,7,2,4
Region IX (Zamboanga Peninsula),CITY OF ISABELA (NOT A PROVINCE),PH090000000,PH0990100000,Communication Disability,Both Sexes,All,PH099700000,635,148,114,108,265
Region IX (Zamboanga Peninsula),CITY OF ISABELA (NOT A PROVINCE),PH090000000,PH0990100000,Communication Disability,Both Sexes,Mild,PH099700000,372,59,47,57,209
Region IX (Zamboanga Peninsula),CITY OF ISABELA (NOT A PROVINCE),PH090000000,PH0990100000,Communication Disability,Both Sexes,Moderate,PH099700000,140,44,39,26,31
Region IX (Zamboanga Peninsula),CITY OF ISABELA (NOT A PROVINCE),PH090000000,PH0990100000,Communication Disability,Both Sexes,Severe,PH099700000,123,45,28,25,25
Region IX (Zamboanga Peninsula),CITY OF ISABELA (NOT A PROVINCE),PH090000000,PH0990100000,Communication Disability,Female,All,PH099700000,323,68,46,47,162
Region IX (Zamboanga Peninsula),CITY OF ISABELA (NOT A PROVINCE),PH090000000,PH0990100000,Communication Disability,Female,Mild,PH099700000,188,24,18,18,128
Region IX (Zamboanga Peninsula),CITY OF ISABELA (NOT A PROVINCE),PH090000000,PH0990100000,Communication Disability,Female,Moderate,PH099700000,71,20,15,16,20
Region IX (Zamboanga Peninsula),CITY OF ISABELA (NOT A PROVINCE),PH090000000,PH0990100000,Communication Disability,Female,Severe,PH099700000,64,24,13,13,14
Region IX (Zamboanga Peninsula),CITY OF ISABELA (NOT A PROVINCE),PH090000000,PH0990100000,Communication Disability,Male,All,PH099700000,312,80,68,61,103
Region IX (Zamboanga Peninsula),CITY OF ISABELA (NOT A PROVINCE),PH090000000,PH0990100000,Communication Disability,Male,Mild,PH099700000,184,35,29,39,81
Region IX (Zamboanga Peninsula),CITY OF ISABELA (NOT A PROVINCE),PH090000000,PH0990100000,Communication Disability,Male,Moderate,PH099700000,69,24,24,10,11
Region IX (Zamboanga Peninsula),CITY OF ISABELA (NOT A PROVINCE),PH090000000,PH0990100000,Communication Disability,Male,Severe,PH099700000,59,21,15,12,11
Region IX (Zamboanga Peninsula),CITY OF ISABELA (NOT A PROVINCE),PH090000000,PH0990100000,Hearing Disability,Both Sexes,All,PH099700000,1178,37,55,145,941
Region IX (Zamboanga Peninsula),CITY OF ISABELA (NOT A PROVINCE),PH090000000,PH0990100000,Hearing Disability,Both Sexes,Mild,PH099700000,1059,24,42,132,861
Region IX (Zamboanga Peninsula),CITY OF ISABELA (NOT A PROVINCE),PH090000000,PH0990100000,Hearing Disability,Both Sexes,Moderate,PH099700000,88,5,8,11,64
Region IX (Zamboanga Peninsula),CITY OF ISABELA (NOT A PROVINCE),PH090000000,PH0990100000,Hearing Disability,Both Sexes,Severe,PH099700000,31,8,5,2,16
Region IX (Zamboanga Peninsula),CITY OF ISABELA (NOT A PROVINCE),PH090000000,PH0990100000,Hearing Disability,Female,All,PH099700000,667,16,25,79,547
Region IX (Zamboanga Peninsula),CITY OF ISABELA (NOT A PROVINCE),PH090000000,PH0990100000,Hearing Disability,Female,Mild,PH099700000,601,10,22,73,496
Region IX (Zamboanga Peninsula),CITY OF ISABELA (NOT A PROVINCE),PH090000000,PH0990100000,Hearing Disability,Female,Moderate,PH099700000,51,4,1,5,41
Region IX (Zamboanga Peninsula),CITY OF ISABELA (NOT A PROVINCE),PH090000000,PH0990100000,Hearing Disability,Female,Severe,PH099700000,15,2,2,1,10
Region IX (Zamboanga Peninsula),CITY OF ISABELA (NOT A PROVINCE),PH090000000,PH0990100000,Hearing Disability,Male,All,PH099700000,511,21,30,66,394
Region IX (Zamboanga Peninsula),CITY OF ISABELA (NOT A PROVINCE),PH090000000,PH0990100000,Hearing Disability,Male,Mild,PH099700000,458,14,20,59,365
Region IX (Zamboanga Peninsula),CITY OF ISABELA (NOT A PROVINCE),PH090000000,PH0990100000,Hearing Disability,Male,Moderate,PH099700000,37,1,7,6,23
Region IX (Zamboanga Peninsula),CITY OF ISABELA (NOT A PROVINCE),PH090000000,PH0990100000,Hearing Disability,Male,Severe,PH099700000,16,6,3,1,6
Region IX (Zamboanga Peninsula),CITY OF ISABELA (NOT A PROVINCE),PH090000000,PH0990100000,Mobility Disability,Both Sexes,All,PH099700000,1525,50,52,196,1227
Region IX (Zamboanga Peninsula),CITY OF ISABELA (NOT A PROVINCE),PH090000000,PH0990100000,Mobility Disability,Both Sexes,Mild,PH099700000,1284,24,36,172,1052
Region IX (Zamboanga Peninsula),CITY OF ISABELA (NOT A PROVINCE),PH090000000,PH0990100000,Mobility Disability,Both Sexes,Moderate,PH099700000,176,13,8,16,139
Region IX (Zamboanga Peninsula),CITY OF ISABELA (NOT A PROVINCE),PH090000000,PH0990100000,Mobility Disability,Both Sexes,Severe,PH099700000,65,13,8,8,36
Region IX (Zamboanga Peninsula),CITY OF ISABELA (NOT A PROVINCE),PH090000000,PH0990100000,Mobility Disability,Female,All,PH099700000,853,24,16,80,733
Region IX (Zamboanga Peninsula),CITY OF ISABELA (NOT A PROVINCE),PH090000000,PH0990100000,Mobility Disability,Female,Mild,PH099700000,719,9,8,76,626
Region IX (Zamboanga Peninsula),CITY OF ISABELA (NOT A PROVINCE),PH090000000,PH0990100000,Mobility Disability,Female,Moderate,PH099700000,99,6,4,4,85
Region IX (Zamboanga Peninsula),CITY OF ISABELA (NOT A PROVINCE),PH090000000,PH0990100000,Mobility Disability,Female,Severe,PH099700000,35,9,4,0,22
Region IX (Zamboanga Peninsula),CITY OF ISABELA (NOT A PROVINCE),PH090000000,PH0990100000,Mobility Disability,Male,All,PH099700000,672,26,36,116,494
Region IX (Zamboanga Peninsula),CITY OF ISABELA (NOT A PROVINCE),PH090000000,PH0990100000,Mobility Disability,Male,Mild,PH099700000,565,15,28,96,426
Region IX (Zamboanga Peninsula),CITY OF ISABELA (NOT A PROVINCE),PH090000000,PH0990100000,Mobility Disability,Male,Moderate,PH099700000,77,7,4,12,54
Region IX (Zamboanga Peninsula),CITY OF ISABELA (NOT A PROVINCE),PH090000000,PH0990100000,Mobility Disability,Male,Severe,PH099700000,30,4,4,8,14
Region IX (Zamboanga Peninsula),CITY OF ISABELA (NOT A PROVINCE),PH090000000,PH0990100000,Self-Care Disability,Both Sexes,All,PH099700000,970,294,87,144,445
Region IX (Zamboanga Peninsula),CITY OF ISABELA (NOT A PROVINCE),PH090000000,PH0990100000,Self-Care Disability,Both Sexes,Mild,PH099700000,529,102,49,80,298
Region IX (Zamboanga Peninsula),CITY OF ISABELA (NOT A PROVINCE),PH090000000,PH0990100000,Self-Care Disability,Both Sexes,Moderate,PH099700000,127,21,15,23,68
Region IX (Zamboanga Peninsula),CITY OF ISABELA (NOT A PROVINCE),PH090000000,PH0990100000,Self-Care Disability,Both Sexes,Severe,PH099700000,314,171,23,41,79
Region IX (Zamboanga Peninsula),CITY OF ISABELA (NOT A PROVINCE),PH090000000,PH0990100000,Self-Care Disability,Female,All,PH099700000,443,134,25,37,247
Region IX (Zamboanga Peninsula),CITY OF ISABELA (NOT A PROVINCE),PH090000000,PH0990100000,Self-Care Disability,Female,Mild,PH099700000,265,51,11,27,176
Region IX (Zamboanga Peninsula),CITY OF ISABELA (NOT A PROVINCE),PH090000000,PH0990100000,Self-Care Disability,Female,Moderate,PH099700000,60,11,7,3,39
Region IX (Zamboanga Peninsula),CITY OF ISABELA (NOT A PROVINCE),PH090000000,PH0990100000,Self-Care Disability,Female,Severe,PH099700000,118,72,7,7,32
Region IX (Zamboanga Peninsula),CITY OF ISABELA (NOT A PROVINCE),PH090000000,PH0990100000,Self-Care Disability,Male,All,PH099700000,527,160,62,107,198
Region IX (Zamboanga Peninsula),CITY OF ISABELA (NOT A PROVINCE),PH090000000,PH0990100000,Self-Care Disability,Male,Mild,PH099700000,264,51,38,53,122
Region IX (Zamboanga Peninsula),CITY OF ISABELA (NOT A PROVINCE),PH090000000,PH0990100000,Self-Care Disability,Male,Moderate,PH099700000,67,10,8,20,29
Region IX (Zamboanga Peninsula),CITY OF ISABELA (NOT A PROVINCE),PH090000000,PH0990100000,Self-Care Disability,Male,Severe,PH099700000,196,99,16,34,47
Region IX (Zamboanga Peninsula),CITY OF ISABELA (NOT A PROVINCE),PH090000000,PH0990100000,Visual Disability,Both Sexes,All,PH099700000,3721,124,214,1019,2364
Region IX (Zamboanga Peninsula),CITY OF ISABELA (NOT A PROVINCE),PH090000000,PH0990100000,Visual Disability,Both Sexes,Mild,PH099700000,3432,70,171,963,2228
Region IX (Zamboanga Peninsula),CITY OF ISABELA (NOT A PROVINCE),PH090000000,PH0990100000,Visual Disability,Both Sexes,Moderate,PH099700000,150,8,10,26,106
Region IX (Zamboanga Peninsula),CITY OF ISABELA (NOT A PROVINCE),PH090000000,PH0990100000,Visual Disability,Both Sexes,Severe,PH099700000,139,46,33,30,30
Region IX (Zamboanga Peninsula),CITY OF ISABELA (NOT A PROVINCE),PH090000000,PH0990100000,Visual Disability,Female,All,PH099700000,2066,57,124,539,1346
Region IX (Zamboanga Peninsula),CITY OF ISABELA (NOT A PROVINCE),PH090000000,PH0990100000,Visual Disability,Female,Mild,PH099700000,1895,31,103,505,1256
Region IX (Zamboanga Peninsula),CITY OF ISABELA (NOT A PROVINCE),PH090000000,PH0990100000,Visual Disability,Female,Moderate,PH099700000,92,5,3,14,70
Region IX (Zamboanga Peninsula),CITY OF ISABELA (NOT A PROVINCE),PH090000000,PH0990100000,Visual Disability,Female,Severe,PH099700000,79,21,18,20,20
Region IX (Zamboanga Peninsula),CITY OF ISABELA (NOT A PROVINCE),PH090000000,PH0990100000,Visual Disability,Male,All,PH099700000,1655,67,90,480,1018
Region IX (Zamboanga Peninsula),CITY OF ISABELA (NOT A PROVINCE),PH090000000,PH0990100000,Visual Disability,Male,Mild,PH099700000,1537,39,68,458,972
Region IX (Zamboanga Peninsula),CITY OF ISABELA (NOT A PROVINCE),PH090000000,PH0990100000,Visual Disability,Male,Moderate,PH099700000,58,3,7,12,36
Region IX (Zamboanga Peninsula),CITY OF ISABELA (NOT A PROVINCE),PH090000000,PH0990100000,Visual Disability,Male,Severe,PH099700000,60,25,15,10,10
Region IX (Zamboanga Peninsula),ZAMBOANGA DEL NORTE,PH090000000,PH0907200000,Cognitive Disability,Both Sexes,All,PH097200000,19137,1006,1429,4029,12673
Region IX (Zamboanga Peninsula),ZAMBOANGA DEL NORTE,PH090000000,PH0907200000,Cognitive Disability,Both Sexes,Mild,PH097200000,16426,576,1067,3578,11205
Region IX (Zamboanga Peninsula),ZAMBOANGA DEL NORTE,PH090000000,PH0907200000,Cognitive Disability,Both Sexes,Moderate,PH097200000,2065,257,246,323,1239
Region IX (Zamboanga Peninsula),ZAMBOANGA DEL NORTE,PH090000000,PH0907200000,Cognitive Disability,Both Sexes,Severe,PH097200000,646,173,116,128,229
Region IX (Zamboanga Peninsula),ZAMBOANGA DEL NORTE,PH090000000,PH0907200000,Cognitive Disability,Female,All,PH097200000,10603,449,747,2174,7233
Region IX (Zamboanga Peninsula),ZAMBOANGA DEL NORTE,PH090000000,PH0907200000,Cognitive Disability,Female,Mild,PH097200000,9139,259,566,1953,6361
Region IX (Zamboanga Peninsula),ZAMBOANGA DEL NORTE,PH090000000,PH0907200000,Cognitive Disability,Female,Moderate,PH097200000,1124,114,118,151,741
Region IX (Zamboanga Peninsula),ZAMBOANGA DEL NORTE,PH090000000,PH0907200000,Cognitive Disability,Female,Severe,PH097200000,340,76,63,70,131
Region IX (Zamboanga Peninsula),ZAMBOANGA DEL NORTE,PH090000000,PH0907200000,Cognitive Disability,Male,All,PH097200000,8534,557,682,1855,5440
Region IX (Zamboanga Peninsula),ZAMBOANGA DEL NORTE,PH090000000,PH0907200000,Cognitive Disability,Male,Mild,PH097200000,7287,317,501,1625,4844
Region IX (Zamboanga Peninsula),ZAMBOANGA DEL NORTE,PH090000000,PH0907200000,Cognitive Disability,Male,Moderate,PH097200000,941,143,128,172,498
Region IX (Zamboanga Peninsula),ZAMBOANGA DEL NORTE,PH090000000,PH0907200000,Cognitive Disability,Male,Severe,PH097200000,306,97,53,58,98
Region IX (Zamboanga Peninsula),ZAMBOANGA DEL NORTE,PH090000000,PH0907200000,Communication Disability,Both Sexes,All,PH097200000,7362,1326,1055,1240,3741
Region IX (Zamboanga Peninsula),ZAMBOANGA DEL NORTE,PH090000000,PH0907200000,Communication Disability,Both Sexes,Mild,PH097200000,4502,583,436,701,2782
Region IX (Zamboanga Peninsula),ZAMBOANGA DEL NORTE,PH090000000,PH0907200000,Communication Disability,Both Sexes,Moderate,PH097200000,1593,341,323,295,634
Region IX (Zamboanga Peninsula),ZAMBOANGA DEL NORTE,PH090000000,PH0907200000,Communication Disability,Both Sexes,Severe,PH097200000,1267,402,296,244,325
Region IX (Zamboanga Peninsula),ZAMBOANGA DEL NORTE,PH090000000,PH0907200000,Communication Disability,Female,All,PH097200000,3675,585,505,552,2033
Region IX (Zamboanga Peninsula),ZAMBOANGA DEL NORTE,PH090000000,PH0907200000,Communication Disability,Female,Mild,PH097200000,2268,258,200,299,1511
Region IX (Zamboanga Peninsula),ZAMBOANGA DEL NORTE,PH090000000,PH0907200000,Communication Disability,Female,Moderate,PH097200000,775,155,155,123,342
Region IX (Zamboanga Peninsula),ZAMBOANGA DEL NORTE,PH090000000,PH0907200000,Communication Disability,Female,Severe,PH097200000,632,172,150,130,180
Region IX (Zamboanga Peninsula),ZAMBOANGA DEL NORTE,PH090000000,PH0907200000,Communication Disability,Male,All,PH097200000,3687,741,550,688,1708
Region IX (Zamboanga Peninsula),ZAMBOANGA DEL NORTE,PH090000000,PH0907200000,Communication Disability,Male,Mild,PH097200000,2234,325,236,402,1271
Region IX (Zamboanga Peninsula),ZAMBOANGA DEL NORTE,PH090000000,PH0907200000,Communication Disability,Male,Moderate,PH097200000,818,186,168,172,292
Region IX (Zamboanga Peninsula),ZAMBOANGA DEL NORTE,PH090000000,PH0907200000,Communication Disability,Male,Severe,PH097200000,635,230,146,114,145
Region IX (Zamboanga Peninsula),ZAMBOANGA DEL NORTE,PH090000000,PH0907200000,Hearing Disability,Both Sexes,All,PH097200000,21898,840,956,2955,17147
Region IX (Zamboanga Peninsula),ZAMBOANGA DEL NORTE,PH090000000,PH0907200000,Hearing Disability,Both Sexes,Mild,PH097200000,18842,548,672,2621,15001
Region IX (Zamboanga Peninsula),ZAMBOANGA DEL NORTE,PH090000000,PH0907200000,Hearing Disability,Both Sexes,Moderate,PH097200000,2438,146,166,225,1901
Region IX (Zamboanga Peninsula),ZAMBOANGA DEL NORTE,PH090000000,PH0907200000,Hearing Disability,Both Sexes,Severe,PH097200000,618,146,118,109,245
Region IX (Zamboanga Peninsula),ZAMBOANGA DEL NORTE,PH090000000,PH0907200000,Hearing Disability,Female,All,PH097200000,11187,408,473,1413,8893
Region IX (Zamboanga Peninsula),ZAMBOANGA DEL NORTE,PH090000000,PH0907200000,Hearing Disability,Female,Mild,PH097200000,9681,262,345,1266,7808
Region IX (Zamboanga Peninsula),ZAMBOANGA DEL NORTE,PH090000000,PH0907200000,Hearing Disability,Female,Moderate,PH097200000,1198,73,72,87,966
Region IX (Zamboanga Peninsula),ZAMBOANGA DEL NORTE,PH090000000,PH0907200000,Hearing Disability,Female,Severe,PH097200000,308,73,56,60,119
Region IX (Zamboanga Peninsula),ZAMBOANGA DEL NORTE,PH090000000,PH0907200000,Hearing Disability,Male,All,PH097200000,10711,432,483,1542,8254
Region IX (Zamboanga Peninsula),ZAMBOANGA DEL NORTE,PH090000000,PH0907200000,Hearing Disability,Male,Mild,PH097200000,9161,286,327,1355,7193
Region IX (Zamboanga Peninsula),ZAMBOANGA DEL NORTE,PH090000000,PH0907200000,Hearing Disability,Male,Moderate,PH097200000,1240,73,94,138,935
Region IX (Zamboanga Peninsula),ZAMBOANGA DEL NORTE,PH090000000,PH0907200000,Hearing Disability,Male,Severe,PH097200000,310,73,62,49,126
Region IX (Zamboanga Peninsula),ZAMBOANGA DEL NORTE,PH090000000,PH0907200000,Mobility Disability,Both Sexes,All,PH097200000,22000,843,831,3427,16899
Region IX (Zamboanga Peninsula),ZAMBOANGA DEL NORTE,PH090000000,PH0907200000,Mobility Disability,Both Sexes,Mild,PH097200000,17621,437,565,2772,13847
Region IX (Zamboanga Peninsula),ZAMBOANGA DEL NORTE,PH090000000,PH0907200000,Mobility Disability,Both Sexes,Moderate,PH097200000,3091,179,159,471,2282
Region IX (Zamboanga Peninsula),ZAMBOANGA DEL NORTE,PH090000000,PH0907200000,Mobility Disability,Both Sexes,Severe,PH097200000,1288,227,107,184,770
Region IX (Zamboanga Peninsula),ZAMBOANGA DEL NORTE,PH090000000,PH0907200000,Mobility Disability,Female,All,PH097200000,11365,361,349,1530,9125
Region IX (Zamboanga Peninsula),ZAMBOANGA DEL NORTE,PH090000000,PH0907200000,Mobility Disability,Female,Mild,PH097200000,9183,190,226,1267,7500
Region IX (Zamboanga Peninsula),ZAMBOANGA DEL NORTE,PH090000000,PH0907200000,Mobility Disability,Female,Moderate,PH097200000,1515,73,72,178,1192
Region IX (Zamboanga Peninsula),ZAMBOANGA DEL NORTE,PH090000000,PH0907200000,Mobility Disability,Female,Severe,PH097200000,667,98,51,85,433
Region IX (Zamboanga Peninsula),ZAMBOANGA DEL NORTE,PH090000000,PH0907200000,Mobility Disability,Male,All,PH097200000,10635,482,482,1897,7774
Region IX (Zamboanga Peninsula),ZAMBOANGA DEL NORTE,PH090000000,PH0907200000,Mobility Disability,Male,Mild,PH097200000,8438,247,339,1505,6347
Region IX (Zamboanga Peninsula),ZAMBOANGA DEL NORTE,PH090000000,PH0907200000,Mobility Disability,Male,Moderate,PH097200000,1576,106,87,293,1090
Region IX (Zamboanga Peninsula),ZAMBOANGA DEL NORTE,PH090000000,PH0907200000,Mobility Disability,Male,Severe,PH097200000,621,129,56,99,337
Region IX (Zamboanga Peninsula),ZAMBOANGA DEL NORTE,PH090000000,PH0907200000,Self-Care Disability,Both Sexes,All,PH097200000,7487,1131,571,948,4837
Region IX (Zamboanga Peninsula),ZAMBOANGA DEL NORTE,PH090000000,PH0907200000,Self-Care Disability,Both Sexes,Mild,PH097200000,4631,563,273,554,3241
Region IX (Zamboanga Peninsula),ZAMBOANGA DEL NORTE,PH090000000,PH0907200000,Self-Care Disability,Both Sexes,Moderate,PH097200000,1335,202,144,196,793
Region IX (Zamboanga Peninsula),ZAMBOANGA DEL NORTE,PH090000000,PH0907200000,Self-Care Disability,Both Sexes,Severe,PH097200000,1521,366,154,198,803
Region IX (Zamboanga Peninsula),ZAMBOANGA DEL NORTE,PH090000000,PH0907200000,Self-Care Disability,Female,All,PH097200000,3856,471,271,407,2707
Region IX (Zamboanga Peninsula),ZAMBOANGA DEL NORTE,PH090000000,PH0907200000,Self-Care Disability,Female,Mild,PH097200000,2424,241,132,245,1806
Region IX (Zamboanga Peninsula),ZAMBOANGA DEL NORTE,PH090000000,PH0907200000,Self-Care Disability,Female,Moderate,PH097200000,669,79,70,74,446
Region IX (Zamboanga Peninsula),ZAMBOANGA DEL NORTE,PH090000000,PH0907200000,Self-Care Disability,Female,Severe,PH097200000,763,151,69,88,455
Region IX (Zamboanga Peninsula),ZAMBOANGA DEL NORTE,PH090000000,PH0907200000,Self-Care Disability,Male,All,PH097200000,3631,660,300,541,2130
Region IX (Zamboanga Peninsula),ZAMBOANGA DEL NORTE,PH090000000,PH0907200000,Self-Care Disability,Male,Mild,PH097200000,2207,322,141,309,1435
Region IX (Zamboanga Peninsula),ZAMBOANGA DEL NORTE,PH090000000,PH0907200000,Self-Care Disability,Male,Moderate,PH097200000,666,123,74,122,347
Region IX (Zamboanga Peninsula),ZAMBOANGA DEL NORTE,PH090000000,PH0907200000,Self-Care Disability,Male,Severe,PH097200000,758,215,85,110,348
Region IX (Zamboanga Peninsula),ZAMBOANGA DEL NORTE,PH090000000,PH0907200000,Visual Disability,Both Sexes,All,PH097200000,66179,1249,2777,19908,42245
Region IX (Zamboanga Peninsula),ZAMBOANGA DEL NORTE,PH090000000,PH0907200000,Visual Disability,Both Sexes,Mild,PH097200000,61022,972,2508,19083,38459
Region IX (Zamboanga Peninsula),ZAMBOANGA DEL NORTE,PH090000000,PH0907200000,Visual Disability,Both Sexes,Moderate,PH097200000,4421,180,208,727,3306
Region IX (Zamboanga Peninsula),ZAMBOANGA DEL NORTE,PH090000000,PH0907200000,Visual Disability,Both Sexes,Severe,PH097200000,736,97,61,98,480
Region IX (Zamboanga Peninsula),ZAMBOANGA DEL NORTE,PH090000000,PH0907200000,Visual Disability,Female,All,PH097200000,36754,663,1737,11139,23215
Region IX (Zamboanga Peninsula),ZAMBOANGA DEL NORTE,PH090000000,PH0907200000,Visual Disability,Female,Mild,PH097200000,33867,533,1608,10716,21010
Region IX (Zamboanga Peninsula),ZAMBOANGA DEL NORTE,PH090000000,PH0907200000,Visual Disability,Female,Moderate,PH097200000,2478,88,102,377,1911
Region IX (Zamboanga Peninsula),ZAMBOANGA DEL NORTE,PH090000000,PH0907200000,Visual Disability,Female,Severe,PH097200000,409,42,27,46,294
Region IX (Zamboanga Peninsula),ZAMBOANGA DEL NORTE,PH090000000,PH0907200000,Visual Disability,Male,All,PH097200000,29425,586,1040,8769,19030
Region IX (Zamboanga Peninsula),ZAMBOANGA DEL NORTE,PH090000000,PH0907200000,Visual Disability,Male,Mild,PH097200000,27155,439,900,8367,17449
Region IX (Zamboanga Peninsula),ZAMBOANGA DEL NORTE,PH090000000,PH0907200000,Visual Disability,Male,Moderate,PH097200000,1943,92,106,350,1395
Region IX (Zamboanga Peninsula),ZAMBOANGA DEL NORTE,PH090000000,PH0907200000,Visual Disability,Male,Severe,PH097200000,327,55,34,52,186
Region IX (Zamboanga Peninsula),ZAMBOANGA DEL SUR,PH090000000,PH0907300000,Cognitive Disability,Both Sexes,All,PH097300000,27008,1749,2075,5522,17662
Region IX (Zamboanga Peninsula),ZAMBOANGA DEL SUR,PH090000000,PH0907300000,Cognitive Disability,Both Sexes,Mild,PH097300000,22885,1066,1560,4891,15368
Region IX (Zamboanga Peninsula),ZAMBOANGA DEL SUR,PH090000000,PH0907300000,Cognitive Disability,Both Sexes,Moderate,PH097300000,3048,379,336,447,1886
Region IX (Zamboanga Peninsula),ZAMBOANGA DEL SUR,PH090000000,PH0907300000,Cognitive Disability,Both Sexes,Severe,PH097300000,1075,304,179,184,408
Region IX (Zamboanga Peninsula),ZAMBOANGA DEL SUR,PH090000000,PH0907300000,Cognitive Disability,Female,All,PH097300000,15001,777,1065,2914,10245
Region IX (Zamboanga Peninsula),ZAMBOANGA DEL SUR,PH090000000,PH0907300000,Cognitive Disability,Female,Mild,PH097300000,12767,499,833,2598,8837
Region IX (Zamboanga Peninsula),ZAMBOANGA DEL SUR,PH090000000,PH0907300000,Cognitive Disability,Female,Moderate,PH097300000,1676,155,144,224,1153
Region IX (Zamboanga Peninsula),ZAMBOANGA DEL SUR,PH090000000,PH0907300000,Cognitive Disability,Female,Severe,PH097300000,558,123,88,92,255
Region IX (Zamboanga Peninsula),ZAMBOANGA DEL SUR,PH090000000,PH0907300000,Cognitive Disability,Male,All,PH097300000,12007,972,1010,2608,7417
Region IX (Zamboanga Peninsula),ZAMBOANGA DEL SUR,PH090000000,PH0907300000,Cognitive Disability,Male,Mild,PH097300000,10118,567,727,2293,6531
Region IX (Zamboanga Peninsula),ZAMBOANGA DEL SUR,PH090000000,PH0907300000,Cognitive Disability,Male,Moderate,PH097300000,1372,224,192,223,733
Region IX (Zamboanga Peninsula),ZAMBOANGA DEL SUR,PH090000000,PH0907300000,Cognitive Disability,Male,Severe,PH097300000,517,181,91,92,153
Region IX (Zamboanga Peninsula),ZAMBOANGA DEL SUR,PH090000000,PH0907300000,Communication Disability,Both Sexes,All,PH097300000,12241,2485,1904,2109,5743
Region IX (Zamboanga Peninsula),ZAMBOANGA DEL SUR,PH090000000,PH0907300000,Communication Disability,Both Sexes,Mild,PH097300000,7194,1021,802,1121,4250
Region IX (Zamboanga Peninsula),ZAMBOANGA DEL SUR,PH090000000,PH0907300000,Communication Disability,Both Sexes,Moderate,PH097300000,2681,578,623,551,929
Region IX (Zamboanga Peninsula),ZAMBOANGA DEL SUR,PH090000000,PH0907300000,Communication Disability,Both Sexes,Severe,PH097300000,2366,886,479,437,564
Region IX (Zamboanga Peninsula),ZAMBOANGA DEL SUR,PH090000000,PH0907300000,Communication Disability,Female,All,PH097300000,6259,1077,888,1016,3278
Region IX (Zamboanga Peninsula),ZAMBOANGA DEL SUR,PH090000000,PH0907300000,Communication Disability,Female,Mild,PH097300000,3659,450,324,479,2406
Region IX (Zamboanga Peninsula),ZAMBOANGA DEL SUR,PH090000000,PH0907300000,Communication Disability,Female,Moderate,PH097300000,1391,236,334,296,525
Region IX (Zamboanga Peninsula),ZAMBOANGA DEL SUR,PH090000000,PH0907300000,Communication Disability,Female,Severe,PH097300000,1209,391,230,241,347
Region IX (Zamboanga Peninsula),ZAMBOANGA DEL SUR,PH090000000,PH0907300000,Communication Disability,Male,All,PH097300000,5982,1408,1016,1093,2465
Region IX (Zamboanga Peninsula),ZAMBOANGA DEL SUR,PH090000000,PH0907300000,Communication Disability,Male,Mild,PH097300000,3535,571,478,642,1844
Region IX (Zamboanga Peninsula),ZAMBOANGA DEL SUR,PH090000000,PH0907300000,Communication Disability,Male,Moderate,PH097300000,1290,342,289,255,404
Region IX (Zamboanga Peninsula),ZAMBOANGA DEL SUR,PH090000000,PH0907300000,Communication Disability,Male,Severe,PH097300000,1157,495,249,196,217
Region IX (Zamboanga Peninsula),ZAMBOANGA DEL SUR,PH090000000,PH0907300000,Hearing Disability,Both Sexes,All,PH097300000,29164,968,1355,4003,22838
Region IX (Zamboanga Peninsula),ZAMBOANGA DEL SUR,PH090000000,PH0907300000,Hearing Disability,Both Sexes,Mild,PH097300000,25188,620,962,3482,20124
Region IX (Zamboanga Peninsula),ZAMBOANGA DEL SUR,PH090000000,PH0907300000,Hearing Disability,Both Sexes,Moderate,PH097300000,3086,181,202,342,2361
Region IX (Zamboanga Peninsula),ZAMBOANGA DEL SUR,PH090000000,PH0907300000,Hearing Disability,Both Sexes,Severe,PH097300000,890,167,191,179,353
Region IX (Zamboanga Peninsula),ZAMBOANGA DEL SUR,PH090000000,PH0907300000,Hearing Disability,Female,All,PH097300000,15240,433,595,1877,12335
Region IX (Zamboanga Peninsula),ZAMBOANGA DEL SUR,PH090000000,PH0907300000,Hearing Disability,Female,Mild,PH097300000,13244,285,433,1653,10873
Region IX (Zamboanga Peninsula),ZAMBOANGA DEL SUR,PH090000000,PH0907300000,Hearing Disability,Female,Moderate,PH097300000,1563,77,84,150,1252
Region IX (Zamboanga Peninsula),ZAMBOANGA DEL SUR,PH090000000,PH0907300000,Hearing Disability,Female,Severe,PH097300000,433,71,78,74,210
Region IX (Zamboanga Peninsula),ZAMBOANGA DEL SUR,PH090000000,PH0907300000,Hearing Disability,Male,All,PH097300000,13924,535,760,2126,10503
Region IX (Zamboanga Peninsula),ZAMBOANGA DEL SUR,PH090000000,PH0907300000,Hearing Disability,Male,Mild,PH097300000,11944,335,529,1829,9251
Region IX (Zamboanga Peninsula),ZAMBOANGA DEL SUR,PH090000000,PH0907300000,Hearing Disability,Male,Moderate,PH097300000,1523,104,118,192,1109
Region IX (Zamboanga Peninsula),ZAMBOANGA DEL SUR,PH090000000,PH0907300000,Hearing Disability,Male,Severe,PH097300000,457,96,113,105,143
Region IX (Zamboanga Peninsula),ZAMBOANGA DEL SUR,PH090000000,PH0907300000,Mobility Disability,Both Sexes,All,PH097300000,31472,1182,1353,4999,23938
Region IX (Zamboanga Peninsula),ZAMBOANGA DEL SUR,PH090000000,PH0907300000,Mobility Disability,Both Sexes,Mild,PH097300000,24629,608,862,3864,19295
Region IX (Zamboanga Peninsula),ZAMBOANGA DEL SUR,PH090000000,PH0907300000,Mobility Disability,Both Sexes,Moderate,PH097300000,4686,274,302,772,3338
Region IX (Zamboanga Peninsula),ZAMBOANGA DEL SUR,PH090000000,PH0907300000,Mobility Disability,Both Sexes,Severe,PH097300000,2157,300,189,363,1305
Region IX (Zamboanga Peninsula),ZAMBOANGA DEL SUR,PH090000000,PH0907300000,Mobility Disability,Female,All,PH097300000,16933,533,548,2188,13664
Region IX (Zamboanga Peninsula),ZAMBOANGA DEL SUR,PH090000000,PH0907300000,Mobility Disability,Female,Mild,PH097300000,13318,274,342,1745,10957
Region IX (Zamboanga Peninsula),ZAMBOANGA DEL SUR,PH090000000,PH0907300000,Mobility Disability,Female,Moderate,PH097300000,2457,121,125,285,1926
Region IX (Zamboanga Peninsula),ZAMBOANGA DEL SUR,PH090000000,PH0907300000,Mobility Disability,Female,Severe,PH097300000,1158,138,81,158,781
Region IX (Zamboanga Peninsula),ZAMBOANGA DEL SUR,PH090000000,PH0907300000,Mobility Disability,Male,All,PH097300000,14539,649,805,2811,10274
Region IX (Zamboanga Peninsula),ZAMBOANGA DEL SUR,PH090000000,PH0907300000,Mobility Disability,Male,Mild,PH097300000,11311,334,520,2119,8338
Region IX (Zamboanga Peninsula),ZAMBOANGA DEL SUR,PH090000000,PH0907300000,Mobility Disability,Male,Moderate,PH097300000,2229,153,177,487,1412
Region IX (Zamboanga Peninsula),ZAMBOANGA DEL SUR,PH090000000,PH0907300000,Mobility Disability,Male,Severe,PH097300000,999,162,108,205,524
Region IX (Zamboanga Peninsula),ZAMBOANGA DEL SUR,PH090000000,PH0907300000,Self-Care Disability,Both Sexes,All,PH097300000,14026,2593,1224,1878,8331
Region IX (Zamboanga Peninsula),ZAMBOANGA DEL SUR,PH090000000,PH0907300000,Self-Care Disability,Both Sexes,Mild,PH097300000,9067,1480,684,1214,5689
Region IX (Zamboanga Peninsula),ZAMBOANGA DEL SUR,PH090000000,PH0907300000,Self-Care Disability,Both Sexes,Moderate,PH097300000,2350,452,268,324,1306
Region IX (Zamboanga Peninsula),ZAMBOANGA DEL SUR,PH090000000,PH0907300000,Self-Care Disability,Both Sexes,Severe,PH097300000,2609,661,272,340,1336
Region IX (Zamboanga Peninsula),ZAMBOANGA DEL SUR,PH090000000,PH0907300000,Self-Care Disability,Female,All,PH097300000,7400,1148,529,859,4864
Region IX (Zamboanga Peninsula),ZAMBOANGA DEL SUR,PH090000000,PH0907300000,Self-Care Disability,Female,Mild,PH097300000,4780,673,278,562,3267
Region IX (Zamboanga Peninsula),ZAMBOANGA DEL SUR,PH090000000,PH0907300000,Self-Care Disability,Female,Moderate,PH097300000,1241,185,132,139,785
Region IX (Zamboanga Peninsula),ZAMBOANGA DEL SUR,PH090000000,PH0907300000,Self-Care Disability,Female,Severe,PH097300000,1379,290,119,158,812
Region IX (Zamboanga Peninsula),ZAMBOANGA DEL SUR,PH090000000,PH0907300000,Self-Care Disability,Male,All,PH097300000,6626,1445,695,1019,3467
Region IX (Zamboanga Peninsula),ZAMBOANGA DEL SUR,PH090000000,PH0907300000,Self-Care Disability,Male,Mild,PH097300000,4287,807,406,652,2422
Region IX (Zamboanga Peninsula),ZAMBOANGA DEL SUR,PH090000000,PH0907300000,Self-Care Disability,Male,Moderate,PH097300000,1109,267,136,185,521
Region IX (Zamboanga Peninsula),ZAMBOANGA DEL SUR,PH090000000,PH0907300000,Self-Care Disability,Male,Severe,PH097300000,1230,371,153,182,524
Region IX (Zamboanga Peninsula),ZAMBOANGA DEL SUR,PH090000000,PH0907300000,Visual Disability,Both Sexes,All,PH097300000,99819,2134,5219,30858,61608
Region IX (Zamboanga Peninsula),ZAMBOANGA DEL SUR,PH090000000,PH0907300000,Visual Disability,Both Sexes,Mild,PH097300000,92291,1777,4746,29507,56261
Region IX (Zamboanga Peninsula),ZAMBOANGA DEL SUR,PH090000000,PH0907300000,Visual Disability,Both Sexes,Moderate,PH097300000,6339,215,350,1153,4621
Region IX (Zamboanga Peninsula),ZAMBOANGA DEL SUR,PH090000000,PH0907300000,Visual Disability,Both Sexes,Severe,PH097300000,1189,142,123,198,726
Region IX (Zamboanga Peninsula),ZAMBOANGA DEL SUR,PH090000000,PH0907300000,Visual Disability,Female,All,PH097300000,56358,1183,3193,16975,35007
Region IX (Zamboanga Peninsula),ZAMBOANGA DEL SUR,PH090000000,PH0907300000,Visual Disability,Female,Mild,PH097300000,51864,1010,2942,16238,31674
Region IX (Zamboanga Peninsula),ZAMBOANGA DEL SUR,PH090000000,PH0907300000,Visual Disability,Female,Moderate,PH097300000,3805,107,196,641,2861
Region IX (Zamboanga Peninsula),ZAMBOANGA DEL SUR,PH090000000,PH0907300000,Visual Disability,Female,Severe,PH097300000,689,66,55,96,472
Region IX (Zamboanga Peninsula),ZAMBOANGA DEL SUR,PH090000000,PH0907300000,Visual Disability,Male,All,PH097300000,43461,951,2026,13883,26601
Region IX (Zamboanga Peninsula),ZAMBOANGA DEL SUR,PH090000000,PH0907300000,Visual Disability,Male,Mild,PH097300000,40427,767,1804,13269,24587
Region IX (Zamboanga Peninsula),ZAMBOANGA DEL SUR,PH090000000,PH0907300000,Visual Disability,Male,Moderate,PH097300000,2534,108,154,512,1760
Region IX (Zamboanga Peninsula),ZAMBOANGA DEL SUR,PH090000000,PH0907300000,Visual Disability,Male,Severe,PH097300000,500,76,68,102,254
Region IX (Zamboanga Peninsula),ZAMBOANGA SIBUGAY,PH090000000,PH0908300000,Cognitive Disability,Both Sexes,All,PH098300000,15255,705,1175,3946,9429
Region IX (Zamboanga Peninsula),ZAMBOANGA SIBUGAY,PH090000000,PH0908300000,Cognitive Disability,Both Sexes,Mild,PH098300000,13363,359,895,3617,8492
Region IX (Zamboanga Peninsula),ZAMBOANGA SIBUGAY,PH090000000,PH0908300000,Cognitive Disability,Both Sexes,Moderate,PH098300000,1432,205,196,254,777
Region IX (Zamboanga Peninsula),ZAMBOANGA SIBUGAY,PH090000000,PH0908300000,Cognitive Disability,Both Sexes,Severe,PH098300000,460,141,84,75,160
Region IX (Zamboanga Peninsula),ZAMBOANGA SIBUGAY,PH090000000,PH0908300000,Cognitive Disability,Female,All,PH098300000,8315,304,639,2143,5229
Region IX (Zamboanga Peninsula),ZAMBOANGA SIBUGAY,PH090000000,PH0908300000,Cognitive Disability,Female,Mild,PH098300000,7350,157,506,2005,4682
Region IX (Zamboanga Peninsula),ZAMBOANGA SIBUGAY,PH090000000,PH0908300000,Cognitive Disability,Female,Moderate,PH098300000,738,93,92,109,444
Region IX (Zamboanga Peninsula),ZAMBOANGA SIBUGAY,PH090000000,PH0908300000,Cognitive Disability,Female,Severe,PH098300000,227,54,41,29,103
Region IX (Zamboanga Peninsula),ZAMBOANGA SIBUGAY,PH090000000,PH0908300000,Cognitive Disability,Male,All,PH098300000,6940,401,536,1803,4200
Region IX (Zamboanga Peninsula),ZAMBOANGA SIBUGAY,PH090000000,PH0908300000,Cognitive Disability,Male,Mild,PH098300000,6013,202,389,1612,3810
Region IX (Zamboanga Peninsula),ZAMBOANGA SIBUGAY,PH090000000,PH0908300000,Cognitive Disability,Male,Moderate,PH098300000,694,112,104,145,333
Region IX (Zamboanga Peninsula),ZAMBOANGA SIBUGAY,PH090000000,PH0908300000,Cognitive Disability,Male,Severe,PH098300000,233,87,43,46,57
Region IX (Zamboanga Peninsula),ZAMBOANGA SIBUGAY,PH090000000,PH0908300000,Communication Disability,Both Sexes,All,PH098300000,4374,904,747,746,1977
Region IX (Zamboanga Peninsula),ZAMBOANGA SIBUGAY,PH090000000,PH0908300000,Communication Disability,Both Sexes,Mild,PH098300000,2552,357,373,420,1402
Region IX (Zamboanga Peninsula),ZAMBOANGA SIBUGAY,PH090000000,PH0908300000,Communication Disability,Both Sexes,Moderate,PH098300000,990,245,187,174,384
Region IX (Zamboanga Peninsula),ZAMBOANGA SIBUGAY,PH090000000,PH0908300000,Communication Disability,Both Sexes,Severe,PH098300000,832,302,187,152,191
Region IX (Zamboanga Peninsula),ZAMBOANGA SIBUGAY,PH090000000,PH0908300000,Communication Disability,Female,All,PH098300000,2097,375,329,328,1065
Region IX (Zamboanga Peninsula),ZAMBOANGA SIBUGAY,PH090000000,PH0908300000,Communication Disability,Female,Mild,PH098300000,1251,147,150,201,753
Region IX (Zamboanga Peninsula),ZAMBOANGA SIBUGAY,PH090000000,PH0908300000,Communication Disability,Female,Moderate,PH098300000,476,105,97,64,210
Region IX (Zamboanga Peninsula),ZAMBOANGA SIBUGAY,PH090000000,PH0908300000,Communication Disability,Female,Severe,PH098300000,370,123,82,63,102
Region IX (Zamboanga Peninsula),ZAMBOANGA SIBUGAY,PH090000000,PH0908300000,Communication Disability,Male,All,PH098300000,2277,529,418,418,912
Region IX (Zamboanga Peninsula),ZAMBOANGA SIBUGAY,PH090000000,PH0908300000,Communication Disability,Male,Mild,PH098300000,1301,210,223,219,649
Region IX (Zamboanga Peninsula),ZAMBOANGA SIBUGAY,PH090000000,PH0908300000,Communication Disability,Male,Moderate,PH098300000,514,140,90,110,174
Region IX (Zamboanga Peninsula),ZAMBOANGA SIBUGAY,PH090000000,PH0908300000,Communication Disability,Male,Severe,PH098300000,462,179,105,89,89
Region IX (Zamboanga Peninsula),ZAMBOANGA SIBUGAY,PH090000000,PH0908300000,Hearing Disability,Both Sexes,All,PH098300000,14015,519,647,2141,10708
Region IX (Zamboanga Peninsula),ZAMBOANGA SIBUGAY,PH090000000,PH0908300000,Hearing Disability,Both Sexes,Mild,PH098300000,12030,352,470,1880,9328
Region IX (Zamboanga Peninsula),ZAMBOANGA SIBUGAY,PH090000000,PH0908300000,Hearing Disability,Both Sexes,Moderate,PH098300000,1588,93,97,182,1216
Region IX (Zamboanga Peninsula),ZAMBOANGA SIBUGAY,PH090000000,PH0908300000,Hearing Disability,Both Sexes,Severe,PH098300000,397,74,80,79,164
Region IX (Zamboanga Peninsula),ZAMBOANGA SIBUGAY,PH090000000,PH0908300000,Hearing Disability,Female,All,PH098300000,6970,216,291,1018,5445
Region IX (Zamboanga Peninsula),ZAMBOANGA SIBUGAY,PH090000000,PH0908300000,Hearing Disability,Female,Mild,PH098300000,6015,142,212,907,4754
Region IX (Zamboanga Peninsula),ZAMBOANGA SIBUGAY,PH090000000,PH0908300000,Hearing Disability,Female,Moderate,PH098300000,760,46,38,70,606
Region IX (Zamboanga Peninsula),ZAMBOANGA SIBUGAY,PH090000000,PH0908300000,Hearing Disability,Female,Severe,PH098300000,195,28,41,41,85
Region IX (Zamboanga Peninsula),ZAMBOANGA SIBUGAY,PH090000000,PH0908300000,Hearing Disability,Male,All,PH098300000,7045,303,356,1123,5263
Region IX (Zamboanga Peninsula),ZAMBOANGA SIBUGAY,PH090000000,PH0908300000,Hearing Disability,Male,Mild,PH098300000,6015,210,258,973,4574
Region IX (Zamboanga Peninsula),ZAMBOANGA SIBUGAY,PH090000000,PH0908300000,Hearing Disability,Male,Moderate,PH098300000,828,47,59,112,610
Region IX (Zamboanga Peninsula),ZAMBOANGA SIBUGAY,PH090000000,PH0908300000,Hearing Disability,Male,Severe,PH098300000,202,46,39,38,79
Region IX (Zamboanga Peninsula),ZAMBOANGA SIBUGAY,PH090000000,PH0908300000,Mobility Disability,Both Sexes,All,PH098300000,13037,547,608,2424,9458
Region IX (Zamboanga Peninsula),ZAMBOANGA SIBUGAY,PH090000000,PH0908300000,Mobility Disability,Both Sexes,Mild,PH098300000,10301,281,371,1929,7720
Region IX (Zamboanga Peninsula),ZAMBOANGA SIBUGAY,PH090000000,PH0908300000,Mobility Disability,Both Sexes,Moderate,PH098300000,1922,106,145,376,1295
Region IX (Zamboanga Peninsula),ZAMBOANGA SIBUGAY,PH090000000,PH0908300000,Mobility Disability,Both Sexes,Severe,PH098300000,814,160,92,119,443
Region IX (Zamboanga Peninsula),ZAMBOANGA SIBUGAY,PH090000000,PH0908300000,Mobility Disability,Female,All,PH098300000,6655,249,259,1058,5089
Region IX (Zamboanga Peninsula),ZAMBOANGA SIBUGAY,PH090000000,PH0908300000,Mobility Disability,Female,Mild,PH098300000,5315,127,152,851,4185
Region IX (Zamboanga Peninsula),ZAMBOANGA SIBUGAY,PH090000000,PH0908300000,Mobility Disability,Female,Moderate,PH098300000,935,56,68,154,657
Region IX (Zamboanga Peninsula),ZAMBOANGA SIBUGAY,PH090000000,PH0908300000,Mobility Disability,Female,Severe,PH098300000,405,66,39,53,247
Region IX (Zamboanga Peninsula),ZAMBOANGA SIBUGAY,PH090000000,PH0908300000,Mobility Disability,Male,All,PH098300000,6382,298,349,1366,4369
Region IX (Zamboanga Peninsula),ZAMBOANGA SIBUGAY,PH090000000,PH0908300000,Mobility Disability,Male,Mild,PH098300000,4986,154,219,1078,3535
Region IX (Zamboanga Peninsula),ZAMBOANGA SIBUGAY,PH090000000,PH0908300000,Mobility Disability,Male,Moderate,PH098300000,987,50,77,222,638
Region IX (Zamboanga Peninsula),ZAMBOANGA SIBUGAY,PH090000000,PH0908300000,Mobility Disability,Male,Severe,PH098300000,409,94,53,66,196
Region IX (Zamboanga Peninsula),ZAMBOANGA SIBUGAY,PH090000000,PH0908300000,Self-Care Disability,Both Sexes,All,PH098300000,4170,718,384,559,2509
Region IX (Zamboanga Peninsula),ZAMBOANGA SIBUGAY,PH090000000,PH0908300000,Self-Care Disability,Both Sexes,Mild,PH098300000,2458,353,176,335,1594
Region IX (Zamboanga Peninsula),ZAMBOANGA SIBUGAY,PH090000000,PH0908300000,Self-Care Disability,Both Sexes,Moderate,PH098300000,807,143,99,113,452
Region IX (Zamboanga Peninsula),ZAMBOANGA SIBUGAY,PH090000000,PH0908300000,Self-Care Disability,Both Sexes,Severe,PH098300000,905,222,109,111,463
Region IX (Zamboanga Peninsula),ZAMBOANGA SIBUGAY,PH090000000,PH0908300000,Self-Care Disability,Female,All,PH098300000,2083,306,177,236,1364
Region IX (Zamboanga Peninsula),ZAMBOANGA SIBUGAY,PH090000000,PH0908300000,Self-Care Disability,Female,Mild,PH098300000,1258,157,78,158,865
Region IX (Zamboanga Peninsula),ZAMBOANGA SIBUGAY,PH090000000,PH0908300000,Self-Care Disability,Female,Moderate,PH098300000,380,65,47,35,233
Region IX (Zamboanga Peninsula),ZAMBOANGA SIBUGAY,PH090000000,PH0908300000,Self-Care Disability,Female,Severe,PH098300000,445,84,52,43,266
Region IX (Zamboanga Peninsula),ZAMBOANGA SIBUGAY,PH090000000,PH0908300000,Self-Care Disability,Male,All,PH098300000,2087,412,207,323,1145
Region IX (Zamboanga Peninsula),ZAMBOANGA SIBUGAY,PH090000000,PH0908300000,Self-Care Disability,Male,Mild,PH098300000,1200,196,98,177,729
Region IX (Zamboanga Peninsula),ZAMBOANGA SIBUGAY,PH090000000,PH0908300000,Self-Care Disability,Male,Moderate,PH098300000,427,78,52,78,219
Region IX (Zamboanga Peninsula),ZAMBOANGA SIBUGAY,PH090000000,PH0908300000,Self-Care Disability,Male,Severe,PH098300000,460,138,57,68,197
Region IX (Zamboanga Peninsula),ZAMBOANGA SIBUGAY,PH090000000,PH0908300000,Visual Disability,Both Sexes,All,PH098300000,49646,835,2158,17458,29195
Region IX (Zamboanga Peninsula),ZAMBOANGA SIBUGAY,PH090000000,PH0908300000,Visual Disability,Both Sexes,Mild,PH098300000,46095,670,1985,16722,26718
Region IX (Zamboanga Peninsula),ZAMBOANGA SIBUGAY,PH090000000,PH0908300000,Visual Disability,Both Sexes,Moderate,PH098300000,3096,123,135,651,2187
Region IX (Zamboanga Peninsula),ZAMBOANGA SIBUGAY,PH090000000,PH0908300000,Visual Disability,Both Sexes,Severe,PH098300000,455,42,38,85,290
Region IX (Zamboanga Peninsula),ZAMBOANGA SIBUGAY,PH090000000,PH0908300000,Visual Disability,Female,All,PH098300000,27297,444,1377,9620,15856
Region IX (Zamboanga Peninsula),ZAMBOANGA SIBUGAY,PH090000000,PH0908300000,Visual Disability,Female,Mild,PH098300000,25291,369,1283,9236,14403
Region IX (Zamboanga Peninsula),ZAMBOANGA SIBUGAY,PH090000000,PH0908300000,Visual Disability,Female,Moderate,PH098300000,1756,60,76,341,1279
Region IX (Zamboanga Peninsula),ZAMBOANGA SIBUGAY,PH090000000,PH0908300000,Visual Disability,Female,Severe,PH098300000,250,15,18,43,174
Region IX (Zamboanga Peninsula),ZAMBOANGA SIBUGAY,PH090000000,PH0908300000,Visual Disability,Male,All,PH098300000,22349,391,781,7838,13339
Region IX (Zamboanga Peninsula),ZAMBOANGA SIBUGAY,PH090000000,PH0908300000,Visual Disability,Male,Mild,PH098300000,20804,301,702,7486,12315
Region IX (Zamboanga Peninsula),ZAMBOANGA SIBUGAY,PH090000000,PH0908300000,Visual Disability,Male,Moderate,PH098300000,1340,63,59,310,908
Region IX (Zamboanga Peninsula),ZAMBOANGA SIBUGAY,PH090000000,PH0908300000,Visual Disability,Male,Severe,PH098300000,205,27,20,42,116
Region V (Bicol Region),ALBAY,PH050000000,PH0500500000,Cognitive Disability,Both Sexes,All,PH050500000,17965,1027,1432,3477,12029
Region V (Bicol Region),ALBAY,PH050000000,PH0500500000,Cognitive Disability,Both Sexes,Mild,PH050500000,14639,589,944,2907,10199
Region V (Bicol Region),ALBAY,PH050000000,PH0500500000,Cognitive Disability,Both Sexes,Moderate,PH050500000,2467,269,323,406,1469
Region V (Bicol Region),ALBAY,PH050000000,PH0500500000,Cognitive Disability,Both Sexes,Severe,PH050500000,859,169,165,164,361
Region V (Bicol Region),ALBAY,PH050000000,PH0500500000,Cognitive Disability,Female,All,PH050500000,10684,423,737,1972,7552
Region V (Bicol Region),ALBAY,PH050000000,PH0500500000,Cognitive Disability,Female,Mild,PH050500000,8818,247,526,1693,6352
Region V (Bicol Region),ALBAY,PH050000000,PH0500500000,Cognitive Disability,Female,Moderate,PH050500000,1390,104,129,207,950
Region V (Bicol Region),ALBAY,PH050000000,PH0500500000,Cognitive Disability,Female,Severe,PH050500000,476,72,82,72,250
Region V (Bicol Region),ALBAY,PH050000000,PH0500500000,Cognitive Disability,Male,All,PH050500000,7281,604,695,1505,4477
Region V (Bicol Region),ALBAY,PH050000000,PH0500500000,Cognitive Disability,Male,Mild,PH050500000,5821,342,418,1214,3847
Region V (Bicol Region),ALBAY,PH050000000,PH0500500000,Cognitive Disability,Male,Moderate,PH050500000,1077,165,194,199,519
Region V (Bicol Region),ALBAY,PH050000000,PH0500500000,Cognitive Disability,Male,Severe,PH050500000,383,97,83,92,111
Region V (Bicol Region),ALBAY,PH050000000,PH0500500000,Communication Disability,Both Sexes,All,PH050500000,9431,1707,1520,1802,4402
Region V (Bicol Region),ALBAY,PH050000000,PH0500500000,Communication Disability,Both Sexes,Mild,PH050500000,5247,705,645,976,2921
Region V (Bicol Region),ALBAY,PH050000000,PH0500500000,Communication Disability,Both Sexes,Moderate,PH050500000,2327,490,446,457,934
Region V (Bicol Region),ALBAY,PH050000000,PH0500500000,Communication Disability,Both Sexes,Severe,PH050500000,1857,512,429,369,547
Region V (Bicol Region),ALBAY,PH050000000,PH0500500000,Communication Disability,Female,All,PH050500000,4782,739,683,795,2565
Region V (Bicol Region),ALBAY,PH050000000,PH0500500000,Communication Disability,Female,Mild,PH050500000,2730,310,287,413,1720
Region V (Bicol Region),ALBAY,PH050000000,PH0500500000,Communication Disability,Female,Moderate,PH050500000,1146,195,197,224,530
Region V (Bicol Region),ALBAY,PH050000000,PH0500500000,Communication Disability,Female,Severe,PH050500000,906,234,199,158,315
Region V (Bicol Region),ALBAY,PH050000000,PH0500500000,Communication Disability,Male,All,PH050500000,4649,968,837,1007,1837
Region V (Bicol Region),ALBAY,PH050000000,PH0500500000,Communication Disability,Male,Mild,PH050500000,2517,395,358,563,1201
Region V (Bicol Region),ALBAY,PH050000000,PH0500500000,Communication Disability,Male,Moderate,PH050500000,1181,295,249,233,404
Region V (Bicol Region),ALBAY,PH050000000,PH0500500000,Communication Disability,Male,Severe,PH050500000,951,278,230,211,232
Region V (Bicol Region),ALBAY,PH050000000,PH0500500000,Hearing Disability,Both Sexes,All,PH050500000,27346,1309,1576,4139,20322
Region V (Bicol Region),ALBAY,PH050000000,PH0500500000,Hearing Disability,Both Sexes,Mild,PH050500000,23203,946,1184,3574,17499
Region V (Bicol Region),ALBAY,PH050000000,PH0500500000,Hearing Disability,Both Sexes,Moderate,PH050500000,3256,183,196,385,2492
Region V (Bicol Region),ALBAY,PH050000000,PH0500500000,Hearing Disability,Both Sexes,Severe,PH050500000,887,180,196,180,331
Region V (Bicol Region),ALBAY,PH050000000,PH0500500000,Hearing Disability,Female,All,PH050500000,14572,593,758,1957,11264
Region V (Bicol Region),ALBAY,PH050000000,PH0500500000,Hearing Disability,Female,Mild,PH050500000,12319,431,547,1706,9635
Region V (Bicol Region),ALBAY,PH050000000,PH0500500000,Hearing Disability,Female,Moderate,PH050500000,1819,86,101,173,1459
Region V (Bicol Region),ALBAY,PH050000000,PH0500500000,Hearing Disability,Female,Severe,PH050500000,434,76,110,78,170
Region V (Bicol Region),ALBAY,PH050000000,PH0500500000,Hearing Disability,Male,All,PH050500000,12774,716,818,2182,9058
Region V (Bicol Region),ALBAY,PH050000000,PH0500500000,Hearing Disability,Male,Mild,PH050500000,10884,515,637,1868,7864
Region V (Bicol Region),ALBAY,PH050000000,PH0500500000,Hearing Disability,Male,Moderate,PH050500000,1437,97,95,212,1033
Region V (Bicol Region),ALBAY,PH050000000,PH0500500000,Hearing Disability,Male,Severe,PH050500000,453,104,86,102,161
Region V (Bicol Region),ALBAY,PH050000000,PH0500500000,Mobility Disability,Both Sexes,All,PH050500000,31907,1154,1319,5026,24408
Region V (Bicol Region),ALBAY,PH050000000,PH0500500000,Mobility Disability,Both Sexes,Mild,PH050500000,24742,606,852,4027,19257
Region V (Bicol Region),ALBAY,PH050000000,PH0500500000,Mobility Disability,Both Sexes,Moderate,PH050500000,4742,231,263,726,3522
Region V (Bicol Region),ALBAY,PH050000000,PH0500500000,Mobility Disability,Both Sexes,Severe,PH050500000,2423,317,204,273,1629
Region V (Bicol Region),ALBAY,PH050000000,PH0500500000,Mobility Disability,Female,All,PH050500000,17284,535,524,2070,14155
Region V (Bicol Region),ALBAY,PH050000000,PH0500500000,Mobility Disability,Female,Mild,PH050500000,13452,272,325,1702,11153
Region V (Bicol Region),ALBAY,PH050000000,PH0500500000,Mobility Disability,Female,Moderate,PH050500000,2468,109,105,254,2000
Region V (Bicol Region),ALBAY,PH050000000,PH0500500000,Mobility Disability,Female,Severe,PH050500000,1364,154,94,114,1002
Region V (Bicol Region),ALBAY,PH050000000,PH0500500000,Mobility Disability,Male,All,PH050500000,14623,619,795,2956,10253
Region V (Bicol Region),ALBAY,PH050000000,PH0500500000,Mobility Disability,Male,Mild,PH050500000,11290,334,527,2325,8104
Region V (Bicol Region),ALBAY,PH050000000,PH0500500000,Mobility Disability,Male,Moderate,PH050500000,2274,122,158,472,1522
Region V (Bicol Region),ALBAY,PH050000000,PH0500500000,Mobility Disability,Male,Severe,PH050500000,1059,163,110,159,627
Region V (Bicol Region),ALBAY,PH050000000,PH0500500000,Self-Care Disability,Both Sexes,All,PH050500000,9013,1276,769,1101,5867
Region V (Bicol Region),ALBAY,PH050000000,PH0500500000,Self-Care Disability,Both Sexes,Mild,PH050500000,4736,651,355,590,3140
Region V (Bicol Region),ALBAY,PH050000000,PH0500500000,Self-Care Disability,Both Sexes,Moderate,PH050500000,1862,214,168,248,1232
Region V (Bicol Region),ALBAY,PH050000000,PH0500500000,Self-Care Disability,Both Sexes,Severe,PH050500000,2415,411,246,263,1495
Region V (Bicol Region),ALBAY,PH050000000,PH0500500000,Self-Care Disability,Female,All,PH050500000,4932,559,325,487,3561
Region V (Bicol Region),ALBAY,PH050000000,PH0500500000,Self-Care Disability,Female,Mild,PH050500000,2603,285,144,262,1912
Region V (Bicol Region),ALBAY,PH050000000,PH0500500000,Self-Care Disability,Female,Moderate,PH050500000,971,82,70,107,712
Region V (Bicol Region),ALBAY,PH050000000,PH0500500000,Self-Care Disability,Female,Severe,PH050500000,1358,192,111,118,937
Region V (Bicol Region),ALBAY,PH050000000,PH0500500000,Self-Care Disability,Male,All,PH050500000,4081,717,444,614,2306
Region V (Bicol Region),ALBAY,PH050000000,PH0500500000,Self-Care Disability,Male,Mild,PH050500000,2133,366,211,328,1228
Region V (Bicol Region),ALBAY,PH050000000,PH0500500000,Self-Care Disability,Male,Moderate,PH050500000,891,132,98,141,520
Region V (Bicol Region),ALBAY,PH050000000,PH0500500000,Self-Care Disability,Male,Severe,PH050500000,1057,219,135,145,558
Region V (Bicol Region),ALBAY,PH050000000,PH0500500000,Visual Disability,Both Sexes,All,PH050500000,91312,3074,5689,28542,54007
Region V (Bicol Region),ALBAY,PH050000000,PH0500500000,Visual Disability,Both Sexes,Mild,PH050500000,84926,2684,5260,27528,49454
Region V (Bicol Region),ALBAY,PH050000000,PH0500500000,Visual Disability,Both Sexes,Moderate,PH050500000,5442,285,341,844,3972
Region V (Bicol Region),ALBAY,PH050000000,PH0500500000,Visual Disability,Both Sexes,Severe,PH050500000,944,105,88,170,581
Region V (Bicol Region),ALBAY,PH050000000,PH0500500000,Visual Disability,Female,All,PH050500000,53357,1775,3701,16121,31760
Region V (Bicol Region),ALBAY,PH050000000,PH0500500000,Visual Disability,Female,Mild,PH050500000,49621,1589,3467,15624,28941
Region V (Bicol Region),ALBAY,PH050000000,PH0500500000,Visual Disability,Female,Moderate,PH050500000,3204,131,193,428,2452
Region V (Bicol Region),ALBAY,PH050000000,PH0500500000,Visual Disability,Female,Severe,PH050500000,532,55,41,69,367
Region V (Bicol Region),ALBAY,PH050000000,PH0500500000,Visual Disability,Male,All,PH050500000,37955,1299,1988,12421,22247
Region V (Bicol Region),ALBAY,PH050000000,PH0500500000,Visual Disability,Male,Mild,PH050500000,35305,1095,1793,11904,20513
Region V (Bicol Region),ALBAY,PH050000000,PH0500500000,Visual Disability,Male,Moderate,PH050500000,2238,154,148,416,1520
Region V (Bicol Region),ALBAY,PH050000000,PH0500500000,Visual Disability,Male,Severe,PH050500000,412,50,47,101,214
Region V (Bicol Region),CAMARINES NORTE,PH050000000,PH0501600000,Cognitive Disability,Both Sexes,All,PH051600000,11796,705,1005,2690,7396
Region V (Bicol Region),CAMARINES NORTE,PH050000000,PH0501600000,Cognitive Disability,Both Sexes,Mild,PH051600000,9934,398,740,2391,6405
Region V (Bicol Region),CAMARINES NORTE,PH050000000,PH0501600000,Cognitive Disability,Both Sexes,Moderate,PH051600000,1410,177,186,221,826
Region V (Bicol Region),CAMARINES NORTE,PH050000000,PH0501600000,Cognitive Disability,Both Sexes,Severe,PH051600000,452,130,79,78,165
Region V (Bicol Region),CAMARINES NORTE,PH050000000,PH0501600000,Cognitive Disability,Female,All,PH051600000,7164,302,579,1626,4657
Region V (Bicol Region),CAMARINES NORTE,PH050000000,PH0501600000,Cognitive Disability,Female,Mild,PH051600000,6096,177,451,1456,4012
Region V (Bicol Region),CAMARINES NORTE,PH050000000,PH0501600000,Cognitive Disability,Female,Moderate,PH051600000,817,64,86,125,542
Region V (Bicol Region),CAMARINES NORTE,PH050000000,PH0501600000,Cognitive Disability,Female,Severe,PH051600000,251,61,42,45,103
Region V (Bicol Region),CAMARINES NORTE,PH050000000,PH0501600000,Cognitive Disability,Male,All,PH051600000,4632,403,426,1064,2739
Region V (Bicol Region),CAMARINES NORTE,PH050000000,PH0501600000,Cognitive Disability,Male,Mild,PH051600000,3838,221,289,935,2393
Region V (Bicol Region),CAMARINES NORTE,PH050000000,PH0501600000,Cognitive Disability,Male,Moderate,PH051600000,593,113,100,96,284
Region V (Bicol Region),CAMARINES NORTE,PH050000000,PH0501600000,Cognitive Disability,Male,Severe,PH051600000,201,69,37,33,62
Region V (Bicol Region),CAMARINES NORTE,PH050000000,PH0501600000,Communication Disability,Both Sexes,All,PH051600000,4876,1095,878,851,2052
Region V (Bicol Region),CAMARINES NORTE,PH050000000,PH0501600000,Communication Disability,Both Sexes,Mild,PH051600000,2601,429,382,466,1324
Region V (Bicol Region),CAMARINES NORTE,PH050000000,PH0501600000,Communication Disability,Both Sexes,Moderate,PH051600000,1287,323,246,231,487
Region V (Bicol Region),CAMARINES NORTE,PH050000000,PH0501600000,Communication Disability,Both Sexes,Severe,PH051600000,988,343,250,154,241
Region V (Bicol Region),CAMARINES NORTE,PH050000000,PH0501600000,Communication Disability,Female,All,PH051600000,2432,472,407,379,1174
Region V (Bicol Region),CAMARINES NORTE,PH050000000,PH0501600000,Communication Disability,Female,Mild,PH051600000,1304,164,178,199,763
Region V (Bicol Region),CAMARINES NORTE,PH050000000,PH0501600000,Communication Disability,Female,Moderate,PH051600000,635,146,112,106,271
Region V (Bicol Region),CAMARINES NORTE,PH050000000,PH0501600000,Communication Disability,Female,Severe,PH051600000,493,162,117,74,140
Region V (Bicol Region),CAMARINES NORTE,PH050000000,PH0501600000,Communication Disability,Male,All,PH051600000,2444,623,471,472,878
Region V (Bicol Region),CAMARINES NORTE,PH050000000,PH0501600000,Communication Disability,Male,Mild,PH051600000,1297,265,204,267,561
Region V (Bicol Region),CAMARINES NORTE,PH050000000,PH0501600000,Communication Disability,Male,Moderate,PH051600000,652,177,134,125,216
Region V (Bicol Region),CAMARINES NORTE,PH050000000,PH0501600000,Communication Disability,Male,Severe,PH051600000,495,181,133,80,101
Region V (Bicol Region),CAMARINES NORTE,PH050000000,PH0501600000,Hearing Disability,Both Sexes,All,PH051600000,14144,854,975,2584,9731
Region V (Bicol Region),CAMARINES NORTE,PH050000000,PH0501600000,Hearing Disability,Both Sexes,Mild,PH051600000,12033,628,755,2315,8335
Region V (Bicol Region),CAMARINES NORTE,PH050000000,PH0501600000,Hearing Disability,Both Sexes,Moderate,PH051600000,1661,123,103,176,1259
Region V (Bicol Region),CAMARINES NORTE,PH050000000,PH0501600000,Hearing Disability,Both Sexes,Severe,PH051600000,450,103,117,93,137
Region V (Bicol Region),CAMARINES NORTE,PH050000000,PH0501600000,Hearing Disability,Female,All,PH051600000,7317,396,424,1207,5290
Region V (Bicol Region),CAMARINES NORTE,PH050000000,PH0501600000,Hearing Disability,Female,Mild,PH051600000,6206,287,333,1099,4487
Region V (Bicol Region),CAMARINES NORTE,PH050000000,PH0501600000,Hearing Disability,Female,Moderate,PH051600000,898,60,45,67,726
Region V (Bicol Region),CAMARINES NORTE,PH050000000,PH0501600000,Hearing Disability,Female,Severe,PH051600000,213,49,46,41,77
Region V (Bicol Region),CAMARINES NORTE,PH050000000,PH0501600000,Hearing Disability,Male,All,PH051600000,6827,458,551,1377,4441
Region V (Bicol Region),CAMARINES NORTE,PH050000000,PH0501600000,Hearing Disability,Male,Mild,PH051600000,5827,341,422,1216,3848
Region V (Bicol Region),CAMARINES NORTE,PH050000000,PH0501600000,Hearing Disability,Male,Moderate,PH051600000,763,63,58,109,533
Region V (Bicol Region),CAMARINES NORTE,PH050000000,PH0501600000,Hearing Disability,Male,Severe,PH051600000,237,54,71,52,60
Region V (Bicol Region),CAMARINES NORTE,PH050000000,PH0501600000,Mobility Disability,Both Sexes,All,PH051600000,15852,659,744,2771,11678
Region V (Bicol Region),CAMARINES NORTE,PH050000000,PH0501600000,Mobility Disability,Both Sexes,Mild,PH051600000,12074,322,481,2193,9078
Region V (Bicol Region),CAMARINES NORTE,PH050000000,PH0501600000,Mobility Disability,Both Sexes,Moderate,PH051600000,2640,153,154,424,1909
Region V (Bicol Region),CAMARINES NORTE,PH050000000,PH0501600000,Mobility Disability,Both Sexes,Severe,PH051600000,1138,184,109,154,691
Region V (Bicol Region),CAMARINES NORTE,PH050000000,PH0501600000,Mobility Disability,Female,All,PH051600000,8370,279,264,1089,6738
Region V (Bicol Region),CAMARINES NORTE,PH050000000,PH0501600000,Mobility Disability,Female,Mild,PH051600000,6423,131,163,890,5239
Region V (Bicol Region),CAMARINES NORTE,PH050000000,PH0501600000,Mobility Disability,Female,Moderate,PH051600000,1333,56,61,131,1085
Region V (Bicol Region),CAMARINES NORTE,PH050000000,PH0501600000,Mobility Disability,Female,Severe,PH051600000,614,92,40,68,414
Region V (Bicol Region),CAMARINES NORTE,PH050000000,PH0501600000,Mobility Disability,Male,All,PH051600000,7482,380,480,1682,4940
Region V (Bicol Region),CAMARINES NORTE,PH050000000,PH0501600000,Mobility Disability,Male,Mild,PH051600000,5651,191,318,1303,3839
Region V (Bicol Region),CAMARINES NORTE,PH050000000,PH0501600000,Mobility Disability,Male,Moderate,PH051600000,1307,97,93,293,824
Region V (Bicol Region),CAMARINES NORTE,PH050000000,PH0501600000,Mobility Disability,Male,Severe,PH051600000,524,92,69,86,277
Region V (Bicol Region),CAMARINES NORTE,PH050000000,PH0501600000,Self-Care Disability,Both Sexes,All,PH051600000,4332,793,412,548,2579
Region V (Bicol Region),CAMARINES NORTE,PH050000000,PH0501600000,Self-Care Disability,Both Sexes,Mild,PH051600000,2069,329,160,294,1286
Region V (Bicol Region),CAMARINES NORTE,PH050000000,PH0501600000,Self-Care Disability,Both Sexes,Moderate,PH051600000,959,186,113,117,543
Region V (Bicol Region),CAMARINES NORTE,PH050000000,PH0501600000,Self-Care Disability,Both Sexes,Severe,PH051600000,1304,278,139,137,750
Region V (Bicol Region),CAMARINES NORTE,PH050000000,PH0501600000,Self-Care Disability,Female,All,PH051600000,2295,324,187,233,1551
Region V (Bicol Region),CAMARINES NORTE,PH050000000,PH0501600000,Self-Care Disability,Female,Mild,PH051600000,1112,138,73,123,778
Region V (Bicol Region),CAMARINES NORTE,PH050000000,PH0501600000,Self-Care Disability,Female,Moderate,PH051600000,467,65,48,45,309
Region V (Bicol Region),CAMARINES NORTE,PH050000000,PH0501600000,Self-Care Disability,Female,Severe,PH051600000,716,121,66,65,464
Region V (Bicol Region),CAMARINES NORTE,PH050000000,PH0501600000,Self-Care Disability,Male,All,PH051600000,2037,469,225,315,1028
Region V (Bicol Region),CAMARINES NORTE,PH050000000,PH0501600000,Self-Care Disability,Male,Mild,PH051600000,957,191,87,171,508
Region V (Bicol Region),CAMARINES NORTE,PH050000000,PH0501600000,Self-Care Disability,Male,Moderate,PH051600000,492,121,65,72,234
Region V (Bicol Region),CAMARINES NORTE,PH050000000,PH0501600000,Self-Care Disability,Male,Severe,PH051600000,588,157,73,72,286
Region V (Bicol Region),CAMARINES NORTE,PH050000000,PH0501600000,Visual Disability,Both Sexes,All,PH051600000,45048,1249,2661,15233,25905
Region V (Bicol Region),CAMARINES NORTE,PH050000000,PH0501600000,Visual Disability,Both Sexes,Mild,PH051600000,41228,1050,2432,14589,23157
Region V (Bicol Region),CAMARINES NORTE,PH050000000,PH0501600000,Visual Disability,Both Sexes,Moderate,PH051600000,3330,144,194,557,2435
Region V (Bicol Region),CAMARINES NORTE,PH050000000,PH0501600000,Visual Disability,Both Sexes,Severe,PH051600000,490,55,35,87,313
Region V (Bicol Region),CAMARINES NORTE,PH050000000,PH0501600000,Visual Disability,Female,All,PH051600000,25712,693,1702,8377,14940
Region V (Bicol Region),CAMARINES NORTE,PH050000000,PH0501600000,Visual Disability,Female,Mild,PH051600000,23449,593,1579,8043,13234
Region V (Bicol Region),CAMARINES NORTE,PH050000000,PH0501600000,Visual Disability,Female,Moderate,PH051600000,1971,67,109,290,1505
Region V (Bicol Region),CAMARINES NORTE,PH050000000,PH0501600000,Visual Disability,Female,Severe,PH051600000,292,33,14,44,201
Region V (Bicol Region),CAMARINES NORTE,PH050000000,PH0501600000,Visual Disability,Male,All,PH051600000,19336,556,959,6856,10965
Region V (Bicol Region),CAMARINES NORTE,PH050000000,PH0501600000,Visual Disability,Male,Mild,PH051600000,17779,457,853,6546,9923
Region V (Bicol Region),CAMARINES NORTE,PH050000000,PH0501600000,Visual Disability,Male,Moderate,PH051600000,1359,77,85,267,930
Region V (Bicol Region),CAMARINES NORTE,PH050000000,PH0501600000,Visual Disability,Male,Severe,PH051600000,198,22,21,43,112
Region V (Bicol Region),CAMARINES SUR,PH050000000,PH0501700000,Cognitive Disability,Both Sexes,All,PH051700000,41336,1814,3472,9001,27049
Region V (Bicol Region),CAMARINES SUR,PH050000000,PH0501700000,Cognitive Disability,Both Sexes,Mild,PH051700000,34973,1028,2617,8071,23257
Region V (Bicol Region),CAMARINES SUR,PH050000000,PH0501700000,Cognitive Disability,Both Sexes,Moderate,PH051700000,4918,435,587,710,3186
Region V (Bicol Region),CAMARINES SUR,PH050000000,PH0501700000,Cognitive Disability,Both Sexes,Severe,PH051700000,1445,351,268,220,606
Region V (Bicol Region),CAMARINES SUR,PH050000000,PH0501700000,Cognitive Disability,Female,All,PH051700000,24968,779,1944,5452,16793
Region V (Bicol Region),CAMARINES SUR,PH050000000,PH0501700000,Cognitive Disability,Female,Mild,PH051700000,21278,439,1552,4967,14320
Region V (Bicol Region),CAMARINES SUR,PH050000000,PH0501700000,Cognitive Disability,Female,Moderate,PH051700000,2879,182,264,380,2053
Region V (Bicol Region),CAMARINES SUR,PH050000000,PH0501700000,Cognitive Disability,Female,Severe,PH051700000,811,158,128,105,420
Region V (Bicol Region),CAMARINES SUR,PH050000000,PH0501700000,Cognitive Disability,Male,All,PH051700000,16368,1035,1528,3549,10256
Region V (Bicol Region),CAMARINES SUR,PH050000000,PH0501700000,Cognitive Disability,Male,Mild,PH051700000,13695,589,1065,3104,8937
Region V (Bicol Region),CAMARINES SUR,PH050000000,PH0501700000,Cognitive Disability,Male,Moderate,PH051700000,2039,253,323,330,1133
Region V (Bicol Region),CAMARINES SUR,PH050000000,PH0501700000,Cognitive Disability,Male,Severe,PH051700000,634,193,140,115,186
Region V (Bicol Region),CAMARINES SUR,PH050000000,PH0501700000,Communication Disability,Both Sexes,All,PH051700000,15568,3203,2661,2672,7032
Region V (Bicol Region),CAMARINES SUR,PH050000000,PH0501700000,Communication Disability,Both Sexes,Mild,PH051700000,8398,1287,1132,1354,4625
Region V (Bicol Region),CAMARINES SUR,PH050000000,PH0501700000,Communication Disability,Both Sexes,Moderate,PH051700000,3912,900,736,727,1549
Region V (Bicol Region),CAMARINES SUR,PH050000000,PH0501700000,Communication Disability,Both Sexes,Severe,PH051700000,3258,1016,793,591,858
Region V (Bicol Region),CAMARINES SUR,PH050000000,PH0501700000,Communication Disability,Female,All,PH051700000,7729,1401,1185,1174,3969
Region V (Bicol Region),CAMARINES SUR,PH050000000,PH0501700000,Communication Disability,Female,Mild,PH051700000,4178,568,461,563,2586
Region V (Bicol Region),CAMARINES SUR,PH050000000,PH0501700000,Communication Disability,Female,Moderate,PH051700000,1950,390,329,348,883
Region V (Bicol Region),CAMARINES SUR,PH050000000,PH0501700000,Communication Disability,Female,Severe,PH051700000,1601,443,395,263,500
Region V (Bicol Region),CAMARINES SUR,PH050000000,PH0501700000,Communication Disability,Male,All,PH051700000,7839,1802,1476,1498,3063
Region V (Bicol Region),CAMARINES SUR,PH050000000,PH0501700000,Communication Disability,Male,Mild,PH051700000,4220,719,671,791,2039
Region V (Bicol Region),CAMARINES SUR,PH050000000,PH0501700000,Communication Disability,Male,Moderate,PH051700000,1962,510,407,379,666
Region V (Bicol Region),CAMARINES SUR,PH050000000,PH0501700000,Communication Disability,Male,Severe,PH051700000,1657,573,398,328,358
Region V (Bicol Region),CAMARINES SUR,PH050000000,PH0501700000,Hearing Disability,Both Sexes,All,PH051700000,51404,2666,3163,8483,37092
Region V (Bicol Region),CAMARINES SUR,PH050000000,PH0501700000,Hearing Disability,Both Sexes,Mild,PH051700000,42865,1937,2410,7437,31081
Region V (Bicol Region),CAMARINES SUR,PH050000000,PH0501700000,Hearing Disability,Both Sexes,Moderate,PH051700000,6936,382,387,738,5429
Region V (Bicol Region),CAMARINES SUR,PH050000000,PH0501700000,Hearing Disability,Both Sexes,Severe,PH051700000,1603,347,366,308,582
Region V (Bicol Region),CAMARINES SUR,PH050000000,PH0501700000,Hearing Disability,Female,All,PH051700000,26463,1176,1461,3879,19947
Region V (Bicol Region),CAMARINES SUR,PH050000000,PH0501700000,Hearing Disability,Female,Mild,PH051700000,22007,846,1118,3438,16605
Region V (Bicol Region),CAMARINES SUR,PH050000000,PH0501700000,Hearing Disability,Female,Moderate,PH051700000,3661,169,170,305,3017
Region V (Bicol Region),CAMARINES SUR,PH050000000,PH0501700000,Hearing Disability,Female,Severe,PH051700000,795,161,173,136,325
Region V (Bicol Region),CAMARINES SUR,PH050000000,PH0501700000,Hearing Disability,Male,All,PH051700000,24941,1490,1702,4604,17145
Region V (Bicol Region),CAMARINES SUR,PH050000000,PH0501700000,Hearing Disability,Male,Mild,PH051700000,20858,1091,1292,3999,14476
Region V (Bicol Region),CAMARINES SUR,PH050000000,PH0501700000,Hearing Disability,Male,Moderate,PH051700000,3275,213,217,433,2412
Region V (Bicol Region),CAMARINES SUR,PH050000000,PH0501700000,Hearing Disability,Male,Severe,PH051700000,808,186,193,172,257
Region V (Bicol Region),CAMARINES SUR,PH050000000,PH0501700000,Mobility Disability,Both Sexes,All,PH051700000,52968,1981,2293,8850,39844
Region V (Bicol Region),CAMARINES SUR,PH050000000,PH0501700000,Mobility Disability,Both Sexes,Mild,PH051700000,40535,975,1493,7064,31003
Region V (Bicol Region),CAMARINES SUR,PH050000000,PH0501700000,Mobility Disability,Both Sexes,Moderate,PH051700000,8374,383,463,1289,6239
Region V (Bicol Region),CAMARINES SUR,PH050000000,PH0501700000,Mobility Disability,Both Sexes,Severe,PH051700000,4059,623,337,497,2602
Region V (Bicol Region),CAMARINES SUR,PH050000000,PH0501700000,Mobility Disability,Female,All,PH051700000,27793,880,895,3468,22550
Region V (Bicol Region),CAMARINES SUR,PH050000000,PH0501700000,Mobility Disability,Female,Mild,PH051700000,21375,428,564,2827,17556
Region V (Bicol Region),CAMARINES SUR,PH050000000,PH0501700000,Mobility Disability,Female,Moderate,PH051700000,4202,184,181,443,3394
Region V (Bicol Region),CAMARINES SUR,PH050000000,PH0501700000,Mobility Disability,Female,Severe,PH051700000,2216,268,150,198,1600
Region V (Bicol Region),CAMARINES SUR,PH050000000,PH0501700000,Mobility Disability,Male,All,PH051700000,25175,1101,1398,5382,17294
Region V (Bicol Region),CAMARINES SUR,PH050000000,PH0501700000,Mobility Disability,Male,Mild,PH051700000,19160,547,929,4237,13447
Region V (Bicol Region),CAMARINES SUR,PH050000000,PH0501700000,Mobility Disability,Male,Moderate,PH051700000,4172,199,282,846,2845
Region V (Bicol Region),CAMARINES SUR,PH050000000,PH0501700000,Mobility Disability,Male,Severe,PH051700000,1843,355,187,299,1002
Region V (Bicol Region),CAMARINES SUR,PH050000000,PH0501700000,Self-Care Disability,Both Sexes,All,PH051700000,15006,2295,1340,1868,9503
Region V (Bicol Region),CAMARINES SUR,PH050000000,PH0501700000,Self-Care Disability,Both Sexes,Mild,PH051700000,7604,1048,561,978,5017
Region V (Bicol Region),CAMARINES SUR,PH050000000,PH0501700000,Self-Care Disability,Both Sexes,Moderate,PH051700000,2960,372,307,410,1871
Region V (Bicol Region),CAMARINES SUR,PH050000000,PH0501700000,Self-Care Disability,Both Sexes,Severe,PH051700000,4442,875,472,480,2615
Region V (Bicol Region),CAMARINES SUR,PH050000000,PH0501700000,Self-Care Disability,Female,All,PH051700000,7978,974,610,826,5568
Region V (Bicol Region),CAMARINES SUR,PH050000000,PH0501700000,Self-Care Disability,Female,Mild,PH051700000,4059,419,247,454,2939
Region V (Bicol Region),CAMARINES SUR,PH050000000,PH0501700000,Self-Care Disability,Female,Moderate,PH051700000,1556,178,131,166,1081
Region V (Bicol Region),CAMARINES SUR,PH050000000,PH0501700000,Self-Care Disability,Female,Severe,PH051700000,2363,377,232,206,1548
Region V (Bicol Region),CAMARINES SUR,PH050000000,PH0501700000,Self-Care Disability,Male,All,PH051700000,7028,1321,730,1042,3935
Region V (Bicol Region),CAMARINES SUR,PH050000000,PH0501700000,Self-Care Disability,Male,Mild,PH051700000,3545,629,314,524,2078
Region V (Bicol Region),CAMARINES SUR,PH050000000,PH0501700000,Self-Care Disability,Male,Moderate,PH051700000,1404,194,176,244,790
Region V (Bicol Region),CAMARINES SUR,PH050000000,PH0501700000,Self-Care Disability,Male,Severe,PH051700000,2079,498,240,274,1067
Region V (Bicol Region),CAMARINES SUR,PH050000000,PH0501700000,Visual Disability,Both Sexes,All,PH051700000,164575,4758,10068,55102,94647
Region V (Bicol Region),CAMARINES SUR,PH050000000,PH0501700000,Visual Disability,Both Sexes,Mild,PH051700000,149818,3993,9252,52634,83939
Region V (Bicol Region),CAMARINES SUR,PH050000000,PH0501700000,Visual Disability,Both Sexes,Moderate,PH051700000,13024,585,670,2153,9616
Region V (Bicol Region),CAMARINES SUR,PH050000000,PH0501700000,Visual Disability,Both Sexes,Severe,PH051700000,1733,180,146,315,1092
Region V (Bicol Region),CAMARINES SUR,PH050000000,PH0501700000,Visual Disability,Female,All,PH051700000,94802,2656,6413,30827,54906
Region V (Bicol Region),CAMARINES SUR,PH050000000,PH0501700000,Visual Disability,Female,Mild,PH051700000,86159,2304,5990,29573,48292
Region V (Bicol Region),CAMARINES SUR,PH050000000,PH0501700000,Visual Disability,Female,Moderate,PH051700000,7683,267,353,1126,5937
Region V (Bicol Region),CAMARINES SUR,PH050000000,PH0501700000,Visual Disability,Female,Severe,PH051700000,960,85,70,128,677
Region V (Bicol Region),CAMARINES SUR,PH050000000,PH0501700000,Visual Disability,Male,All,PH051700000,69773,2102,3655,24275,39741
Region V (Bicol Region),CAMARINES SUR,PH050000000,PH0501700000,Visual Disability,Male,Mild,PH051700000,63659,1689,3262,23061,35647
Region V (Bicol Region),CAMARINES SUR,PH050000000,PH0501700000,Visual Disability,Male,Moderate,PH051700000,5341,318,317,1027,3679
Region V (Bicol Region),CAMARINES SUR,PH050000000,PH0501700000,Visual Disability,Male,Severe,PH051700000,773,95,76,187,415
Region V (Bicol Region),CATANDUANES,PH050000000,PH0502000000,Cognitive Disability,Both Sexes,All,PH052000000,6204,313,585,1371,3935
Region V (Bicol Region),CATANDUANES,PH050000000,PH0502000000,Cognitive Disability,Both Sexes,Mild,PH052000000,5306,186,470,1239,3411
Region V (Bicol Region),CATANDUANES,PH050000000,PH0502000000,Cognitive Disability,Both Sexes,Moderate,PH052000000,681,74,73,101,433
Region V (Bicol Region),CATANDUANES,PH050000000,PH0502000000,Cognitive Disability,Both Sexes,Severe,PH052000000,217,53,42,31,91
Region V (Bicol Region),CATANDUANES,PH050000000,PH0502000000,Cognitive Disability,Female,All,PH052000000,3820,152,356,841,2471
Region V (Bicol Region),CATANDUANES,PH050000000,PH0502000000,Cognitive Disability,Female,Mild,PH052000000,3311,100,310,773,2128
Region V (Bicol Region),CATANDUANES,PH050000000,PH0502000000,Cognitive Disability,Female,Moderate,PH052000000,388,28,26,51,283
Region V (Bicol Region),CATANDUANES,PH050000000,PH0502000000,Cognitive Disability,Female,Severe,PH052000000,121,24,20,17,60
Region V (Bicol Region),CATANDUANES,PH050000000,PH0502000000,Cognitive Disability,Male,All,PH052000000,2384,161,229,530,1464
Region V (Bicol Region),CATANDUANES,PH050000000,PH0502000000,Cognitive Disability,Male,Mild,PH052000000,1995,86,160,466,1283
Region V (Bicol Region),CATANDUANES,PH050000000,PH0502000000,Cognitive Disability,Male,Moderate,PH052000000,293,46,47,50,150
Region V (Bicol Region),CATANDUANES,PH050000000,PH0502000000,Cognitive Disability,Male,Severe,PH052000000,96,29,22,14,31
Region V (Bicol Region),CATANDUANES,PH050000000,PH0502000000,Communication Disability,Both Sexes,All,PH052000000,2442,513,419,402,1108
Region V (Bicol Region),CATANDUANES,PH050000000,PH0502000000,Communication Disability,Both Sexes,Mild,PH052000000,1319,220,184,212,703
Region V (Bicol Region),CATANDUANES,PH050000000,PH0502000000,Communication Disability,Both Sexes,Moderate,PH052000000,639,140,124,113,262
Region V (Bicol Region),CATANDUANES,PH050000000,PH0502000000,Communication Disability,Both Sexes,Severe,PH052000000,484,153,111,77,143
Region V (Bicol Region),CATANDUANES,PH050000000,PH0502000000,Communication Disability,Female,All,PH052000000,1196,218,176,177,625
Region V (Bicol Region),CATANDUANES,PH050000000,PH0502000000,Communication Disability,Female,Mild,PH052000000,671,105,72,86,408
Region V (Bicol Region),CATANDUANES,PH050000000,PH0502000000,Communication Disability,Female,Moderate,PH052000000,309,54,56,60,139
Region V (Bicol Region),CATANDUANES,PH050000000,PH0502000000,Communication Disability,Female,Severe,PH052000000,216,59,48,31,78
Region V (Bicol Region),CATANDUANES,PH050000000,PH0502000000,Communication Disability,Male,All,PH052000000,1246,295,243,225,483
Region V (Bicol Region),CATANDUANES,PH050000000,PH0502000000,Communication Disability,Male,Mild,PH052000000,648,115,112,126,295
Region V (Bicol Region),CATANDUANES,PH050000000,PH0502000000,Communication Disability,Male,Moderate,PH052000000,330,86,68,53,123
Region V (Bicol Region),CATANDUANES,PH050000000,PH0502000000,Communication Disability,Male,Severe,PH052000000,268,94,63,46,65
Region V (Bicol Region),CATANDUANES,PH050000000,PH0502000000,Hearing Disability,Both Sexes,All,PH052000000,6665,413,487,1137,4628
Region V (Bicol Region),CATANDUANES,PH050000000,PH0502000000,Hearing Disability,Both Sexes,Mild,PH052000000,5657,302,376,1020,3959
Region V (Bicol Region),CATANDUANES,PH050000000,PH0502000000,Hearing Disability,Both Sexes,Moderate,PH052000000,797,63,64,81,589
Region V (Bicol Region),CATANDUANES,PH050000000,PH0502000000,Hearing Disability,Both Sexes,Severe,PH052000000,211,48,47,36,80
Region V (Bicol Region),CATANDUANES,PH050000000,PH0502000000,Hearing Disability,Female,All,PH052000000,3385,185,227,490,2483
Region V (Bicol Region),CATANDUANES,PH050000000,PH0502000000,Hearing Disability,Female,Mild,PH052000000,2891,139,181,445,2126
Region V (Bicol Region),CATANDUANES,PH050000000,PH0502000000,Hearing Disability,Female,Moderate,PH052000000,398,26,23,34,315
Region V (Bicol Region),CATANDUANES,PH050000000,PH0502000000,Hearing Disability,Female,Severe,PH052000000,96,20,23,11,42
Region V (Bicol Region),CATANDUANES,PH050000000,PH0502000000,Hearing Disability,Male,All,PH052000000,3280,228,260,647,2145
Region V (Bicol Region),CATANDUANES,PH050000000,PH0502000000,Hearing Disability,Male,Mild,PH052000000,2766,163,195,575,1833
Region V (Bicol Region),CATANDUANES,PH050000000,PH0502000000,Hearing Disability,Male,Moderate,PH052000000,399,37,41,47,274
Region V (Bicol Region),CATANDUANES,PH050000000,PH0502000000,Hearing Disability,Male,Severe,PH052000000,115,28,24,25,38
Region V (Bicol Region),CATANDUANES,PH050000000,PH0502000000,Mobility Disability,Both Sexes,All,PH052000000,8136,319,336,1381,6100
Region V (Bicol Region),CATANDUANES,PH050000000,PH0502000000,Mobility Disability,Both Sexes,Mild,PH052000000,6215,151,239,1154,4671
Region V (Bicol Region),CATANDUANES,PH050000000,PH0502000000,Mobility Disability,Both Sexes,Moderate,PH052000000,1229,66,54,160,949
Region V (Bicol Region),CATANDUANES,PH050000000,PH0502000000,Mobility Disability,Both Sexes,Severe,PH052000000,692,102,43,67,480
Region V (Bicol Region),CATANDUANES,PH050000000,PH0502000000,Mobility Disability,Female,All,PH052000000,4442,136,133,592,3581
Region V (Bicol Region),CATANDUANES,PH050000000,PH0502000000,Mobility Disability,Female,Mild,PH052000000,3395,58,93,505,2739
Region V (Bicol Region),CATANDUANES,PH050000000,PH0502000000,Mobility Disability,Female,Moderate,PH052000000,651,30,21,55,545
Region V (Bicol Region),CATANDUANES,PH050000000,PH0502000000,Mobility Disability,Female,Severe,PH052000000,396,48,19,32,297
Region V (Bicol Region),CATANDUANES,PH050000000,PH0502000000,Mobility Disability,Male,All,PH052000000,3694,183,203,789,2519
Region V (Bicol Region),CATANDUANES,PH050000000,PH0502000000,Mobility Disability,Male,Mild,PH052000000,2820,93,146,649,1932
Region V (Bicol Region),CATANDUANES,PH050000000,PH0502000000,Mobility Disability,Male,Moderate,PH052000000,578,36,33,105,404
Region V (Bicol Region),CATANDUANES,PH050000000,PH0502000000,Mobility Disability,Male,Severe,PH052000000,296,54,24,35,183
Region V (Bicol Region),CATANDUANES,PH050000000,PH0502000000,Self-Care Disability,Both Sexes,All,PH052000000,2174,332,172,236,1434
Region V (Bicol Region),CATANDUANES,PH050000000,PH0502000000,Self-Care Disability,Both Sexes,Mild,PH052000000,964,136,75,113,640
Region V (Bicol Region),CATANDUANES,PH050000000,PH0502000000,Self-Care Disability,Both Sexes,Moderate,PH052000000,427,57,30,58,282
Region V (Bicol Region),CATANDUANES,PH050000000,PH0502000000,Self-Care Disability,Both Sexes,Severe,PH052000000,783,139,67,65,512
Region V (Bicol Region),CATANDUANES,PH050000000,PH0502000000,Self-Care Disability,Female,All,PH052000000,1199,141,74,110,874
Region V (Bicol Region),CATANDUANES,PH050000000,PH0502000000,Self-Care Disability,Female,Mild,PH052000000,525,57,35,49,384
Region V (Bicol Region),CATANDUANES,PH050000000,PH0502000000,Self-Care Disability,Female,Moderate,PH052000000,235,21,11,29,174
Region V (Bicol Region),CATANDUANES,PH050000000,PH0502000000,Self-Care Disability,Female,Severe,PH052000000,439,63,28,32,316
Region V (Bicol Region),CATANDUANES,PH050000000,PH0502000000,Self-Care Disability,Male,All,PH052000000,975,191,98,126,560
Region V (Bicol Region),CATANDUANES,PH050000000,PH0502000000,Self-Care Disability,Male,Mild,PH052000000,439,79,40,64,256
Region V (Bicol Region),CATANDUANES,PH050000000,PH0502000000,Self-Care Disability,Male,Moderate,PH052000000,192,36,19,29,108
Region V (Bicol Region),CATANDUANES,PH050000000,PH0502000000,Self-Care Disability,Male,Severe,PH052000000,344,76,39,33,196
Region V (Bicol Region),CATANDUANES,PH050000000,PH0502000000,Visual Disability,Both Sexes,All,PH052000000,16978,523,827,5348,10280
Region V (Bicol Region),CATANDUANES,PH050000000,PH0502000000,Visual Disability,Both Sexes,Mild,PH052000000,15536,432,766,5111,9227
Region V (Bicol Region),CATANDUANES,PH050000000,PH0502000000,Visual Disability,Both Sexes,Moderate,PH052000000,1239,72,48,199,920
Region V (Bicol Region),CATANDUANES,PH050000000,PH0502000000,Visual Disability,Both Sexes,Severe,PH052000000,203,19,13,38,133
Region V (Bicol Region),CATANDUANES,PH050000000,PH0502000000,Visual Disability,Female,All,PH052000000,9576,281,499,2873,5923
Region V (Bicol Region),CATANDUANES,PH050000000,PH0502000000,Visual Disability,Female,Mild,PH052000000,8767,243,475,2751,5298
Region V (Bicol Region),CATANDUANES,PH050000000,PH0502000000,Visual Disability,Female,Moderate,PH052000000,698,32,18,110,538
Region V (Bicol Region),CATANDUANES,PH050000000,PH0502000000,Visual Disability,Female,Severe,PH052000000,111,6,6,12,87
Region V (Bicol Region),CATANDUANES,PH050000000,PH0502000000,Visual Disability,Male,All,PH052000000,7402,242,328,2475,4357
Region V (Bicol Region),CATANDUANES,PH050000000,PH0502000000,Visual Disability,Male,Mild,PH052000000,6769,189,291,2360,3929
Region V (Bicol Region),CATANDUANES,PH050000000,PH0502000000,Visual Disability,Male,Moderate,PH052000000,541,40,30,89,382
Region V (Bicol Region),CATANDUANES,PH050000000,PH0502000000,Visual Disability,Male,Severe,PH052000000,92,13,7,26,46
Region V (Bicol Region),MASBATE,PH050000000,PH0504100000,Cognitive Disability,Both Sexes,All,PH054100000,10367,611,861,2063,6832
Region V (Bicol Region),MASBATE,PH050000000,PH0504100000,Cognitive Disability,Both Sexes,Mild,PH054100000,8687,341,615,1832,5899
Region V (Bicol Region),MASBATE,PH050000000,PH0504100000,Cognitive Disability,Both Sexes,Moderate,PH054100000,1226,133,164,165,764
Region V (Bicol Region),MASBATE,PH050000000,PH0504100000,Cognitive Disability,Both Sexes,Severe,PH054100000,454,137,82,66,169
Region V (Bicol Region),MASBATE,PH050000000,PH0504100000,Cognitive Disability,Female,All,PH054100000,6114,279,464,1160,4211
Region V (Bicol Region),MASBATE,PH050000000,PH0504100000,Cognitive Disability,Female,Mild,PH054100000,5168,154,355,1055,3604
Region V (Bicol Region),MASBATE,PH050000000,PH0504100000,Cognitive Disability,Female,Moderate,PH054100000,698,55,75,77,491
Region V (Bicol Region),MASBATE,PH050000000,PH0504100000,Cognitive Disability,Female,Severe,PH054100000,248,70,34,28,116
Region V (Bicol Region),MASBATE,PH050000000,PH0504100000,Cognitive Disability,Male,All,PH054100000,4253,332,397,903,2621
Region V (Bicol Region),MASBATE,PH050000000,PH0504100000,Cognitive Disability,Male,Mild,PH054100000,3519,187,260,777,2295
Region V (Bicol Region),MASBATE,PH050000000,PH0504100000,Cognitive Disability,Male,Moderate,PH054100000,528,78,89,88,273
Region V (Bicol Region),MASBATE,PH050000000,PH0504100000,Cognitive Disability,Male,Severe,PH054100000,206,67,48,38,53
Region V (Bicol Region),MASBATE,PH050000000,PH0504100000,Communication Disability,Both Sexes,All,PH054100000,5361,1130,931,938,2362
Region V (Bicol Region),MASBATE,PH050000000,PH0504100000,Communication Disability,Both Sexes,Mild,PH054100000,3073,457,436,495,1685
Region V (Bicol Region),MASBATE,PH050000000,PH0504100000,Communication Disability,Both Sexes,Moderate,PH054100000,1183,302,209,233,439
Region V (Bicol Region),MASBATE,PH050000000,PH0504100000,Communication Disability,Both Sexes,Severe,PH054100000,1105,371,286,210,238
Region V (Bicol Region),MASBATE,PH050000000,PH0504100000,Communication Disability,Female,All,PH054100000,2744,513,428,421,1382
Region V (Bicol Region),MASBATE,PH050000000,PH0504100000,Communication Disability,Female,Mild,PH054100000,1576,197,190,210,979
Region V (Bicol Region),MASBATE,PH050000000,PH0504100000,Communication Disability,Female,Moderate,PH054100000,597,129,97,105,266
Region V (Bicol Region),MASBATE,PH050000000,PH0504100000,Communication Disability,Female,Severe,PH054100000,571,187,141,106,137
Region V (Bicol Region),MASBATE,PH050000000,PH0504100000,Communication Disability,Male,All,PH054100000,2617,617,503,517,980
Region V (Bicol Region),MASBATE,PH050000000,PH0504100000,Communication Disability,Male,Mild,PH054100000,1497,260,246,285,706
Region V (Bicol Region),MASBATE,PH050000000,PH0504100000,Communication Disability,Male,Moderate,PH054100000,586,173,112,128,173
Region V (Bicol Region),MASBATE,PH050000000,PH0504100000,Communication Disability,Male,Severe,PH054100000,534,184,145,104,101
Region V (Bicol Region),MASBATE,PH050000000,PH0504100000,Hearing Disability,Both Sexes,All,PH054100000,14347,579,742,1959,11067
Region V (Bicol Region),MASBATE,PH050000000,PH0504100000,Hearing Disability,Both Sexes,Mild,PH054100000,12225,370,533,1722,9600
Region V (Bicol Region),MASBATE,PH050000000,PH0504100000,Hearing Disability,Both Sexes,Moderate,PH054100000,1609,89,97,142,1281
Region V (Bicol Region),MASBATE,PH050000000,PH0504100000,Hearing Disability,Both Sexes,Severe,PH054100000,513,120,112,95,186
Region V (Bicol Region),MASBATE,PH050000000,PH0504100000,Hearing Disability,Female,All,PH054100000,7535,259,323,886,6067
Region V (Bicol Region),MASBATE,PH050000000,PH0504100000,Hearing Disability,Female,Mild,PH054100000,6460,167,232,793,5268
Region V (Bicol Region),MASBATE,PH050000000,PH0504100000,Hearing Disability,Female,Moderate,PH054100000,827,34,45,54,694
Region V (Bicol Region),MASBATE,PH050000000,PH0504100000,Hearing Disability,Female,Severe,PH054100000,248,58,46,39,105
Region V (Bicol Region),MASBATE,PH050000000,PH0504100000,Hearing Disability,Male,All,PH054100000,6812,320,419,1073,5000
Region V (Bicol Region),MASBATE,PH050000000,PH0504100000,Hearing Disability,Male,Mild,PH054100000,5765,203,301,929,4332
Region V (Bicol Region),MASBATE,PH050000000,PH0504100000,Hearing Disability,Male,Moderate,PH054100000,782,55,52,88,587
Region V (Bicol Region),MASBATE,PH050000000,PH0504100000,Hearing Disability,Male,Severe,PH054100000,265,62,66,56,81
Region V (Bicol Region),MASBATE,PH050000000,PH0504100000,Mobility Disability,Both Sexes,All,PH054100000,16777,650,678,2605,12844
Region V (Bicol Region),MASBATE,PH050000000,PH0504100000,Mobility Disability,Both Sexes,Mild,PH054100000,13368,307,458,2122,10481
Region V (Bicol Region),MASBATE,PH050000000,PH0504100000,Mobility Disability,Both Sexes,Moderate,PH054100000,2284,145,123,341,1675
Region V (Bicol Region),MASBATE,PH050000000,PH0504100000,Mobility Disability,Both Sexes,Severe,PH054100000,1125,198,97,142,688
Region V (Bicol Region),MASBATE,PH050000000,PH0504100000,Mobility Disability,Female,All,PH054100000,9088,297,259,1141,7391
Region V (Bicol Region),MASBATE,PH050000000,PH0504100000,Mobility Disability,Female,Mild,PH054100000,7341,134,183,979,6045
Region V (Bicol Region),MASBATE,PH050000000,PH0504100000,Mobility Disability,Female,Moderate,PH054100000,1132,66,39,107,920
Region V (Bicol Region),MASBATE,PH050000000,PH0504100000,Mobility Disability,Female,Severe,PH054100000,615,97,37,55,426
Region V (Bicol Region),MASBATE,PH050000000,PH0504100000,Mobility Disability,Male,All,PH054100000,7689,353,419,1464,5453
Region V (Bicol Region),MASBATE,PH050000000,PH0504100000,Mobility Disability,Male,Mild,PH054100000,6027,173,275,1143,4436
Region V (Bicol Region),MASBATE,PH050000000,PH0504100000,Mobility Disability,Male,Moderate,PH054100000,1152,79,84,234,755
Region V (Bicol Region),MASBATE,PH050000000,PH0504100000,Mobility Disability,Male,Severe,PH054100000,510,101,60,87,262
Region V (Bicol Region),MASBATE,PH050000000,PH0504100000,Self-Care Disability,Both Sexes,All,PH054100000,4732,673,423,542,3094
Region V (Bicol Region),MASBATE,PH050000000,PH0504100000,Self-Care Disability,Both Sexes,Mild,PH054100000,2696,303,195,295,1903
Region V (Bicol Region),MASBATE,PH050000000,PH0504100000,Self-Care Disability,Both Sexes,Moderate,PH054100000,845,129,87,114,515
Region V (Bicol Region),MASBATE,PH050000000,PH0504100000,Self-Care Disability,Both Sexes,Severe,PH054100000,1191,241,141,133,676
Region V (Bicol Region),MASBATE,PH050000000,PH0504100000,Self-Care Disability,Female,All,PH054100000,2602,320,197,225,1860
Region V (Bicol Region),MASBATE,PH050000000,PH0504100000,Self-Care Disability,Female,Mild,PH054100000,1515,137,97,120,1161
Region V (Bicol Region),MASBATE,PH050000000,PH0504100000,Self-Care Disability,Female,Moderate,PH054100000,443,61,35,43,304
Region V (Bicol Region),MASBATE,PH050000000,PH0504100000,Self-Care Disability,Female,Severe,PH054100000,644,122,65,62,395
Region V (Bicol Region),MASBATE,PH050000000,PH0504100000,Self-Care Disability,Male,All,PH054100000,2130,353,226,317,1234
Region V (Bicol Region),MASBATE,PH050000000,PH0504100000,Self-Care Disability,Male,Mild,PH054100000,1181,166,98,175,742
Region V (Bicol Region),MASBATE,PH050000000,PH0504100000,Self-Care Disability,Male,Moderate,PH054100000,402,68,52,71,211
Region V (Bicol Region),MASBATE,PH050000000,PH0504100000,Self-Care Disability,Male,Severe,PH054100000,547,119,76,71,281
Region V (Bicol Region),MASBATE,PH050000000,PH0504100000,Visual Disability,Both Sexes,All,PH054100000,51475,1143,2398,16626,31308
Region V (Bicol Region),MASBATE,PH050000000,PH0504100000,Visual Disability,Both Sexes,Mild,PH054100000,47595,934,2164,16019,28478
Region V (Bicol Region),MASBATE,PH050000000,PH0504100000,Visual Disability,Both Sexes,Moderate,PH054100000,3219,107,139,491,2482
Region V (Bicol Region),MASBATE,PH050000000,PH0504100000,Visual Disability,Both Sexes,Severe,PH054100000,661,102,95,116,348
Region V (Bicol Region),MASBATE,PH050000000,PH0504100000,Visual Disability,Female,All,PH054100000,29329,651,1458,9278,17942
Region V (Bicol Region),MASBATE,PH050000000,PH0504100000,Visual Disability,Female,Mild,PH054100000,27147,555,1367,8992,16233
Region V (Bicol Region),MASBATE,PH050000000,PH0504100000,Visual Disability,Female,Moderate,PH054100000,1845,41,57,246,1501
Region V (Bicol Region),MASBATE,PH050000000,PH0504100000,Visual Disability,Female,Severe,PH054100000,337,55,34,40,208
Region V (Bicol Region),MASBATE,PH050000000,PH0504100000,Visual Disability,Male,All,PH054100000,22146,492,940,7348,13366
Region V (Bicol Region),MASBATE,PH050000000,PH0504100000,Visual Disability,Male,Mild,PH054100000,20448,379,797,7027,12245
Region V (Bicol Region),MASBATE,PH050000000,PH0504100000,Visual Disability,Male,Moderate,PH054100000,1374,66,82,245,981
Region V (Bicol Region),MASBATE,PH050000000,PH0504100000,Visual Disability,Male,Severe,PH054100000,324,47,61,76,140
Region V (Bicol Region),SORSOGON,PH050000000,PH0506200000,Cognitive Disability,Both Sexes,All,PH056200000,13708,714,1100,2687,9207
Region V (Bicol Region),SORSOGON,PH050000000,PH0506200000,Cognitive Disability,Both Sexes,Mild,PH056200000,11367,360,740,2339,7928
Region V (Bicol Region),SORSOGON,PH050000000,PH0506200000,Cognitive Disability,Both Sexes,Moderate,PH056200000,1789,227,253,259,1050
Region V (Bicol Region),SORSOGON,PH050000000,PH0506200000,Cognitive Disability,Both Sexes,Severe,PH056200000,552,127,107,89,229
Region V (Bicol Region),SORSOGON,PH050000000,PH0506200000,Cognitive Disability,Female,All,PH056200000,8277,339,566,1595,5777
Region V (Bicol Region),SORSOGON,PH050000000,PH0506200000,Cognitive Disability,Female,Mild,PH056200000,6917,177,405,1418,4917
Region V (Bicol Region),SORSOGON,PH050000000,PH0506200000,Cognitive Disability,Female,Moderate,PH056200000,1037,95,113,128,701
Region V (Bicol Region),SORSOGON,PH050000000,PH0506200000,Cognitive Disability,Female,Severe,PH056200000,323,67,48,49,159
Region V (Bicol Region),SORSOGON,PH050000000,PH0506200000,Cognitive Disability,Male,All,PH056200000,5431,375,534,1092,3430
Region V (Bicol Region),SORSOGON,PH050000000,PH0506200000,Cognitive Disability,Male,Mild,PH056200000,4450,183,335,921,3011
Region V (Bicol Region),SORSOGON,PH050000000,PH0506200000,Cognitive Disability,Male,Moderate,PH056200000,752,132,140,131,349
Region V (Bicol Region),SORSOGON,PH050000000,PH0506200000,Cognitive Disability,Male,Severe,PH056200000,229,60,59,40,70
Region V (Bicol Region),SORSOGON,PH050000000,PH0506200000,Communication Disability,Both Sexes,All,PH056200000,6938,1359,1136,1127,3316
Region V (Bicol Region),SORSOGON,PH050000000,PH0506200000,Communication Disability,Both Sexes,Mild,PH056200000,3927,550,475,626,2276
Region V (Bicol Region),SORSOGON,PH050000000,PH0506200000,Communication Disability,Both Sexes,Moderate,PH056200000,1688,407,323,287,671
Region V (Bicol Region),SORSOGON,PH050000000,PH0506200000,Communication Disability,Both Sexes,Severe,PH056200000,1323,402,338,214,369
Region V (Bicol Region),SORSOGON,PH050000000,PH0506200000,Communication Disability,Female,All,PH056200000,3507,620,500,503,1884
Region V (Bicol Region),SORSOGON,PH050000000,PH0506200000,Communication Disability,Female,Mild,PH056200000,2028,254,197,270,1307
Region V (Bicol Region),SORSOGON,PH050000000,PH0506200000,Communication Disability,Female,Moderate,PH056200000,840,188,148,129,375
Region V (Bicol Region),SORSOGON,PH050000000,PH0506200000,Communication Disability,Female,Severe,PH056200000,639,178,155,104,202
Region V (Bicol Region),SORSOGON,PH050000000,PH0506200000,Communication Disability,Male,All,PH056200000,3431,739,636,624,1432
Region V (Bicol Region),SORSOGON,PH050000000,PH0506200000,Communication Disability,Male,Mild,PH056200000,1899,296,278,356,969
Region V (Bicol Region),SORSOGON,PH050000000,PH0506200000,Communication Disability,Male,Moderate,PH056200000,848,219,175,158,296
Region V (Bicol Region),SORSOGON,PH050000000,PH0506200000,Communication Disability,Male,Severe,PH056200000,684,224,183,110,167
Region V (Bicol Region),SORSOGON,PH050000000,PH0506200000,Hearing Disability,Both Sexes,All,PH056200000,20468,836,1155,3418,15059
Region V (Bicol Region),SORSOGON,PH050000000,PH0506200000,Hearing Disability,Both Sexes,Mild,PH056200000,17306,569,837,3036,12864
Region V (Bicol Region),SORSOGON,PH050000000,PH0506200000,Hearing Disability,Both Sexes,Moderate,PH056200000,2553,141,175,272,1965
Region V (Bicol Region),SORSOGON,PH050000000,PH0506200000,Hearing Disability,Both Sexes,Severe,PH056200000,609,126,143,110,230
Region V (Bicol Region),SORSOGON,PH050000000,PH0506200000,Hearing Disability,Female,All,PH056200000,10570,377,499,1533,8161
Region V (Bicol Region),SORSOGON,PH050000000,PH0506200000,Hearing Disability,Female,Mild,PH056200000,8951,255,372,1366,6958
Region V (Bicol Region),SORSOGON,PH050000000,PH0506200000,Hearing Disability,Female,Moderate,PH056200000,1354,74,68,124,1088
Region V (Bicol Region),SORSOGON,PH050000000,PH0506200000,Hearing Disability,Female,Severe,PH056200000,265,48,59,43,115
Region V (Bicol Region),SORSOGON,PH050000000,PH0506200000,Hearing Disability,Male,All,PH056200000,9898,459,656,1885,6898
Region V (Bicol Region),SORSOGON,PH050000000,PH0506200000,Hearing Disability,Male,Mild,PH056200000,8355,314,465,1670,5906
Region V (Bicol Region),SORSOGON,PH050000000,PH0506200000,Hearing Disability,Male,Moderate,PH056200000,1199,67,107,148,877
Region V (Bicol Region),SORSOGON,PH050000000,PH0506200000,Hearing Disability,Male,Severe,PH056200000,344,78,84,67,115
Region V (Bicol Region),SORSOGON,PH050000000,PH0506200000,Mobility Disability,Both Sexes,All,PH056200000,22042,775,887,3468,16912
Region V (Bicol Region),SORSOGON,PH050000000,PH0506200000,Mobility Disability,Both Sexes,Mild,PH056200000,17066,386,578,2794,13308
Region V (Bicol Region),SORSOGON,PH050000000,PH0506200000,Mobility Disability,Both Sexes,Moderate,PH056200000,3349,166,187,484,2512
Region V (Bicol Region),SORSOGON,PH050000000,PH0506200000,Mobility Disability,Both Sexes,Severe,PH056200000,1627,223,122,190,1092
Region V (Bicol Region),SORSOGON,PH050000000,PH0506200000,Mobility Disability,Female,All,PH056200000,11488,325,346,1312,9505
Region V (Bicol Region),SORSOGON,PH050000000,PH0506200000,Mobility Disability,Female,Mild,PH056200000,8865,154,211,1059,7441
Region V (Bicol Region),SORSOGON,PH050000000,PH0506200000,Mobility Disability,Female,Moderate,PH056200000,1727,62,77,173,1415
Region V (Bicol Region),SORSOGON,PH050000000,PH0506200000,Mobility Disability,Female,Severe,PH056200000,896,109,58,80,649
Region V (Bicol Region),SORSOGON,PH050000000,PH0506200000,Mobility Disability,Male,All,PH056200000,10554,450,541,2156,7407
Region V (Bicol Region),SORSOGON,PH050000000,PH0506200000,Mobility Disability,Male,Mild,PH056200000,8201,232,367,1735,5867
Region V (Bicol Region),SORSOGON,PH050000000,PH0506200000,Mobility Disability,Male,Moderate,PH056200000,1622,104,110,311,1097
Region V (Bicol Region),SORSOGON,PH050000000,PH0506200000,Mobility Disability,Male,Severe,PH056200000,731,114,64,110,443
Region V (Bicol Region),SORSOGON,PH050000000,PH0506200000,Self-Care Disability,Both Sexes,All,PH056200000,6338,847,512,664,4315
Region V (Bicol Region),SORSOGON,PH050000000,PH0506200000,Self-Care Disability,Both Sexes,Mild,PH056200000,3226,327,209,331,2359
Region V (Bicol Region),SORSOGON,PH050000000,PH0506200000,Self-Care Disability,Both Sexes,Moderate,PH056200000,1247,172,117,150,808
Region V (Bicol Region),SORSOGON,PH050000000,PH0506200000,Self-Care Disability,Both Sexes,Severe,PH056200000,1865,348,186,183,1148
Region V (Bicol Region),SORSOGON,PH050000000,PH0506200000,Self-Care Disability,Female,All,PH056200000,3498,386,219,295,2598
Region V (Bicol Region),SORSOGON,PH050000000,PH0506200000,Self-Care Disability,Female,Mild,PH056200000,1794,143,76,136,1439
Region V (Bicol Region),SORSOGON,PH050000000,PH0506200000,Self-Care Disability,Female,Moderate,PH056200000,673,79,60,69,465
Region V (Bicol Region),SORSOGON,PH050000000,PH0506200000,Self-Care Disability,Female,Severe,PH056200000,1031,164,83,90,694
Region V (Bicol Region),SORSOGON,PH050000000,PH0506200000,Self-Care Disability,Male,All,PH056200000,2840,461,293,369,1717
Region V (Bicol Region),SORSOGON,PH050000000,PH0506200000,Self-Care Disability,Male,Mild,PH056200000,1432,184,133,195,920
Region V (Bicol Region),SORSOGON,PH050000000,PH0506200000,Self-Care Disability,Male,Moderate,PH056200000,574,93,57,81,343
Region V (Bicol Region),SORSOGON,PH050000000,PH0506200000,Self-Care Disability,Male,Severe,PH056200000,834,184,103,93,454
Region V (Bicol Region),SORSOGON,PH050000000,PH0506200000,Visual Disability,Both Sexes,All,PH056200000,67911,1873,4044,22920,39074
Region V (Bicol Region),SORSOGON,PH050000000,PH0506200000,Visual Disability,Both Sexes,Mild,PH056200000,63251,1661,3800,22201,35589
Region V (Bicol Region),SORSOGON,PH050000000,PH0506200000,Visual Disability,Both Sexes,Moderate,PH056200000,3970,162,197,611,3000
Region V (Bicol Region),SORSOGON,PH050000000,PH0506200000,Visual Disability,Both Sexes,Severe,PH056200000,690,50,47,108,485
Region V (Bicol Region),SORSOGON,PH050000000,PH0506200000,Visual Disability,Female,All,PH056200000,39136,1106,2602,12801,22627
Region V (Bicol Region),SORSOGON,PH050000000,PH0506200000,Visual Disability,Female,Mild,PH056200000,36382,1002,2461,12433,20486
Region V (Bicol Region),SORSOGON,PH050000000,PH0506200000,Visual Disability,Female,Moderate,PH056200000,2335,80,118,309,1828
Region V (Bicol Region),SORSOGON,PH050000000,PH0506200000,Visual Disability,Female,Severe,PH056200000,419,24,23,59,313
Region V (Bicol Region),SORSOGON,PH050000000,PH0506200000,Visual Disability,Male,All,PH056200000,28775,767,1442,10119,16447
Region V (Bicol Region),SORSOGON,PH050000000,PH0506200000,Visual Disability,Male,Mild,PH056200000,26869,659,1339,9768,15103
Region V (Bicol Region),SORSOGON,PH050000000,PH0506200000,Visual Disability,Male,Moderate,PH056200000,1635,82,79,302,1172
Region V (Bicol Region),SORSOGON,PH050000000,PH0506200000,Visual Disability,Male,Severe,PH056200000,271,26,24,49,172
Region VI (Western Visayas),AKLAN,PH060000000,PH0600400000,Cognitive Disability,Both Sexes,All,PH060400000,15429,668,1055,3093,10613
Region VI (Western Visayas),AKLAN,PH060000000,PH0600400000,Cognitive Disability,Both Sexes,Mild,PH060400000,13105,417,787,2767,9134
Region VI (Western Visayas),AKLAN,PH060000000,PH0600400000,Cognitive Disability,Both Sexes,Moderate,PH060400000,1720,141,183,224,1172
Region VI (Western Visayas),AKLAN,PH060000000,PH0600400000,Cognitive Disability,Both Sexes,Severe,PH060400000,604,110,85,102,307
Region VI (Western Visayas),AKLAN,PH060000000,PH0600400000,Cognitive Disability,Female,All,PH060400000,9426,294,582,1720,6830
Region VI (Western Visayas),AKLAN,PH060000000,PH0600400000,Cognitive Disability,Female,Mild,PH060400000,8043,189,466,1571,5817
Region VI (Western Visayas),AKLAN,PH060000000,PH0600400000,Cognitive Disability,Female,Moderate,PH060400000,1023,51,77,94,801
Region VI (Western Visayas),AKLAN,PH060000000,PH0600400000,Cognitive Disability,Female,Severe,PH060400000,360,54,39,55,212
Region VI (Western Visayas),AKLAN,PH060000000,PH0600400000,Cognitive Disability,Male,All,PH060400000,6003,374,473,1373,3783
Region VI (Western Visayas),AKLAN,PH060000000,PH0600400000,Cognitive Disability,Male,Mild,PH060400000,5062,228,321,1196,3317
Region VI (Western Visayas),AKLAN,PH060000000,PH0600400000,Cognitive Disability,Male,Moderate,PH060400000,697,90,106,130,371
Region VI (Western Visayas),AKLAN,PH060000000,PH0600400000,Cognitive Disability,Male,Severe,PH060400000,244,56,46,47,95
Region VI (Western Visayas),AKLAN,PH060000000,PH0600400000,Communication Disability,Both Sexes,All,PH060400000,5027,840,730,798,2659
Region VI (Western Visayas),AKLAN,PH060000000,PH0600400000,Communication Disability,Both Sexes,Mild,PH060400000,2844,379,301,393,1771
Region VI (Western Visayas),AKLAN,PH060000000,PH0600400000,Communication Disability,Both Sexes,Moderate,PH060400000,1195,232,209,239,515
Region VI (Western Visayas),AKLAN,PH060000000,PH0600400000,Communication Disability,Both Sexes,Severe,PH060400000,988,229,220,166,373
Region VI (Western Visayas),AKLAN,PH060000000,PH0600400000,Communication Disability,Female,All,PH060400000,2631,362,300,339,1630
Region VI (Western Visayas),AKLAN,PH060000000,PH0600400000,Communication Disability,Female,Mild,PH060400000,1528,162,112,164,1090
Region VI (Western Visayas),AKLAN,PH060000000,PH0600400000,Communication Disability,Female,Moderate,PH060400000,608,98,86,106,318
Region VI (Western Visayas),AKLAN,PH060000000,PH0600400000,Communication Disability,Female,Severe,PH060400000,495,102,102,69,222
Region VI (Western Visayas),AKLAN,PH060000000,PH0600400000,Communication Disability,Male,All,PH060400000,2396,478,430,459,1029
Region VI (Western Visayas),AKLAN,PH060000000,PH0600400000,Communication Disability,Male,Mild,PH060400000,1316,217,189,229,681
Region VI (Western Visayas),AKLAN,PH060000000,PH0600400000,Communication Disability,Male,Moderate,PH060400000,587,134,123,133,197
Region VI (Western Visayas),AKLAN,PH060000000,PH0600400000,Communication Disability,Male,Severe,PH060400000,493,127,118,97,151
Region VI (Western Visayas),AKLAN,PH060000000,PH0600400000,Hearing Disability,Both Sexes,All,PH060400000,15267,407,621,1898,12341
Region VI (Western Visayas),AKLAN,PH060000000,PH0600400000,Hearing Disability,Both Sexes,Mild,PH060400000,12948,267,425,1647,10609
Region VI (Western Visayas),AKLAN,PH060000000,PH0600400000,Hearing Disability,Both Sexes,Moderate,PH060400000,1870,72,104,183,1511
Region VI (Western Visayas),AKLAN,PH060000000,PH0600400000,Hearing Disability,Both Sexes,Severe,PH060400000,449,68,92,68,221
Region VI (Western Visayas),AKLAN,PH060000000,PH0600400000,Hearing Disability,Female,All,PH060400000,8702,195,272,901,7334
Region VI (Western Visayas),AKLAN,PH060000000,PH0600400000,Hearing Disability,Female,Mild,PH060400000,7353,125,179,781,6268
Region VI (Western Visayas),AKLAN,PH060000000,PH0600400000,Hearing Disability,Female,Moderate,PH060400000,1095,31,43,92,929
Region VI (Western Visayas),AKLAN,PH060000000,PH0600400000,Hearing Disability,Female,Severe,PH060400000,254,39,50,28,137
Region VI (Western Visayas),AKLAN,PH060000000,PH0600400000,Hearing Disability,Male,All,PH060400000,6565,212,349,997,5007
Region VI (Western Visayas),AKLAN,PH060000000,PH0600400000,Hearing Disability,Male,Mild,PH060400000,5595,142,246,866,4341
Region VI (Western Visayas),AKLAN,PH060000000,PH0600400000,Hearing Disability,Male,Moderate,PH060400000,775,41,61,91,582
Region VI (Western Visayas),AKLAN,PH060000000,PH0600400000,Hearing Disability,Male,Severe,PH060400000,195,29,42,40,84
Region VI (Western Visayas),AKLAN,PH060000000,PH0600400000,Mobility Disability,Both Sexes,All,PH060400000,16617,528,649,2407,13033
Region VI (Western Visayas),AKLAN,PH060000000,PH0600400000,Mobility Disability,Both Sexes,Mild,PH060400000,12647,278,413,1863,10093
Region VI (Western Visayas),AKLAN,PH060000000,PH0600400000,Mobility Disability,Both Sexes,Moderate,PH060400000,2640,119,140,377,2004
Region VI (Western Visayas),AKLAN,PH060000000,PH0600400000,Mobility Disability,Both Sexes,Severe,PH060400000,1330,131,96,167,936
Region VI (Western Visayas),AKLAN,PH060000000,PH0600400000,Mobility Disability,Female,All,PH060400000,9003,245,238,911,7609
Region VI (Western Visayas),AKLAN,PH060000000,PH0600400000,Mobility Disability,Female,Mild,PH060400000,6854,126,147,712,5869
Region VI (Western Visayas),AKLAN,PH060000000,PH0600400000,Mobility Disability,Female,Moderate,PH060400000,1385,52,46,130,1157
Region VI (Western Visayas),AKLAN,PH060000000,PH0600400000,Mobility Disability,Female,Severe,PH060400000,764,67,45,69,583
Region VI (Western Visayas),AKLAN,PH060000000,PH0600400000,Mobility Disability,Male,All,PH060400000,7614,283,411,1496,5424
Region VI (Western Visayas),AKLAN,PH060000000,PH0600400000,Mobility Disability,Male,Mild,PH060400000,5793,152,266,1151,4224
Region VI (Western Visayas),AKLAN,PH060000000,PH0600400000,Mobility Disability,Male,Moderate,PH060400000,1255,67,94,247,847
Region VI (Western Visayas),AKLAN,PH060000000,PH0600400000,Mobility Disability,Male,Severe,PH060400000,566,64,51,98,353
Region VI (Western Visayas),AKLAN,PH060000000,PH0600400000,Self-Care Disability,Both Sexes,All,PH060400000,5913,813,417,627,4056
Region VI (Western Visayas),AKLAN,PH060000000,PH0600400000,Self-Care Disability,Both Sexes,Mild,PH060400000,3194,429,176,329,2260
Region VI (Western Visayas),AKLAN,PH060000000,PH0600400000,Self-Care Disability,Both Sexes,Moderate,PH060400000,1214,149,111,157,797
Region VI (Western Visayas),AKLAN,PH060000000,PH0600400000,Self-Care Disability,Both Sexes,Severe,PH060400000,1505,235,130,141,999
Region VI (Western Visayas),AKLAN,PH060000000,PH0600400000,Self-Care Disability,Female,All,PH060400000,3301,359,174,252,2516
Region VI (Western Visayas),AKLAN,PH060000000,PH0600400000,Self-Care Disability,Female,Mild,PH060400000,1786,181,74,125,1406
Region VI (Western Visayas),AKLAN,PH060000000,PH0600400000,Self-Care Disability,Female,Moderate,PH060400000,655,65,45,63,482
Region VI (Western Visayas),AKLAN,PH060000000,PH0600400000,Self-Care Disability,Female,Severe,PH060400000,860,113,55,64,628
Region VI (Western Visayas),AKLAN,PH060000000,PH0600400000,Self-Care Disability,Male,All,PH060400000,2612,454,243,375,1540
Region VI (Western Visayas),AKLAN,PH060000000,PH0600400000,Self-Care Disability,Male,Mild,PH060400000,1408,248,102,204,854
Region VI (Western Visayas),AKLAN,PH060000000,PH0600400000,Self-Care Disability,Male,Moderate,PH060400000,559,84,66,94,315
Region VI (Western Visayas),AKLAN,PH060000000,PH0600400000,Self-Care Disability,Male,Severe,PH060400000,645,122,75,77,371
Region VI (Western Visayas),AKLAN,PH060000000,PH0600400000,Visual Disability,Both Sexes,All,PH060400000,53778,984,2382,15254,35158
Region VI (Western Visayas),AKLAN,PH060000000,PH0600400000,Visual Disability,Both Sexes,Mild,PH060400000,49520,812,2222,14615,31871
Region VI (Western Visayas),AKLAN,PH060000000,PH0600400000,Visual Disability,Both Sexes,Moderate,PH060400000,3624,118,133,556,2817
Region VI (Western Visayas),AKLAN,PH060000000,PH0600400000,Visual Disability,Both Sexes,Severe,PH060400000,634,54,27,83,470
Region VI (Western Visayas),AKLAN,PH060000000,PH0600400000,Visual Disability,Female,All,PH060400000,31870,544,1581,8641,21104
Region VI (Western Visayas),AKLAN,PH060000000,PH0600400000,Visual Disability,Female,Mild,PH060400000,29294,462,1508,8321,19003
Region VI (Western Visayas),AKLAN,PH060000000,PH0600400000,Visual Disability,Female,Moderate,PH060400000,2187,51,61,276,1799
Region VI (Western Visayas),AKLAN,PH060000000,PH0600400000,Visual Disability,Female,Severe,PH060400000,389,31,12,44,302
Region VI (Western Visayas),AKLAN,PH060000000,PH0600400000,Visual Disability,Male,All,PH060400000,21908,440,801,6613,14054
Region VI (Western Visayas),AKLAN,PH060000000,PH0600400000,Visual Disability,Male,Mild,PH060400000,20226,350,714,6294,12868
Region VI (Western Visayas),AKLAN,PH060000000,PH0600400000,Visual Disability,Male,Moderate,PH060400000,1437,67,72,280,1018
Region VI (Western Visayas),AKLAN,PH060000000,PH0600400000,Visual Disability,Male,Severe,PH060400000,245,23,15,39,168
Region VI (Western Visayas),ANTIQUE,PH060000000,PH0600600000,Cognitive Disability,Both Sexes,All,PH060600000,19774,652,1380,4260,13482
Region VI (Western Visayas),ANTIQUE,PH060000000,PH0600600000,Cognitive Disability,Both Sexes,Mild,PH060600000,16907,364,1046,3827,11670
Region VI (Western Visayas),ANTIQUE,PH060000000,PH0600600000,Cognitive Disability,Both Sexes,Moderate,PH060600000,2261,179,243,342,1497
Region VI (Western Visayas),ANTIQUE,PH060000000,PH0600600000,Cognitive Disability,Both Sexes,Severe,PH060600000,606,109,91,91,315
Region VI (Western Visayas),ANTIQUE,PH060000000,PH0600600000,Cognitive Disability,Female,All,PH060600000,11947,282,776,2490,8399
Region VI (Western Visayas),ANTIQUE,PH060000000,PH0600600000,Cognitive Disability,Female,Mild,PH060600000,10280,155,621,2284,7220
Region VI (Western Visayas),ANTIQUE,PH060000000,PH0600600000,Cognitive Disability,Female,Moderate,PH060600000,1323,79,112,159,973
Region VI (Western Visayas),ANTIQUE,PH060000000,PH0600600000,Cognitive Disability,Female,Severe,PH060600000,344,48,43,47,206
Region VI (Western Visayas),ANTIQUE,PH060000000,PH0600600000,Cognitive Disability,Male,All,PH060600000,7827,370,604,1770,5083
Region VI (Western Visayas),ANTIQUE,PH060000000,PH0600600000,Cognitive Disability,Male,Mild,PH060600000,6627,209,425,1543,4450
Region VI (Western Visayas),ANTIQUE,PH060000000,PH0600600000,Cognitive Disability,Male,Moderate,PH060600000,938,100,131,183,524
Region VI (Western Visayas),ANTIQUE,PH060000000,PH0600600000,Cognitive Disability,Male,Severe,PH060600000,262,61,48,44,109
Region VI (Western Visayas),ANTIQUE,PH060000000,PH0600600000,Communication Disability,Both Sexes,All,PH060600000,5687,879,787,936,3085
Region VI (Western Visayas),ANTIQUE,PH060000000,PH0600600000,Communication Disability,Both Sexes,Mild,PH060600000,3273,354,332,513,2074
Region VI (Western Visayas),ANTIQUE,PH060000000,PH0600600000,Communication Disability,Both Sexes,Moderate,PH060600000,1344,253,233,240,618
Region VI (Western Visayas),ANTIQUE,PH060000000,PH0600600000,Communication Disability,Both Sexes,Severe,PH060600000,1070,272,222,183,393
Region VI (Western Visayas),ANTIQUE,PH060000000,PH0600600000,Communication Disability,Female,All,PH060600000,2936,363,350,429,1794
Region VI (Western Visayas),ANTIQUE,PH060000000,PH0600600000,Communication Disability,Female,Mild,PH060600000,1722,157,144,235,1186
Region VI (Western Visayas),ANTIQUE,PH060000000,PH0600600000,Communication Disability,Female,Moderate,PH060600000,665,91,100,101,373
Region VI (Western Visayas),ANTIQUE,PH060000000,PH0600600000,Communication Disability,Female,Severe,PH060600000,549,115,106,93,235
Region VI (Western Visayas),ANTIQUE,PH060000000,PH0600600000,Communication Disability,Male,All,PH060600000,2751,516,437,507,1291
Region VI (Western Visayas),ANTIQUE,PH060000000,PH0600600000,Communication Disability,Male,Mild,PH060600000,1551,197,188,278,888
Region VI (Western Visayas),ANTIQUE,PH060000000,PH0600600000,Communication Disability,Male,Moderate,PH060600000,679,162,133,139,245
Region VI (Western Visayas),ANTIQUE,PH060000000,PH0600600000,Communication Disability,Male,Severe,PH060600000,521,157,116,90,158
Region VI (Western Visayas),ANTIQUE,PH060000000,PH0600600000,Hearing Disability,Both Sexes,All,PH060600000,17974,586,837,2736,13815
Region VI (Western Visayas),ANTIQUE,PH060000000,PH0600600000,Hearing Disability,Both Sexes,Mild,PH060600000,15178,394,611,2435,11738
Region VI (Western Visayas),ANTIQUE,PH060000000,PH0600600000,Hearing Disability,Both Sexes,Moderate,PH060600000,2292,94,129,227,1842
Region VI (Western Visayas),ANTIQUE,PH060000000,PH0600600000,Hearing Disability,Both Sexes,Severe,PH060600000,504,98,97,74,235
Region VI (Western Visayas),ANTIQUE,PH060000000,PH0600600000,Hearing Disability,Female,All,PH060600000,9985,271,376,1349,7989
Region VI (Western Visayas),ANTIQUE,PH060000000,PH0600600000,Hearing Disability,Female,Mild,PH060600000,8465,183,291,1220,6771
Region VI (Western Visayas),ANTIQUE,PH060000000,PH0600600000,Hearing Disability,Female,Moderate,PH060600000,1274,38,50,101,1085
Region VI (Western Visayas),ANTIQUE,PH060000000,PH0600600000,Hearing Disability,Female,Severe,PH060600000,246,50,35,28,133
Region VI (Western Visayas),ANTIQUE,PH060000000,PH0600600000,Hearing Disability,Male,All,PH060600000,7989,315,461,1387,5826
Region VI (Western Visayas),ANTIQUE,PH060000000,PH0600600000,Hearing Disability,Male,Mild,PH060600000,6713,211,320,1215,4967
Region VI (Western Visayas),ANTIQUE,PH060000000,PH0600600000,Hearing Disability,Male,Moderate,PH060600000,1018,56,79,126,757
Region VI (Western Visayas),ANTIQUE,PH060000000,PH0600600000,Hearing Disability,Male,Severe,PH060600000,258,48,62,46,102
Region VI (Western Visayas),ANTIQUE,PH060000000,PH0600600000,Mobility Disability,Both Sexes,All,PH060600000,20574,585,762,3072,16155
Region VI (Western Visayas),ANTIQUE,PH060000000,PH0600600000,Mobility Disability,Both Sexes,Mild,PH060600000,15533,296,493,2406,12338
Region VI (Western Visayas),ANTIQUE,PH060000000,PH0600600000,Mobility Disability,Both Sexes,Moderate,PH060600000,3511,135,168,501,2707
Region VI (Western Visayas),ANTIQUE,PH060000000,PH0600600000,Mobility Disability,Both Sexes,Severe,PH060600000,1530,154,101,165,1110
Region VI (Western Visayas),ANTIQUE,PH060000000,PH0600600000,Mobility Disability,Female,All,PH060600000,11018,247,325,1201,9245
Region VI (Western Visayas),ANTIQUE,PH060000000,PH0600600000,Mobility Disability,Female,Mild,PH060600000,8340,144,206,968,7022
Region VI (Western Visayas),ANTIQUE,PH060000000,PH0600600000,Mobility Disability,Female,Moderate,PH060600000,1788,42,77,168,1501
Region VI (Western Visayas),ANTIQUE,PH060000000,PH0600600000,Mobility Disability,Female,Severe,PH060600000,890,61,42,65,722
Region VI (Western Visayas),ANTIQUE,PH060000000,PH0600600000,Mobility Disability,Male,All,PH060600000,9556,338,437,1871,6910
Region VI (Western Visayas),ANTIQUE,PH060000000,PH0600600000,Mobility Disability,Male,Mild,PH060600000,7193,152,287,1438,5316
Region VI (Western Visayas),ANTIQUE,PH060000000,PH0600600000,Mobility Disability,Male,Moderate,PH060600000,1723,93,91,333,1206
Region VI (Western Visayas),ANTIQUE,PH060000000,PH0600600000,Mobility Disability,Male,Severe,PH060600000,640,93,59,100,388
Region VI (Western Visayas),ANTIQUE,PH060000000,PH0600600000,Self-Care Disability,Both Sexes,All,PH060600000,6736,1013,474,710,4539
Region VI (Western Visayas),ANTIQUE,PH060000000,PH0600600000,Self-Care Disability,Both Sexes,Mild,PH060600000,3588,478,202,386,2522
Region VI (Western Visayas),ANTIQUE,PH060000000,PH0600600000,Self-Care Disability,Both Sexes,Moderate,PH060600000,1289,173,114,161,841
Region VI (Western Visayas),ANTIQUE,PH060000000,PH0600600000,Self-Care Disability,Both Sexes,Severe,PH060600000,1859,362,158,163,1176
Region VI (Western Visayas),ANTIQUE,PH060000000,PH0600600000,Self-Care Disability,Female,All,PH060600000,3587,439,176,278,2694
Region VI (Western Visayas),ANTIQUE,PH060000000,PH0600600000,Self-Care Disability,Female,Mild,PH060600000,1887,204,70,163,1450
Region VI (Western Visayas),ANTIQUE,PH060000000,PH0600600000,Self-Care Disability,Female,Moderate,PH060600000,663,71,41,52,499
Region VI (Western Visayas),ANTIQUE,PH060000000,PH0600600000,Self-Care Disability,Female,Severe,PH060600000,1037,164,65,63,745
Region VI (Western Visayas),ANTIQUE,PH060000000,PH0600600000,Self-Care Disability,Male,All,PH060600000,3149,574,298,432,1845
Region VI (Western Visayas),ANTIQUE,PH060000000,PH0600600000,Self-Care Disability,Male,Mild,PH060600000,1701,274,132,223,1072
Region VI (Western Visayas),ANTIQUE,PH060000000,PH0600600000,Self-Care Disability,Male,Moderate,PH060600000,626,102,73,109,342
Region VI (Western Visayas),ANTIQUE,PH060000000,PH0600600000,Self-Care Disability,Male,Severe,PH060600000,822,198,93,100,431
Region VI (Western Visayas),ANTIQUE,PH060000000,PH0600600000,Visual Disability,Both Sexes,All,PH060600000,51800,1166,2499,15278,32857
Region VI (Western Visayas),ANTIQUE,PH060000000,PH0600600000,Visual Disability,Both Sexes,Mild,PH060600000,46750,976,2287,14536,28951
Region VI (Western Visayas),ANTIQUE,PH060000000,PH0600600000,Visual Disability,Both Sexes,Moderate,PH060600000,4266,132,161,646,3327
Region VI (Western Visayas),ANTIQUE,PH060000000,PH0600600000,Visual Disability,Both Sexes,Severe,PH060600000,784,58,51,96,579
Region VI (Western Visayas),ANTIQUE,PH060000000,PH0600600000,Visual Disability,Female,All,PH060600000,30050,691,1603,8450,19306
Region VI (Western Visayas),ANTIQUE,PH060000000,PH0600600000,Visual Disability,Female,Mild,PH060600000,27065,587,1473,8080,16925
Region VI (Western Visayas),ANTIQUE,PH060000000,PH0600600000,Visual Disability,Female,Moderate,PH060600000,2527,73,106,328,2020
Region VI (Western Visayas),ANTIQUE,PH060000000,PH0600600000,Visual Disability,Female,Severe,PH060600000,458,31,24,42,361
Region VI (Western Visayas),ANTIQUE,PH060000000,PH0600600000,Visual Disability,Male,All,PH060600000,21750,475,896,6828,13551
Region VI (Western Visayas),ANTIQUE,PH060000000,PH0600600000,Visual Disability,Male,Mild,PH060600000,19685,389,814,6456,12026
Region VI (Western Visayas),ANTIQUE,PH060000000,PH0600600000,Visual Disability,Male,Moderate,PH060600000,1739,59,55,318,1307
Region VI (Western Visayas),ANTIQUE,PH060000000,PH0600600000,Visual Disability,Male,Severe,PH060600000,326,27,27,54,218
Region VI (Western Visayas),CAPIZ,PH060000000,PH0601900000,Cognitive Disability,Both Sexes,All,PH061900000,18770,701,1203,3638,13228
Region VI (Western Visayas),CAPIZ,PH060000000,PH0601900000,Cognitive Disability,Both Sexes,Mild,PH061900000,16235,399,882,3239,11715
Region VI (Western Visayas),CAPIZ,PH060000000,PH0601900000,Cognitive Disability,Both Sexes,Moderate,PH061900000,1911,166,186,304,1255
Region VI (Western Visayas),CAPIZ,PH060000000,PH0601900000,Cognitive Disability,Both Sexes,Severe,PH061900000,624,136,135,95,258
Region VI (Western Visayas),CAPIZ,PH060000000,PH0601900000,Cognitive Disability,Female,All,PH061900000,11388,316,648,2031,8393
Region VI (Western Visayas),CAPIZ,PH060000000,PH0601900000,Cognitive Disability,Female,Mild,PH061900000,9908,188,497,1841,7382
Region VI (Western Visayas),CAPIZ,PH060000000,PH0601900000,Cognitive Disability,Female,Moderate,PH061900000,1157,75,88,149,845
Region VI (Western Visayas),CAPIZ,PH060000000,PH0601900000,Cognitive Disability,Female,Severe,PH061900000,323,53,63,41,166
Region VI (Western Visayas),CAPIZ,PH060000000,PH0601900000,Cognitive Disability,Male,All,PH061900000,7382,385,555,1607,4835
Region VI (Western Visayas),CAPIZ,PH060000000,PH0601900000,Cognitive Disability,Male,Mild,PH061900000,6327,211,385,1398,4333
Region VI (Western Visayas),CAPIZ,PH060000000,PH0601900000,Cognitive Disability,Male,Moderate,PH061900000,754,91,98,155,410
Region VI (Western Visayas),CAPIZ,PH060000000,PH0601900000,Cognitive Disability,Male,Severe,PH061900000,301,83,72,54,92
Region VI (Western Visayas),CAPIZ,PH060000000,PH0601900000,Communication Disability,Both Sexes,All,PH061900000,6255,913,916,1017,3409
Region VI (Western Visayas),CAPIZ,PH060000000,PH0601900000,Communication Disability,Both Sexes,Mild,PH061900000,3904,407,419,557,2521
Region VI (Western Visayas),CAPIZ,PH060000000,PH0601900000,Communication Disability,Both Sexes,Moderate,PH061900000,1306,242,249,262,553
Region VI (Western Visayas),CAPIZ,PH060000000,PH0601900000,Communication Disability,Both Sexes,Severe,PH061900000,1045,264,248,198,335
Region VI (Western Visayas),CAPIZ,PH060000000,PH0601900000,Communication Disability,Female,All,PH061900000,3319,417,399,437,2066
Region VI (Western Visayas),CAPIZ,PH060000000,PH0601900000,Communication Disability,Female,Mild,PH061900000,2120,183,170,226,1541
Region VI (Western Visayas),CAPIZ,PH060000000,PH0601900000,Communication Disability,Female,Moderate,PH061900000,660,107,107,120,326
Region VI (Western Visayas),CAPIZ,PH060000000,PH0601900000,Communication Disability,Female,Severe,PH061900000,539,127,122,91,199
Region VI (Western Visayas),CAPIZ,PH060000000,PH0601900000,Communication Disability,Male,All,PH061900000,2936,496,517,580,1343
Region VI (Western Visayas),CAPIZ,PH060000000,PH0601900000,Communication Disability,Male,Mild,PH061900000,1784,224,249,331,980
Region VI (Western Visayas),CAPIZ,PH060000000,PH0601900000,Communication Disability,Male,Moderate,PH061900000,646,135,142,142,227
Region VI (Western Visayas),CAPIZ,PH060000000,PH0601900000,Communication Disability,Male,Severe,PH061900000,506,137,126,107,136
Region VI (Western Visayas),CAPIZ,PH060000000,PH0601900000,Hearing Disability,Both Sexes,All,PH061900000,17593,498,675,2035,14385
Region VI (Western Visayas),CAPIZ,PH060000000,PH0601900000,Hearing Disability,Both Sexes,Mild,PH061900000,15312,339,462,1791,12720
Region VI (Western Visayas),CAPIZ,PH060000000,PH0601900000,Hearing Disability,Both Sexes,Moderate,PH061900000,1801,75,103,175,1448
Region VI (Western Visayas),CAPIZ,PH060000000,PH0601900000,Hearing Disability,Both Sexes,Severe,PH061900000,480,84,110,69,217
Region VI (Western Visayas),CAPIZ,PH060000000,PH0601900000,Hearing Disability,Female,All,PH061900000,9911,247,304,900,8460
Region VI (Western Visayas),CAPIZ,PH060000000,PH0601900000,Hearing Disability,Female,Mild,PH061900000,8629,174,206,797,7452
Region VI (Western Visayas),CAPIZ,PH060000000,PH0601900000,Hearing Disability,Female,Moderate,PH061900000,1025,30,45,76,874
Region VI (Western Visayas),CAPIZ,PH060000000,PH0601900000,Hearing Disability,Female,Severe,PH061900000,257,43,53,27,134
Region VI (Western Visayas),CAPIZ,PH060000000,PH0601900000,Hearing Disability,Male,All,PH061900000,7682,251,371,1135,5925
Region VI (Western Visayas),CAPIZ,PH060000000,PH0601900000,Hearing Disability,Male,Mild,PH061900000,6683,165,256,994,5268
Region VI (Western Visayas),CAPIZ,PH060000000,PH0601900000,Hearing Disability,Male,Moderate,PH061900000,776,45,58,99,574
Region VI (Western Visayas),CAPIZ,PH060000000,PH0601900000,Hearing Disability,Male,Severe,PH061900000,223,41,57,42,83
Region VI (Western Visayas),CAPIZ,PH060000000,PH0601900000,Mobility Disability,Both Sexes,All,PH061900000,18105,560,722,2635,14188
Region VI (Western Visayas),CAPIZ,PH060000000,PH0601900000,Mobility Disability,Both Sexes,Mild,PH061900000,14326,300,458,2060,11508
Region VI (Western Visayas),CAPIZ,PH060000000,PH0601900000,Mobility Disability,Both Sexes,Moderate,PH061900000,2582,106,144,423,1909
Region VI (Western Visayas),CAPIZ,PH060000000,PH0601900000,Mobility Disability,Both Sexes,Severe,PH061900000,1197,154,120,152,771
Region VI (Western Visayas),CAPIZ,PH060000000,PH0601900000,Mobility Disability,Female,All,PH061900000,9920,240,292,1014,8374
Region VI (Western Visayas),CAPIZ,PH060000000,PH0601900000,Mobility Disability,Female,Mild,PH061900000,7942,130,184,814,6814
Region VI (Western Visayas),CAPIZ,PH060000000,PH0601900000,Mobility Disability,Female,Moderate,PH061900000,1346,47,56,148,1095
Region VI (Western Visayas),CAPIZ,PH060000000,PH0601900000,Mobility Disability,Female,Severe,PH061900000,632,63,52,52,465
Region VI (Western Visayas),CAPIZ,PH060000000,PH0601900000,Mobility Disability,Male,All,PH061900000,8185,320,430,1621,5814
Region VI (Western Visayas),CAPIZ,PH060000000,PH0601900000,Mobility Disability,Male,Mild,PH061900000,6384,170,274,1246,4694
Region VI (Western Visayas),CAPIZ,PH060000000,PH0601900000,Mobility Disability,Male,Moderate,PH061900000,1236,59,88,275,814
Region VI (Western Visayas),CAPIZ,PH060000000,PH0601900000,Mobility Disability,Male,Severe,PH061900000,565,91,68,100,306
Region VI (Western Visayas),CAPIZ,PH060000000,PH0601900000,Self-Care Disability,Both Sexes,All,PH061900000,6455,756,520,737,4442
Region VI (Western Visayas),CAPIZ,PH060000000,PH0601900000,Self-Care Disability,Both Sexes,Mild,PH061900000,4073,395,266,440,2972
Region VI (Western Visayas),CAPIZ,PH060000000,PH0601900000,Self-Care Disability,Both Sexes,Moderate,PH061900000,1104,136,91,146,731
Region VI (Western Visayas),CAPIZ,PH060000000,PH0601900000,Self-Care Disability,Both Sexes,Severe,PH061900000,1278,225,163,151,739
Region VI (Western Visayas),CAPIZ,PH060000000,PH0601900000,Self-Care Disability,Female,All,PH061900000,3634,350,228,308,2748
Region VI (Western Visayas),CAPIZ,PH060000000,PH0601900000,Self-Care Disability,Female,Mild,PH061900000,2321,182,112,186,1841
Region VI (Western Visayas),CAPIZ,PH060000000,PH0601900000,Self-Care Disability,Female,Moderate,PH061900000,630,67,45,59,459
Region VI (Western Visayas),CAPIZ,PH060000000,PH0601900000,Self-Care Disability,Female,Severe,PH061900000,683,101,71,63,448
Region VI (Western Visayas),CAPIZ,PH060000000,PH0601900000,Self-Care Disability,Male,All,PH061900000,2821,406,292,429,1694
Region VI (Western Visayas),CAPIZ,PH060000000,PH0601900000,Self-Care Disability,Male,Mild,PH061900000,1752,213,154,254,1131
Region VI (Western Visayas),CAPIZ,PH060000000,PH0601900000,Self-Care Disability,Male,Moderate,PH061900000,474,69,46,87,272
Region VI (Western Visayas),CAPIZ,PH060000000,PH0601900000,Self-Care Disability,Male,Severe,PH061900000,595,124,92,88,291
Region VI (Western Visayas),CAPIZ,PH060000000,PH0601900000,Visual Disability,Both Sexes,All,PH061900000,57861,955,2179,15274,39453
Region VI (Western Visayas),CAPIZ,PH060000000,PH0601900000,Visual Disability,Both Sexes,Mild,PH061900000,53629,780,1963,14678,36208
Region VI (Western Visayas),CAPIZ,PH060000000,PH0601900000,Visual Disability,Both Sexes,Moderate,PH061900000,3563,118,155,498,2792
Region VI (Western Visayas),CAPIZ,PH060000000,PH0601900000,Visual Disability,Both Sexes,Severe,PH061900000,669,57,61,98,453
Region VI (Western Visayas),CAPIZ,PH060000000,PH0601900000,Visual Disability,Female,All,PH061900000,33789,499,1332,8374,23584
Region VI (Western Visayas),CAPIZ,PH060000000,PH0601900000,Visual Disability,Female,Mild,PH061900000,31205,432,1213,8075,21485
Region VI (Western Visayas),CAPIZ,PH060000000,PH0601900000,Visual Disability,Female,Moderate,PH061900000,2191,49,82,264,1796
Region VI (Western Visayas),CAPIZ,PH060000000,PH0601900000,Visual Disability,Female,Severe,PH061900000,393,18,37,35,303
Region VI (Western Visayas),CAPIZ,PH060000000,PH0601900000,Visual Disability,Male,All,PH061900000,24072,456,847,6900,15869
Region VI (Western Visayas),CAPIZ,PH060000000,PH0601900000,Visual Disability,Male,Mild,PH061900000,22424,348,750,6603,14723
Region VI (Western Visayas),CAPIZ,PH060000000,PH0601900000,Visual Disability,Male,Moderate,PH061900000,1372,69,73,234,996
Region VI (Western Visayas),CAPIZ,PH060000000,PH0601900000,Visual Disability,Male,Severe,PH061900000,276,39,24,63,150
Region VI (Western Visayas),GUIMARAS,PH060000000,PH0607900000,Cognitive Disability,Both Sexes,All,PH067900000,3192,137,228,645,2182
Region VI (Western Visayas),GUIMARAS,PH060000000,PH0607900000,Cognitive Disability,Both Sexes,Mild,PH067900000,2654,71,151,557,1875
Region VI (Western Visayas),GUIMARAS,PH060000000,PH0607900000,Cognitive Disability,Both Sexes,Moderate,PH067900000,389,37,52,65,235
Region VI (Western Visayas),GUIMARAS,PH060000000,PH0607900000,Cognitive Disability,Both Sexes,Severe,PH067900000,149,29,25,23,72
Region VI (Western Visayas),GUIMARAS,PH060000000,PH0607900000,Cognitive Disability,Female,All,PH067900000,1871,62,116,354,1339
Region VI (Western Visayas),GUIMARAS,PH060000000,PH0607900000,Cognitive Disability,Female,Mild,PH067900000,1576,30,85,322,1139
Region VI (Western Visayas),GUIMARAS,PH060000000,PH0607900000,Cognitive Disability,Female,Moderate,PH067900000,215,17,21,25,152
Region VI (Western Visayas),GUIMARAS,PH060000000,PH0607900000,Cognitive Disability,Female,Severe,PH067900000,80,15,10,7,48
Region VI (Western Visayas),GUIMARAS,PH060000000,PH0607900000,Cognitive Disability,Male,All,PH067900000,1321,75,112,291,843
Region VI (Western Visayas),GUIMARAS,PH060000000,PH0607900000,Cognitive Disability,Male,Mild,PH067900000,1078,41,66,235,736
Region VI (Western Visayas),GUIMARAS,PH060000000,PH0607900000,Cognitive Disability,Male,Moderate,PH067900000,174,20,31,40,83
Region VI (Western Visayas),GUIMARAS,PH060000000,PH0607900000,Cognitive Disability,Male,Severe,PH067900000,69,14,15,16,24
Region VI (Western Visayas),GUIMARAS,PH060000000,PH0607900000,Communication Disability,Both Sexes,All,PH067900000,1289,219,227,259,584
Region VI (Western Visayas),GUIMARAS,PH060000000,PH0607900000,Communication Disability,Both Sexes,Mild,PH067900000,700,83,97,136,384
Region VI (Western Visayas),GUIMARAS,PH060000000,PH0607900000,Communication Disability,Both Sexes,Moderate,PH067900000,310,57,63,73,117
Region VI (Western Visayas),GUIMARAS,PH060000000,PH0607900000,Communication Disability,Both Sexes,Severe,PH067900000,279,79,67,50,83
Region VI (Western Visayas),GUIMARAS,PH060000000,PH0607900000,Communication Disability,Female,All,PH067900000,627,95,91,119,322
Region VI (Western Visayas),GUIMARAS,PH060000000,PH0607900000,Communication Disability,Female,Mild,PH067900000,338,32,38,59,209
Region VI (Western Visayas),GUIMARAS,PH060000000,PH0607900000,Communication Disability,Female,Moderate,PH067900000,157,30,28,34,65
Region VI (Western Visayas),GUIMARAS,PH060000000,PH0607900000,Communication Disability,Female,Severe,PH067900000,132,33,25,26,48
Region VI (Western Visayas),GUIMARAS,PH060000000,PH0607900000,Communication Disability,Male,All,PH067900000,662,124,136,140,262
Region VI (Western Visayas),GUIMARAS,PH060000000,PH0607900000,Communication Disability,Male,Mild,PH067900000,362,51,59,77,175
Region VI (Western Visayas),GUIMARAS,PH060000000,PH0607900000,Communication Disability,Male,Moderate,PH067900000,153,27,35,39,52
Region VI (Western Visayas),GUIMARAS,PH060000000,PH0607900000,Communication Disability,Male,Severe,PH067900000,147,46,42,24,35
Region VI (Western Visayas),GUIMARAS,PH060000000,PH0607900000,Hearing Disability,Both Sexes,All,PH067900000,3150,114,142,365,2529
Region VI (Western Visayas),GUIMARAS,PH060000000,PH0607900000,Hearing Disability,Both Sexes,Mild,PH067900000,2686,72,95,316,2203
Region VI (Western Visayas),GUIMARAS,PH060000000,PH0607900000,Hearing Disability,Both Sexes,Moderate,PH067900000,348,19,20,33,276
Region VI (Western Visayas),GUIMARAS,PH060000000,PH0607900000,Hearing Disability,Both Sexes,Severe,PH067900000,116,23,27,16,50
Region VI (Western Visayas),GUIMARAS,PH060000000,PH0607900000,Hearing Disability,Female,All,PH067900000,1679,45,62,174,1398
Region VI (Western Visayas),GUIMARAS,PH060000000,PH0607900000,Hearing Disability,Female,Mild,PH067900000,1451,31,44,155,1221
Region VI (Western Visayas),GUIMARAS,PH060000000,PH0607900000,Hearing Disability,Female,Moderate,PH067900000,170,7,5,13,145
Region VI (Western Visayas),GUIMARAS,PH060000000,PH0607900000,Hearing Disability,Female,Severe,PH067900000,58,7,13,6,32
Region VI (Western Visayas),GUIMARAS,PH060000000,PH0607900000,Hearing Disability,Male,All,PH067900000,1471,69,80,191,1131
Region VI (Western Visayas),GUIMARAS,PH060000000,PH0607900000,Hearing Disability,Male,Mild,PH067900000,1235,41,51,161,982
Region VI (Western Visayas),GUIMARAS,PH060000000,PH0607900000,Hearing Disability,Male,Moderate,PH067900000,178,12,15,20,131
Region VI (Western Visayas),GUIMARAS,PH060000000,PH0607900000,Hearing Disability,Male,Severe,PH067900000,58,16,14,10,18
Region VI (Western Visayas),GUIMARAS,PH060000000,PH0607900000,Mobility Disability,Both Sexes,All,PH067900000,3557,120,165,467,2805
Region VI (Western Visayas),GUIMARAS,PH060000000,PH0607900000,Mobility Disability,Both Sexes,Mild,PH067900000,2643,50,102,339,2152
Region VI (Western Visayas),GUIMARAS,PH060000000,PH0607900000,Mobility Disability,Both Sexes,Moderate,PH067900000,566,23,38,79,426
Region VI (Western Visayas),GUIMARAS,PH060000000,PH0607900000,Mobility Disability,Both Sexes,Severe,PH067900000,348,47,25,49,227
Region VI (Western Visayas),GUIMARAS,PH060000000,PH0607900000,Mobility Disability,Female,All,PH067900000,1884,48,62,165,1609
Region VI (Western Visayas),GUIMARAS,PH060000000,PH0607900000,Mobility Disability,Female,Mild,PH067900000,1403,13,39,128,1223
Region VI (Western Visayas),GUIMARAS,PH060000000,PH0607900000,Mobility Disability,Female,Moderate,PH067900000,293,11,13,23,246
Region VI (Western Visayas),GUIMARAS,PH060000000,PH0607900000,Mobility Disability,Female,Severe,PH067900000,188,24,10,14,140
Region VI (Western Visayas),GUIMARAS,PH060000000,PH0607900000,Mobility Disability,Male,All,PH067900000,1673,72,103,302,1196
Region VI (Western Visayas),GUIMARAS,PH060000000,PH0607900000,Mobility Disability,Male,Mild,PH067900000,1240,37,63,211,929
Region VI (Western Visayas),GUIMARAS,PH060000000,PH0607900000,Mobility Disability,Male,Moderate,PH067900000,273,12,25,56,180
Region VI (Western Visayas),GUIMARAS,PH060000000,PH0607900000,Mobility Disability,Male,Severe,PH067900000,160,23,15,35,87
Region VI (Western Visayas),GUIMARAS,PH060000000,PH0607900000,Self-Care Disability,Both Sexes,All,PH067900000,1332,168,117,166,881
Region VI (Western Visayas),GUIMARAS,PH060000000,PH0607900000,Self-Care Disability,Both Sexes,Mild,PH067900000,666,69,55,82,460
Region VI (Western Visayas),GUIMARAS,PH060000000,PH0607900000,Self-Care Disability,Both Sexes,Moderate,PH067900000,281,37,30,37,177
Region VI (Western Visayas),GUIMARAS,PH060000000,PH0607900000,Self-Care Disability,Both Sexes,Severe,PH067900000,385,62,32,47,244
Region VI (Western Visayas),GUIMARAS,PH060000000,PH0607900000,Self-Care Disability,Female,All,PH067900000,697,82,47,60,508
Region VI (Western Visayas),GUIMARAS,PH060000000,PH0607900000,Self-Care Disability,Female,Mild,PH067900000,347,35,29,32,251
Region VI (Western Visayas),GUIMARAS,PH060000000,PH0607900000,Self-Care Disability,Female,Moderate,PH067900000,140,16,6,13,105
Region VI (Western Visayas),GUIMARAS,PH060000000,PH0607900000,Self-Care Disability,Female,Severe,PH067900000,210,31,12,15,152
Region VI (Western Visayas),GUIMARAS,PH060000000,PH0607900000,Self-Care Disability,Male,All,PH067900000,635,86,70,106,373
Region VI (Western Visayas),GUIMARAS,PH060000000,PH0607900000,Self-Care Disability,Male,Mild,PH067900000,319,34,26,50,209
Region VI (Western Visayas),GUIMARAS,PH060000000,PH0607900000,Self-Care Disability,Male,Moderate,PH067900000,141,21,24,24,72
Region VI (Western Visayas),GUIMARAS,PH060000000,PH0607900000,Self-Care Disability,Male,Severe,PH067900000,175,31,20,32,92
Region VI (Western Visayas),GUIMARAS,PH060000000,PH0607900000,Visual Disability,Both Sexes,All,PH067900000,9610,206,450,2327,6627
Region VI (Western Visayas),GUIMARAS,PH060000000,PH0607900000,Visual Disability,Both Sexes,Mild,PH067900000,8520,164,392,2152,5812
Region VI (Western Visayas),GUIMARAS,PH060000000,PH0607900000,Visual Disability,Both Sexes,Moderate,PH067900000,932,31,46,158,697
Region VI (Western Visayas),GUIMARAS,PH060000000,PH0607900000,Visual Disability,Both Sexes,Severe,PH067900000,158,11,12,17,118
Region VI (Western Visayas),GUIMARAS,PH060000000,PH0607900000,Visual Disability,Female,All,PH067900000,5544,110,281,1296,3857
Region VI (Western Visayas),GUIMARAS,PH060000000,PH0607900000,Visual Disability,Female,Mild,PH067900000,4919,93,251,1212,3363
Region VI (Western Visayas),GUIMARAS,PH060000000,PH0607900000,Visual Disability,Female,Moderate,PH067900000,533,12,25,79,417
Region VI (Western Visayas),GUIMARAS,PH060000000,PH0607900000,Visual Disability,Female,Severe,PH067900000,92,5,5,5,77
Region VI (Western Visayas),GUIMARAS,PH060000000,PH0607900000,Visual Disability,Male,All,PH067900000,4066,96,169,1031,2770
Region VI (Western Visayas),GUIMARAS,PH060000000,PH0607900000,Visual Disability,Male,Mild,PH067900000,3601,71,141,940,2449
Region VI (Western Visayas),GUIMARAS,PH060000000,PH0607900000,Visual Disability,Male,Moderate,PH067900000,399,19,21,79,280
Region VI (Western Visayas),GUIMARAS,PH060000000,PH0607900000,Visual Disability,Male,Severe,PH067900000,66,6,7,12,41
Region VI (Western Visayas),ILOILO,PH060000000,PH0603000000,Cognitive Disability,Both Sexes,All,PH063000000,56961,2058,3260,10408,41235
Region VI (Western Visayas),ILOILO,PH060000000,PH0603000000,Cognitive Disability,Both Sexes,Mild,PH063000000,47787,1125,2320,9148,35194
Region VI (Western Visayas),ILOILO,PH060000000,PH0603000000,Cognitive Disability,Both Sexes,Moderate,PH063000000,6968,566,619,895,4888
Region VI (Western Visayas),ILOILO,PH060000000,PH0603000000,Cognitive Disability,Both Sexes,Severe,PH063000000,2206,367,321,365,1153
Region VI (Western Visayas),ILOILO,PH060000000,PH0603000000,Cognitive Disability,Female,All,PH063000000,34743,863,1719,6048,26113
Region VI (Western Visayas),ILOILO,PH060000000,PH0603000000,Cognitive Disability,Female,Mild,PH063000000,29266,473,1319,5411,22063
Region VI (Western Visayas),ILOILO,PH060000000,PH0603000000,Cognitive Disability,Female,Moderate,PH063000000,4220,239,260,454,3267
Region VI (Western Visayas),ILOILO,PH060000000,PH0603000000,Cognitive Disability,Female,Severe,PH063000000,1257,151,140,183,783
Region VI (Western Visayas),ILOILO,PH060000000,PH0603000000,Cognitive Disability,Male,All,PH063000000,22218,1195,1541,4360,15122
Region VI (Western Visayas),ILOILO,PH060000000,PH0603000000,Cognitive Disability,Male,Mild,PH063000000,18521,652,1001,3737,13131
Region VI (Western Visayas),ILOILO,PH060000000,PH0603000000,Cognitive Disability,Male,Moderate,PH063000000,2748,327,359,441,1621
Region VI (Western Visayas),ILOILO,PH060000000,PH0603000000,Cognitive Disability,Male,Severe,PH063000000,949,216,181,182,370
Region VI (Western Visayas),ILOILO,PH060000000,PH0603000000,Communication Disability,Both Sexes,All,PH063000000,20149,2896,2646,3282,11325
Region VI (Western Visayas),ILOILO,PH060000000,PH0603000000,Communication Disability,Both Sexes,Mild,PH063000000,11838,1242,1161,1748,7687
Region VI (Western Visayas),ILOILO,PH060000000,PH0603000000,Communication Disability,Both Sexes,Moderate,PH063000000,4613,793,740,819,2261
Region VI (Western Visayas),ILOILO,PH060000000,PH0603000000,Communication Disability,Both Sexes,Severe,PH063000000,3698,861,745,715,1377
Region VI (Western Visayas),ILOILO,PH060000000,PH0603000000,Communication Disability,Female,All,PH063000000,10632,1187,1187,1449,6809
Region VI (Western Visayas),ILOILO,PH060000000,PH0603000000,Communication Disability,Female,Mild,PH063000000,6353,484,506,726,4637
Region VI (Western Visayas),ILOILO,PH060000000,PH0603000000,Communication Disability,Female,Moderate,PH063000000,2350,323,313,366,1348
Region VI (Western Visayas),ILOILO,PH060000000,PH0603000000,Communication Disability,Female,Severe,PH063000000,1929,380,368,357,824
Region VI (Western Visayas),ILOILO,PH060000000,PH0603000000,Communication Disability,Male,All,PH063000000,9517,1709,1459,1833,4516
Region VI (Western Visayas),ILOILO,PH060000000,PH0603000000,Communication Disability,Male,Mild,PH063000000,5485,758,655,1022,3050
Region VI (Western Visayas),ILOILO,PH060000000,PH0603000000,Communication Disability,Male,Moderate,PH063000000,2263,470,427,453,913
Region VI (Western Visayas),ILOILO,PH060000000,PH0603000000,Communication Disability,Male,Severe,PH063000000,1769,481,377,358,553
Region VI (Western Visayas),ILOILO,PH060000000,PH0603000000,Hearing Disability,Both Sexes,All,PH063000000,58957,1663,2187,7190,47917
Region VI (Western Visayas),ILOILO,PH060000000,PH0603000000,Hearing Disability,Both Sexes,Mild,PH063000000,50006,1068,1559,6171,41208
Region VI (Western Visayas),ILOILO,PH060000000,PH0603000000,Hearing Disability,Both Sexes,Moderate,PH063000000,7219,308,313,708,5890
Region VI (Western Visayas),ILOILO,PH060000000,PH0603000000,Hearing Disability,Both Sexes,Severe,PH063000000,1732,287,315,311,819
Region VI (Western Visayas),ILOILO,PH060000000,PH0603000000,Hearing Disability,Female,All,PH063000000,33202,733,1022,3456,27991
Region VI (Western Visayas),ILOILO,PH060000000,PH0603000000,Hearing Disability,Female,Mild,PH063000000,28194,455,730,2990,24019
Region VI (Western Visayas),ILOILO,PH060000000,PH0603000000,Hearing Disability,Female,Moderate,PH063000000,4088,147,131,305,3505
Region VI (Western Visayas),ILOILO,PH060000000,PH0603000000,Hearing Disability,Female,Severe,PH063000000,920,131,161,161,467
Region VI (Western Visayas),ILOILO,PH060000000,PH0603000000,Hearing Disability,Male,All,PH063000000,25755,930,1165,3734,19926
Region VI (Western Visayas),ILOILO,PH060000000,PH0603000000,Hearing Disability,Male,Mild,PH063000000,21812,613,829,3181,17189
Region VI (Western Visayas),ILOILO,PH060000000,PH0603000000,Hearing Disability,Male,Moderate,PH063000000,3131,161,182,403,2385
Region VI (Western Visayas),ILOILO,PH060000000,PH0603000000,Hearing Disability,Male,Severe,PH063000000,812,156,154,150,352
Region VI (Western Visayas),ILOILO,PH060000000,PH0603000000,Mobility Disability,Both Sexes,All,PH063000000,64160,1808,2238,8806,51308
Region VI (Western Visayas),ILOILO,PH060000000,PH0603000000,Mobility Disability,Both Sexes,Mild,PH063000000,48367,922,1440,6726,39279
Region VI (Western Visayas),ILOILO,PH060000000,PH0603000000,Mobility Disability,Both Sexes,Moderate,PH063000000,10439,369,472,1512,8086
Region VI (Western Visayas),ILOILO,PH060000000,PH0603000000,Mobility Disability,Both Sexes,Severe,PH063000000,5354,517,326,568,3943
Region VI (Western Visayas),ILOILO,PH060000000,PH0603000000,Mobility Disability,Female,All,PH063000000,35388,805,866,3506,30211
Region VI (Western Visayas),ILOILO,PH060000000,PH0603000000,Mobility Disability,Female,Mild,PH063000000,26832,405,554,2775,23098
Region VI (Western Visayas),ILOILO,PH060000000,PH0603000000,Mobility Disability,Female,Moderate,PH063000000,5458,161,169,482,4646
Region VI (Western Visayas),ILOILO,PH060000000,PH0603000000,Mobility Disability,Female,Severe,PH063000000,3098,239,143,249,2467
Region VI (Western Visayas),ILOILO,PH060000000,PH0603000000,Mobility Disability,Male,All,PH063000000,28772,1003,1372,5300,21097
Region VI (Western Visayas),ILOILO,PH060000000,PH0603000000,Mobility Disability,Male,Mild,PH063000000,21535,517,886,3951,16181
Region VI (Western Visayas),ILOILO,PH060000000,PH0603000000,Mobility Disability,Male,Moderate,PH063000000,4981,208,303,1030,3440
Region VI (Western Visayas),ILOILO,PH060000000,PH0603000000,Mobility Disability,Male,Severe,PH063000000,2256,278,183,319,1476
Region VI (Western Visayas),ILOILO,PH060000000,PH0603000000,Self-Care Disability,Both Sexes,All,PH063000000,22245,2297,1528,2460,15960
Region VI (Western Visayas),ILOILO,PH060000000,PH0603000000,Self-Care Disability,Both Sexes,Mild,PH063000000,12108,1136,737,1344,8891
Region VI (Western Visayas),ILOILO,PH060000000,PH0603000000,Self-Care Disability,Both Sexes,Moderate,PH063000000,4279,449,332,517,2981
Region VI (Western Visayas),ILOILO,PH060000000,PH0603000000,Self-Care Disability,Both Sexes,Severe,PH063000000,5858,712,459,599,4088
Region VI (Western Visayas),ILOILO,PH060000000,PH0603000000,Self-Care Disability,Female,All,PH063000000,12531,981,659,1060,9831
Region VI (Western Visayas),ILOILO,PH060000000,PH0603000000,Self-Care Disability,Female,Mild,PH063000000,6824,475,327,580,5442
Region VI (Western Visayas),ILOILO,PH060000000,PH0603000000,Self-Care Disability,Female,Moderate,PH063000000,2344,191,129,206,1818
Region VI (Western Visayas),ILOILO,PH060000000,PH0603000000,Self-Care Disability,Female,Severe,PH063000000,3363,315,203,274,2571
Region VI (Western Visayas),ILOILO,PH060000000,PH0603000000,Self-Care Disability,Male,All,PH063000000,9714,1316,869,1400,6129
Region VI (Western Visayas),ILOILO,PH060000000,PH0603000000,Self-Care Disability,Male,Mild,PH063000000,5284,661,410,764,3449
Region VI (Western Visayas),ILOILO,PH060000000,PH0603000000,Self-Care Disability,Male,Moderate,PH063000000,1935,258,203,311,1163
Region VI (Western Visayas),ILOILO,PH060000000,PH0603000000,Self-Care Disability,Male,Severe,PH063000000,2495,397,256,325,1517
Region VI (Western Visayas),ILOILO,PH060000000,PH0603000000,Visual Disability,Both Sexes,All,PH063000000,184750,4216,10236,51196,119102
Region VI (Western Visayas),ILOILO,PH060000000,PH0603000000,Visual Disability,Both Sexes,Mild,PH063000000,168503,3605,9509,48940,106449
Region VI (Western Visayas),ILOILO,PH060000000,PH0603000000,Visual Disability,Both Sexes,Moderate,PH063000000,13513,426,576,1923,10588
Region VI (Western Visayas),ILOILO,PH060000000,PH0603000000,Visual Disability,Both Sexes,Severe,PH063000000,2734,185,151,333,2065
Region VI (Western Visayas),ILOILO,PH060000000,PH0603000000,Visual Disability,Female,All,PH063000000,109273,2386,6610,29037,71240
Region VI (Western Visayas),ILOILO,PH060000000,PH0603000000,Visual Disability,Female,Mild,PH063000000,99560,2086,6236,27874,63364
Region VI (Western Visayas),ILOILO,PH060000000,PH0603000000,Visual Disability,Female,Moderate,PH063000000,8164,218,313,1009,6624
Region VI (Western Visayas),ILOILO,PH060000000,PH0603000000,Visual Disability,Female,Severe,PH063000000,1549,82,61,154,1252
Region VI (Western Visayas),ILOILO,PH060000000,PH0603000000,Visual Disability,Male,All,PH063000000,75477,1830,3626,22159,47862
Region VI (Western Visayas),ILOILO,PH060000000,PH0603000000,Visual Disability,Male,Mild,PH063000000,68943,1519,3273,21066,43085
Region VI (Western Visayas),ILOILO,PH060000000,PH0603000000,Visual Disability,Male,Moderate,PH063000000,5349,208,263,914,3964
Region VI (Western Visayas),ILOILO,PH060000000,PH0603000000,Visual Disability,Male,Severe,PH063000000,1185,103,90,179,813
Region VI (Western Visayas),NEGROS OCCIDENTAL,PH060000000,PH0604500000,Cognitive Disability,Both Sexes,All,PH064500000,39980,2130,2907,7461,27482
Region VI (Western Visayas),NEGROS OCCIDENTAL,PH060000000,PH0604500000,Cognitive Disability,Both Sexes,Mild,PH064500000,33379,1173,1973,6357,23876
Region VI (Western Visayas),NEGROS OCCIDENTAL,PH060000000,PH0604500000,Cognitive Disability,Both Sexes,Moderate,PH064500000,4821,545,623,788,2865
Region VI (Western Visayas),NEGROS OCCIDENTAL,PH060000000,PH0604500000,Cognitive Disability,Both Sexes,Severe,PH064500000,1780,412,311,316,741
Region VI (Western Visayas),NEGROS OCCIDENTAL,PH060000000,PH0604500000,Cognitive Disability,Female,All,PH064500000,23607,947,1485,4110,17065
Region VI (Western Visayas),NEGROS OCCIDENTAL,PH060000000,PH0604500000,Cognitive Disability,Female,Mild,PH064500000,19916,529,1081,3605,14701
Region VI (Western Visayas),NEGROS OCCIDENTAL,PH060000000,PH0604500000,Cognitive Disability,Female,Moderate,PH064500000,2722,228,265,359,1870
Region VI (Western Visayas),NEGROS OCCIDENTAL,PH060000000,PH0604500000,Cognitive Disability,Female,Severe,PH064500000,969,190,139,146,494
Region VI (Western Visayas),NEGROS OCCIDENTAL,PH060000000,PH0604500000,Cognitive Disability,Male,All,PH064500000,16373,1183,1422,3351,10417
Region VI (Western Visayas),NEGROS OCCIDENTAL,PH060000000,PH0604500000,Cognitive Disability,Male,Mild,PH064500000,13463,644,892,2752,9175
Region VI (Western Visayas),NEGROS OCCIDENTAL,PH060000000,PH0604500000,Cognitive Disability,Male,Moderate,PH064500000,2099,317,358,429,995
Region VI (Western Visayas),NEGROS OCCIDENTAL,PH060000000,PH0604500000,Cognitive Disability,Male,Severe,PH064500000,811,222,172,170,247
Region VI (Western Visayas),NEGROS OCCIDENTAL,PH060000000,PH0604500000,Communication Disability,Both Sexes,All,PH064500000,19278,3544,3262,3642,8830
Region VI (Western Visayas),NEGROS OCCIDENTAL,PH060000000,PH0604500000,Communication Disability,Both Sexes,Mild,PH064500000,11073,1447,1451,1929,6246
Region VI (Western Visayas),NEGROS OCCIDENTAL,PH060000000,PH0604500000,Communication Disability,Both Sexes,Moderate,PH064500000,4295,959,862,915,1559
Region VI (Western Visayas),NEGROS OCCIDENTAL,PH060000000,PH0604500000,Communication Disability,Both Sexes,Severe,PH064500000,3910,1138,949,798,1025
Region VI (Western Visayas),NEGROS OCCIDENTAL,PH060000000,PH0604500000,Communication Disability,Female,All,PH064500000,9907,1619,1475,1638,5175
Region VI (Western Visayas),NEGROS OCCIDENTAL,PH060000000,PH0604500000,Communication Disability,Female,Mild,PH064500000,5622,666,585,733,3638
Region VI (Western Visayas),NEGROS OCCIDENTAL,PH060000000,PH0604500000,Communication Disability,Female,Moderate,PH064500000,2224,420,415,481,908
Region VI (Western Visayas),NEGROS OCCIDENTAL,PH060000000,PH0604500000,Communication Disability,Female,Severe,PH064500000,2061,533,475,424,629
Region VI (Western Visayas),NEGROS OCCIDENTAL,PH060000000,PH0604500000,Communication Disability,Male,All,PH064500000,9371,1925,1787,2004,3655
Region VI (Western Visayas),NEGROS OCCIDENTAL,PH060000000,PH0604500000,Communication Disability,Male,Mild,PH064500000,5451,781,866,1196,2608
Region VI (Western Visayas),NEGROS OCCIDENTAL,PH060000000,PH0604500000,Communication Disability,Male,Moderate,PH064500000,2071,539,447,434,651
Region VI (Western Visayas),NEGROS OCCIDENTAL,PH060000000,PH0604500000,Communication Disability,Male,Severe,PH064500000,1849,605,474,374,396
Region VI (Western Visayas),NEGROS OCCIDENTAL,PH060000000,PH0604500000,Hearing Disability,Both Sexes,All,PH064500000,51579,1536,2105,6423,41515
Region VI (Western Visayas),NEGROS OCCIDENTAL,PH060000000,PH0604500000,Hearing Disability,Both Sexes,Mild,PH064500000,44390,946,1414,5535,36495
Region VI (Western Visayas),NEGROS OCCIDENTAL,PH060000000,PH0604500000,Hearing Disability,Both Sexes,Moderate,PH064500000,5581,293,343,567,4378
Region VI (Western Visayas),NEGROS OCCIDENTAL,PH060000000,PH0604500000,Hearing Disability,Both Sexes,Severe,PH064500000,1608,297,348,321,642
Region VI (Western Visayas),NEGROS OCCIDENTAL,PH060000000,PH0604500000,Hearing Disability,Female,All,PH064500000,28614,736,1007,3135,23736
Region VI (Western Visayas),NEGROS OCCIDENTAL,PH060000000,PH0604500000,Hearing Disability,Female,Mild,PH064500000,24718,458,682,2741,20837
Region VI (Western Visayas),NEGROS OCCIDENTAL,PH060000000,PH0604500000,Hearing Disability,Female,Moderate,PH064500000,3083,133,166,253,2531
Region VI (Western Visayas),NEGROS OCCIDENTAL,PH060000000,PH0604500000,Hearing Disability,Female,Severe,PH064500000,813,145,159,141,368
Region VI (Western Visayas),NEGROS OCCIDENTAL,PH060000000,PH0604500000,Hearing Disability,Male,All,PH064500000,22965,800,1098,3288,17779
Region VI (Western Visayas),NEGROS OCCIDENTAL,PH060000000,PH0604500000,Hearing Disability,Male,Mild,PH064500000,19672,488,732,2794,15658
Region VI (Western Visayas),NEGROS OCCIDENTAL,PH060000000,PH0604500000,Hearing Disability,Male,Moderate,PH064500000,2498,160,177,314,1847
Region VI (Western Visayas),NEGROS OCCIDENTAL,PH060000000,PH0604500000,Hearing Disability,Male,Severe,PH064500000,795,152,189,180,274
Region VI (Western Visayas),NEGROS OCCIDENTAL,PH060000000,PH0604500000,Mobility Disability,Both Sexes,All,PH064500000,50234,1733,2112,7513,38876
Region VI (Western Visayas),NEGROS OCCIDENTAL,PH060000000,PH0604500000,Mobility Disability,Both Sexes,Mild,PH064500000,38908,854,1296,5763,30995
Region VI (Western Visayas),NEGROS OCCIDENTAL,PH060000000,PH0604500000,Mobility Disability,Both Sexes,Moderate,PH064500000,7610,383,486,1230,5511
Region VI (Western Visayas),NEGROS OCCIDENTAL,PH060000000,PH0604500000,Mobility Disability,Both Sexes,Severe,PH064500000,3716,496,330,520,2370
Region VI (Western Visayas),NEGROS OCCIDENTAL,PH060000000,PH0604500000,Mobility Disability,Female,All,PH064500000,27002,772,860,3012,22358
Region VI (Western Visayas),NEGROS OCCIDENTAL,PH060000000,PH0604500000,Mobility Disability,Female,Mild,PH064500000,21114,386,525,2352,17851
Region VI (Western Visayas),NEGROS OCCIDENTAL,PH060000000,PH0604500000,Mobility Disability,Female,Moderate,PH064500000,3883,170,185,438,3090
Region VI (Western Visayas),NEGROS OCCIDENTAL,PH060000000,PH0604500000,Mobility Disability,Female,Severe,PH064500000,2005,216,150,222,1417
Region VI (Western Visayas),NEGROS OCCIDENTAL,PH060000000,PH0604500000,Mobility Disability,Male,All,PH064500000,23232,961,1252,4501,16518
Region VI (Western Visayas),NEGROS OCCIDENTAL,PH060000000,PH0604500000,Mobility Disability,Male,Mild,PH064500000,17794,468,771,3411,13144
Region VI (Western Visayas),NEGROS OCCIDENTAL,PH060000000,PH0604500000,Mobility Disability,Male,Moderate,PH064500000,3727,213,301,792,2421
Region VI (Western Visayas),NEGROS OCCIDENTAL,PH060000000,PH0604500000,Mobility Disability,Male,Severe,PH064500000,1711,280,180,298,953
Region VI (Western Visayas),NEGROS OCCIDENTAL,PH060000000,PH0604500000,Self-Care Disability,Both Sexes,All,PH064500000,19087,2704,1653,2463,12267
Region VI (Western Visayas),NEGROS OCCIDENTAL,PH060000000,PH0604500000,Self-Care Disability,Both Sexes,Mild,PH064500000,11554,1441,819,1466,7828
Region VI (Western Visayas),NEGROS OCCIDENTAL,PH060000000,PH0604500000,Self-Care Disability,Both Sexes,Moderate,PH064500000,3516,505,368,512,2131
Region VI (Western Visayas),NEGROS OCCIDENTAL,PH060000000,PH0604500000,Self-Care Disability,Both Sexes,Severe,PH064500000,4017,758,466,485,2308
Region VI (Western Visayas),NEGROS OCCIDENTAL,PH060000000,PH0604500000,Self-Care Disability,Female,All,PH064500000,10220,1229,710,1014,7267
Region VI (Western Visayas),NEGROS OCCIDENTAL,PH060000000,PH0604500000,Self-Care Disability,Female,Mild,PH064500000,6226,662,346,590,4628
Region VI (Western Visayas),NEGROS OCCIDENTAL,PH060000000,PH0604500000,Self-Care Disability,Female,Moderate,PH064500000,1869,245,156,218,1250
Region VI (Western Visayas),NEGROS OCCIDENTAL,PH060000000,PH0604500000,Self-Care Disability,Female,Severe,PH064500000,2125,322,208,206,1389
Region VI (Western Visayas),NEGROS OCCIDENTAL,PH060000000,PH0604500000,Self-Care Disability,Male,All,PH064500000,8867,1475,943,1449,5000
Region VI (Western Visayas),NEGROS OCCIDENTAL,PH060000000,PH0604500000,Self-Care Disability,Male,Mild,PH064500000,5328,779,473,876,3200
Region VI (Western Visayas),NEGROS OCCIDENTAL,PH060000000,PH0604500000,Self-Care Disability,Male,Moderate,PH064500000,1647,260,212,294,881
Region VI (Western Visayas),NEGROS OCCIDENTAL,PH060000000,PH0604500000,Self-Care Disability,Male,Severe,PH064500000,1892,436,258,279,919
Region VI (Western Visayas),NEGROS OCCIDENTAL,PH060000000,PH0604500000,Visual Disability,Both Sexes,All,PH064500000,168792,3344,6991,48137,110320
Region VI (Western Visayas),NEGROS OCCIDENTAL,PH060000000,PH0604500000,Visual Disability,Both Sexes,Mild,PH064500000,156566,2745,6343,46120,101358
Region VI (Western Visayas),NEGROS OCCIDENTAL,PH060000000,PH0604500000,Visual Disability,Both Sexes,Moderate,PH064500000,10277,368,450,1696,7763
Region VI (Western Visayas),NEGROS OCCIDENTAL,PH060000000,PH0604500000,Visual Disability,Both Sexes,Severe,PH064500000,1949,231,198,321,1199
Region VI (Western Visayas),NEGROS OCCIDENTAL,PH060000000,PH0604500000,Visual Disability,Female,All,PH064500000,97376,1855,4253,26773,64495
Region VI (Western Visayas),NEGROS OCCIDENTAL,PH060000000,PH0604500000,Visual Disability,Female,Mild,PH064500000,90173,1559,3929,25758,58927
Region VI (Western Visayas),NEGROS OCCIDENTAL,PH060000000,PH0604500000,Visual Disability,Female,Moderate,PH064500000,6105,180,235,879,4811
Region VI (Western Visayas),NEGROS OCCIDENTAL,PH060000000,PH0604500000,Visual Disability,Female,Severe,PH064500000,1098,116,89,136,757
Region VI (Western Visayas),NEGROS OCCIDENTAL,PH060000000,PH0604500000,Visual Disability,Male,All,PH064500000,71416,1489,2738,21364,45825
Region VI (Western Visayas),NEGROS OCCIDENTAL,PH060000000,PH0604500000,Visual Disability,Male,Mild,PH064500000,66393,1186,2414,20362,42431
Region VI (Western Visayas),NEGROS OCCIDENTAL,PH060000000,PH0604500000,Visual Disability,Male,Moderate,PH064500000,4172,188,215,817,2952
Region VI (Western Visayas),NEGROS OCCIDENTAL,PH060000000,PH0604500000,Visual Disability,Male,Severe,PH064500000,851,115,109,185,442
Region VII (Central Visayas),BOHOL,PH070000000,PH0701200000,Cognitive Disability,Both Sexes,All,PH071200000,33621,1440,2299,6810,23072
Region VII (Central Visayas),BOHOL,PH070000000,PH0701200000,Cognitive Disability,Both Sexes,Mild,PH071200000,28369,726,1650,5961,20032
Region VII (Central Visayas),BOHOL,PH070000000,PH0701200000,Cognitive Disability,Both Sexes,Moderate,PH071200000,3986,402,441,618,2525
Region VII (Central Visayas),BOHOL,PH070000000,PH0701200000,Cognitive Disability,Both Sexes,Severe,PH071200000,1266,312,208,231,515
Region VII (Central Visayas),BOHOL,PH070000000,PH0701200000,Cognitive Disability,Female,All,PH071200000,19305,611,1197,3683,13814
Region VII (Central Visayas),BOHOL,PH070000000,PH0701200000,Cognitive Disability,Female,Mild,PH071200000,16314,326,899,3280,11809
Region VII (Central Visayas),BOHOL,PH070000000,PH0701200000,Cognitive Disability,Female,Moderate,PH071200000,2320,155,205,307,1653
Region VII (Central Visayas),BOHOL,PH070000000,PH0701200000,Cognitive Disability,Female,Severe,PH071200000,671,130,93,96,352
Region VII (Central Visayas),BOHOL,PH070000000,PH0701200000,Cognitive Disability,Male,All,PH071200000,14316,829,1102,3127,9258
Region VII (Central Visayas),BOHOL,PH070000000,PH0701200000,Cognitive Disability,Male,Mild,PH071200000,12055,400,751,2681,8223
Region VII (Central Visayas),BOHOL,PH070000000,PH0701200000,Cognitive Disability,Male,Moderate,PH071200000,1666,247,236,311,872
Region VII (Central Visayas),BOHOL,PH070000000,PH0701200000,Cognitive Disability,Male,Severe,PH071200000,595,182,115,135,163
Region VII (Central Visayas),BOHOL,PH070000000,PH0701200000,Communication Disability,Both Sexes,All,PH071200000,11201,1919,1659,1834,5789
Region VII (Central Visayas),BOHOL,PH070000000,PH0701200000,Communication Disability,Both Sexes,Mild,PH071200000,6136,678,678,922,3858
Region VII (Central Visayas),BOHOL,PH070000000,PH0701200000,Communication Disability,Both Sexes,Moderate,PH071200000,2779,564,470,512,1233
Region VII (Central Visayas),BOHOL,PH070000000,PH0701200000,Communication Disability,Both Sexes,Severe,PH071200000,2286,677,511,400,698
Region VII (Central Visayas),BOHOL,PH070000000,PH0701200000,Communication Disability,Female,All,PH071200000,5674,793,732,809,3340
Region VII (Central Visayas),BOHOL,PH070000000,PH0701200000,Communication Disability,Female,Mild,PH071200000,3119,265,283,358,2213
Region VII (Central Visayas),BOHOL,PH070000000,PH0701200000,Communication Disability,Female,Moderate,PH071200000,1423,233,214,260,716
Region VII (Central Visayas),BOHOL,PH070000000,PH0701200000,Communication Disability,Female,Severe,PH071200000,1132,295,235,191,411
Region VII (Central Visayas),BOHOL,PH070000000,PH0701200000,Communication Disability,Male,All,PH071200000,5527,1126,927,1025,2449
Region VII (Central Visayas),BOHOL,PH070000000,PH0701200000,Communication Disability,Male,Mild,PH071200000,3017,413,395,564,1645
Region VII (Central Visayas),BOHOL,PH070000000,PH0701200000,Communication Disability,Male,Moderate,PH071200000,1356,331,256,252,517
Region VII (Central Visayas),BOHOL,PH070000000,PH0701200000,Communication Disability,Male,Severe,PH071200000,1154,382,276,209,287
Region VII (Central Visayas),BOHOL,PH070000000,PH0701200000,Hearing Disability,Both Sexes,All,PH071200000,35514,1163,1556,4366,28429
Region VII (Central Visayas),BOHOL,PH070000000,PH0701200000,Hearing Disability,Both Sexes,Mild,PH071200000,29515,760,1113,3775,23867
Region VII (Central Visayas),BOHOL,PH070000000,PH0701200000,Hearing Disability,Both Sexes,Moderate,PH071200000,4855,187,189,400,4079
Region VII (Central Visayas),BOHOL,PH070000000,PH0701200000,Hearing Disability,Both Sexes,Severe,PH071200000,1144,216,254,191,483
Region VII (Central Visayas),BOHOL,PH070000000,PH0701200000,Hearing Disability,Female,All,PH071200000,18954,552,728,2068,15606
Region VII (Central Visayas),BOHOL,PH070000000,PH0701200000,Hearing Disability,Female,Mild,PH071200000,15771,364,526,1789,13092
Region VII (Central Visayas),BOHOL,PH070000000,PH0701200000,Hearing Disability,Female,Moderate,PH071200000,2617,87,100,184,2246
Region VII (Central Visayas),BOHOL,PH070000000,PH0701200000,Hearing Disability,Female,Severe,PH071200000,566,101,102,95,268
Region VII (Central Visayas),BOHOL,PH070000000,PH0701200000,Hearing Disability,Male,All,PH071200000,16560,611,828,2298,12823
Region VII (Central Visayas),BOHOL,PH070000000,PH0701200000,Hearing Disability,Male,Mild,PH071200000,13744,396,587,1986,10775
Region VII (Central Visayas),BOHOL,PH070000000,PH0701200000,Hearing Disability,Male,Moderate,PH071200000,2238,100,89,216,1833
Region VII (Central Visayas),BOHOL,PH070000000,PH0701200000,Hearing Disability,Male,Severe,PH071200000,578,115,152,96,215
Region VII (Central Visayas),BOHOL,PH070000000,PH0701200000,Mobility Disability,Both Sexes,All,PH071200000,36451,1083,1245,4677,29446
Region VII (Central Visayas),BOHOL,PH070000000,PH0701200000,Mobility Disability,Both Sexes,Mild,PH071200000,27753,489,791,3635,22838
Region VII (Central Visayas),BOHOL,PH070000000,PH0701200000,Mobility Disability,Both Sexes,Moderate,PH071200000,5738,223,258,714,4543
Region VII (Central Visayas),BOHOL,PH070000000,PH0701200000,Mobility Disability,Both Sexes,Severe,PH071200000,2960,371,196,328,2065
Region VII (Central Visayas),BOHOL,PH070000000,PH0701200000,Mobility Disability,Female,All,PH071200000,19424,467,483,1848,16626
Region VII (Central Visayas),BOHOL,PH070000000,PH0701200000,Mobility Disability,Female,Mild,PH071200000,14796,223,309,1465,12799
Region VII (Central Visayas),BOHOL,PH070000000,PH0701200000,Mobility Disability,Female,Moderate,PH071200000,2963,84,88,231,2560
Region VII (Central Visayas),BOHOL,PH070000000,PH0701200000,Mobility Disability,Female,Severe,PH071200000,1665,160,86,152,1267
Region VII (Central Visayas),BOHOL,PH070000000,PH0701200000,Mobility Disability,Male,All,PH071200000,17027,616,762,2829,12820
Region VII (Central Visayas),BOHOL,PH070000000,PH0701200000,Mobility Disability,Male,Mild,PH071200000,12957,266,482,2170,10039
Region VII (Central Visayas),BOHOL,PH070000000,PH0701200000,Mobility Disability,Male,Moderate,PH071200000,2775,139,170,483,1983
Region VII (Central Visayas),BOHOL,PH070000000,PH0701200000,Mobility Disability,Male,Severe,PH071200000,1295,211,110,176,798
Region VII (Central Visayas),BOHOL,PH070000000,PH0701200000,Self-Care Disability,Both Sexes,All,PH071200000,11595,1401,855,1211,8128
Region VII (Central Visayas),BOHOL,PH070000000,PH0701200000,Self-Care Disability,Both Sexes,Mild,PH071200000,5900,530,350,632,4388
Region VII (Central Visayas),BOHOL,PH070000000,PH0701200000,Self-Care Disability,Both Sexes,Moderate,PH071200000,2305,287,186,258,1574
Region VII (Central Visayas),BOHOL,PH070000000,PH0701200000,Self-Care Disability,Both Sexes,Severe,PH071200000,3390,584,319,321,2166
Region VII (Central Visayas),BOHOL,PH070000000,PH0701200000,Self-Care Disability,Female,All,PH071200000,6295,584,360,539,4812
Region VII (Central Visayas),BOHOL,PH070000000,PH0701200000,Self-Care Disability,Female,Mild,PH071200000,3189,216,150,274,2549
Region VII (Central Visayas),BOHOL,PH070000000,PH0701200000,Self-Care Disability,Female,Moderate,PH071200000,1245,112,76,122,935
Region VII (Central Visayas),BOHOL,PH070000000,PH0701200000,Self-Care Disability,Female,Severe,PH071200000,1861,256,134,143,1328
Region VII (Central Visayas),BOHOL,PH070000000,PH0701200000,Self-Care Disability,Male,All,PH071200000,5300,817,495,672,3316
Region VII (Central Visayas),BOHOL,PH070000000,PH0701200000,Self-Care Disability,Male,Mild,PH071200000,2711,314,200,358,1839
Region VII (Central Visayas),BOHOL,PH070000000,PH0701200000,Self-Care Disability,Male,Moderate,PH071200000,1060,175,110,136,639
Region VII (Central Visayas),BOHOL,PH070000000,PH0701200000,Self-Care Disability,Male,Severe,PH071200000,1529,328,185,178,838
Region VII (Central Visayas),BOHOL,PH070000000,PH0701200000,Visual Disability,Both Sexes,All,PH071200000,86722,2034,4479,23897,56312
Region VII (Central Visayas),BOHOL,PH070000000,PH0701200000,Visual Disability,Both Sexes,Mild,PH071200000,78286,1642,4020,22699,49925
Region VII (Central Visayas),BOHOL,PH070000000,PH0701200000,Visual Disability,Both Sexes,Moderate,PH071200000,7051,282,386,1038,5345
Region VII (Central Visayas),BOHOL,PH070000000,PH0701200000,Visual Disability,Both Sexes,Severe,PH071200000,1385,110,73,160,1042
Region VII (Central Visayas),BOHOL,PH070000000,PH0701200000,Visual Disability,Female,All,PH071200000,49513,1142,2807,13074,32490
Region VII (Central Visayas),BOHOL,PH070000000,PH0701200000,Visual Disability,Female,Mild,PH071200000,44700,967,2559,12494,28680
Region VII (Central Visayas),BOHOL,PH070000000,PH0701200000,Visual Disability,Female,Moderate,PH071200000,4019,123,220,520,3156
Region VII (Central Visayas),BOHOL,PH070000000,PH0701200000,Visual Disability,Female,Severe,PH071200000,794,52,28,60,654
Region VII (Central Visayas),BOHOL,PH070000000,PH0701200000,Visual Disability,Male,All,PH071200000,37209,892,1672,10823,23822
Region VII (Central Visayas),BOHOL,PH070000000,PH0701200000,Visual Disability,Male,Mild,PH071200000,33586,675,1461,10205,21245
Region VII (Central Visayas),BOHOL,PH070000000,PH0701200000,Visual Disability,Male,Moderate,PH071200000,3032,159,166,518,2189
Region VII (Central Visayas),BOHOL,PH070000000,PH0701200000,Visual Disability,Male,Severe,PH071200000,591,58,45,100,388
Region VII (Central Visayas),CEBU,PH070000000,PH0702200000,Cognitive Disability,Both Sexes,All,PH072200000,63433,4100,6216,13235,39882
Region VII (Central Visayas),CEBU,PH070000000,PH0702200000,Cognitive Disability,Both Sexes,Mild,PH072200000,52135,2267,4496,11430,33942
Region VII (Central Visayas),CEBU,PH070000000,PH0702200000,Cognitive Disability,Both Sexes,Moderate,PH072200000,8237,1073,1163,1259,4742
Region VII (Central Visayas),CEBU,PH070000000,PH0702200000,Cognitive Disability,Both Sexes,Severe,PH072200000,3061,760,557,546,1198
Region VII (Central Visayas),CEBU,PH070000000,PH0702200000,Cognitive Disability,Female,All,PH072200000,36281,1698,3161,7232,24190
Region VII (Central Visayas),CEBU,PH070000000,PH0702200000,Cognitive Disability,Female,Mild,PH072200000,30238,1002,2424,6398,20414
Region VII (Central Visayas),CEBU,PH070000000,PH0702200000,Cognitive Disability,Female,Moderate,PH072200000,4478,395,498,587,2998
Region VII (Central Visayas),CEBU,PH070000000,PH0702200000,Cognitive Disability,Female,Severe,PH072200000,1565,301,239,247,778
Region VII (Central Visayas),CEBU,PH070000000,PH0702200000,Cognitive Disability,Male,All,PH072200000,27152,2402,3055,6003,15692
Region VII (Central Visayas),CEBU,PH070000000,PH0702200000,Cognitive Disability,Male,Mild,PH072200000,21897,1265,2072,5032,13528
Region VII (Central Visayas),CEBU,PH070000000,PH0702200000,Cognitive Disability,Male,Moderate,PH072200000,3759,678,665,672,1744
Region VII (Central Visayas),CEBU,PH070000000,PH0702200000,Cognitive Disability,Male,Severe,PH072200000,1496,459,318,299,420
Region VII (Central Visayas),CEBU,PH070000000,PH0702200000,Communication Disability,Both Sexes,All,PH072200000,29181,5610,5061,5256,13254
Region VII (Central Visayas),CEBU,PH070000000,PH0702200000,Communication Disability,Both Sexes,Mild,PH072200000,16324,2169,2237,2769,9149
Region VII (Central Visayas),CEBU,PH070000000,PH0702200000,Communication Disability,Both Sexes,Moderate,PH072200000,6866,1596,1393,1313,2564
Region VII (Central Visayas),CEBU,PH070000000,PH0702200000,Communication Disability,Both Sexes,Severe,PH072200000,5991,1845,1431,1174,1541
Region VII (Central Visayas),CEBU,PH070000000,PH0702200000,Communication Disability,Female,All,PH072200000,14587,2320,2267,2358,7642
Region VII (Central Visayas),CEBU,PH070000000,PH0702200000,Communication Disability,Female,Mild,PH072200000,8197,897,938,1106,5256
Region VII (Central Visayas),CEBU,PH070000000,PH0702200000,Communication Disability,Female,Moderate,PH072200000,3408,646,633,655,1474
Region VII (Central Visayas),CEBU,PH070000000,PH0702200000,Communication Disability,Female,Severe,PH072200000,2982,777,696,597,912
Region VII (Central Visayas),CEBU,PH070000000,PH0702200000,Communication Disability,Male,All,PH072200000,14594,3290,2794,2898,5612
Region VII (Central Visayas),CEBU,PH070000000,PH0702200000,Communication Disability,Male,Mild,PH072200000,8127,1272,1299,1663,3893
Region VII (Central Visayas),CEBU,PH070000000,PH0702200000,Communication Disability,Male,Moderate,PH072200000,3458,950,760,658,1090
Region VII (Central Visayas),CEBU,PH070000000,PH0702200000,Communication Disability,Male,Severe,PH072200000,3009,1068,735,577,629
Region VII (Central Visayas),CEBU,PH070000000,PH0702200000,Hearing Disability,Both Sexes,All,PH072200000,73065,3035,4191,10433,55406
Region VII (Central Visayas),CEBU,PH070000000,PH0702200000,Hearing Disability,Both Sexes,Mild,PH072200000,61208,1933,2972,9005,47298
Region VII (Central Visayas),CEBU,PH070000000,PH0702200000,Hearing Disability,Both Sexes,Moderate,PH072200000,9027,506,596,901,7024
Region VII (Central Visayas),CEBU,PH070000000,PH0702200000,Hearing Disability,Both Sexes,Severe,PH072200000,2830,596,623,527,1084
Region VII (Central Visayas),CEBU,PH070000000,PH0702200000,Hearing Disability,Female,All,PH072200000,39210,1394,2035,5127,30654
Region VII (Central Visayas),CEBU,PH070000000,PH0702200000,Hearing Disability,Female,Mild,PH072200000,33061,925,1478,4490,26168
Region VII (Central Visayas),CEBU,PH070000000,PH0702200000,Hearing Disability,Female,Moderate,PH072200000,4767,219,267,393,3888
Region VII (Central Visayas),CEBU,PH070000000,PH0702200000,Hearing Disability,Female,Severe,PH072200000,1382,250,290,244,598
Region VII (Central Visayas),CEBU,PH070000000,PH0702200000,Hearing Disability,Male,All,PH072200000,33855,1641,2156,5306,24752
Region VII (Central Visayas),CEBU,PH070000000,PH0702200000,Hearing Disability,Male,Mild,PH072200000,28147,1008,1494,4515,21130
Region VII (Central Visayas),CEBU,PH070000000,PH0702200000,Hearing Disability,Male,Moderate,PH072200000,4260,287,329,508,3136
Region VII (Central Visayas),CEBU,PH070000000,PH0702200000,Hearing Disability,Male,Severe,PH072200000,1448,346,333,283,486
Region VII (Central Visayas),CEBU,PH070000000,PH0702200000,Mobility Disability,Both Sexes,All,PH072200000,82699,3138,3664,12001,63896
Region VII (Central Visayas),CEBU,PH070000000,PH0702200000,Mobility Disability,Both Sexes,Mild,PH072200000,62186,1530,2286,9098,49272
Region VII (Central Visayas),CEBU,PH070000000,PH0702200000,Mobility Disability,Both Sexes,Moderate,PH072200000,13529,642,773,1958,10156
Region VII (Central Visayas),CEBU,PH070000000,PH0702200000,Mobility Disability,Both Sexes,Severe,PH072200000,6984,966,605,945,4468
Region VII (Central Visayas),CEBU,PH070000000,PH0702200000,Mobility Disability,Female,All,PH072200000,45471,1310,1513,5263,37385
Region VII (Central Visayas),CEBU,PH070000000,PH0702200000,Mobility Disability,Female,Mild,PH072200000,34622,639,984,4104,28895
Region VII (Central Visayas),CEBU,PH070000000,PH0702200000,Mobility Disability,Female,Moderate,PH072200000,7080,265,274,769,5772
Region VII (Central Visayas),CEBU,PH070000000,PH0702200000,Mobility Disability,Female,Severe,PH072200000,3769,406,255,390,2718
Region VII (Central Visayas),CEBU,PH070000000,PH0702200000,Mobility Disability,Male,All,PH072200000,37228,1828,2151,6738,26511
Region VII (Central Visayas),CEBU,PH070000000,PH0702200000,Mobility Disability,Male,Mild,PH072200000,27564,891,1302,4994,20377
Region VII (Central Visayas),CEBU,PH070000000,PH0702200000,Mobility Disability,Male,Moderate,PH072200000,6449,377,499,1189,4384
Region VII (Central Visayas),CEBU,PH070000000,PH0702200000,Mobility Disability,Male,Severe,PH072200000,3215,560,350,555,1750
Region VII (Central Visayas),CEBU,PH070000000,PH0702200000,Self-Care Disability,Both Sexes,All,PH072200000,28180,4115,2496,3541,18028
Region VII (Central Visayas),CEBU,PH070000000,PH0702200000,Self-Care Disability,Both Sexes,Mild,PH072200000,15252,1868,1087,1913,10384
Region VII (Central Visayas),CEBU,PH070000000,PH0702200000,Self-Care Disability,Both Sexes,Moderate,PH072200000,5743,835,629,764,3515
Region VII (Central Visayas),CEBU,PH070000000,PH0702200000,Self-Care Disability,Both Sexes,Severe,PH072200000,7185,1412,780,864,4129
Region VII (Central Visayas),CEBU,PH070000000,PH0702200000,Self-Care Disability,Female,All,PH072200000,15016,1697,1059,1515,10745
Region VII (Central Visayas),CEBU,PH070000000,PH0702200000,Self-Care Disability,Female,Mild,PH072200000,8240,774,466,821,6179
Region VII (Central Visayas),CEBU,PH070000000,PH0702200000,Self-Care Disability,Female,Moderate,PH072200000,3028,346,260,308,2114
Region VII (Central Visayas),CEBU,PH070000000,PH0702200000,Self-Care Disability,Female,Severe,PH072200000,3748,577,333,386,2452
Region VII (Central Visayas),CEBU,PH070000000,PH0702200000,Self-Care Disability,Male,All,PH072200000,13164,2418,1437,2026,7283
Region VII (Central Visayas),CEBU,PH070000000,PH0702200000,Self-Care Disability,Male,Mild,PH072200000,7012,1094,621,1092,4205
Region VII (Central Visayas),CEBU,PH070000000,PH0702200000,Self-Care Disability,Male,Moderate,PH072200000,2715,489,369,456,1401
Region VII (Central Visayas),CEBU,PH070000000,PH0702200000,Self-Care Disability,Male,Severe,PH072200000,3437,835,447,478,1677
Region VII (Central Visayas),CEBU,PH070000000,PH0702200000,Visual Disability,Both Sexes,All,PH072200000,235718,8975,21439,72503,132801
Region VII (Central Visayas),CEBU,PH070000000,PH0702200000,Visual Disability,Both Sexes,Mild,PH072200000,215337,7625,19659,68838,119215
Region VII (Central Visayas),CEBU,PH070000000,PH0702200000,Visual Disability,Both Sexes,Moderate,PH072200000,16706,899,1364,2999,11444
Region VII (Central Visayas),CEBU,PH070000000,PH0702200000,Visual Disability,Both Sexes,Severe,PH072200000,3675,451,416,666,2142
Region VII (Central Visayas),CEBU,PH070000000,PH0702200000,Visual Disability,Female,All,PH072200000,135761,5100,13710,40103,76848
Region VII (Central Visayas),CEBU,PH070000000,PH0702200000,Visual Disability,Female,Mild,PH072200000,124031,4457,12720,38248,68606
Region VII (Central Visayas),CEBU,PH070000000,PH0702200000,Visual Disability,Female,Moderate,PH072200000,9762,443,808,1565,6946
Region VII (Central Visayas),CEBU,PH070000000,PH0702200000,Visual Disability,Female,Severe,PH072200000,1968,200,182,290,1296
Region VII (Central Visayas),CEBU,PH070000000,PH0702200000,Visual Disability,Male,All,PH072200000,99957,3875,7729,32400,55953
Region VII (Central Visayas),CEBU,PH070000000,PH0702200000,Visual Disability,Male,Mild,PH072200000,91306,3168,6939,30590,50609
Region VII (Central Visayas),CEBU,PH070000000,PH0702200000,Visual Disability,Male,Moderate,PH072200000,6944,456,556,1434,4498
Region VII (Central Visayas),CEBU,PH070000000,PH0702200000,Visual Disability,Male,Severe,PH072200000,1707,251,234,376,846
Region VII (Central Visayas),NEGROS ORIENTAL,PH070000000,PH0704600000,Cognitive Disability,Both Sexes,All,PH074600000,27486,1476,2504,5775,17731
Region VII (Central Visayas),NEGROS ORIENTAL,PH070000000,PH0704600000,Cognitive Disability,Both Sexes,Mild,PH074600000,22844,778,1766,5038,15262
Region VII (Central Visayas),NEGROS ORIENTAL,PH070000000,PH0704600000,Cognitive Disability,Both Sexes,Moderate,PH074600000,3481,412,518,552,1999
Region VII (Central Visayas),NEGROS ORIENTAL,PH070000000,PH0704600000,Cognitive Disability,Both Sexes,Severe,PH074600000,1161,286,220,185,470
Region VII (Central Visayas),NEGROS ORIENTAL,PH070000000,PH0704600000,Cognitive Disability,Female,All,PH074600000,15401,631,1300,3076,10394
Region VII (Central Visayas),NEGROS ORIENTAL,PH070000000,PH0704600000,Cognitive Disability,Female,Mild,PH074600000,12876,341,976,2746,8813
Region VII (Central Visayas),NEGROS ORIENTAL,PH070000000,PH0704600000,Cognitive Disability,Female,Moderate,PH074600000,1927,175,228,252,1272
Region VII (Central Visayas),NEGROS ORIENTAL,PH070000000,PH0704600000,Cognitive Disability,Female,Severe,PH074600000,598,115,96,78,309
Region VII (Central Visayas),NEGROS ORIENTAL,PH070000000,PH0704600000,Cognitive Disability,Male,All,PH074600000,12085,845,1204,2699,7337
Region VII (Central Visayas),NEGROS ORIENTAL,PH070000000,PH0704600000,Cognitive Disability,Male,Mild,PH074600000,9968,437,790,2292,6449
Region VII (Central Visayas),NEGROS ORIENTAL,PH070000000,PH0704600000,Cognitive Disability,Male,Moderate,PH074600000,1554,237,290,300,727
Region VII (Central Visayas),NEGROS ORIENTAL,PH070000000,PH0704600000,Cognitive Disability,Male,Severe,PH074600000,563,171,124,107,161
Region VII (Central Visayas),NEGROS ORIENTAL,PH070000000,PH0704600000,Communication Disability,Both Sexes,All,PH074600000,10561,1815,1688,1787,5271
Region VII (Central Visayas),NEGROS ORIENTAL,PH070000000,PH0704600000,Communication Disability,Both Sexes,Mild,PH074600000,5990,693,681,936,3680
Region VII (Central Visayas),NEGROS ORIENTAL,PH070000000,PH0704600000,Communication Disability,Both Sexes,Moderate,PH074600000,2507,542,481,492,992
Region VII (Central Visayas),NEGROS ORIENTAL,PH070000000,PH0704600000,Communication Disability,Both Sexes,Severe,PH074600000,2064,580,526,359,599
Region VII (Central Visayas),NEGROS ORIENTAL,PH070000000,PH0704600000,Communication Disability,Female,All,PH074600000,5313,760,761,807,2985
Region VII (Central Visayas),NEGROS ORIENTAL,PH070000000,PH0704600000,Communication Disability,Female,Mild,PH074600000,3060,296,295,413,2056
Region VII (Central Visayas),NEGROS ORIENTAL,PH070000000,PH0704600000,Communication Disability,Female,Moderate,PH074600000,1253,222,230,232,569
Region VII (Central Visayas),NEGROS ORIENTAL,PH070000000,PH0704600000,Communication Disability,Female,Severe,PH074600000,1000,242,236,162,360
Region VII (Central Visayas),NEGROS ORIENTAL,PH070000000,PH0704600000,Communication Disability,Male,All,PH074600000,5248,1055,927,980,2286
Region VII (Central Visayas),NEGROS ORIENTAL,PH070000000,PH0704600000,Communication Disability,Male,Mild,PH074600000,2930,397,386,523,1624
Region VII (Central Visayas),NEGROS ORIENTAL,PH070000000,PH0704600000,Communication Disability,Male,Moderate,PH074600000,1254,320,251,260,423
Region VII (Central Visayas),NEGROS ORIENTAL,PH070000000,PH0704600000,Communication Disability,Male,Severe,PH074600000,1064,338,290,197,239
Region VII (Central Visayas),NEGROS ORIENTAL,PH070000000,PH0704600000,Hearing Disability,Both Sexes,All,PH074600000,27871,981,1350,3367,22173
Region VII (Central Visayas),NEGROS ORIENTAL,PH070000000,PH0704600000,Hearing Disability,Both Sexes,Mild,PH074600000,23362,610,880,2918,18954
Region VII (Central Visayas),NEGROS ORIENTAL,PH070000000,PH0704600000,Hearing Disability,Both Sexes,Moderate,PH074600000,3515,168,211,288,2848
Region VII (Central Visayas),NEGROS ORIENTAL,PH070000000,PH0704600000,Hearing Disability,Both Sexes,Severe,PH074600000,994,203,259,161,371
Region VII (Central Visayas),NEGROS ORIENTAL,PH070000000,PH0704600000,Hearing Disability,Female,All,PH074600000,14367,440,637,1606,11684
Region VII (Central Visayas),NEGROS ORIENTAL,PH070000000,PH0704600000,Hearing Disability,Female,Mild,PH074600000,12112,277,410,1433,9992
Region VII (Central Visayas),NEGROS ORIENTAL,PH070000000,PH0704600000,Hearing Disability,Female,Moderate,PH074600000,1776,84,96,110,1486
Region VII (Central Visayas),NEGROS ORIENTAL,PH070000000,PH0704600000,Hearing Disability,Female,Severe,PH074600000,479,79,131,63,206
Region VII (Central Visayas),NEGROS ORIENTAL,PH070000000,PH0704600000,Hearing Disability,Male,All,PH074600000,13504,541,713,1761,10489
Region VII (Central Visayas),NEGROS ORIENTAL,PH070000000,PH0704600000,Hearing Disability,Male,Mild,PH074600000,11250,333,470,1485,8962
Region VII (Central Visayas),NEGROS ORIENTAL,PH070000000,PH0704600000,Hearing Disability,Male,Moderate,PH074600000,1739,84,115,178,1362
Region VII (Central Visayas),NEGROS ORIENTAL,PH070000000,PH0704600000,Hearing Disability,Male,Severe,PH074600000,515,124,128,98,165
Region VII (Central Visayas),NEGROS ORIENTAL,PH070000000,PH0704600000,Mobility Disability,Both Sexes,All,PH074600000,32361,1215,1318,4483,25345
Region VII (Central Visayas),NEGROS ORIENTAL,PH070000000,PH0704600000,Mobility Disability,Both Sexes,Mild,PH074600000,25113,538,800,3567,20208
Region VII (Central Visayas),NEGROS ORIENTAL,PH070000000,PH0704600000,Mobility Disability,Both Sexes,Moderate,PH074600000,4706,274,282,628,3522
Region VII (Central Visayas),NEGROS ORIENTAL,PH070000000,PH0704600000,Mobility Disability,Both Sexes,Severe,PH074600000,2542,403,236,288,1615
Region VII (Central Visayas),NEGROS ORIENTAL,PH070000000,PH0704600000,Mobility Disability,Female,All,PH074600000,17024,523,563,1946,13992
Region VII (Central Visayas),NEGROS ORIENTAL,PH070000000,PH0704600000,Mobility Disability,Female,Mild,PH074600000,13206,244,331,1575,11056
Region VII (Central Visayas),NEGROS ORIENTAL,PH070000000,PH0704600000,Mobility Disability,Female,Moderate,PH074600000,2464,122,122,241,1979
Region VII (Central Visayas),NEGROS ORIENTAL,PH070000000,PH0704600000,Mobility Disability,Female,Severe,PH074600000,1354,157,110,130,957
Region VII (Central Visayas),NEGROS ORIENTAL,PH070000000,PH0704600000,Mobility Disability,Male,All,PH074600000,15337,692,755,2537,11353
Region VII (Central Visayas),NEGROS ORIENTAL,PH070000000,PH0704600000,Mobility Disability,Male,Mild,PH074600000,11907,294,469,1992,9152
Region VII (Central Visayas),NEGROS ORIENTAL,PH070000000,PH0704600000,Mobility Disability,Male,Moderate,PH074600000,2242,152,160,387,1543
Region VII (Central Visayas),NEGROS ORIENTAL,PH070000000,PH0704600000,Mobility Disability,Male,Severe,PH074600000,1188,246,126,158,658
Region VII (Central Visayas),NEGROS ORIENTAL,PH070000000,PH0704600000,Self-Care Disability,Both Sexes,All,PH074600000,11321,1666,1088,1364,7203
Region VII (Central Visayas),NEGROS ORIENTAL,PH070000000,PH0704600000,Self-Care Disability,Both Sexes,Mild,PH074600000,6403,767,522,788,4326
Region VII (Central Visayas),NEGROS ORIENTAL,PH070000000,PH0704600000,Self-Care Disability,Both Sexes,Moderate,PH074600000,2233,356,258,287,1332
Region VII (Central Visayas),NEGROS ORIENTAL,PH070000000,PH0704600000,Self-Care Disability,Both Sexes,Severe,PH074600000,2685,543,308,289,1545
Region VII (Central Visayas),NEGROS ORIENTAL,PH070000000,PH0704600000,Self-Care Disability,Female,All,PH074600000,5864,703,477,569,4115
Region VII (Central Visayas),NEGROS ORIENTAL,PH070000000,PH0704600000,Self-Care Disability,Female,Mild,PH074600000,3295,326,234,322,2413
Region VII (Central Visayas),NEGROS ORIENTAL,PH070000000,PH0704600000,Self-Care Disability,Female,Moderate,PH074600000,1172,157,112,126,777
Region VII (Central Visayas),NEGROS ORIENTAL,PH070000000,PH0704600000,Self-Care Disability,Female,Severe,PH074600000,1397,220,131,121,925
Region VII (Central Visayas),NEGROS ORIENTAL,PH070000000,PH0704600000,Self-Care Disability,Male,All,PH074600000,5457,963,611,795,3088
Region VII (Central Visayas),NEGROS ORIENTAL,PH070000000,PH0704600000,Self-Care Disability,Male,Mild,PH074600000,3108,441,288,466,1913
Region VII (Central Visayas),NEGROS ORIENTAL,PH070000000,PH0704600000,Self-Care Disability,Male,Moderate,PH074600000,1061,199,146,161,555
Region VII (Central Visayas),NEGROS ORIENTAL,PH070000000,PH0704600000,Self-Care Disability,Male,Severe,PH074600000,1288,323,177,168,620
Region VII (Central Visayas),NEGROS ORIENTAL,PH070000000,PH0704600000,Visual Disability,Both Sexes,All,PH074600000,80926,1923,4316,22022,52665
Region VII (Central Visayas),NEGROS ORIENTAL,PH070000000,PH0704600000,Visual Disability,Both Sexes,Mild,PH074600000,74126,1585,3878,21058,47605
Region VII (Central Visayas),NEGROS ORIENTAL,PH070000000,PH0704600000,Visual Disability,Both Sexes,Moderate,PH074600000,5586,209,309,793,4275
Region VII (Central Visayas),NEGROS ORIENTAL,PH070000000,PH0704600000,Visual Disability,Both Sexes,Severe,PH074600000,1214,129,129,171,785
Region VII (Central Visayas),NEGROS ORIENTAL,PH070000000,PH0704600000,Visual Disability,Female,All,PH074600000,45705,1048,2683,12293,29681
Region VII (Central Visayas),NEGROS ORIENTAL,PH070000000,PH0704600000,Visual Disability,Female,Mild,PH074600000,41859,893,2460,11818,26688
Region VII (Central Visayas),NEGROS ORIENTAL,PH070000000,PH0704600000,Visual Disability,Female,Moderate,PH074600000,3178,102,158,395,2523
Region VII (Central Visayas),NEGROS ORIENTAL,PH070000000,PH0704600000,Visual Disability,Female,Severe,PH074600000,668,53,65,80,470
Region VII (Central Visayas),NEGROS ORIENTAL,PH070000000,PH0704600000,Visual Disability,Male,All,PH074600000,35221,875,1633,9729,22984
Region VII (Central Visayas),NEGROS ORIENTAL,PH070000000,PH0704600000,Visual Disability,Male,Mild,PH074600000,32267,692,1418,9240,20917
Region VII (Central Visayas),NEGROS ORIENTAL,PH070000000,PH0704600000,Visual Disability,Male,Moderate,PH074600000,2408,107,151,398,1752
Region VII (Central Visayas),NEGROS ORIENTAL,PH070000000,PH0704600000,Visual Disability,Male,Severe,PH074600000,546,76,64,91,315
Region VII (Central Visayas),SIQUIJOR,PH070000000,PH0706100000,Cognitive Disability,Both Sexes,All,PH076100000,2143,116,153,392,1482
Region VII (Central Visayas),SIQUIJOR,PH070000000,PH0706100000,Cognitive Disability,Both Sexes,Mild,PH076100000,1731,67,104,326,1234
Region VII (Central Visayas),SIQUIJOR,PH070000000,PH0706100000,Cognitive Disability,Both Sexes,Moderate,PH076100000,282,21,27,37,197
Region VII (Central Visayas),SIQUIJOR,PH070000000,PH0706100000,Cognitive Disability,Both Sexes,Severe,PH076100000,130,28,22,29,51
Region VII (Central Visayas),SIQUIJOR,PH070000000,PH0706100000,Cognitive Disability,Female,All,PH076100000,1204,38,77,201,888
Region VII (Central Visayas),SIQUIJOR,PH070000000,PH0706100000,Cognitive Disability,Female,Mild,PH076100000,976,23,53,175,725
Region VII (Central Visayas),SIQUIJOR,PH070000000,PH0706100000,Cognitive Disability,Female,Moderate,PH076100000,162,6,14,15,127
Region VII (Central Visayas),SIQUIJOR,PH070000000,PH0706100000,Cognitive Disability,Female,Severe,PH076100000,66,9,10,11,36
Region VII (Central Visayas),SIQUIJOR,PH070000000,PH0706100000,Cognitive Disability,Male,All,PH076100000,939,78,76,191,594
Region VII (Central Visayas),SIQUIJOR,PH070000000,PH0706100000,Cognitive Disability,Male,Mild,PH076100000,755,44,51,151,509
Region VII (Central Visayas),SIQUIJOR,PH070000000,PH0706100000,Cognitive Disability,Male,Moderate,PH076100000,120,15,13,22,70
Region VII (Central Visayas),SIQUIJOR,PH070000000,PH0706100000,Cognitive Disability,Male,Severe,PH076100000,64,19,12,18,15
Region VII (Central Visayas),SIQUIJOR,PH070000000,PH0706100000,Communication Disability,Both Sexes,All,PH076100000,903,150,140,152,461
Region VII (Central Visayas),SIQUIJOR,PH070000000,PH0706100000,Communication Disability,Both Sexes,Mild,PH076100000,507,68,62,85,292
Region VII (Central Visayas),SIQUIJOR,PH070000000,PH0706100000,Communication Disability,Both Sexes,Moderate,PH076100000,214,33,40,35,106
Region VII (Central Visayas),SIQUIJOR,PH070000000,PH0706100000,Communication Disability,Both Sexes,Severe,PH076100000,182,49,38,32,63
Region VII (Central Visayas),SIQUIJOR,PH070000000,PH0706100000,Communication Disability,Female,All,PH076100000,458,53,68,65,272
Region VII (Central Visayas),SIQUIJOR,PH070000000,PH0706100000,Communication Disability,Female,Mild,PH076100000,263,25,30,39,169
Region VII (Central Visayas),SIQUIJOR,PH070000000,PH0706100000,Communication Disability,Female,Moderate,PH076100000,103,10,17,14,62
Region VII (Central Visayas),SIQUIJOR,PH070000000,PH0706100000,Communication Disability,Female,Severe,PH076100000,92,18,21,12,41
Region VII (Central Visayas),SIQUIJOR,PH070000000,PH0706100000,Communication Disability,Male,All,PH076100000,445,97,72,87,189
Region VII (Central Visayas),SIQUIJOR,PH070000000,PH0706100000,Communication Disability,Male,Mild,PH076100000,244,43,32,46,123
Region VII (Central Visayas),SIQUIJOR,PH070000000,PH0706100000,Communication Disability,Male,Moderate,PH076100000,111,23,23,21,44
Region VII (Central Visayas),SIQUIJOR,PH070000000,PH0706100000,Communication Disability,Male,Severe,PH076100000,90,31,17,20,22
Region VII (Central Visayas),SIQUIJOR,PH070000000,PH0706100000,Hearing Disability,Both Sexes,All,PH076100000,2840,67,90,314,2369
Region VII (Central Visayas),SIQUIJOR,PH070000000,PH0706100000,Hearing Disability,Both Sexes,Mild,PH076100000,2443,48,63,287,2045
Region VII (Central Visayas),SIQUIJOR,PH070000000,PH0706100000,Hearing Disability,Both Sexes,Moderate,PH076100000,315,6,9,20,280
Region VII (Central Visayas),SIQUIJOR,PH070000000,PH0706100000,Hearing Disability,Both Sexes,Severe,PH076100000,82,13,18,7,44
Region VII (Central Visayas),SIQUIJOR,PH070000000,PH0706100000,Hearing Disability,Female,All,PH076100000,1460,27,37,147,1249
Region VII (Central Visayas),SIQUIJOR,PH070000000,PH0706100000,Hearing Disability,Female,Mild,PH076100000,1266,20,26,137,1083
Region VII (Central Visayas),SIQUIJOR,PH070000000,PH0706100000,Hearing Disability,Female,Moderate,PH076100000,150,0,2,7,141
Region VII (Central Visayas),SIQUIJOR,PH070000000,PH0706100000,Hearing Disability,Female,Severe,PH076100000,44,7,9,3,25
Region VII (Central Visayas),SIQUIJOR,PH070000000,PH0706100000,Hearing Disability,Male,All,PH076100000,1380,40,53,167,1120
Region VII (Central Visayas),SIQUIJOR,PH070000000,PH0706100000,Hearing Disability,Male,Mild,PH076100000,1177,28,37,150,962
Region VII (Central Visayas),SIQUIJOR,PH070000000,PH0706100000,Hearing Disability,Male,Moderate,PH076100000,165,6,7,13,139
Region VII (Central Visayas),SIQUIJOR,PH070000000,PH0706100000,Hearing Disability,Male,Severe,PH076100000,38,6,9,4,19
Region VII (Central Visayas),SIQUIJOR,PH070000000,PH0706100000,Mobility Disability,Both Sexes,All,PH076100000,3280,82,102,380,2716
Region VII (Central Visayas),SIQUIJOR,PH070000000,PH0706100000,Mobility Disability,Both Sexes,Mild,PH076100000,2484,36,62,310,2076
Region VII (Central Visayas),SIQUIJOR,PH070000000,PH0706100000,Mobility Disability,Both Sexes,Moderate,PH076100000,521,21,21,54,425
Region VII (Central Visayas),SIQUIJOR,PH070000000,PH0706100000,Mobility Disability,Both Sexes,Severe,PH076100000,275,25,19,16,215
Region VII (Central Visayas),SIQUIJOR,PH070000000,PH0706100000,Mobility Disability,Female,All,PH076100000,1789,36,46,159,1548
Region VII (Central Visayas),SIQUIJOR,PH070000000,PH0706100000,Mobility Disability,Female,Mild,PH076100000,1330,18,25,130,1157
Region VII (Central Visayas),SIQUIJOR,PH070000000,PH0706100000,Mobility Disability,Female,Moderate,PH076100000,293,10,9,22,252
Region VII (Central Visayas),SIQUIJOR,PH070000000,PH0706100000,Mobility Disability,Female,Severe,PH076100000,166,8,12,7,139
Region VII (Central Visayas),SIQUIJOR,PH070000000,PH0706100000,Mobility Disability,Male,All,PH076100000,1491,46,56,221,1168
Region VII (Central Visayas),SIQUIJOR,PH070000000,PH0706100000,Mobility Disability,Male,Mild,PH076100000,1154,18,37,180,919
Region VII (Central Visayas),SIQUIJOR,PH070000000,PH0706100000,Mobility Disability,Male,Moderate,PH076100000,228,11,12,32,173
Region VII (Central Visayas),SIQUIJOR,PH070000000,PH0706100000,Mobility Disability,Male,Severe,PH076100000,109,17,7,9,76
Region VII (Central Visayas),SIQUIJOR,PH070000000,PH0706100000,Self-Care Disability,Both Sexes,All,PH076100000,974,105,78,89,702
Region VII (Central Visayas),SIQUIJOR,PH070000000,PH0706100000,Self-Care Disability,Both Sexes,Mild,PH076100000,450,37,30,48,335
Region VII (Central Visayas),SIQUIJOR,PH070000000,PH0706100000,Self-Care Disability,Both Sexes,Moderate,PH076100000,219,24,18,15,162
Region VII (Central Visayas),SIQUIJOR,PH070000000,PH0706100000,Self-Care Disability,Both Sexes,Severe,PH076100000,305,44,30,26,205
Region VII (Central Visayas),SIQUIJOR,PH070000000,PH0706100000,Self-Care Disability,Female,All,PH076100000,536,36,39,29,432
Region VII (Central Visayas),SIQUIJOR,PH070000000,PH0706100000,Self-Care Disability,Female,Mild,PH076100000,244,12,14,17,201
Region VII (Central Visayas),SIQUIJOR,PH070000000,PH0706100000,Self-Care Disability,Female,Moderate,PH076100000,121,7,13,4,97
Region VII (Central Visayas),SIQUIJOR,PH070000000,PH0706100000,Self-Care Disability,Female,Severe,PH076100000,171,17,12,8,134
Region VII (Central Visayas),SIQUIJOR,PH070000000,PH0706100000,Self-Care Disability,Male,All,PH076100000,438,69,39,60,270
Region VII (Central Visayas),SIQUIJOR,PH070000000,PH0706100000,Self-Care Disability,Male,Mild,PH076100000,206,25,16,31,134
Region VII (Central Visayas),SIQUIJOR,PH070000000,PH0706100000,Self-Care Disability,Male,Moderate,PH076100000,98,17,5,11,65
Region VII (Central Visayas),SIQUIJOR,PH070000000,PH0706100000,Self-Care Disability,Male,Severe,PH076100000,134,27,18,18,71
Region VII (Central Visayas),SIQUIJOR,PH070000000,PH0706100000,Visual Disability,Both Sexes,All,PH076100000,6383,127,264,1646,4346
Region VII (Central Visayas),SIQUIJOR,PH070000000,PH0706100000,Visual Disability,Both Sexes,Mild,PH076100000,5743,101,238,1556,3848
Region VII (Central Visayas),SIQUIJOR,PH070000000,PH0706100000,Visual Disability,Both Sexes,Moderate,PH076100000,507,14,11,79,403
Region VII (Central Visayas),SIQUIJOR,PH070000000,PH0706100000,Visual Disability,Both Sexes,Severe,PH076100000,133,12,15,11,95
Region VII (Central Visayas),SIQUIJOR,PH070000000,PH0706100000,Visual Disability,Female,All,PH076100000,3591,70,172,866,2483
Region VII (Central Visayas),SIQUIJOR,PH070000000,PH0706100000,Visual Disability,Female,Mild,PH076100000,3220,60,160,825,2175
Region VII (Central Visayas),SIQUIJOR,PH070000000,PH0706100000,Visual Disability,Female,Moderate,PH076100000,288,5,5,37,241
Region VII (Central Visayas),SIQUIJOR,PH070000000,PH0706100000,Visual Disability,Female,Severe,PH076100000,83,5,7,4,67
Region VII (Central Visayas),SIQUIJOR,PH070000000,PH0706100000,Visual Disability,Male,All,PH076100000,2792,57,92,780,1863
Region VII (Central Visayas),SIQUIJOR,PH070000000,PH0706100000,Visual Disability,Male,Mild,PH076100000,2523,41,78,731,1673
Region VII (Central Visayas),SIQUIJOR,PH070000000,PH0706100000,Visual Disability,Male,Moderate,PH076100000,219,9,6,42,162
Region VII (Central Visayas),SIQUIJOR,PH070000000,PH0706100000,Visual Disability,Male,Severe,PH076100000,50,7,8,7,28
Region VIII (Eastern Visayas),BILIRAN,PH080000000,PH0807800000,Cognitive Disability,Both Sexes,All,PH087800000,3306,156,245,703,2202
Region VIII (Eastern Visayas),BILIRAN,PH080000000,PH0807800000,Cognitive Disability,Both Sexes,Mild,PH087800000,2811,73,186,632,1920
Region VIII (Eastern Visayas),BILIRAN,PH080000000,PH0807800000,Cognitive Disability,Both Sexes,Moderate,PH087800000,368,50,40,54,224
Region VIII (Eastern Visayas),BILIRAN,PH080000000,PH0807800000,Cognitive Disability,Both Sexes,Severe,PH087800000,127,33,19,17,58
Region VIII (Eastern Visayas),BILIRAN,PH080000000,PH0807800000,Cognitive Disability,Female,All,PH087800000,1951,71,137,398,1345
Region VIII (Eastern Visayas),BILIRAN,PH080000000,PH0807800000,Cognitive Disability,Female,Mild,PH087800000,1660,31,111,357,1161
Region VIII (Eastern Visayas),BILIRAN,PH080000000,PH0807800000,Cognitive Disability,Female,Moderate,PH087800000,213,21,18,31,143
Region VIII (Eastern Visayas),BILIRAN,PH080000000,PH0807800000,Cognitive Disability,Female,Severe,PH087800000,78,19,8,10,41
Region VIII (Eastern Visayas),BILIRAN,PH080000000,PH0807800000,Cognitive Disability,Male,All,PH087800000,1355,85,108,305,857
Region VIII (Eastern Visayas),BILIRAN,PH080000000,PH0807800000,Cognitive Disability,Male,Mild,PH087800000,1151,42,75,275,759
Region VIII (Eastern Visayas),BILIRAN,PH080000000,PH0807800000,Cognitive Disability,Male,Moderate,PH087800000,155,29,22,23,81
Region VIII (Eastern Visayas),BILIRAN,PH080000000,PH0807800000,Cognitive Disability,Male,Severe,PH087800000,49,14,11,7,17
Region VIII (Eastern Visayas),BILIRAN,PH080000000,PH0807800000,Communication Disability,Both Sexes,All,PH087800000,1299,246,220,237,596
Region VIII (Eastern Visayas),BILIRAN,PH080000000,PH0807800000,Communication Disability,Both Sexes,Mild,PH087800000,700,87,100,123,390
Region VIII (Eastern Visayas),BILIRAN,PH080000000,PH0807800000,Communication Disability,Both Sexes,Moderate,PH087800000,327,72,58,66,131
Region VIII (Eastern Visayas),BILIRAN,PH080000000,PH0807800000,Communication Disability,Both Sexes,Severe,PH087800000,272,87,62,48,75
Region VIII (Eastern Visayas),BILIRAN,PH080000000,PH0807800000,Communication Disability,Female,All,PH087800000,654,110,97,107,340
Region VIII (Eastern Visayas),BILIRAN,PH080000000,PH0807800000,Communication Disability,Female,Mild,PH087800000,343,32,43,46,222
Region VIII (Eastern Visayas),BILIRAN,PH080000000,PH0807800000,Communication Disability,Female,Moderate,PH087800000,165,33,23,33,76
Region VIII (Eastern Visayas),BILIRAN,PH080000000,PH0807800000,Communication Disability,Female,Severe,PH087800000,146,45,31,28,42
Region VIII (Eastern Visayas),BILIRAN,PH080000000,PH0807800000,Communication Disability,Male,All,PH087800000,645,136,123,130,256
Region VIII (Eastern Visayas),BILIRAN,PH080000000,PH0807800000,Communication Disability,Male,Mild,PH087800000,357,55,57,77,168
Region VIII (Eastern Visayas),BILIRAN,PH080000000,PH0807800000,Communication Disability,Male,Moderate,PH087800000,162,39,35,33,55
Region VIII (Eastern Visayas),BILIRAN,PH080000000,PH0807800000,Communication Disability,Male,Severe,PH087800000,126,42,31,20,33
Region VIII (Eastern Visayas),BILIRAN,PH080000000,PH0807800000,Hearing Disability,Both Sexes,All,PH087800000,3666,127,174,584,2781
Region VIII (Eastern Visayas),BILIRAN,PH080000000,PH0807800000,Hearing Disability,Both Sexes,Mild,PH087800000,3084,80,116,512,2376
Region VIII (Eastern Visayas),BILIRAN,PH080000000,PH0807800000,Hearing Disability,Both Sexes,Moderate,PH087800000,450,26,31,45,348
Region VIII (Eastern Visayas),BILIRAN,PH080000000,PH0807800000,Hearing Disability,Both Sexes,Severe,PH087800000,132,21,27,27,57
Region VIII (Eastern Visayas),BILIRAN,PH080000000,PH0807800000,Hearing Disability,Female,All,PH087800000,1891,65,76,265,1485
Region VIII (Eastern Visayas),BILIRAN,PH080000000,PH0807800000,Hearing Disability,Female,Mild,PH087800000,1584,37,51,227,1269
Region VIII (Eastern Visayas),BILIRAN,PH080000000,PH0807800000,Hearing Disability,Female,Moderate,PH087800000,242,15,14,26,187
Region VIII (Eastern Visayas),BILIRAN,PH080000000,PH0807800000,Hearing Disability,Female,Severe,PH087800000,65,13,11,12,29
Region VIII (Eastern Visayas),BILIRAN,PH080000000,PH0807800000,Hearing Disability,Male,All,PH087800000,1775,62,98,319,1296
Region VIII (Eastern Visayas),BILIRAN,PH080000000,PH0807800000,Hearing Disability,Male,Mild,PH087800000,1500,43,65,285,1107
Region VIII (Eastern Visayas),BILIRAN,PH080000000,PH0807800000,Hearing Disability,Male,Moderate,PH087800000,208,11,17,19,161
Region VIII (Eastern Visayas),BILIRAN,PH080000000,PH0807800000,Hearing Disability,Male,Severe,PH087800000,67,8,16,15,28
Region VIII (Eastern Visayas),BILIRAN,PH080000000,PH0807800000,Mobility Disability,Both Sexes,All,PH087800000,4483,141,143,655,3544
Region VIII (Eastern Visayas),BILIRAN,PH080000000,PH0807800000,Mobility Disability,Both Sexes,Mild,PH087800000,3509,61,86,530,2832
Region VIII (Eastern Visayas),BILIRAN,PH080000000,PH0807800000,Mobility Disability,Both Sexes,Moderate,PH087800000,605,28,30,92,455
Region VIII (Eastern Visayas),BILIRAN,PH080000000,PH0807800000,Mobility Disability,Both Sexes,Severe,PH087800000,369,52,27,33,257
Region VIII (Eastern Visayas),BILIRAN,PH080000000,PH0807800000,Mobility Disability,Female,All,PH087800000,2415,65,60,257,2033
Region VIII (Eastern Visayas),BILIRAN,PH080000000,PH0807800000,Mobility Disability,Female,Mild,PH087800000,1883,27,32,205,1619
Region VIII (Eastern Visayas),BILIRAN,PH080000000,PH0807800000,Mobility Disability,Female,Moderate,PH087800000,316,14,15,41,246
Region VIII (Eastern Visayas),BILIRAN,PH080000000,PH0807800000,Mobility Disability,Female,Severe,PH087800000,216,24,13,11,168
Region VIII (Eastern Visayas),BILIRAN,PH080000000,PH0807800000,Mobility Disability,Male,All,PH087800000,2068,76,83,398,1511
Region VIII (Eastern Visayas),BILIRAN,PH080000000,PH0807800000,Mobility Disability,Male,Mild,PH087800000,1626,34,54,325,1213
Region VIII (Eastern Visayas),BILIRAN,PH080000000,PH0807800000,Mobility Disability,Male,Moderate,PH087800000,289,14,15,51,209
Region VIII (Eastern Visayas),BILIRAN,PH080000000,PH0807800000,Mobility Disability,Male,Severe,PH087800000,153,28,14,22,89
Region VIII (Eastern Visayas),BILIRAN,PH080000000,PH0807800000,Self-Care Disability,Both Sexes,All,PH087800000,1273,164,84,139,886
Region VIII (Eastern Visayas),BILIRAN,PH080000000,PH0807800000,Self-Care Disability,Both Sexes,Mild,PH087800000,617,62,28,84,443
Region VIII (Eastern Visayas),BILIRAN,PH080000000,PH0807800000,Self-Care Disability,Both Sexes,Moderate,PH087800000,241,33,22,25,161
Region VIII (Eastern Visayas),BILIRAN,PH080000000,PH0807800000,Self-Care Disability,Both Sexes,Severe,PH087800000,415,69,34,30,282
Region VIII (Eastern Visayas),BILIRAN,PH080000000,PH0807800000,Self-Care Disability,Female,All,PH087800000,727,72,43,64,548
Region VIII (Eastern Visayas),BILIRAN,PH080000000,PH0807800000,Self-Care Disability,Female,Mild,PH087800000,340,22,15,34,269
Region VIII (Eastern Visayas),BILIRAN,PH080000000,PH0807800000,Self-Care Disability,Female,Moderate,PH087800000,148,17,13,13,105
Region VIII (Eastern Visayas),BILIRAN,PH080000000,PH0807800000,Self-Care Disability,Female,Severe,PH087800000,239,33,15,17,174
Region VIII (Eastern Visayas),BILIRAN,PH080000000,PH0807800000,Self-Care Disability,Male,All,PH087800000,546,92,41,75,338
Region VIII (Eastern Visayas),BILIRAN,PH080000000,PH0807800000,Self-Care Disability,Male,Mild,PH087800000,277,40,13,50,174
Region VIII (Eastern Visayas),BILIRAN,PH080000000,PH0807800000,Self-Care Disability,Male,Moderate,PH087800000,93,16,9,12,56
Region VIII (Eastern Visayas),BILIRAN,PH080000000,PH0807800000,Self-Care Disability,Male,Severe,PH087800000,176,36,19,13,108
Region VIII (Eastern Visayas),BILIRAN,PH080000000,PH0807800000,Visual Disability,Both Sexes,All,PH087800000,8778,184,366,2506,5722
Region VIII (Eastern Visayas),BILIRAN,PH080000000,PH0807800000,Visual Disability,Both Sexes,Mild,PH087800000,8083,136,339,2423,5185
Region VIII (Eastern Visayas),BILIRAN,PH080000000,PH0807800000,Visual Disability,Both Sexes,Moderate,PH087800000,549,35,16,59,439
Region VIII (Eastern Visayas),BILIRAN,PH080000000,PH0807800000,Visual Disability,Both Sexes,Severe,PH087800000,146,13,11,24,98
Region VIII (Eastern Visayas),BILIRAN,PH080000000,PH0807800000,Visual Disability,Female,All,PH087800000,4881,92,221,1277,3291
Region VIII (Eastern Visayas),BILIRAN,PH080000000,PH0807800000,Visual Disability,Female,Mild,PH087800000,4466,73,208,1246,2939
Region VIII (Eastern Visayas),BILIRAN,PH080000000,PH0807800000,Visual Disability,Female,Moderate,PH087800000,339,15,8,24,292
Region VIII (Eastern Visayas),BILIRAN,PH080000000,PH0807800000,Visual Disability,Female,Severe,PH087800000,76,4,5,7,60
Region VIII (Eastern Visayas),BILIRAN,PH080000000,PH0807800000,Visual Disability,Male,All,PH087800000,3897,92,145,1229,2431
Region VIII (Eastern Visayas),BILIRAN,PH080000000,PH0807800000,Visual Disability,Male,Mild,PH087800000,3617,63,131,1177,2246
Region VIII (Eastern Visayas),BILIRAN,PH080000000,PH0807800000,Visual Disability,Male,Moderate,PH087800000,210,20,8,35,147
Region VIII (Eastern Visayas),BILIRAN,PH080000000,PH0807800000,Visual Disability,Male,Severe,PH087800000,70,9,6,17,38
Region VIII (Eastern Visayas),EASTERN SAMAR,PH080000000,PH0802600000,Cognitive Disability,Both Sexes,All,PH082600000,10046,376,764,2026,6880
Region VIII (Eastern Visayas),EASTERN SAMAR,PH080000000,PH0802600000,Cognitive Disability,Both Sexes,Mild,PH082600000,8597,202,580,1835,5980
Region VIII (Eastern Visayas),EASTERN SAMAR,PH080000000,PH0802600000,Cognitive Disability,Both Sexes,Moderate,PH082600000,1117,104,135,153,725
Region VIII (Eastern Visayas),EASTERN SAMAR,PH080000000,PH0802600000,Cognitive Disability,Both Sexes,Severe,PH082600000,332,70,49,38,175
Region VIII (Eastern Visayas),EASTERN SAMAR,PH080000000,PH0802600000,Cognitive Disability,Female,All,PH082600000,5838,175,423,1172,4068
Region VIII (Eastern Visayas),EASTERN SAMAR,PH080000000,PH0802600000,Cognitive Disability,Female,Mild,PH082600000,5012,95,342,1073,3502
Region VIII (Eastern Visayas),EASTERN SAMAR,PH080000000,PH0802600000,Cognitive Disability,Female,Moderate,PH082600000,642,53,55,83,451
Region VIII (Eastern Visayas),EASTERN SAMAR,PH080000000,PH0802600000,Cognitive Disability,Female,Severe,PH082600000,184,27,26,16,115
Region VIII (Eastern Visayas),EASTERN SAMAR,PH080000000,PH0802600000,Cognitive Disability,Male,All,PH082600000,4208,201,341,854,2812
Region VIII (Eastern Visayas),EASTERN SAMAR,PH080000000,PH0802600000,Cognitive Disability,Male,Mild,PH082600000,3585,107,238,762,2478
Region VIII (Eastern Visayas),EASTERN SAMAR,PH080000000,PH0802600000,Cognitive Disability,Male,Moderate,PH082600000,475,51,80,70,274
Region VIII (Eastern Visayas),EASTERN SAMAR,PH080000000,PH0802600000,Cognitive Disability,Male,Severe,PH082600000,148,43,23,22,60
Region VIII (Eastern Visayas),EASTERN SAMAR,PH080000000,PH0802600000,Communication Disability,Both Sexes,All,PH082600000,3777,642,591,581,1963
Region VIII (Eastern Visayas),EASTERN SAMAR,PH080000000,PH0802600000,Communication Disability,Both Sexes,Mild,PH082600000,2201,240,261,307,1393
Region VIII (Eastern Visayas),EASTERN SAMAR,PH080000000,PH0802600000,Communication Disability,Both Sexes,Moderate,PH082600000,884,197,171,159,357
Region VIII (Eastern Visayas),EASTERN SAMAR,PH080000000,PH0802600000,Communication Disability,Both Sexes,Severe,PH082600000,692,205,159,115,213
Region VIII (Eastern Visayas),EASTERN SAMAR,PH080000000,PH0802600000,Communication Disability,Female,All,PH082600000,1894,297,243,255,1099
Region VIII (Eastern Visayas),EASTERN SAMAR,PH080000000,PH0802600000,Communication Disability,Female,Mild,PH082600000,1086,109,97,106,774
Region VIII (Eastern Visayas),EASTERN SAMAR,PH080000000,PH0802600000,Communication Disability,Female,Moderate,PH082600000,439,90,73,78,198
Region VIII (Eastern Visayas),EASTERN SAMAR,PH080000000,PH0802600000,Communication Disability,Female,Severe,PH082600000,369,98,73,71,127
Region VIII (Eastern Visayas),EASTERN SAMAR,PH080000000,PH0802600000,Communication Disability,Male,All,PH082600000,1883,345,348,326,864
Region VIII (Eastern Visayas),EASTERN SAMAR,PH080000000,PH0802600000,Communication Disability,Male,Mild,PH082600000,1115,131,164,201,619
Region VIII (Eastern Visayas),EASTERN SAMAR,PH080000000,PH0802600000,Communication Disability,Male,Moderate,PH082600000,445,107,98,81,159
Region VIII (Eastern Visayas),EASTERN SAMAR,PH080000000,PH0802600000,Communication Disability,Male,Severe,PH082600000,323,107,86,44,86
Region VIII (Eastern Visayas),EASTERN SAMAR,PH080000000,PH0802600000,Hearing Disability,Both Sexes,All,PH082600000,15292,464,824,2455,11549
Region VIII (Eastern Visayas),EASTERN SAMAR,PH080000000,PH0802600000,Hearing Disability,Both Sexes,Mild,PH082600000,12791,314,662,2216,9599
Region VIII (Eastern Visayas),EASTERN SAMAR,PH080000000,PH0802600000,Hearing Disability,Both Sexes,Moderate,PH082600000,2143,81,112,183,1767
Region VIII (Eastern Visayas),EASTERN SAMAR,PH080000000,PH0802600000,Hearing Disability,Both Sexes,Severe,PH082600000,358,69,50,56,183
Region VIII (Eastern Visayas),EASTERN SAMAR,PH080000000,PH0802600000,Hearing Disability,Female,All,PH082600000,7683,193,366,1173,5951
Region VIII (Eastern Visayas),EASTERN SAMAR,PH080000000,PH0802600000,Hearing Disability,Female,Mild,PH082600000,6466,136,292,1066,4972
Region VIII (Eastern Visayas),EASTERN SAMAR,PH080000000,PH0802600000,Hearing Disability,Female,Moderate,PH082600000,1043,27,54,83,879
Region VIII (Eastern Visayas),EASTERN SAMAR,PH080000000,PH0802600000,Hearing Disability,Female,Severe,PH082600000,174,30,20,24,100
Region VIII (Eastern Visayas),EASTERN SAMAR,PH080000000,PH0802600000,Hearing Disability,Male,All,PH082600000,7609,271,458,1282,5598
Region VIII (Eastern Visayas),EASTERN SAMAR,PH080000000,PH0802600000,Hearing Disability,Male,Mild,PH082600000,6325,178,370,1150,4627
Region VIII (Eastern Visayas),EASTERN SAMAR,PH080000000,PH0802600000,Hearing Disability,Male,Moderate,PH082600000,1100,54,58,100,888
Region VIII (Eastern Visayas),EASTERN SAMAR,PH080000000,PH0802600000,Hearing Disability,Male,Severe,PH082600000,184,39,30,32,83
Region VIII (Eastern Visayas),EASTERN SAMAR,PH080000000,PH0802600000,Mobility Disability,Both Sexes,All,PH082600000,17178,444,586,2818,13330
Region VIII (Eastern Visayas),EASTERN SAMAR,PH080000000,PH0802600000,Mobility Disability,Both Sexes,Mild,PH082600000,13628,227,435,2404,10562
Region VIII (Eastern Visayas),EASTERN SAMAR,PH080000000,PH0802600000,Mobility Disability,Both Sexes,Moderate,PH082600000,2584,100,92,307,2085
Region VIII (Eastern Visayas),EASTERN SAMAR,PH080000000,PH0802600000,Mobility Disability,Both Sexes,Severe,PH082600000,966,117,59,107,683
Region VIII (Eastern Visayas),EASTERN SAMAR,PH080000000,PH0802600000,Mobility Disability,Female,All,PH082600000,8885,197,229,1193,7266
Region VIII (Eastern Visayas),EASTERN SAMAR,PH080000000,PH0802600000,Mobility Disability,Female,Mild,PH082600000,6953,102,159,1030,5662
Region VIII (Eastern Visayas),EASTERN SAMAR,PH080000000,PH0802600000,Mobility Disability,Female,Moderate,PH082600000,1378,41,43,110,1184
Region VIII (Eastern Visayas),EASTERN SAMAR,PH080000000,PH0802600000,Mobility Disability,Female,Severe,PH082600000,554,54,27,53,420
Region VIII (Eastern Visayas),EASTERN SAMAR,PH080000000,PH0802600000,Mobility Disability,Male,All,PH082600000,8293,247,357,1625,6064
Region VIII (Eastern Visayas),EASTERN SAMAR,PH080000000,PH0802600000,Mobility Disability,Male,Mild,PH082600000,6675,125,276,1374,4900
Region VIII (Eastern Visayas),EASTERN SAMAR,PH080000000,PH0802600000,Mobility Disability,Male,Moderate,PH082600000,1206,59,49,197,901
Region VIII (Eastern Visayas),EASTERN SAMAR,PH080000000,PH0802600000,Mobility Disability,Male,Severe,PH082600000,412,63,32,54,263
Region VIII (Eastern Visayas),EASTERN SAMAR,PH080000000,PH0802600000,Self-Care Disability,Both Sexes,All,PH082600000,3443,372,225,303,2543
Region VIII (Eastern Visayas),EASTERN SAMAR,PH080000000,PH0802600000,Self-Care Disability,Both Sexes,Mild,PH082600000,1807,145,98,167,1397
Region VIII (Eastern Visayas),EASTERN SAMAR,PH080000000,PH0802600000,Self-Care Disability,Both Sexes,Moderate,PH082600000,703,81,58,68,496
Region VIII (Eastern Visayas),EASTERN SAMAR,PH080000000,PH0802600000,Self-Care Disability,Both Sexes,Severe,PH082600000,933,146,69,68,650
Region VIII (Eastern Visayas),EASTERN SAMAR,PH080000000,PH0802600000,Self-Care Disability,Female,All,PH082600000,1903,160,99,139,1505
Region VIII (Eastern Visayas),EASTERN SAMAR,PH080000000,PH0802600000,Self-Care Disability,Female,Mild,PH082600000,995,61,44,85,805
Region VIII (Eastern Visayas),EASTERN SAMAR,PH080000000,PH0802600000,Self-Care Disability,Female,Moderate,PH082600000,376,35,21,19,301
Region VIII (Eastern Visayas),EASTERN SAMAR,PH080000000,PH0802600000,Self-Care Disability,Female,Severe,PH082600000,532,64,34,35,399
Region VIII (Eastern Visayas),EASTERN SAMAR,PH080000000,PH0802600000,Self-Care Disability,Male,All,PH082600000,1540,212,126,164,1038
Region VIII (Eastern Visayas),EASTERN SAMAR,PH080000000,PH0802600000,Self-Care Disability,Male,Mild,PH082600000,812,84,54,82,592
Region VIII (Eastern Visayas),EASTERN SAMAR,PH080000000,PH0802600000,Self-Care Disability,Male,Moderate,PH082600000,327,46,37,49,195
Region VIII (Eastern Visayas),EASTERN SAMAR,PH080000000,PH0802600000,Self-Care Disability,Male,Severe,PH082600000,401,82,35,33,251
Region VIII (Eastern Visayas),EASTERN SAMAR,PH080000000,PH0802600000,Visual Disability,Both Sexes,All,PH082600000,43291,845,2006,13394,27046
Region VIII (Eastern Visayas),EASTERN SAMAR,PH080000000,PH0802600000,Visual Disability,Both Sexes,Mild,PH082600000,39519,686,1819,12833,24181
Region VIII (Eastern Visayas),EASTERN SAMAR,PH080000000,PH0802600000,Visual Disability,Both Sexes,Moderate,PH082600000,3318,133,158,506,2521
Region VIII (Eastern Visayas),EASTERN SAMAR,PH080000000,PH0802600000,Visual Disability,Both Sexes,Severe,PH082600000,454,26,29,55,344
Region VIII (Eastern Visayas),EASTERN SAMAR,PH080000000,PH0802600000,Visual Disability,Female,All,PH082600000,23420,493,1188,7132,14607
Region VIII (Eastern Visayas),EASTERN SAMAR,PH080000000,PH0802600000,Visual Disability,Female,Mild,PH082600000,21358,416,1111,6847,12984
Region VIII (Eastern Visayas),EASTERN SAMAR,PH080000000,PH0802600000,Visual Disability,Female,Moderate,PH082600000,1811,67,61,253,1430
Region VIII (Eastern Visayas),EASTERN SAMAR,PH080000000,PH0802600000,Visual Disability,Female,Severe,PH082600000,251,10,16,32,193
Region VIII (Eastern Visayas),EASTERN SAMAR,PH080000000,PH0802600000,Visual Disability,Male,All,PH082600000,19871,352,818,6262,12439
Region VIII (Eastern Visayas),EASTERN SAMAR,PH080000000,PH0802600000,Visual Disability,Male,Mild,PH082600000,18161,270,708,5986,11197
Region VIII (Eastern Visayas),EASTERN SAMAR,PH080000000,PH0802600000,Visual Disability,Male,Moderate,PH082600000,1507,66,97,253,1091
Region VIII (Eastern Visayas),EASTERN SAMAR,PH080000000,PH0802600000,Visual Disability,Male,Severe,PH082600000,203,16,13,23,151
Region VIII (Eastern Visayas),LEYTE,PH080000000,PH0803700000,Cognitive Disability,Both Sexes,All,PH083700000,37236,1710,2950,7728,24848
Region VIII (Eastern Visayas),LEYTE,PH080000000,PH0803700000,Cognitive Disability,Both Sexes,Mild,PH083700000,31994,924,2247,6969,21854
Region VIII (Eastern Visayas),LEYTE,PH080000000,PH0803700000,Cognitive Disability,Both Sexes,Moderate,PH083700000,3950,439,455,568,2488
Region VIII (Eastern Visayas),LEYTE,PH080000000,PH0803700000,Cognitive Disability,Both Sexes,Severe,PH083700000,1292,347,248,191,506
Region VIII (Eastern Visayas),LEYTE,PH080000000,PH0803700000,Cognitive Disability,Female,All,PH083700000,21487,747,1571,4408,14761
Region VIII (Eastern Visayas),LEYTE,PH080000000,PH0803700000,Cognitive Disability,Female,Mild,PH083700000,18533,403,1279,4040,12811
Region VIII (Eastern Visayas),LEYTE,PH080000000,PH0803700000,Cognitive Disability,Female,Moderate,PH083700000,2258,183,176,286,1613
Region VIII (Eastern Visayas),LEYTE,PH080000000,PH0803700000,Cognitive Disability,Female,Severe,PH083700000,696,161,116,82,337
Region VIII (Eastern Visayas),LEYTE,PH080000000,PH0803700000,Cognitive Disability,Male,All,PH083700000,15749,963,1379,3320,10087
Region VIII (Eastern Visayas),LEYTE,PH080000000,PH0803700000,Cognitive Disability,Male,Mild,PH083700000,13461,521,968,2929,9043
Region VIII (Eastern Visayas),LEYTE,PH080000000,PH0803700000,Cognitive Disability,Male,Moderate,PH083700000,1692,256,279,282,875
Region VIII (Eastern Visayas),LEYTE,PH080000000,PH0803700000,Cognitive Disability,Male,Severe,PH083700000,596,186,132,109,169
Region VIII (Eastern Visayas),LEYTE,PH080000000,PH0803700000,Communication Disability,Both Sexes,All,PH083700000,13666,2630,2246,2294,6496
Region VIII (Eastern Visayas),LEYTE,PH080000000,PH0803700000,Communication Disability,Both Sexes,Mild,PH083700000,7573,1067,938,1212,4356
Region VIII (Eastern Visayas),LEYTE,PH080000000,PH0803700000,Communication Disability,Both Sexes,Moderate,PH083700000,3326,735,634,604,1353
Region VIII (Eastern Visayas),LEYTE,PH080000000,PH0803700000,Communication Disability,Both Sexes,Severe,PH083700000,2767,828,674,478,787
Region VIII (Eastern Visayas),LEYTE,PH080000000,PH0803700000,Communication Disability,Female,All,PH083700000,6782,1120,1005,1043,3614
Region VIII (Eastern Visayas),LEYTE,PH080000000,PH0803700000,Communication Disability,Female,Mild,PH083700000,3765,456,400,517,2392
Region VIII (Eastern Visayas),LEYTE,PH080000000,PH0803700000,Communication Disability,Female,Moderate,PH083700000,1633,280,285,285,783
Region VIII (Eastern Visayas),LEYTE,PH080000000,PH0803700000,Communication Disability,Female,Severe,PH083700000,1384,384,320,241,439
Region VIII (Eastern Visayas),LEYTE,PH080000000,PH0803700000,Communication Disability,Male,All,PH083700000,6884,1510,1241,1251,2882
Region VIII (Eastern Visayas),LEYTE,PH080000000,PH0803700000,Communication Disability,Male,Mild,PH083700000,3808,611,538,695,1964
Region VIII (Eastern Visayas),LEYTE,PH080000000,PH0803700000,Communication Disability,Male,Moderate,PH083700000,1693,455,349,319,570
Region VIII (Eastern Visayas),LEYTE,PH080000000,PH0803700000,Communication Disability,Male,Severe,PH083700000,1383,444,354,237,348
Region VIII (Eastern Visayas),LEYTE,PH080000000,PH0803700000,Hearing Disability,Both Sexes,All,PH083700000,44011,1429,2094,6276,34212
Region VIII (Eastern Visayas),LEYTE,PH080000000,PH0803700000,Hearing Disability,Both Sexes,Mild,PH083700000,37290,951,1508,5487,29344
Region VIII (Eastern Visayas),LEYTE,PH080000000,PH0803700000,Hearing Disability,Both Sexes,Moderate,PH083700000,5303,238,267,516,4282
Region VIII (Eastern Visayas),LEYTE,PH080000000,PH0803700000,Hearing Disability,Both Sexes,Severe,PH083700000,1418,240,319,273,586
Region VIII (Eastern Visayas),LEYTE,PH080000000,PH0803700000,Hearing Disability,Female,All,PH083700000,22801,628,973,2943,18257
Region VIII (Eastern Visayas),LEYTE,PH080000000,PH0803700000,Hearing Disability,Female,Mild,PH083700000,19412,427,709,2596,15680
Region VIII (Eastern Visayas),LEYTE,PH080000000,PH0803700000,Hearing Disability,Female,Moderate,PH083700000,2729,89,119,227,2294
Region VIII (Eastern Visayas),LEYTE,PH080000000,PH0803700000,Hearing Disability,Female,Severe,PH083700000,660,112,145,120,283
Region VIII (Eastern Visayas),LEYTE,PH080000000,PH0803700000,Hearing Disability,Male,All,PH083700000,21210,801,1121,3333,15955
Region VIII (Eastern Visayas),LEYTE,PH080000000,PH0803700000,Hearing Disability,Male,Mild,PH083700000,17878,524,799,2891,13664
Region VIII (Eastern Visayas),LEYTE,PH080000000,PH0803700000,Hearing Disability,Male,Moderate,PH083700000,2574,149,148,289,1988
Region VIII (Eastern Visayas),LEYTE,PH080000000,PH0803700000,Hearing Disability,Male,Severe,PH083700000,758,128,174,153,303
Region VIII (Eastern Visayas),LEYTE,PH080000000,PH0803700000,Mobility Disability,Both Sexes,All,PH083700000,46328,1473,1755,6854,36246
Region VIII (Eastern Visayas),LEYTE,PH080000000,PH0803700000,Mobility Disability,Both Sexes,Mild,PH083700000,35870,717,1145,5497,28511
Region VIII (Eastern Visayas),LEYTE,PH080000000,PH0803700000,Mobility Disability,Both Sexes,Moderate,PH083700000,6995,316,334,940,5405
Region VIII (Eastern Visayas),LEYTE,PH080000000,PH0803700000,Mobility Disability,Both Sexes,Severe,PH083700000,3463,440,276,417,2330
Region VIII (Eastern Visayas),LEYTE,PH080000000,PH0803700000,Mobility Disability,Female,All,PH083700000,24385,628,678,2730,20349
Region VIII (Eastern Visayas),LEYTE,PH080000000,PH0803700000,Mobility Disability,Female,Mild,PH083700000,18983,309,445,2251,15978
Region VIII (Eastern Visayas),LEYTE,PH080000000,PH0803700000,Mobility Disability,Female,Moderate,PH083700000,3509,124,121,313,2951
Region VIII (Eastern Visayas),LEYTE,PH080000000,PH0803700000,Mobility Disability,Female,Severe,PH083700000,1893,195,112,166,1420
Region VIII (Eastern Visayas),LEYTE,PH080000000,PH0803700000,Mobility Disability,Male,All,PH083700000,21943,845,1077,4124,15897
Region VIII (Eastern Visayas),LEYTE,PH080000000,PH0803700000,Mobility Disability,Male,Mild,PH083700000,16887,408,700,3246,12533
Region VIII (Eastern Visayas),LEYTE,PH080000000,PH0803700000,Mobility Disability,Male,Moderate,PH083700000,3486,192,213,627,2454
Region VIII (Eastern Visayas),LEYTE,PH080000000,PH0803700000,Mobility Disability,Male,Severe,PH083700000,1570,245,164,251,910
Region VIII (Eastern Visayas),LEYTE,PH080000000,PH0803700000,Self-Care Disability,Both Sexes,All,PH083700000,14023,2368,1113,1485,9057
Region VIII (Eastern Visayas),LEYTE,PH080000000,PH0803700000,Self-Care Disability,Both Sexes,Mild,PH083700000,7293,1112,460,830,4891
Region VIII (Eastern Visayas),LEYTE,PH080000000,PH0803700000,Self-Care Disability,Both Sexes,Moderate,PH083700000,2725,433,252,276,1764
Region VIII (Eastern Visayas),LEYTE,PH080000000,PH0803700000,Self-Care Disability,Both Sexes,Severe,PH083700000,4005,823,401,379,2402
Region VIII (Eastern Visayas),LEYTE,PH080000000,PH0803700000,Self-Care Disability,Female,All,PH083700000,7472,1038,460,651,5323
Region VIII (Eastern Visayas),LEYTE,PH080000000,PH0803700000,Self-Care Disability,Female,Mild,PH083700000,3877,497,190,371,2819
Region VIII (Eastern Visayas),LEYTE,PH080000000,PH0803700000,Self-Care Disability,Female,Moderate,PH083700000,1445,182,106,118,1039
Region VIII (Eastern Visayas),LEYTE,PH080000000,PH0803700000,Self-Care Disability,Female,Severe,PH083700000,2150,359,164,162,1465
Region VIII (Eastern Visayas),LEYTE,PH080000000,PH0803700000,Self-Care Disability,Male,All,PH083700000,6551,1330,653,834,3734
Region VIII (Eastern Visayas),LEYTE,PH080000000,PH0803700000,Self-Care Disability,Male,Mild,PH083700000,3416,615,270,459,2072
Region VIII (Eastern Visayas),LEYTE,PH080000000,PH0803700000,Self-Care Disability,Male,Moderate,PH083700000,1280,251,146,158,725
Region VIII (Eastern Visayas),LEYTE,PH080000000,PH0803700000,Self-Care Disability,Male,Severe,PH083700000,1855,464,237,217,937
Region VIII (Eastern Visayas),LEYTE,PH080000000,PH0803700000,Visual Disability,Both Sexes,All,PH083700000,143083,3096,7526,44042,88419
Region VIII (Eastern Visayas),LEYTE,PH080000000,PH0803700000,Visual Disability,Both Sexes,Mild,PH083700000,132381,2629,6933,42349,80470
Region VIII (Eastern Visayas),LEYTE,PH080000000,PH0803700000,Visual Disability,Both Sexes,Moderate,PH083700000,8978,322,461,1423,6772
Region VIII (Eastern Visayas),LEYTE,PH080000000,PH0803700000,Visual Disability,Both Sexes,Severe,PH083700000,1724,145,132,270,1177
Region VIII (Eastern Visayas),LEYTE,PH080000000,PH0803700000,Visual Disability,Female,All,PH083700000,80202,1774,4695,24037,49696
Region VIII (Eastern Visayas),LEYTE,PH080000000,PH0803700000,Visual Disability,Female,Mild,PH083700000,74110,1543,4379,23224,44964
Region VIII (Eastern Visayas),LEYTE,PH080000000,PH0803700000,Visual Disability,Female,Moderate,PH083700000,5143,165,253,701,4024
Region VIII (Eastern Visayas),LEYTE,PH080000000,PH0803700000,Visual Disability,Female,Severe,PH083700000,949,66,63,112,708
Region VIII (Eastern Visayas),LEYTE,PH080000000,PH0803700000,Visual Disability,Male,All,PH083700000,62881,1322,2831,20005,38723
Region VIII (Eastern Visayas),LEYTE,PH080000000,PH0803700000,Visual Disability,Male,Mild,PH083700000,58271,1086,2554,19125,35506
Region VIII (Eastern Visayas),LEYTE,PH080000000,PH0803700000,Visual Disability,Male,Moderate,PH083700000,3835,157,208,722,2748
Region VIII (Eastern Visayas),LEYTE,PH080000000,PH0803700000,Visual Disability,Male,Severe,PH083700000,775,79,69,158,469
Region VIII (Eastern Visayas),NORTHERN SAMAR,PH080000000,PH0804800000,Cognitive Disability,Both Sexes,All,PH084800000,14110,495,1122,3477,9016
Region VIII (Eastern Visayas),NORTHERN SAMAR,PH080000000,PH0804800000,Cognitive Disability,Both Sexes,Mild,PH084800000,12277,281,912,3199,7885
Region VIII (Eastern Visayas),NORTHERN SAMAR,PH080000000,PH0804800000,Cognitive Disability,Both Sexes,Moderate,PH084800000,1431,128,154,218,931
Region VIII (Eastern Visayas),NORTHERN SAMAR,PH080000000,PH0804800000,Cognitive Disability,Both Sexes,Severe,PH084800000,402,86,56,60,200
Region VIII (Eastern Visayas),NORTHERN SAMAR,PH080000000,PH0804800000,Cognitive Disability,Female,All,PH084800000,8242,212,641,2022,5367
Region VIII (Eastern Visayas),NORTHERN SAMAR,PH080000000,PH0804800000,Cognitive Disability,Female,Mild,PH084800000,7221,129,551,1871,4670
Region VIII (Eastern Visayas),NORTHERN SAMAR,PH080000000,PH0804800000,Cognitive Disability,Female,Moderate,PH084800000,801,41,63,124,573
Region VIII (Eastern Visayas),NORTHERN SAMAR,PH080000000,PH0804800000,Cognitive Disability,Female,Severe,PH084800000,220,42,27,27,124
Region VIII (Eastern Visayas),NORTHERN SAMAR,PH080000000,PH0804800000,Cognitive Disability,Male,All,PH084800000,5868,283,481,1455,3649
Region VIII (Eastern Visayas),NORTHERN SAMAR,PH080000000,PH0804800000,Cognitive Disability,Male,Mild,PH084800000,5056,152,361,1328,3215
Region VIII (Eastern Visayas),NORTHERN SAMAR,PH080000000,PH0804800000,Cognitive Disability,Male,Moderate,PH084800000,630,87,91,94,358
Region VIII (Eastern Visayas),NORTHERN SAMAR,PH080000000,PH0804800000,Cognitive Disability,Male,Severe,PH084800000,182,44,29,33,76
Region VIII (Eastern Visayas),NORTHERN SAMAR,PH080000000,PH0804800000,Communication Disability,Both Sexes,All,PH084800000,4506,804,682,744,2276
Region VIII (Eastern Visayas),NORTHERN SAMAR,PH080000000,PH0804800000,Communication Disability,Both Sexes,Mild,PH084800000,2593,295,278,423,1597
Region VIII (Eastern Visayas),NORTHERN SAMAR,PH080000000,PH0804800000,Communication Disability,Both Sexes,Moderate,PH084800000,1021,239,200,163,419
Region VIII (Eastern Visayas),NORTHERN SAMAR,PH080000000,PH0804800000,Communication Disability,Both Sexes,Severe,PH084800000,892,270,204,158,260
Region VIII (Eastern Visayas),NORTHERN SAMAR,PH080000000,PH0804800000,Communication Disability,Female,All,PH084800000,2240,329,313,332,1266
Region VIII (Eastern Visayas),NORTHERN SAMAR,PH080000000,PH0804800000,Communication Disability,Female,Mild,PH084800000,1323,131,127,178,887
Region VIII (Eastern Visayas),NORTHERN SAMAR,PH080000000,PH0804800000,Communication Disability,Female,Moderate,PH084800000,493,86,97,82,228
Region VIII (Eastern Visayas),NORTHERN SAMAR,PH080000000,PH0804800000,Communication Disability,Female,Severe,PH084800000,424,112,89,72,151
Region VIII (Eastern Visayas),NORTHERN SAMAR,PH080000000,PH0804800000,Communication Disability,Male,All,PH084800000,2266,475,369,412,1010
Region VIII (Eastern Visayas),NORTHERN SAMAR,PH080000000,PH0804800000,Communication Disability,Male,Mild,PH084800000,1270,164,151,245,710
Region VIII (Eastern Visayas),NORTHERN SAMAR,PH080000000,PH0804800000,Communication Disability,Male,Moderate,PH084800000,528,153,103,81,191
Region VIII (Eastern Visayas),NORTHERN SAMAR,PH080000000,PH0804800000,Communication Disability,Male,Severe,PH084800000,468,158,115,86,109
Region VIII (Eastern Visayas),NORTHERN SAMAR,PH080000000,PH0804800000,Hearing Disability,Both Sexes,All,PH084800000,19327,583,908,3543,14293
Region VIII (Eastern Visayas),NORTHERN SAMAR,PH080000000,PH0804800000,Hearing Disability,Both Sexes,Mild,PH084800000,16308,388,730,3188,12002
Region VIII (Eastern Visayas),NORTHERN SAMAR,PH080000000,PH0804800000,Hearing Disability,Both Sexes,Moderate,PH084800000,2508,97,90,269,2052
Region VIII (Eastern Visayas),NORTHERN SAMAR,PH080000000,PH0804800000,Hearing Disability,Both Sexes,Severe,PH084800000,511,98,88,86,239
Region VIII (Eastern Visayas),NORTHERN SAMAR,PH080000000,PH0804800000,Hearing Disability,Female,All,PH084800000,9885,237,419,1624,7605
Region VIII (Eastern Visayas),NORTHERN SAMAR,PH080000000,PH0804800000,Hearing Disability,Female,Mild,PH084800000,8411,161,340,1495,6415
Region VIII (Eastern Visayas),NORTHERN SAMAR,PH080000000,PH0804800000,Hearing Disability,Female,Moderate,PH084800000,1251,33,36,100,1082
Region VIII (Eastern Visayas),NORTHERN SAMAR,PH080000000,PH0804800000,Hearing Disability,Female,Severe,PH084800000,223,43,43,29,108
Region VIII (Eastern Visayas),NORTHERN SAMAR,PH080000000,PH0804800000,Hearing Disability,Male,All,PH084800000,9442,346,489,1919,6688
Region VIII (Eastern Visayas),NORTHERN SAMAR,PH080000000,PH0804800000,Hearing Disability,Male,Mild,PH084800000,7897,227,390,1693,5587
Region VIII (Eastern Visayas),NORTHERN SAMAR,PH080000000,PH0804800000,Hearing Disability,Male,Moderate,PH084800000,1257,64,54,169,970
Region VIII (Eastern Visayas),NORTHERN SAMAR,PH080000000,PH0804800000,Hearing Disability,Male,Severe,PH084800000,288,55,45,57,131
Region VIII (Eastern Visayas),NORTHERN SAMAR,PH080000000,PH0804800000,Mobility Disability,Both Sexes,All,PH084800000,18467,543,688,3371,13865
Region VIII (Eastern Visayas),NORTHERN SAMAR,PH080000000,PH0804800000,Mobility Disability,Both Sexes,Mild,PH084800000,14700,275,467,2860,11098
Region VIII (Eastern Visayas),NORTHERN SAMAR,PH080000000,PH0804800000,Mobility Disability,Both Sexes,Moderate,PH084800000,2685,110,132,378,2065
Region VIII (Eastern Visayas),NORTHERN SAMAR,PH080000000,PH0804800000,Mobility Disability,Both Sexes,Severe,PH084800000,1082,158,89,133,702
Region VIII (Eastern Visayas),NORTHERN SAMAR,PH080000000,PH0804800000,Mobility Disability,Female,All,PH084800000,9693,244,277,1432,7740
Region VIII (Eastern Visayas),NORTHERN SAMAR,PH080000000,PH0804800000,Mobility Disability,Female,Mild,PH084800000,7729,119,192,1236,6182
Region VIII (Eastern Visayas),NORTHERN SAMAR,PH080000000,PH0804800000,Mobility Disability,Female,Moderate,PH084800000,1382,49,53,144,1136
Region VIII (Eastern Visayas),NORTHERN SAMAR,PH080000000,PH0804800000,Mobility Disability,Female,Severe,PH084800000,582,76,32,52,422
Region VIII (Eastern Visayas),NORTHERN SAMAR,PH080000000,PH0804800000,Mobility Disability,Male,All,PH084800000,8774,299,411,1939,6125
Region VIII (Eastern Visayas),NORTHERN SAMAR,PH080000000,PH0804800000,Mobility Disability,Male,Mild,PH084800000,6971,156,275,1624,4916
Region VIII (Eastern Visayas),NORTHERN SAMAR,PH080000000,PH0804800000,Mobility Disability,Male,Moderate,PH084800000,1303,61,79,234,929
Region VIII (Eastern Visayas),NORTHERN SAMAR,PH080000000,PH0804800000,Mobility Disability,Male,Severe,PH084800000,500,82,57,81,280
Region VIII (Eastern Visayas),NORTHERN SAMAR,PH080000000,PH0804800000,Self-Care Disability,Both Sexes,All,PH084800000,5093,968,463,593,3069
Region VIII (Eastern Visayas),NORTHERN SAMAR,PH080000000,PH0804800000,Self-Care Disability,Both Sexes,Mild,PH084800000,3083,542,269,409,1863
Region VIII (Eastern Visayas),NORTHERN SAMAR,PH080000000,PH0804800000,Self-Care Disability,Both Sexes,Moderate,PH084800000,814,132,74,84,524
Region VIII (Eastern Visayas),NORTHERN SAMAR,PH080000000,PH0804800000,Self-Care Disability,Both Sexes,Severe,PH084800000,1196,294,120,100,682
Region VIII (Eastern Visayas),NORTHERN SAMAR,PH080000000,PH0804800000,Self-Care Disability,Female,All,PH084800000,2677,431,202,272,1772
Region VIII (Eastern Visayas),NORTHERN SAMAR,PH080000000,PH0804800000,Self-Care Disability,Female,Mild,PH084800000,1594,241,113,179,1061
Region VIII (Eastern Visayas),NORTHERN SAMAR,PH080000000,PH0804800000,Self-Care Disability,Female,Moderate,PH084800000,426,51,26,41,308
Region VIII (Eastern Visayas),NORTHERN SAMAR,PH080000000,PH0804800000,Self-Care Disability,Female,Severe,PH084800000,657,139,63,52,403
Region VIII (Eastern Visayas),NORTHERN SAMAR,PH080000000,PH0804800000,Self-Care Disability,Male,All,PH084800000,2416,537,261,321,1297
Region VIII (Eastern Visayas),NORTHERN SAMAR,PH080000000,PH0804800000,Self-Care Disability,Male,Mild,PH084800000,1489,301,156,230,802
Region VIII (Eastern Visayas),NORTHERN SAMAR,PH080000000,PH0804800000,Self-Care Disability,Male,Moderate,PH084800000,388,81,48,43,216
Region VIII (Eastern Visayas),NORTHERN SAMAR,PH080000000,PH0804800000,Self-Care Disability,Male,Severe,PH084800000,539,155,57,48,279
Region VIII (Eastern Visayas),NORTHERN SAMAR,PH080000000,PH0804800000,Visual Disability,Both Sexes,All,PH084800000,61073,1230,2953,21503,35387
Region VIII (Eastern Visayas),NORTHERN SAMAR,PH080000000,PH0804800000,Visual Disability,Both Sexes,Mild,PH084800000,55842,977,2686,20563,31616
Region VIII (Eastern Visayas),NORTHERN SAMAR,PH080000000,PH0804800000,Visual Disability,Both Sexes,Moderate,PH084800000,4632,191,212,852,3377
Region VIII (Eastern Visayas),NORTHERN SAMAR,PH080000000,PH0804800000,Visual Disability,Both Sexes,Severe,PH084800000,599,62,55,88,394
Region VIII (Eastern Visayas),NORTHERN SAMAR,PH080000000,PH0804800000,Visual Disability,Female,All,PH084800000,34082,678,1801,11788,19815
Region VIII (Eastern Visayas),NORTHERN SAMAR,PH080000000,PH0804800000,Visual Disability,Female,Mild,PH084800000,31169,557,1675,11318,17619
Region VIII (Eastern Visayas),NORTHERN SAMAR,PH080000000,PH0804800000,Visual Disability,Female,Moderate,PH084800000,2565,90,101,426,1948
Region VIII (Eastern Visayas),NORTHERN SAMAR,PH080000000,PH0804800000,Visual Disability,Female,Severe,PH084800000,348,31,25,44,248
Region VIII (Eastern Visayas),NORTHERN SAMAR,PH080000000,PH0804800000,Visual Disability,Male,All,PH084800000,26991,552,1152,9715,15572
Region VIII (Eastern Visayas),NORTHERN SAMAR,PH080000000,PH0804800000,Visual Disability,Male,Mild,PH084800000,24673,420,1011,9245,13997
Region VIII (Eastern Visayas),NORTHERN SAMAR,PH080000000,PH0804800000,Visual Disability,Male,Moderate,PH084800000,2067,101,111,426,1429
Region VIII (Eastern Visayas),NORTHERN SAMAR,PH080000000,PH0804800000,Visual Disability,Male,Severe,PH084800000,251,31,30,44,146
Region VIII (Eastern Visayas),SAMAR (WESTERN SAMAR),PH080000000,PH0806000000,Cognitive Disability,Both Sexes,All,PH086000000,8632,455,640,1546,5991
Region VIII (Eastern Visayas),SAMAR (WESTERN SAMAR),PH080000000,PH0806000000,Cognitive Disability,Both Sexes,Mild,PH086000000,7341,249,460,1364,5268
Region VIII (Eastern Visayas),SAMAR (WESTERN SAMAR),PH080000000,PH0806000000,Cognitive Disability,Both Sexes,Moderate,PH086000000,1010,132,120,152,606
Region VIII (Eastern Visayas),SAMAR (WESTERN SAMAR),PH080000000,PH0806000000,Cognitive Disability,Both Sexes,Severe,PH086000000,281,74,60,30,117
Region VIII (Eastern Visayas),SAMAR (WESTERN SAMAR),PH080000000,PH0806000000,Cognitive Disability,Female,All,PH086000000,5021,215,347,852,3607
Region VIII (Eastern Visayas),SAMAR (WESTERN SAMAR),PH080000000,PH0806000000,Cognitive Disability,Female,Mild,PH086000000,4294,113,269,761,3151
Region VIII (Eastern Visayas),SAMAR (WESTERN SAMAR),PH080000000,PH0806000000,Cognitive Disability,Female,Moderate,PH086000000,578,70,55,76,377
Region VIII (Eastern Visayas),SAMAR (WESTERN SAMAR),PH080000000,PH0806000000,Cognitive Disability,Female,Severe,PH086000000,149,32,23,15,79
Region VIII (Eastern Visayas),SAMAR (WESTERN SAMAR),PH080000000,PH0806000000,Cognitive Disability,Male,All,PH086000000,3611,240,293,694,2384
Region VIII (Eastern Visayas),SAMAR (WESTERN SAMAR),PH080000000,PH0806000000,Cognitive Disability,Male,Mild,PH086000000,3047,136,191,603,2117
Region VIII (Eastern Visayas),SAMAR (WESTERN SAMAR),PH080000000,PH0806000000,Cognitive Disability,Male,Moderate,PH086000000,432,62,65,76,229
Region VIII (Eastern Visayas),SAMAR (WESTERN SAMAR),PH080000000,PH0806000000,Cognitive Disability,Male,Severe,PH086000000,132,42,37,15,38
Region VIII (Eastern Visayas),SAMAR (WESTERN SAMAR),PH080000000,PH0806000000,Communication Disability,Both Sexes,All,PH086000000,4028,779,653,714,1882
Region VIII (Eastern Visayas),SAMAR (WESTERN SAMAR),PH080000000,PH0806000000,Communication Disability,Both Sexes,Mild,PH086000000,2374,315,287,396,1376
Region VIII (Eastern Visayas),SAMAR (WESTERN SAMAR),PH080000000,PH0806000000,Communication Disability,Both Sexes,Moderate,PH086000000,898,225,177,181,315
Region VIII (Eastern Visayas),SAMAR (WESTERN SAMAR),PH080000000,PH0806000000,Communication Disability,Both Sexes,Severe,PH086000000,756,239,189,137,191
Region VIII (Eastern Visayas),SAMAR (WESTERN SAMAR),PH080000000,PH0806000000,Communication Disability,Female,All,PH086000000,2018,348,271,338,1061
Region VIII (Eastern Visayas),SAMAR (WESTERN SAMAR),PH080000000,PH0806000000,Communication Disability,Female,Mild,PH086000000,1168,131,110,163,764
Region VIII (Eastern Visayas),SAMAR (WESTERN SAMAR),PH080000000,PH0806000000,Communication Disability,Female,Moderate,PH086000000,454,94,77,104,179
Region VIII (Eastern Visayas),SAMAR (WESTERN SAMAR),PH080000000,PH0806000000,Communication Disability,Female,Severe,PH086000000,396,123,84,71,118
Region VIII (Eastern Visayas),SAMAR (WESTERN SAMAR),PH080000000,PH0806000000,Communication Disability,Male,All,PH086000000,2010,431,382,376,821
Region VIII (Eastern Visayas),SAMAR (WESTERN SAMAR),PH080000000,PH0806000000,Communication Disability,Male,Mild,PH086000000,1206,184,177,233,612
Region VIII (Eastern Visayas),SAMAR (WESTERN SAMAR),PH080000000,PH0806000000,Communication Disability,Male,Moderate,PH086000000,444,131,100,77,136
Region VIII (Eastern Visayas),SAMAR (WESTERN SAMAR),PH080000000,PH0806000000,Communication Disability,Male,Severe,PH086000000,360,116,105,66,73
Region VIII (Eastern Visayas),SAMAR (WESTERN SAMAR),PH080000000,PH0806000000,Hearing Disability,Both Sexes,All,PH086000000,14177,469,730,1928,11050
Region VIII (Eastern Visayas),SAMAR (WESTERN SAMAR),PH080000000,PH0806000000,Hearing Disability,Both Sexes,Mild,PH086000000,12017,310,509,1693,9505
Region VIII (Eastern Visayas),SAMAR (WESTERN SAMAR),PH080000000,PH0806000000,Hearing Disability,Both Sexes,Moderate,PH086000000,1766,78,112,170,1406
Region VIII (Eastern Visayas),SAMAR (WESTERN SAMAR),PH080000000,PH0806000000,Hearing Disability,Both Sexes,Severe,PH086000000,394,81,109,65,139
Region VIII (Eastern Visayas),SAMAR (WESTERN SAMAR),PH080000000,PH0806000000,Hearing Disability,Female,All,PH086000000,7290,207,320,838,5925
Region VIII (Eastern Visayas),SAMAR (WESTERN SAMAR),PH080000000,PH0806000000,Hearing Disability,Female,Mild,PH086000000,6215,140,217,747,5111
Region VIII (Eastern Visayas),SAMAR (WESTERN SAMAR),PH080000000,PH0806000000,Hearing Disability,Female,Moderate,PH086000000,892,31,51,68,742
Region VIII (Eastern Visayas),SAMAR (WESTERN SAMAR),PH080000000,PH0806000000,Hearing Disability,Female,Severe,PH086000000,183,36,52,23,72
Region VIII (Eastern Visayas),SAMAR (WESTERN SAMAR),PH080000000,PH0806000000,Hearing Disability,Male,All,PH086000000,6887,262,410,1090,5125
Region VIII (Eastern Visayas),SAMAR (WESTERN SAMAR),PH080000000,PH0806000000,Hearing Disability,Male,Mild,PH086000000,5802,170,292,946,4394
Region VIII (Eastern Visayas),SAMAR (WESTERN SAMAR),PH080000000,PH0806000000,Hearing Disability,Male,Moderate,PH086000000,874,47,61,102,664
Region VIII (Eastern Visayas),SAMAR (WESTERN SAMAR),PH080000000,PH0806000000,Hearing Disability,Male,Severe,PH086000000,211,45,57,42,67
Region VIII (Eastern Visayas),SAMAR (WESTERN SAMAR),PH080000000,PH0806000000,Mobility Disability,Both Sexes,All,PH086000000,14993,461,529,2295,11708
Region VIII (Eastern Visayas),SAMAR (WESTERN SAMAR),PH080000000,PH0806000000,Mobility Disability,Both Sexes,Mild,PH086000000,12071,218,354,1847,9652
Region VIII (Eastern Visayas),SAMAR (WESTERN SAMAR),PH080000000,PH0806000000,Mobility Disability,Both Sexes,Moderate,PH086000000,2037,114,101,329,1493
Region VIII (Eastern Visayas),SAMAR (WESTERN SAMAR),PH080000000,PH0806000000,Mobility Disability,Both Sexes,Severe,PH086000000,885,129,74,119,563
Region VIII (Eastern Visayas),SAMAR (WESTERN SAMAR),PH080000000,PH0806000000,Mobility Disability,Female,All,PH086000000,7723,204,203,882,6434
Region VIII (Eastern Visayas),SAMAR (WESTERN SAMAR),PH080000000,PH0806000000,Mobility Disability,Female,Mild,PH086000000,6244,95,132,739,5278
Region VIII (Eastern Visayas),SAMAR (WESTERN SAMAR),PH080000000,PH0806000000,Mobility Disability,Female,Moderate,PH086000000,997,50,40,97,810
Region VIII (Eastern Visayas),SAMAR (WESTERN SAMAR),PH080000000,PH0806000000,Mobility Disability,Female,Severe,PH086000000,482,59,31,46,346
Region VIII (Eastern Visayas),SAMAR (WESTERN SAMAR),PH080000000,PH0806000000,Mobility Disability,Male,All,PH086000000,7270,257,326,1413,5274
Region VIII (Eastern Visayas),SAMAR (WESTERN SAMAR),PH080000000,PH0806000000,Mobility Disability,Male,Mild,PH086000000,5827,123,222,1108,4374
Region VIII (Eastern Visayas),SAMAR (WESTERN SAMAR),PH080000000,PH0806000000,Mobility Disability,Male,Moderate,PH086000000,1040,64,61,232,683
Region VIII (Eastern Visayas),SAMAR (WESTERN SAMAR),PH080000000,PH0806000000,Mobility Disability,Male,Severe,PH086000000,403,70,43,73,217
Region VIII (Eastern Visayas),SAMAR (WESTERN SAMAR),PH080000000,PH0806000000,Self-Care Disability,Both Sexes,All,PH086000000,3844,517,292,421,2614
Region VIII (Eastern Visayas),SAMAR (WESTERN SAMAR),PH080000000,PH0806000000,Self-Care Disability,Both Sexes,Mild,PH086000000,2190,219,144,240,1587
Region VIII (Eastern Visayas),SAMAR (WESTERN SAMAR),PH080000000,PH0806000000,Self-Care Disability,Both Sexes,Moderate,PH086000000,710,91,54,99,466
Region VIII (Eastern Visayas),SAMAR (WESTERN SAMAR),PH080000000,PH0806000000,Self-Care Disability,Both Sexes,Severe,PH086000000,944,207,94,82,561
Region VIII (Eastern Visayas),SAMAR (WESTERN SAMAR),PH080000000,PH0806000000,Self-Care Disability,Female,All,PH086000000,2053,237,133,181,1502
Region VIII (Eastern Visayas),SAMAR (WESTERN SAMAR),PH080000000,PH0806000000,Self-Care Disability,Female,Mild,PH086000000,1162,99,71,98,894
Region VIII (Eastern Visayas),SAMAR (WESTERN SAMAR),PH080000000,PH0806000000,Self-Care Disability,Female,Moderate,PH086000000,371,41,27,43,260
Region VIII (Eastern Visayas),SAMAR (WESTERN SAMAR),PH080000000,PH0806000000,Self-Care Disability,Female,Severe,PH086000000,520,97,35,40,348
Region VIII (Eastern Visayas),SAMAR (WESTERN SAMAR),PH080000000,PH0806000000,Self-Care Disability,Male,All,PH086000000,1791,280,159,240,1112
Region VIII (Eastern Visayas),SAMAR (WESTERN SAMAR),PH080000000,PH0806000000,Self-Care Disability,Male,Mild,PH086000000,1028,120,73,142,693
Region VIII (Eastern Visayas),SAMAR (WESTERN SAMAR),PH080000000,PH0806000000,Self-Care Disability,Male,Moderate,PH086000000,339,50,27,56,206
Region VIII (Eastern Visayas),SAMAR (WESTERN SAMAR),PH080000000,PH0806000000,Self-Care Disability,Male,Severe,PH086000000,424,110,59,42,213
Region VIII (Eastern Visayas),SAMAR (WESTERN SAMAR),PH080000000,PH0806000000,Visual Disability,Both Sexes,All,PH086000000,46149,906,2109,14264,28870
Region VIII (Eastern Visayas),SAMAR (WESTERN SAMAR),PH080000000,PH0806000000,Visual Disability,Both Sexes,Mild,PH086000000,42872,745,1894,13725,26508
Region VIII (Eastern Visayas),SAMAR (WESTERN SAMAR),PH080000000,PH0806000000,Visual Disability,Both Sexes,Moderate,PH086000000,2725,129,138,435,2023
Region VIII (Eastern Visayas),SAMAR (WESTERN SAMAR),PH080000000,PH0806000000,Visual Disability,Both Sexes,Severe,PH086000000,552,32,77,104,339
Region VIII (Eastern Visayas),SAMAR (WESTERN SAMAR),PH080000000,PH0806000000,Visual Disability,Female,All,PH086000000,25529,500,1336,7616,16077
Region VIII (Eastern Visayas),SAMAR (WESTERN SAMAR),PH080000000,PH0806000000,Visual Disability,Female,Mild,PH086000000,23701,429,1226,7360,14686
Region VIII (Eastern Visayas),SAMAR (WESTERN SAMAR),PH080000000,PH0806000000,Visual Disability,Female,Moderate,PH086000000,1523,52,75,202,1194
Region VIII (Eastern Visayas),SAMAR (WESTERN SAMAR),PH080000000,PH0806000000,Visual Disability,Female,Severe,PH086000000,305,19,35,54,197
Region VIII (Eastern Visayas),SAMAR (WESTERN SAMAR),PH080000000,PH0806000000,Visual Disability,Male,All,PH086000000,20620,406,773,6648,12793
Region VIII (Eastern Visayas),SAMAR (WESTERN SAMAR),PH080000000,PH0806000000,Visual Disability,Male,Mild,PH086000000,19171,316,668,6365,11822
Region VIII (Eastern Visayas),SAMAR (WESTERN SAMAR),PH080000000,PH0806000000,Visual Disability,Male,Moderate,PH086000000,1202,77,63,233,829
Region VIII (Eastern Visayas),SAMAR (WESTERN SAMAR),PH080000000,PH0806000000,Visual Disability,Male,Severe,PH086000000,247,13,42,50,142
Region VIII (Eastern Visayas),SOUTHERN LEYTE,PH080000000,PH0806400000,Cognitive Disability,Both Sexes,All,PH086400000,12014,770,839,2532,7873
Region VIII (Eastern Visayas),SOUTHERN LEYTE,PH080000000,PH0806400000,Cognitive Disability,Both Sexes,Mild,PH086400000,10382,565,651,2297,6869
Region VIII (Eastern Visayas),SOUTHERN LEYTE,PH080000000,PH0806400000,Cognitive Disability,Both Sexes,Moderate,PH086400000,1234,118,124,191,801
Region VIII (Eastern Visayas),SOUTHERN LEYTE,PH080000000,PH0806400000,Cognitive Disability,Both Sexes,Severe,PH086400000,398,87,64,44,203
Region VIII (Eastern Visayas),SOUTHERN LEYTE,PH080000000,PH0806400000,Cognitive Disability,Female,All,PH086400000,6970,347,485,1465,4673
Region VIII (Eastern Visayas),SOUTHERN LEYTE,PH080000000,PH0806400000,Cognitive Disability,Female,Mild,PH086400000,6036,259,398,1333,4046
Region VIII (Eastern Visayas),SOUTHERN LEYTE,PH080000000,PH0806400000,Cognitive Disability,Female,Moderate,PH086400000,715,54,52,103,506
Region VIII (Eastern Visayas),SOUTHERN LEYTE,PH080000000,PH0806400000,Cognitive Disability,Female,Severe,PH086400000,219,34,35,29,121
Region VIII (Eastern Visayas),SOUTHERN LEYTE,PH080000000,PH0806400000,Cognitive Disability,Male,All,PH086400000,5044,423,354,1067,3200
Region VIII (Eastern Visayas),SOUTHERN LEYTE,PH080000000,PH0806400000,Cognitive Disability,Male,Mild,PH086400000,4346,306,253,964,2823
Region VIII (Eastern Visayas),SOUTHERN LEYTE,PH080000000,PH0806400000,Cognitive Disability,Male,Moderate,PH086400000,519,64,72,88,295
Region VIII (Eastern Visayas),SOUTHERN LEYTE,PH080000000,PH0806400000,Cognitive Disability,Male,Severe,PH086400000,179,53,29,15,82
Region VIII (Eastern Visayas),SOUTHERN LEYTE,PH080000000,PH0806400000,Communication Disability,Both Sexes,All,PH086400000,3780,552,553,641,2034
Region VIII (Eastern Visayas),SOUTHERN LEYTE,PH080000000,PH0806400000,Communication Disability,Both Sexes,Mild,PH086400000,2118,221,238,318,1341
Region VIII (Eastern Visayas),SOUTHERN LEYTE,PH080000000,PH0806400000,Communication Disability,Both Sexes,Moderate,PH086400000,946,153,138,190,465
Region VIII (Eastern Visayas),SOUTHERN LEYTE,PH080000000,PH0806400000,Communication Disability,Both Sexes,Severe,PH086400000,716,178,177,133,228
Region VIII (Eastern Visayas),SOUTHERN LEYTE,PH080000000,PH0806400000,Communication Disability,Female,All,PH086400000,1953,235,249,319,1150
Region VIII (Eastern Visayas),SOUTHERN LEYTE,PH080000000,PH0806400000,Communication Disability,Female,Mild,PH086400000,1085,88,108,143,746
Region VIII (Eastern Visayas),SOUTHERN LEYTE,PH080000000,PH0806400000,Communication Disability,Female,Moderate,PH086400000,506,73,55,104,274
Region VIII (Eastern Visayas),SOUTHERN LEYTE,PH080000000,PH0806400000,Communication Disability,Female,Severe,PH086400000,362,74,86,72,130
Region VIII (Eastern Visayas),SOUTHERN LEYTE,PH080000000,PH0806400000,Communication Disability,Male,All,PH086400000,1827,317,304,322,884
Region VIII (Eastern Visayas),SOUTHERN LEYTE,PH080000000,PH0806400000,Communication Disability,Male,Mild,PH086400000,1033,133,130,175,595
Region VIII (Eastern Visayas),SOUTHERN LEYTE,PH080000000,PH0806400000,Communication Disability,Male,Moderate,PH086400000,440,80,83,86,191
Region VIII (Eastern Visayas),SOUTHERN LEYTE,PH080000000,PH0806400000,Communication Disability,Male,Severe,PH086400000,354,104,91,61,98
Region VIII (Eastern Visayas),SOUTHERN LEYTE,PH080000000,PH0806400000,Hearing Disability,Both Sexes,All,PH086400000,11630,295,436,1465,9434
Region VIII (Eastern Visayas),SOUTHERN LEYTE,PH080000000,PH0806400000,Hearing Disability,Both Sexes,Mild,PH086400000,9852,194,324,1271,8063
Region VIII (Eastern Visayas),SOUTHERN LEYTE,PH080000000,PH0806400000,Hearing Disability,Both Sexes,Moderate,PH086400000,1456,49,58,139,1210
Region VIII (Eastern Visayas),SOUTHERN LEYTE,PH080000000,PH0806400000,Hearing Disability,Both Sexes,Severe,PH086400000,322,52,54,55,161
Region VIII (Eastern Visayas),SOUTHERN LEYTE,PH080000000,PH0806400000,Hearing Disability,Female,All,PH086400000,6033,131,228,695,4979
Region VIII (Eastern Visayas),SOUTHERN LEYTE,PH080000000,PH0806400000,Hearing Disability,Female,Mild,PH086400000,5155,90,172,609,4284
Region VIII (Eastern Visayas),SOUTHERN LEYTE,PH080000000,PH0806400000,Hearing Disability,Female,Moderate,PH086400000,724,18,28,58,620
Region VIII (Eastern Visayas),SOUTHERN LEYTE,PH080000000,PH0806400000,Hearing Disability,Female,Severe,PH086400000,154,23,28,28,75
Region VIII (Eastern Visayas),SOUTHERN LEYTE,PH080000000,PH0806400000,Hearing Disability,Male,All,PH086400000,5597,164,208,770,4455
Region VIII (Eastern Visayas),SOUTHERN LEYTE,PH080000000,PH0806400000,Hearing Disability,Male,Mild,PH086400000,4697,104,152,662,3779
Region VIII (Eastern Visayas),SOUTHERN LEYTE,PH080000000,PH0806400000,Hearing Disability,Male,Moderate,PH086400000,732,31,30,81,590
Region VIII (Eastern Visayas),SOUTHERN LEYTE,PH080000000,PH0806400000,Hearing Disability,Male,Severe,PH086400000,168,29,26,27,86
Region VIII (Eastern Visayas),SOUTHERN LEYTE,PH080000000,PH0806400000,Mobility Disability,Both Sexes,All,PH086400000,10899,307,372,1384,8836
Region VIII (Eastern Visayas),SOUTHERN LEYTE,PH080000000,PH0806400000,Mobility Disability,Both Sexes,Mild,PH086400000,8132,136,226,1033,6737
Region VIII (Eastern Visayas),SOUTHERN LEYTE,PH080000000,PH0806400000,Mobility Disability,Both Sexes,Moderate,PH086400000,1859,61,85,248,1465
Region VIII (Eastern Visayas),SOUTHERN LEYTE,PH080000000,PH0806400000,Mobility Disability,Both Sexes,Severe,PH086400000,908,110,61,103,634
Region VIII (Eastern Visayas),SOUTHERN LEYTE,PH080000000,PH0806400000,Mobility Disability,Female,All,PH086400000,5629,136,161,513,4819
Region VIII (Eastern Visayas),SOUTHERN LEYTE,PH080000000,PH0806400000,Mobility Disability,Female,Mild,PH086400000,4183,62,89,382,3650
Region VIII (Eastern Visayas),SOUTHERN LEYTE,PH080000000,PH0806400000,Mobility Disability,Female,Moderate,PH086400000,935,25,39,82,789
Region VIII (Eastern Visayas),SOUTHERN LEYTE,PH080000000,PH0806400000,Mobility Disability,Female,Severe,PH086400000,511,49,33,49,380
Region VIII (Eastern Visayas),SOUTHERN LEYTE,PH080000000,PH0806400000,Mobility Disability,Male,All,PH086400000,5270,171,211,871,4017
Region VIII (Eastern Visayas),SOUTHERN LEYTE,PH080000000,PH0806400000,Mobility Disability,Male,Mild,PH086400000,3949,74,137,651,3087
Region VIII (Eastern Visayas),SOUTHERN LEYTE,PH080000000,PH0806400000,Mobility Disability,Male,Moderate,PH086400000,924,36,46,166,676
Region VIII (Eastern Visayas),SOUTHERN LEYTE,PH080000000,PH0806400000,Mobility Disability,Male,Severe,PH086400000,397,61,28,54,254
Region VIII (Eastern Visayas),SOUTHERN LEYTE,PH080000000,PH0806400000,Self-Care Disability,Both Sexes,All,PH086400000,4684,1025,290,454,2915
Region VIII (Eastern Visayas),SOUTHERN LEYTE,PH080000000,PH0806400000,Self-Care Disability,Both Sexes,Mild,PH086400000,2745,792,144,232,1577
Region VIII (Eastern Visayas),SOUTHERN LEYTE,PH080000000,PH0806400000,Self-Care Disability,Both Sexes,Moderate,PH086400000,824,77,51,120,576
Region VIII (Eastern Visayas),SOUTHERN LEYTE,PH080000000,PH0806400000,Self-Care Disability,Both Sexes,Severe,PH086400000,1115,156,95,102,762
Region VIII (Eastern Visayas),SOUTHERN LEYTE,PH080000000,PH0806400000,Self-Care Disability,Female,All,PH086400000,2513,447,143,219,1704
Region VIII (Eastern Visayas),SOUTHERN LEYTE,PH080000000,PH0806400000,Self-Care Disability,Female,Mild,PH086400000,1431,347,67,107,910
Region VIII (Eastern Visayas),SOUTHERN LEYTE,PH080000000,PH0806400000,Self-Care Disability,Female,Moderate,PH086400000,452,37,22,54,339
Region VIII (Eastern Visayas),SOUTHERN LEYTE,PH080000000,PH0806400000,Self-Care Disability,Female,Severe,PH086400000,630,63,54,58,455
Region VIII (Eastern Visayas),SOUTHERN LEYTE,PH080000000,PH0806400000,Self-Care Disability,Male,All,PH086400000,2171,578,147,235,1211
Region VIII (Eastern Visayas),SOUTHERN LEYTE,PH080000000,PH0806400000,Self-Care Disability,Male,Mild,PH086400000,1314,445,77,125,667
Region VIII (Eastern Visayas),SOUTHERN LEYTE,PH080000000,PH0806400000,Self-Care Disability,Male,Moderate,PH086400000,372,40,29,66,237
Region VIII (Eastern Visayas),SOUTHERN LEYTE,PH080000000,PH0806400000,Self-Care Disability,Male,Severe,PH086400000,485,93,41,44,307
Region VIII (Eastern Visayas),SOUTHERN LEYTE,PH080000000,PH0806400000,Visual Disability,Both Sexes,All,PH086400000,33889,635,1362,9421,22471
Region VIII (Eastern Visayas),SOUTHERN LEYTE,PH080000000,PH0806400000,Visual Disability,Both Sexes,Mild,PH086400000,31024,515,1243,9059,20207
Region VIII (Eastern Visayas),SOUTHERN LEYTE,PH080000000,PH0806400000,Visual Disability,Both Sexes,Moderate,PH086400000,2480,89,91,318,1982
Region VIII (Eastern Visayas),SOUTHERN LEYTE,PH080000000,PH0806400000,Visual Disability,Both Sexes,Severe,PH086400000,385,31,28,44,282
Region VIII (Eastern Visayas),SOUTHERN LEYTE,PH080000000,PH0806400000,Visual Disability,Female,All,PH086400000,19106,368,892,5181,12665
Region VIII (Eastern Visayas),SOUTHERN LEYTE,PH080000000,PH0806400000,Visual Disability,Female,Mild,PH086400000,17487,308,833,4994,11352
Region VIII (Eastern Visayas),SOUTHERN LEYTE,PH080000000,PH0806400000,Visual Disability,Female,Moderate,PH086400000,1406,44,45,169,1148
Region VIII (Eastern Visayas),SOUTHERN LEYTE,PH080000000,PH0806400000,Visual Disability,Female,Severe,PH086400000,213,16,14,18,165
Region VIII (Eastern Visayas),SOUTHERN LEYTE,PH080000000,PH0806400000,Visual Disability,Male,All,PH086400000,14783,267,470,4240,9806
Region VIII (Eastern Visayas),SOUTHERN LEYTE,PH080000000,PH0806400000,Visual Disability,Male,Mild,PH086400000,13537,207,410,4065,8855
Region VIII (Eastern Visayas),SOUTHERN LEYTE,PH080000000,PH0806400000,Visual Disability,Male,Moderate,PH086400000,1074,45,46,149,834
Region VIII (Eastern Visayas),SOUTHERN LEYTE,PH080000000,PH0806400000,Visual Disability,Male,Severe,PH086400000,172,15,14,26,117
Region X (Northern Mindanao),BUKIDNON,PH100000000,PH1001300000,Cognitive Disability,Both Sexes,All,PH101300000,25578,1590,2838,6653,14497
Region X (Northern Mindanao),BUKIDNON,PH100000000,PH1001300000,Cognitive Disability,Both Sexes,Mild,PH101300000,21957,945,2235,6053,12724
Region X (Northern Mindanao),BUKIDNON,PH100000000,PH1001300000,Cognitive Disability,Both Sexes,Moderate,PH101300000,2669,347,397,428,1497
Region X (Northern Mindanao),BUKIDNON,PH100000000,PH1001300000,Cognitive Disability,Both Sexes,Severe,PH101300000,952,298,206,172,276
Region X (Northern Mindanao),BUKIDNON,PH100000000,PH1001300000,Cognitive Disability,Female,All,PH101300000,13637,678,1522,3492,7945
Region X (Northern Mindanao),BUKIDNON,PH100000000,PH1001300000,Cognitive Disability,Female,Mild,PH101300000,11816,423,1276,3220,6897
Region X (Northern Mindanao),BUKIDNON,PH100000000,PH1001300000,Cognitive Disability,Female,Moderate,PH101300000,1406,140,164,199,903
Region X (Northern Mindanao),BUKIDNON,PH100000000,PH1001300000,Cognitive Disability,Female,Severe,PH101300000,415,115,82,73,145
Region X (Northern Mindanao),BUKIDNON,PH100000000,PH1001300000,Cognitive Disability,Male,All,PH101300000,11941,912,1316,3161,6552
Region X (Northern Mindanao),BUKIDNON,PH100000000,PH1001300000,Cognitive Disability,Male,Mild,PH101300000,10141,522,959,2833,5827
Region X (Northern Mindanao),BUKIDNON,PH100000000,PH1001300000,Cognitive Disability,Male,Moderate,PH101300000,1263,207,233,229,594
Region X (Northern Mindanao),BUKIDNON,PH100000000,PH1001300000,Cognitive Disability,Male,Severe,PH101300000,537,183,124,99,131
Region X (Northern Mindanao),BUKIDNON,PH100000000,PH1001300000,Communication Disability,Both Sexes,All,PH101300000,10940,2441,2032,2138,4329
Region X (Northern Mindanao),BUKIDNON,PH100000000,PH1001300000,Communication Disability,Both Sexes,Mild,PH101300000,6486,1158,1003,1267,3058
Region X (Northern Mindanao),BUKIDNON,PH100000000,PH1001300000,Communication Disability,Both Sexes,Moderate,PH101300000,2351,593,496,464,798
Region X (Northern Mindanao),BUKIDNON,PH100000000,PH1001300000,Communication Disability,Both Sexes,Severe,PH101300000,2103,690,533,407,473
Region X (Northern Mindanao),BUKIDNON,PH100000000,PH1001300000,Communication Disability,Female,All,PH101300000,5131,1061,878,942,2250
Region X (Northern Mindanao),BUKIDNON,PH100000000,PH1001300000,Communication Disability,Female,Mild,PH101300000,3010,515,410,492,1593
Region X (Northern Mindanao),BUKIDNON,PH100000000,PH1001300000,Communication Disability,Female,Moderate,PH101300000,1109,241,219,241,408
Region X (Northern Mindanao),BUKIDNON,PH100000000,PH1001300000,Communication Disability,Female,Severe,PH101300000,1012,305,249,209,249
Region X (Northern Mindanao),BUKIDNON,PH100000000,PH1001300000,Communication Disability,Male,All,PH101300000,5809,1380,1154,1196,2079
Region X (Northern Mindanao),BUKIDNON,PH100000000,PH1001300000,Communication Disability,Male,Mild,PH101300000,3476,643,593,775,1465
Region X (Northern Mindanao),BUKIDNON,PH100000000,PH1001300000,Communication Disability,Male,Moderate,PH101300000,1242,352,277,223,390
Region X (Northern Mindanao),BUKIDNON,PH100000000,PH1001300000,Communication Disability,Male,Severe,PH101300000,1091,385,284,198,224
Region X (Northern Mindanao),BUKIDNON,PH100000000,PH1001300000,Hearing Disability,Both Sexes,All,PH101300000,25084,1132,1603,4114,18235
Region X (Northern Mindanao),BUKIDNON,PH100000000,PH1001300000,Hearing Disability,Both Sexes,Mild,PH101300000,21338,747,1172,3598,15821
Region X (Northern Mindanao),BUKIDNON,PH100000000,PH1001300000,Hearing Disability,Both Sexes,Moderate,PH101300000,2897,197,225,343,2132
Region X (Northern Mindanao),BUKIDNON,PH100000000,PH1001300000,Hearing Disability,Both Sexes,Severe,PH101300000,849,188,206,173,282
Region X (Northern Mindanao),BUKIDNON,PH100000000,PH1001300000,Hearing Disability,Female,All,PH101300000,12642,502,758,2040,9342
Region X (Northern Mindanao),BUKIDNON,PH100000000,PH1001300000,Hearing Disability,Female,Mild,PH101300000,10814,345,582,1798,8089
Region X (Northern Mindanao),BUKIDNON,PH100000000,PH1001300000,Hearing Disability,Female,Moderate,PH101300000,1471,84,93,165,1129
Region X (Northern Mindanao),BUKIDNON,PH100000000,PH1001300000,Hearing Disability,Female,Severe,PH101300000,357,73,83,77,124
Region X (Northern Mindanao),BUKIDNON,PH100000000,PH1001300000,Hearing Disability,Male,All,PH101300000,12442,630,845,2074,8893
Region X (Northern Mindanao),BUKIDNON,PH100000000,PH1001300000,Hearing Disability,Male,Mild,PH101300000,10524,402,590,1800,7732
Region X (Northern Mindanao),BUKIDNON,PH100000000,PH1001300000,Hearing Disability,Male,Moderate,PH101300000,1426,113,132,178,1003
Region X (Northern Mindanao),BUKIDNON,PH100000000,PH1001300000,Hearing Disability,Male,Severe,PH101300000,492,115,123,96,158
Region X (Northern Mindanao),BUKIDNON,PH100000000,PH1001300000,Mobility Disability,Both Sexes,All,PH101300000,23483,1168,1489,4349,16477
Region X (Northern Mindanao),BUKIDNON,PH100000000,PH1001300000,Mobility Disability,Both Sexes,Mild,PH101300000,17751,530,969,3347,12905
Region X (Northern Mindanao),BUKIDNON,PH100000000,PH1001300000,Mobility Disability,Both Sexes,Moderate,PH101300000,3934,298,319,729,2588
Region X (Northern Mindanao),BUKIDNON,PH100000000,PH1001300000,Mobility Disability,Both Sexes,Severe,PH101300000,1798,340,201,273,984
Region X (Northern Mindanao),BUKIDNON,PH100000000,PH1001300000,Mobility Disability,Female,All,PH101300000,11318,467,573,1778,8500
Region X (Northern Mindanao),BUKIDNON,PH100000000,PH1001300000,Mobility Disability,Female,Mild,PH101300000,8726,200,390,1422,6714
Region X (Northern Mindanao),BUKIDNON,PH100000000,PH1001300000,Mobility Disability,Female,Moderate,PH101300000,1772,135,111,248,1278
Region X (Northern Mindanao),BUKIDNON,PH100000000,PH1001300000,Mobility Disability,Female,Severe,PH101300000,820,132,72,108,508
Region X (Northern Mindanao),BUKIDNON,PH100000000,PH1001300000,Mobility Disability,Male,All,PH101300000,12165,701,916,2571,7977
Region X (Northern Mindanao),BUKIDNON,PH100000000,PH1001300000,Mobility Disability,Male,Mild,PH101300000,9025,330,579,1925,6191
Region X (Northern Mindanao),BUKIDNON,PH100000000,PH1001300000,Mobility Disability,Male,Moderate,PH101300000,2162,163,208,481,1310
Region X (Northern Mindanao),BUKIDNON,PH100000000,PH1001300000,Mobility Disability,Male,Severe,PH101300000,978,208,129,165,476
Region X (Northern Mindanao),BUKIDNON,PH100000000,PH1001300000,Self-Care Disability,Both Sexes,All,PH101300000,11031,2557,1168,1749,5557
Region X (Northern Mindanao),BUKIDNON,PH100000000,PH1001300000,Self-Care Disability,Both Sexes,Mild,PH101300000,6649,1329,639,1161,3520
Region X (Northern Mindanao),BUKIDNON,PH100000000,PH1001300000,Self-Care Disability,Both Sexes,Moderate,PH101300000,2085,529,242,301,1013
Region X (Northern Mindanao),BUKIDNON,PH100000000,PH1001300000,Self-Care Disability,Both Sexes,Severe,PH101300000,2297,699,287,287,1024
Region X (Northern Mindanao),BUKIDNON,PH100000000,PH1001300000,Self-Care Disability,Female,All,PH101300000,5343,1135,519,766,2923
Region X (Northern Mindanao),BUKIDNON,PH100000000,PH1001300000,Self-Care Disability,Female,Mild,PH101300000,3312,597,317,508,1890
Region X (Northern Mindanao),BUKIDNON,PH100000000,PH1001300000,Self-Care Disability,Female,Moderate,PH101300000,991,238,94,140,519
Region X (Northern Mindanao),BUKIDNON,PH100000000,PH1001300000,Self-Care Disability,Female,Severe,PH101300000,1040,300,108,118,514
Region X (Northern Mindanao),BUKIDNON,PH100000000,PH1001300000,Self-Care Disability,Male,All,PH101300000,5688,1422,649,983,2634
Region X (Northern Mindanao),BUKIDNON,PH100000000,PH1001300000,Self-Care Disability,Male,Mild,PH101300000,3337,732,322,653,1630
Region X (Northern Mindanao),BUKIDNON,PH100000000,PH1001300000,Self-Care Disability,Male,Moderate,PH101300000,1094,291,148,161,494
Region X (Northern Mindanao),BUKIDNON,PH100000000,PH1001300000,Self-Care Disability,Male,Severe,PH101300000,1257,399,179,169,510
Region X (Northern Mindanao),BUKIDNON,PH100000000,PH1001300000,Visual Disability,Both Sexes,All,PH101300000,75364,2018,4789,24302,44255
Region X (Northern Mindanao),BUKIDNON,PH100000000,PH1001300000,Visual Disability,Both Sexes,Mild,PH101300000,69183,1627,4256,23093,40207
Region X (Northern Mindanao),BUKIDNON,PH100000000,PH1001300000,Visual Disability,Both Sexes,Moderate,PH101300000,5235,241,407,1043,3544
Region X (Northern Mindanao),BUKIDNON,PH100000000,PH1001300000,Visual Disability,Both Sexes,Severe,PH101300000,946,150,126,166,504
Region X (Northern Mindanao),BUKIDNON,PH100000000,PH1001300000,Visual Disability,Female,All,PH101300000,41216,1078,3011,13458,23669
Region X (Northern Mindanao),BUKIDNON,PH100000000,PH1001300000,Visual Disability,Female,Mild,PH101300000,37942,909,2743,12847,21443
Region X (Northern Mindanao),BUKIDNON,PH100000000,PH1001300000,Visual Disability,Female,Moderate,PH101300000,2799,113,210,536,1940
Region X (Northern Mindanao),BUKIDNON,PH100000000,PH1001300000,Visual Disability,Female,Severe,PH101300000,475,56,58,75,286
Region X (Northern Mindanao),BUKIDNON,PH100000000,PH1001300000,Visual Disability,Male,All,PH101300000,34148,940,1778,10844,20586
Region X (Northern Mindanao),BUKIDNON,PH100000000,PH1001300000,Visual Disability,Male,Mild,PH101300000,31241,718,1513,10246,18764
Region X (Northern Mindanao),BUKIDNON,PH100000000,PH1001300000,Visual Disability,Male,Moderate,PH101300000,2436,128,197,507,1604
Region X (Northern Mindanao),BUKIDNON,PH100000000,PH1001300000,Visual Disability,Male,Severe,PH101300000,471,94,68,91,218
Region X (Northern Mindanao),CAMIGUIN,PH100000000,PH1001800000,Cognitive Disability,Both Sexes,All,PH101800000,2290,97,233,550,1410
Region X (Northern Mindanao),CAMIGUIN,PH100000000,PH1001800000,Cognitive Disability,Both Sexes,Mild,PH101800000,1966,54,188,494,1230
Region X (Northern Mindanao),CAMIGUIN,PH100000000,PH1001800000,Cognitive Disability,Both Sexes,Moderate,PH101800000,235,26,35,41,133
Region X (Northern Mindanao),CAMIGUIN,PH100000000,PH1001800000,Cognitive Disability,Both Sexes,Severe,PH101800000,89,17,10,15,47
Region X (Northern Mindanao),CAMIGUIN,PH100000000,PH1001800000,Cognitive Disability,Female,All,PH101800000,1337,45,122,309,861
Region X (Northern Mindanao),CAMIGUIN,PH100000000,PH1001800000,Cognitive Disability,Female,Mild,PH101800000,1151,26,109,278,738
Region X (Northern Mindanao),CAMIGUIN,PH100000000,PH1001800000,Cognitive Disability,Female,Moderate,PH101800000,134,11,10,21,92
Region X (Northern Mindanao),CAMIGUIN,PH100000000,PH1001800000,Cognitive Disability,Female,Severe,PH101800000,52,8,3,10,31
Region X (Northern Mindanao),CAMIGUIN,PH100000000,PH1001800000,Cognitive Disability,Male,All,PH101800000,953,52,111,241,549
Region X (Northern Mindanao),CAMIGUIN,PH100000000,PH1001800000,Cognitive Disability,Male,Mild,PH101800000,815,28,79,216,492
Region X (Northern Mindanao),CAMIGUIN,PH100000000,PH1001800000,Cognitive Disability,Male,Moderate,PH101800000,101,15,25,20,41
Region X (Northern Mindanao),CAMIGUIN,PH100000000,PH1001800000,Cognitive Disability,Male,Severe,PH101800000,37,9,7,5,16
Region X (Northern Mindanao),CAMIGUIN,PH100000000,PH1001800000,Communication Disability,Both Sexes,All,PH101800000,711,146,121,148,296
Region X (Northern Mindanao),CAMIGUIN,PH100000000,PH1001800000,Communication Disability,Both Sexes,Mild,PH101800000,327,52,54,65,156
Region X (Northern Mindanao),CAMIGUIN,PH100000000,PH1001800000,Communication Disability,Both Sexes,Moderate,PH101800000,197,42,37,47,71
Region X (Northern Mindanao),CAMIGUIN,PH100000000,PH1001800000,Communication Disability,Both Sexes,Severe,PH101800000,187,52,30,36,69
Region X (Northern Mindanao),CAMIGUIN,PH100000000,PH1001800000,Communication Disability,Female,All,PH101800000,329,61,42,68,158
Region X (Northern Mindanao),CAMIGUIN,PH100000000,PH1001800000,Communication Disability,Female,Mild,PH101800000,153,22,18,30,83
Region X (Northern Mindanao),CAMIGUIN,PH100000000,PH1001800000,Communication Disability,Female,Moderate,PH101800000,83,20,10,17,36
Region X (Northern Mindanao),CAMIGUIN,PH100000000,PH1001800000,Communication Disability,Female,Severe,PH101800000,93,19,14,21,39
Region X (Northern Mindanao),CAMIGUIN,PH100000000,PH1001800000,Communication Disability,Male,All,PH101800000,382,85,79,80,138
Region X (Northern Mindanao),CAMIGUIN,PH100000000,PH1001800000,Communication Disability,Male,Mild,PH101800000,174,30,36,35,73
Region X (Northern Mindanao),CAMIGUIN,PH100000000,PH1001800000,Communication Disability,Male,Moderate,PH101800000,114,22,27,30,35
Region X (Northern Mindanao),CAMIGUIN,PH100000000,PH1001800000,Communication Disability,Male,Severe,PH101800000,94,33,16,15,30
Region X (Northern Mindanao),CAMIGUIN,PH100000000,PH1001800000,Hearing Disability,Both Sexes,All,PH101800000,2222,102,109,307,1704
Region X (Northern Mindanao),CAMIGUIN,PH100000000,PH1001800000,Hearing Disability,Both Sexes,Mild,PH101800000,1886,75,82,254,1475
Region X (Northern Mindanao),CAMIGUIN,PH100000000,PH1001800000,Hearing Disability,Both Sexes,Moderate,PH101800000,253,10,15,39,189
Region X (Northern Mindanao),CAMIGUIN,PH100000000,PH1001800000,Hearing Disability,Both Sexes,Severe,PH101800000,83,17,12,14,40
Region X (Northern Mindanao),CAMIGUIN,PH100000000,PH1001800000,Hearing Disability,Female,All,PH101800000,1165,51,53,145,916
Region X (Northern Mindanao),CAMIGUIN,PH100000000,PH1001800000,Hearing Disability,Female,Mild,PH101800000,996,38,44,124,790
Region X (Northern Mindanao),CAMIGUIN,PH100000000,PH1001800000,Hearing Disability,Female,Moderate,PH101800000,129,6,5,14,104
Region X (Northern Mindanao),CAMIGUIN,PH100000000,PH1001800000,Hearing Disability,Female,Severe,PH101800000,40,7,4,7,22
Region X (Northern Mindanao),CAMIGUIN,PH100000000,PH1001800000,Hearing Disability,Male,All,PH101800000,1057,51,56,162,788
Region X (Northern Mindanao),CAMIGUIN,PH100000000,PH1001800000,Hearing Disability,Male,Mild,PH101800000,890,37,38,130,685
Region X (Northern Mindanao),CAMIGUIN,PH100000000,PH1001800000,Hearing Disability,Male,Moderate,PH101800000,124,4,10,25,85
Region X (Northern Mindanao),CAMIGUIN,PH100000000,PH1001800000,Hearing Disability,Male,Severe,PH101800000,43,10,8,7,18
Region X (Northern Mindanao),CAMIGUIN,PH100000000,PH1001800000,Mobility Disability,Both Sexes,All,PH101800000,2194,66,85,316,1727
Region X (Northern Mindanao),CAMIGUIN,PH100000000,PH1001800000,Mobility Disability,Both Sexes,Mild,PH101800000,1552,36,49,229,1238
Region X (Northern Mindanao),CAMIGUIN,PH100000000,PH1001800000,Mobility Disability,Both Sexes,Moderate,PH101800000,379,8,23,57,291
Region X (Northern Mindanao),CAMIGUIN,PH100000000,PH1001800000,Mobility Disability,Both Sexes,Severe,PH101800000,263,22,13,30,198
Region X (Northern Mindanao),CAMIGUIN,PH100000000,PH1001800000,Mobility Disability,Female,All,PH101800000,1122,27,28,112,955
Region X (Northern Mindanao),CAMIGUIN,PH100000000,PH1001800000,Mobility Disability,Female,Mild,PH101800000,786,18,18,78,672
Region X (Northern Mindanao),CAMIGUIN,PH100000000,PH1001800000,Mobility Disability,Female,Moderate,PH101800000,190,2,5,20,163
Region X (Northern Mindanao),CAMIGUIN,PH100000000,PH1001800000,Mobility Disability,Female,Severe,PH101800000,146,7,5,14,120
Region X (Northern Mindanao),CAMIGUIN,PH100000000,PH1001800000,Mobility Disability,Male,All,PH101800000,1072,39,57,204,772
Region X (Northern Mindanao),CAMIGUIN,PH100000000,PH1001800000,Mobility Disability,Male,Mild,PH101800000,766,18,31,151,566
Region X (Northern Mindanao),CAMIGUIN,PH100000000,PH1001800000,Mobility Disability,Male,Moderate,PH101800000,189,6,18,37,128
Region X (Northern Mindanao),CAMIGUIN,PH100000000,PH1001800000,Mobility Disability,Male,Severe,PH101800000,117,15,8,16,78
Region X (Northern Mindanao),CAMIGUIN,PH100000000,PH1001800000,Self-Care Disability,Both Sexes,All,PH101800000,810,74,58,93,585
Region X (Northern Mindanao),CAMIGUIN,PH100000000,PH1001800000,Self-Care Disability,Both Sexes,Mild,PH101800000,337,28,21,43,245
Region X (Northern Mindanao),CAMIGUIN,PH100000000,PH1001800000,Self-Care Disability,Both Sexes,Moderate,PH101800000,174,15,13,20,126
Region X (Northern Mindanao),CAMIGUIN,PH100000000,PH1001800000,Self-Care Disability,Both Sexes,Severe,PH101800000,299,31,24,30,214
Region X (Northern Mindanao),CAMIGUIN,PH100000000,PH1001800000,Self-Care Disability,Female,All,PH101800000,436,31,20,48,337
Region X (Northern Mindanao),CAMIGUIN,PH100000000,PH1001800000,Self-Care Disability,Female,Mild,PH101800000,176,14,8,20,134
Region X (Northern Mindanao),CAMIGUIN,PH100000000,PH1001800000,Self-Care Disability,Female,Moderate,PH101800000,94,7,2,10,75
Region X (Northern Mindanao),CAMIGUIN,PH100000000,PH1001800000,Self-Care Disability,Female,Severe,PH101800000,166,10,10,18,128
Region X (Northern Mindanao),CAMIGUIN,PH100000000,PH1001800000,Self-Care Disability,Male,All,PH101800000,374,43,38,45,248
Region X (Northern Mindanao),CAMIGUIN,PH100000000,PH1001800000,Self-Care Disability,Male,Mild,PH101800000,161,14,13,23,111
Region X (Northern Mindanao),CAMIGUIN,PH100000000,PH1001800000,Self-Care Disability,Male,Moderate,PH101800000,80,8,11,10,51
Region X (Northern Mindanao),CAMIGUIN,PH100000000,PH1001800000,Self-Care Disability,Male,Severe,PH101800000,133,21,14,12,86
Region X (Northern Mindanao),CAMIGUIN,PH100000000,PH1001800000,Visual Disability,Both Sexes,All,PH101800000,5598,131,273,1651,3543
Region X (Northern Mindanao),CAMIGUIN,PH100000000,PH1001800000,Visual Disability,Both Sexes,Mild,PH101800000,5146,110,253,1583,3200
Region X (Northern Mindanao),CAMIGUIN,PH100000000,PH1001800000,Visual Disability,Both Sexes,Moderate,PH101800000,357,15,15,60,267
Region X (Northern Mindanao),CAMIGUIN,PH100000000,PH1001800000,Visual Disability,Both Sexes,Severe,PH101800000,95,6,5,8,76
Region X (Northern Mindanao),CAMIGUIN,PH100000000,PH1001800000,Visual Disability,Female,All,PH101800000,3110,77,164,906,1963
Region X (Northern Mindanao),CAMIGUIN,PH100000000,PH1001800000,Visual Disability,Female,Mild,PH101800000,2850,65,159,873,1753
Region X (Northern Mindanao),CAMIGUIN,PH100000000,PH1001800000,Visual Disability,Female,Moderate,PH101800000,205,10,4,30,161
Region X (Northern Mindanao),CAMIGUIN,PH100000000,PH1001800000,Visual Disability,Female,Severe,PH101800000,55,2,1,3,49
Region X (Northern Mindanao),CAMIGUIN,PH100000000,PH1001800000,Visual Disability,Male,All,PH101800000,2488,54,109,745,1580
Region X (Northern Mindanao),CAMIGUIN,PH100000000,PH1001800000,Visual Disability,Male,Mild,PH101800000,2296,45,94,710,1447
Region X (Northern Mindanao),CAMIGUIN,PH100000000,PH1001800000,Visual Disability,Male,Moderate,PH101800000,152,5,11,30,106
Region X (Northern Mindanao),CAMIGUIN,PH100000000,PH1001800000,Visual Disability,Male,Severe,PH101800000,40,4,4,5,27
Region X (Northern Mindanao),LANAO DEL NORTE,PH100000000,PH1003500000,Cognitive Disability,Both Sexes,All,PH103500000,11358,835,1083,2588,6852
Region X (Northern Mindanao),LANAO DEL NORTE,PH100000000,PH1003500000,Cognitive Disability,Both Sexes,Mild,PH103500000,9614,530,812,2305,5967
Region X (Northern Mindanao),LANAO DEL NORTE,PH100000000,PH1003500000,Cognitive Disability,Both Sexes,Moderate,PH103500000,1269,169,176,204,720
Region X (Northern Mindanao),LANAO DEL NORTE,PH100000000,PH1003500000,Cognitive Disability,Both Sexes,Severe,PH103500000,475,136,95,79,165
Region X (Northern Mindanao),LANAO DEL NORTE,PH100000000,PH1003500000,Cognitive Disability,Female,All,PH103500000,6273,387,533,1405,3948
Region X (Northern Mindanao),LANAO DEL NORTE,PH100000000,PH1003500000,Cognitive Disability,Female,Mild,PH103500000,5370,255,425,1264,3426
Region X (Northern Mindanao),LANAO DEL NORTE,PH100000000,PH1003500000,Cognitive Disability,Female,Moderate,PH103500000,681,72,69,109,431
Region X (Northern Mindanao),LANAO DEL NORTE,PH100000000,PH1003500000,Cognitive Disability,Female,Severe,PH103500000,222,60,39,32,91
Region X (Northern Mindanao),LANAO DEL NORTE,PH100000000,PH1003500000,Cognitive Disability,Male,All,PH103500000,5085,448,550,1183,2904
Region X (Northern Mindanao),LANAO DEL NORTE,PH100000000,PH1003500000,Cognitive Disability,Male,Mild,PH103500000,4244,275,387,1041,2541
Region X (Northern Mindanao),LANAO DEL NORTE,PH100000000,PH1003500000,Cognitive Disability,Male,Moderate,PH103500000,588,97,107,95,289
Region X (Northern Mindanao),LANAO DEL NORTE,PH100000000,PH1003500000,Cognitive Disability,Male,Severe,PH103500000,253,76,56,47,74
Region X (Northern Mindanao),LANAO DEL NORTE,PH100000000,PH1003500000,Communication Disability,Both Sexes,All,PH103500000,5622,1244,997,911,2470
Region X (Northern Mindanao),LANAO DEL NORTE,PH100000000,PH1003500000,Communication Disability,Both Sexes,Mild,PH103500000,3427,566,489,525,1847
Region X (Northern Mindanao),LANAO DEL NORTE,PH100000000,PH1003500000,Communication Disability,Both Sexes,Moderate,PH103500000,1149,319,245,197,388
Region X (Northern Mindanao),LANAO DEL NORTE,PH100000000,PH1003500000,Communication Disability,Both Sexes,Severe,PH103500000,1046,359,263,189,235
Region X (Northern Mindanao),LANAO DEL NORTE,PH100000000,PH1003500000,Communication Disability,Female,All,PH103500000,2717,545,407,434,1331
Region X (Northern Mindanao),LANAO DEL NORTE,PH100000000,PH1003500000,Communication Disability,Female,Mild,PH103500000,1599,239,169,211,980
Region X (Northern Mindanao),LANAO DEL NORTE,PH100000000,PH1003500000,Communication Disability,Female,Moderate,PH103500000,586,135,115,116,220
Region X (Northern Mindanao),LANAO DEL NORTE,PH100000000,PH1003500000,Communication Disability,Female,Severe,PH103500000,532,171,123,107,131
Region X (Northern Mindanao),LANAO DEL NORTE,PH100000000,PH1003500000,Communication Disability,Male,All,PH103500000,2905,699,590,477,1139
Region X (Northern Mindanao),LANAO DEL NORTE,PH100000000,PH1003500000,Communication Disability,Male,Mild,PH103500000,1828,327,320,314,867
Region X (Northern Mindanao),LANAO DEL NORTE,PH100000000,PH1003500000,Communication Disability,Male,Moderate,PH103500000,563,184,130,81,168
Region X (Northern Mindanao),LANAO DEL NORTE,PH100000000,PH1003500000,Communication Disability,Male,Severe,PH103500000,514,188,140,82,104
Region X (Northern Mindanao),LANAO DEL NORTE,PH100000000,PH1003500000,Hearing Disability,Both Sexes,All,PH103500000,13206,568,776,2047,9815
Region X (Northern Mindanao),LANAO DEL NORTE,PH100000000,PH1003500000,Hearing Disability,Both Sexes,Mild,PH103500000,11456,362,566,1820,8708
Region X (Northern Mindanao),LANAO DEL NORTE,PH100000000,PH1003500000,Hearing Disability,Both Sexes,Moderate,PH103500000,1325,108,110,145,962
Region X (Northern Mindanao),LANAO DEL NORTE,PH100000000,PH1003500000,Hearing Disability,Both Sexes,Severe,PH103500000,425,98,100,82,145
Region X (Northern Mindanao),LANAO DEL NORTE,PH100000000,PH1003500000,Hearing Disability,Female,All,PH103500000,6781,255,353,956,5217
Region X (Northern Mindanao),LANAO DEL NORTE,PH100000000,PH1003500000,Hearing Disability,Female,Mild,PH103500000,5910,157,271,861,4621
Region X (Northern Mindanao),LANAO DEL NORTE,PH100000000,PH1003500000,Hearing Disability,Female,Moderate,PH103500000,667,52,32,61,522
Region X (Northern Mindanao),LANAO DEL NORTE,PH100000000,PH1003500000,Hearing Disability,Female,Severe,PH103500000,204,46,50,34,74
Region X (Northern Mindanao),LANAO DEL NORTE,PH100000000,PH1003500000,Hearing Disability,Male,All,PH103500000,6425,313,423,1091,4598
Region X (Northern Mindanao),LANAO DEL NORTE,PH100000000,PH1003500000,Hearing Disability,Male,Mild,PH103500000,5546,205,295,959,4087
Region X (Northern Mindanao),LANAO DEL NORTE,PH100000000,PH1003500000,Hearing Disability,Male,Moderate,PH103500000,658,56,78,84,440
Region X (Northern Mindanao),LANAO DEL NORTE,PH100000000,PH1003500000,Hearing Disability,Male,Severe,PH103500000,221,52,50,48,71
Region X (Northern Mindanao),LANAO DEL NORTE,PH100000000,PH1003500000,Mobility Disability,Both Sexes,All,PH103500000,11997,598,635,2033,8731
Region X (Northern Mindanao),LANAO DEL NORTE,PH100000000,PH1003500000,Mobility Disability,Both Sexes,Mild,PH103500000,9314,329,413,1576,6996
Region X (Northern Mindanao),LANAO DEL NORTE,PH100000000,PH1003500000,Mobility Disability,Both Sexes,Moderate,PH103500000,1803,128,135,327,1213
Region X (Northern Mindanao),LANAO DEL NORTE,PH100000000,PH1003500000,Mobility Disability,Both Sexes,Severe,PH103500000,880,141,87,130,522
Region X (Northern Mindanao),LANAO DEL NORTE,PH100000000,PH1003500000,Mobility Disability,Female,All,PH103500000,6172,248,258,823,4843
Region X (Northern Mindanao),LANAO DEL NORTE,PH100000000,PH1003500000,Mobility Disability,Female,Mild,PH103500000,4850,131,165,654,3900
Region X (Northern Mindanao),LANAO DEL NORTE,PH100000000,PH1003500000,Mobility Disability,Female,Moderate,PH103500000,887,61,54,111,661
Region X (Northern Mindanao),LANAO DEL NORTE,PH100000000,PH1003500000,Mobility Disability,Female,Severe,PH103500000,435,56,39,58,282
Region X (Northern Mindanao),LANAO DEL NORTE,PH100000000,PH1003500000,Mobility Disability,Male,All,PH103500000,5825,350,377,1210,3888
Region X (Northern Mindanao),LANAO DEL NORTE,PH100000000,PH1003500000,Mobility Disability,Male,Mild,PH103500000,4464,198,248,922,3096
Region X (Northern Mindanao),LANAO DEL NORTE,PH100000000,PH1003500000,Mobility Disability,Male,Moderate,PH103500000,916,67,81,216,552
Region X (Northern Mindanao),LANAO DEL NORTE,PH100000000,PH1003500000,Mobility Disability,Male,Severe,PH103500000,445,85,48,72,240
Region X (Northern Mindanao),LANAO DEL NORTE,PH100000000,PH1003500000,Self-Care Disability,Both Sexes,All,PH103500000,6085,1510,506,676,3393
Region X (Northern Mindanao),LANAO DEL NORTE,PH100000000,PH1003500000,Self-Care Disability,Both Sexes,Mild,PH103500000,3896,978,248,403,2267
Region X (Northern Mindanao),LANAO DEL NORTE,PH100000000,PH1003500000,Self-Care Disability,Both Sexes,Moderate,PH103500000,1048,183,127,145,593
Region X (Northern Mindanao),LANAO DEL NORTE,PH100000000,PH1003500000,Self-Care Disability,Both Sexes,Severe,PH103500000,1141,349,131,128,533
Region X (Northern Mindanao),LANAO DEL NORTE,PH100000000,PH1003500000,Self-Care Disability,Female,All,PH103500000,3048,676,215,283,1874
Region X (Northern Mindanao),LANAO DEL NORTE,PH100000000,PH1003500000,Self-Care Disability,Female,Mild,PH103500000,1971,451,109,170,1241
Region X (Northern Mindanao),LANAO DEL NORTE,PH100000000,PH1003500000,Self-Care Disability,Female,Moderate,PH103500000,532,77,54,58,343
Region X (Northern Mindanao),LANAO DEL NORTE,PH100000000,PH1003500000,Self-Care Disability,Female,Severe,PH103500000,545,148,52,55,290
Region X (Northern Mindanao),LANAO DEL NORTE,PH100000000,PH1003500000,Self-Care Disability,Male,All,PH103500000,3037,834,291,393,1519
Region X (Northern Mindanao),LANAO DEL NORTE,PH100000000,PH1003500000,Self-Care Disability,Male,Mild,PH103500000,1925,527,139,233,1026
Region X (Northern Mindanao),LANAO DEL NORTE,PH100000000,PH1003500000,Self-Care Disability,Male,Moderate,PH103500000,516,106,73,87,250
Region X (Northern Mindanao),LANAO DEL NORTE,PH100000000,PH1003500000,Self-Care Disability,Male,Severe,PH103500000,596,201,79,73,243
Region X (Northern Mindanao),LANAO DEL NORTE,PH100000000,PH1003500000,Visual Disability,Both Sexes,All,PH103500000,36863,1031,2208,11588,22036
Region X (Northern Mindanao),LANAO DEL NORTE,PH100000000,PH1003500000,Visual Disability,Both Sexes,Mild,PH103500000,33612,812,1940,10928,19932
Region X (Northern Mindanao),LANAO DEL NORTE,PH100000000,PH1003500000,Visual Disability,Both Sexes,Moderate,PH103500000,2760,149,204,568,1839
Region X (Northern Mindanao),LANAO DEL NORTE,PH100000000,PH1003500000,Visual Disability,Both Sexes,Severe,PH103500000,491,70,64,92,265
Region X (Northern Mindanao),LANAO DEL NORTE,PH100000000,PH1003500000,Visual Disability,Female,All,PH103500000,20458,549,1310,6301,12298
Region X (Northern Mindanao),LANAO DEL NORTE,PH100000000,PH1003500000,Visual Disability,Female,Mild,PH103500000,18648,451,1176,5953,11068
Region X (Northern Mindanao),LANAO DEL NORTE,PH100000000,PH1003500000,Visual Disability,Female,Moderate,PH103500000,1544,64,112,304,1064
Region X (Northern Mindanao),LANAO DEL NORTE,PH100000000,PH1003500000,Visual Disability,Female,Severe,PH103500000,266,34,22,44,166
Region X (Northern Mindanao),LANAO DEL NORTE,PH100000000,PH1003500000,Visual Disability,Male,All,PH103500000,16405,482,898,5287,9738
Region X (Northern Mindanao),LANAO DEL NORTE,PH100000000,PH1003500000,Visual Disability,Male,Mild,PH103500000,14964,361,764,4975,8864
Region X (Northern Mindanao),LANAO DEL NORTE,PH100000000,PH1003500000,Visual Disability,Male,Moderate,PH103500000,1216,85,92,264,775
Region X (Northern Mindanao),LANAO DEL NORTE,PH100000000,PH1003500000,Visual Disability,Male,Severe,PH103500000,225,36,42,48,99
Region X (Northern Mindanao),MISAMIS OCCIDENTAL,PH100000000,PH1004200000,Cognitive Disability,Both Sexes,All,PH104200000,11416,610,801,2174,7831
Region X (Northern Mindanao),MISAMIS OCCIDENTAL,PH100000000,PH1004200000,Cognitive Disability,Both Sexes,Mild,PH104200000,9468,303,529,1895,6741
Region X (Northern Mindanao),MISAMIS OCCIDENTAL,PH100000000,PH1004200000,Cognitive Disability,Both Sexes,Moderate,PH104200000,1439,173,174,208,884
Region X (Northern Mindanao),MISAMIS OCCIDENTAL,PH100000000,PH1004200000,Cognitive Disability,Both Sexes,Severe,PH104200000,509,134,98,71,206
Region X (Northern Mindanao),MISAMIS OCCIDENTAL,PH100000000,PH1004200000,Cognitive Disability,Female,All,PH104200000,6674,264,420,1209,4781
Region X (Northern Mindanao),MISAMIS OCCIDENTAL,PH100000000,PH1004200000,Cognitive Disability,Female,Mild,PH104200000,5601,143,307,1081,4070
Region X (Northern Mindanao),MISAMIS OCCIDENTAL,PH100000000,PH1004200000,Cognitive Disability,Female,Moderate,PH104200000,814,64,73,95,582
Region X (Northern Mindanao),MISAMIS OCCIDENTAL,PH100000000,PH1004200000,Cognitive Disability,Female,Severe,PH104200000,259,57,40,33,129
Region X (Northern Mindanao),MISAMIS OCCIDENTAL,PH100000000,PH1004200000,Cognitive Disability,Male,All,PH104200000,4742,346,381,965,3050
Region X (Northern Mindanao),MISAMIS OCCIDENTAL,PH100000000,PH1004200000,Cognitive Disability,Male,Mild,PH104200000,3867,160,222,814,2671
Region X (Northern Mindanao),MISAMIS OCCIDENTAL,PH100000000,PH1004200000,Cognitive Disability,Male,Moderate,PH104200000,625,109,101,113,302
Region X (Northern Mindanao),MISAMIS OCCIDENTAL,PH100000000,PH1004200000,Cognitive Disability,Male,Severe,PH104200000,250,77,58,38,77
Region X (Northern Mindanao),MISAMIS OCCIDENTAL,PH100000000,PH1004200000,Communication Disability,Both Sexes,All,PH104200000,4467,790,712,704,2261
Region X (Northern Mindanao),MISAMIS OCCIDENTAL,PH100000000,PH1004200000,Communication Disability,Both Sexes,Mild,PH104200000,2543,318,314,370,1541
Region X (Northern Mindanao),MISAMIS OCCIDENTAL,PH100000000,PH1004200000,Communication Disability,Both Sexes,Moderate,PH104200000,1067,215,205,185,462
Region X (Northern Mindanao),MISAMIS OCCIDENTAL,PH100000000,PH1004200000,Communication Disability,Both Sexes,Severe,PH104200000,857,257,193,149,258
Region X (Northern Mindanao),MISAMIS OCCIDENTAL,PH100000000,PH1004200000,Communication Disability,Female,All,PH104200000,2316,336,316,304,1360
Region X (Northern Mindanao),MISAMIS OCCIDENTAL,PH100000000,PH1004200000,Communication Disability,Female,Mild,PH104200000,1344,139,133,149,923
Region X (Northern Mindanao),MISAMIS OCCIDENTAL,PH100000000,PH1004200000,Communication Disability,Female,Moderate,PH104200000,537,90,90,80,277
Region X (Northern Mindanao),MISAMIS OCCIDENTAL,PH100000000,PH1004200000,Communication Disability,Female,Severe,PH104200000,435,107,93,75,160
Region X (Northern Mindanao),MISAMIS OCCIDENTAL,PH100000000,PH1004200000,Communication Disability,Male,All,PH104200000,2151,454,396,400,901
Region X (Northern Mindanao),MISAMIS OCCIDENTAL,PH100000000,PH1004200000,Communication Disability,Male,Mild,PH104200000,1199,179,181,221,618
Region X (Northern Mindanao),MISAMIS OCCIDENTAL,PH100000000,PH1004200000,Communication Disability,Male,Moderate,PH104200000,530,125,115,105,185
Region X (Northern Mindanao),MISAMIS OCCIDENTAL,PH100000000,PH1004200000,Communication Disability,Male,Severe,PH104200000,422,150,100,74,98
Region X (Northern Mindanao),MISAMIS OCCIDENTAL,PH100000000,PH1004200000,Hearing Disability,Both Sexes,All,PH104200000,13798,395,596,1766,11041
Region X (Northern Mindanao),MISAMIS OCCIDENTAL,PH100000000,PH1004200000,Hearing Disability,Both Sexes,Mild,PH104200000,11642,243,409,1532,9458
Region X (Northern Mindanao),MISAMIS OCCIDENTAL,PH100000000,PH1004200000,Hearing Disability,Both Sexes,Moderate,PH104200000,1743,77,97,175,1394
Region X (Northern Mindanao),MISAMIS OCCIDENTAL,PH100000000,PH1004200000,Hearing Disability,Both Sexes,Severe,PH104200000,413,75,90,59,189
Region X (Northern Mindanao),MISAMIS OCCIDENTAL,PH100000000,PH1004200000,Hearing Disability,Female,All,PH104200000,7418,182,254,837,6145
Region X (Northern Mindanao),MISAMIS OCCIDENTAL,PH100000000,PH1004200000,Hearing Disability,Female,Mild,PH104200000,6311,115,186,738,5272
Region X (Northern Mindanao),MISAMIS OCCIDENTAL,PH100000000,PH1004200000,Hearing Disability,Female,Moderate,PH104200000,910,36,32,71,771
Region X (Northern Mindanao),MISAMIS OCCIDENTAL,PH100000000,PH1004200000,Hearing Disability,Female,Severe,PH104200000,197,31,36,28,102
Region X (Northern Mindanao),MISAMIS OCCIDENTAL,PH100000000,PH1004200000,Hearing Disability,Male,All,PH104200000,6380,213,342,929,4896
Region X (Northern Mindanao),MISAMIS OCCIDENTAL,PH100000000,PH1004200000,Hearing Disability,Male,Mild,PH104200000,5331,128,223,794,4186
Region X (Northern Mindanao),MISAMIS OCCIDENTAL,PH100000000,PH1004200000,Hearing Disability,Male,Moderate,PH104200000,833,41,65,104,623
Region X (Northern Mindanao),MISAMIS OCCIDENTAL,PH100000000,PH1004200000,Hearing Disability,Male,Severe,PH104200000,216,44,54,31,87
Region X (Northern Mindanao),MISAMIS OCCIDENTAL,PH100000000,PH1004200000,Mobility Disability,Both Sexes,All,PH104200000,12513,461,524,1811,9717
Region X (Northern Mindanao),MISAMIS OCCIDENTAL,PH100000000,PH1004200000,Mobility Disability,Both Sexes,Mild,PH104200000,9343,207,312,1323,7501
Region X (Northern Mindanao),MISAMIS OCCIDENTAL,PH100000000,PH1004200000,Mobility Disability,Both Sexes,Moderate,PH104200000,2125,100,126,352,1547
Region X (Northern Mindanao),MISAMIS OCCIDENTAL,PH100000000,PH1004200000,Mobility Disability,Both Sexes,Severe,PH104200000,1045,154,86,136,669
Region X (Northern Mindanao),MISAMIS OCCIDENTAL,PH100000000,PH1004200000,Mobility Disability,Female,All,PH104200000,6494,205,180,661,5448
Region X (Northern Mindanao),MISAMIS OCCIDENTAL,PH100000000,PH1004200000,Mobility Disability,Female,Mild,PH104200000,4902,89,105,492,4216
Region X (Northern Mindanao),MISAMIS OCCIDENTAL,PH100000000,PH1004200000,Mobility Disability,Female,Moderate,PH104200000,1048,48,45,119,836
Region X (Northern Mindanao),MISAMIS OCCIDENTAL,PH100000000,PH1004200000,Mobility Disability,Female,Severe,PH104200000,544,68,30,50,396
Region X (Northern Mindanao),MISAMIS OCCIDENTAL,PH100000000,PH1004200000,Mobility Disability,Male,All,PH104200000,6019,256,344,1150,4269
Region X (Northern Mindanao),MISAMIS OCCIDENTAL,PH100000000,PH1004200000,Mobility Disability,Male,Mild,PH104200000,4441,118,207,831,3285
Region X (Northern Mindanao),MISAMIS OCCIDENTAL,PH100000000,PH1004200000,Mobility Disability,Male,Moderate,PH104200000,1077,52,81,233,711
Region X (Northern Mindanao),MISAMIS OCCIDENTAL,PH100000000,PH1004200000,Mobility Disability,Male,Severe,PH104200000,501,86,56,86,273
Region X (Northern Mindanao),MISAMIS OCCIDENTAL,PH100000000,PH1004200000,Self-Care Disability,Both Sexes,All,PH104200000,4704,606,381,586,3131
Region X (Northern Mindanao),MISAMIS OCCIDENTAL,PH100000000,PH1004200000,Self-Care Disability,Both Sexes,Mild,PH104200000,2566,263,159,311,1833
Region X (Northern Mindanao),MISAMIS OCCIDENTAL,PH100000000,PH1004200000,Self-Care Disability,Both Sexes,Moderate,PH104200000,946,116,107,130,593
Region X (Northern Mindanao),MISAMIS OCCIDENTAL,PH100000000,PH1004200000,Self-Care Disability,Both Sexes,Severe,PH104200000,1192,227,115,145,705
Region X (Northern Mindanao),MISAMIS OCCIDENTAL,PH100000000,PH1004200000,Self-Care Disability,Female,All,PH104200000,2514,256,164,257,1837
Region X (Northern Mindanao),MISAMIS OCCIDENTAL,PH100000000,PH1004200000,Self-Care Disability,Female,Mild,PH104200000,1391,113,66,133,1079
Region X (Northern Mindanao),MISAMIS OCCIDENTAL,PH100000000,PH1004200000,Self-Care Disability,Female,Moderate,PH104200000,503,52,45,57,349
Region X (Northern Mindanao),MISAMIS OCCIDENTAL,PH100000000,PH1004200000,Self-Care Disability,Female,Severe,PH104200000,620,91,53,67,409
Region X (Northern Mindanao),MISAMIS OCCIDENTAL,PH100000000,PH1004200000,Self-Care Disability,Male,All,PH104200000,2190,350,217,329,1294
Region X (Northern Mindanao),MISAMIS OCCIDENTAL,PH100000000,PH1004200000,Self-Care Disability,Male,Mild,PH104200000,1175,150,93,178,754
Region X (Northern Mindanao),MISAMIS OCCIDENTAL,PH100000000,PH1004200000,Self-Care Disability,Male,Moderate,PH104200000,443,64,62,73,244
Region X (Northern Mindanao),MISAMIS OCCIDENTAL,PH100000000,PH1004200000,Self-Care Disability,Male,Severe,PH104200000,572,136,62,78,296
Region X (Northern Mindanao),MISAMIS OCCIDENTAL,PH100000000,PH1004200000,Visual Disability,Both Sexes,All,PH104200000,41209,785,1619,12121,26684
Region X (Northern Mindanao),MISAMIS OCCIDENTAL,PH100000000,PH1004200000,Visual Disability,Both Sexes,Mild,PH104200000,37899,627,1451,11550,24271
Region X (Northern Mindanao),MISAMIS OCCIDENTAL,PH100000000,PH1004200000,Visual Disability,Both Sexes,Moderate,PH104200000,2832,120,125,498,2089
Region X (Northern Mindanao),MISAMIS OCCIDENTAL,PH100000000,PH1004200000,Visual Disability,Both Sexes,Severe,PH104200000,478,38,43,73,324
Region X (Northern Mindanao),MISAMIS OCCIDENTAL,PH100000000,PH1004200000,Visual Disability,Female,All,PH104200000,23565,417,993,6664,15491
Region X (Northern Mindanao),MISAMIS OCCIDENTAL,PH100000000,PH1004200000,Visual Disability,Female,Mild,PH104200000,21668,349,915,6374,14030
Region X (Northern Mindanao),MISAMIS OCCIDENTAL,PH100000000,PH1004200000,Visual Disability,Female,Moderate,PH104200000,1626,50,60,255,1261
Region X (Northern Mindanao),MISAMIS OCCIDENTAL,PH100000000,PH1004200000,Visual Disability,Female,Severe,PH104200000,271,18,18,35,200
Region X (Northern Mindanao),MISAMIS OCCIDENTAL,PH100000000,PH1004200000,Visual Disability,Male,All,PH104200000,17644,368,626,5457,11193
Region X (Northern Mindanao),MISAMIS OCCIDENTAL,PH100000000,PH1004200000,Visual Disability,Male,Mild,PH104200000,16231,278,536,5176,10241
Region X (Northern Mindanao),MISAMIS OCCIDENTAL,PH100000000,PH1004200000,Visual Disability,Male,Moderate,PH104200000,1206,70,65,243,828
Region X (Northern Mindanao),MISAMIS OCCIDENTAL,PH100000000,PH1004200000,Visual Disability,Male,Severe,PH104200000,207,20,25,38,124
Region X (Northern Mindanao),MISAMIS ORIENTAL,PH100000000,PH1004300000,Cognitive Disability,Both Sexes,All,PH104300000,20999,1299,2159,4610,12931
Region X (Northern Mindanao),MISAMIS ORIENTAL,PH100000000,PH1004300000,Cognitive Disability,Both Sexes,Mild,PH104300000,17427,701,1598,4076,11052
Region X (Northern Mindanao),MISAMIS ORIENTAL,PH100000000,PH1004300000,Cognitive Disability,Both Sexes,Moderate,PH104300000,2584,354,355,375,1500
Region X (Northern Mindanao),MISAMIS ORIENTAL,PH100000000,PH1004300000,Cognitive Disability,Both Sexes,Severe,PH104300000,988,244,206,159,379
Region X (Northern Mindanao),MISAMIS ORIENTAL,PH100000000,PH1004300000,Cognitive Disability,Female,All,PH104300000,11967,523,1111,2595,7738
Region X (Northern Mindanao),MISAMIS ORIENTAL,PH100000000,PH1004300000,Cognitive Disability,Female,Mild,PH104300000,10058,284,880,2343,6551
Region X (Northern Mindanao),MISAMIS ORIENTAL,PH100000000,PH1004300000,Cognitive Disability,Female,Moderate,PH104300000,1410,140,158,173,939
Region X (Northern Mindanao),MISAMIS ORIENTAL,PH100000000,PH1004300000,Cognitive Disability,Female,Severe,PH104300000,499,99,73,79,248
Region X (Northern Mindanao),MISAMIS ORIENTAL,PH100000000,PH1004300000,Cognitive Disability,Male,All,PH104300000,9032,776,1048,2015,5193
Region X (Northern Mindanao),MISAMIS ORIENTAL,PH100000000,PH1004300000,Cognitive Disability,Male,Mild,PH104300000,7369,417,718,1733,4501
Region X (Northern Mindanao),MISAMIS ORIENTAL,PH100000000,PH1004300000,Cognitive Disability,Male,Moderate,PH104300000,1174,214,197,202,561
Region X (Northern Mindanao),MISAMIS ORIENTAL,PH100000000,PH1004300000,Cognitive Disability,Male,Severe,PH104300000,489,145,133,80,131
Region X (Northern Mindanao),MISAMIS ORIENTAL,PH100000000,PH1004300000,Communication Disability,Both Sexes,All,PH104300000,9435,1944,1820,1637,4034
Region X (Northern Mindanao),MISAMIS ORIENTAL,PH100000000,PH1004300000,Communication Disability,Both Sexes,Mild,PH104300000,5127,760,784,878,2705
Region X (Northern Mindanao),MISAMIS ORIENTAL,PH100000000,PH1004300000,Communication Disability,Both Sexes,Moderate,PH104300000,2343,575,493,418,857
Region X (Northern Mindanao),MISAMIS ORIENTAL,PH100000000,PH1004300000,Communication Disability,Both Sexes,Severe,PH104300000,1965,609,543,341,472
Region X (Northern Mindanao),MISAMIS ORIENTAL,PH100000000,PH1004300000,Communication Disability,Female,All,PH104300000,4600,755,824,730,2291
Region X (Northern Mindanao),MISAMIS ORIENTAL,PH100000000,PH1004300000,Communication Disability,Female,Mild,PH104300000,2512,288,329,349,1546
Region X (Northern Mindanao),MISAMIS ORIENTAL,PH100000000,PH1004300000,Communication Disability,Female,Moderate,PH104300000,1135,207,250,208,470
Region X (Northern Mindanao),MISAMIS ORIENTAL,PH100000000,PH1004300000,Communication Disability,Female,Severe,PH104300000,953,260,245,173,275
Region X (Northern Mindanao),MISAMIS ORIENTAL,PH100000000,PH1004300000,Communication Disability,Male,All,PH104300000,4835,1189,996,907,1743
Region X (Northern Mindanao),MISAMIS ORIENTAL,PH100000000,PH1004300000,Communication Disability,Male,Mild,PH104300000,2615,472,455,529,1159
Region X (Northern Mindanao),MISAMIS ORIENTAL,PH100000000,PH1004300000,Communication Disability,Male,Moderate,PH104300000,1208,368,243,210,387
Region X (Northern Mindanao),MISAMIS ORIENTAL,PH100000000,PH1004300000,Communication Disability,Male,Severe,PH104300000,1012,349,298,168,197
Region X (Northern Mindanao),MISAMIS ORIENTAL,PH100000000,PH1004300000,Hearing Disability,Both Sexes,All,PH104300000,25475,1093,1575,3827,18980
Region X (Northern Mindanao),MISAMIS ORIENTAL,PH100000000,PH1004300000,Hearing Disability,Both Sexes,Mild,PH104300000,21617,713,1113,3344,16447
Region X (Northern Mindanao),MISAMIS ORIENTAL,PH100000000,PH1004300000,Hearing Disability,Both Sexes,Moderate,PH104300000,2907,210,212,323,2162
Region X (Northern Mindanao),MISAMIS ORIENTAL,PH100000000,PH1004300000,Hearing Disability,Both Sexes,Severe,PH104300000,951,170,250,160,371
Region X (Northern Mindanao),MISAMIS ORIENTAL,PH100000000,PH1004300000,Hearing Disability,Female,All,PH104300000,13282,506,732,1883,10161
Region X (Northern Mindanao),MISAMIS ORIENTAL,PH100000000,PH1004300000,Hearing Disability,Female,Mild,PH104300000,11309,342,525,1655,8787
Region X (Northern Mindanao),MISAMIS ORIENTAL,PH100000000,PH1004300000,Hearing Disability,Female,Moderate,PH104300000,1514,94,90,152,1178
Region X (Northern Mindanao),MISAMIS ORIENTAL,PH100000000,PH1004300000,Hearing Disability,Female,Severe,PH104300000,459,70,117,76,196
Region X (Northern Mindanao),MISAMIS ORIENTAL,PH100000000,PH1004300000,Hearing Disability,Male,All,PH104300000,12193,587,843,1944,8819
Region X (Northern Mindanao),MISAMIS ORIENTAL,PH100000000,PH1004300000,Hearing Disability,Male,Mild,PH104300000,10308,371,588,1689,7660
Region X (Northern Mindanao),MISAMIS ORIENTAL,PH100000000,PH1004300000,Hearing Disability,Male,Moderate,PH104300000,1393,116,122,171,984
Region X (Northern Mindanao),MISAMIS ORIENTAL,PH100000000,PH1004300000,Hearing Disability,Male,Severe,PH104300000,492,100,133,84,175
Region X (Northern Mindanao),MISAMIS ORIENTAL,PH100000000,PH1004300000,Mobility Disability,Both Sexes,All,PH104300000,24922,1026,1309,4071,18516
Region X (Northern Mindanao),MISAMIS ORIENTAL,PH100000000,PH1004300000,Mobility Disability,Both Sexes,Mild,PH104300000,18490,516,822,3001,14151
Region X (Northern Mindanao),MISAMIS ORIENTAL,PH100000000,PH1004300000,Mobility Disability,Both Sexes,Moderate,PH104300000,4227,216,260,745,3006
Region X (Northern Mindanao),MISAMIS ORIENTAL,PH100000000,PH1004300000,Mobility Disability,Both Sexes,Severe,PH104300000,2205,294,227,325,1359
Region X (Northern Mindanao),MISAMIS ORIENTAL,PH100000000,PH1004300000,Mobility Disability,Female,All,PH104300000,12846,433,521,1614,10278
Region X (Northern Mindanao),MISAMIS ORIENTAL,PH100000000,PH1004300000,Mobility Disability,Female,Mild,PH104300000,9599,239,334,1206,7820
Region X (Northern Mindanao),MISAMIS ORIENTAL,PH100000000,PH1004300000,Mobility Disability,Female,Moderate,PH104300000,2071,77,90,273,1631
Region X (Northern Mindanao),MISAMIS ORIENTAL,PH100000000,PH1004300000,Mobility Disability,Female,Severe,PH104300000,1176,117,97,135,827
Region X (Northern Mindanao),MISAMIS ORIENTAL,PH100000000,PH1004300000,Mobility Disability,Male,All,PH104300000,12076,593,788,2457,8238
Region X (Northern Mindanao),MISAMIS ORIENTAL,PH100000000,PH1004300000,Mobility Disability,Male,Mild,PH104300000,8891,277,488,1795,6331
Region X (Northern Mindanao),MISAMIS ORIENTAL,PH100000000,PH1004300000,Mobility Disability,Male,Moderate,PH104300000,2156,139,170,472,1375
Region X (Northern Mindanao),MISAMIS ORIENTAL,PH100000000,PH1004300000,Mobility Disability,Male,Severe,PH104300000,1029,177,130,190,532
Region X (Northern Mindanao),MISAMIS ORIENTAL,PH100000000,PH1004300000,Self-Care Disability,Both Sexes,All,PH104300000,9980,1746,1023,1236,5975
Region X (Northern Mindanao),MISAMIS ORIENTAL,PH100000000,PH1004300000,Self-Care Disability,Both Sexes,Mild,PH104300000,5410,864,476,629,3441
Region X (Northern Mindanao),MISAMIS ORIENTAL,PH100000000,PH1004300000,Self-Care Disability,Both Sexes,Moderate,PH104300000,2037,381,223,287,1146
Region X (Northern Mindanao),MISAMIS ORIENTAL,PH100000000,PH1004300000,Self-Care Disability,Both Sexes,Severe,PH104300000,2533,501,324,320,1388
Region X (Northern Mindanao),MISAMIS ORIENTAL,PH100000000,PH1004300000,Self-Care Disability,Female,All,PH104300000,5069,692,421,517,3439
Region X (Northern Mindanao),MISAMIS ORIENTAL,PH100000000,PH1004300000,Self-Care Disability,Female,Mild,PH104300000,2759,350,195,261,1953
Region X (Northern Mindanao),MISAMIS ORIENTAL,PH100000000,PH1004300000,Self-Care Disability,Female,Moderate,PH104300000,990,136,96,111,647
Region X (Northern Mindanao),MISAMIS ORIENTAL,PH100000000,PH1004300000,Self-Care Disability,Female,Severe,PH104300000,1320,206,130,145,839
Region X (Northern Mindanao),MISAMIS ORIENTAL,PH100000000,PH1004300000,Self-Care Disability,Male,All,PH104300000,4911,1054,602,719,2536
Region X (Northern Mindanao),MISAMIS ORIENTAL,PH100000000,PH1004300000,Self-Care Disability,Male,Mild,PH104300000,2651,514,281,368,1488
Region X (Northern Mindanao),MISAMIS ORIENTAL,PH100000000,PH1004300000,Self-Care Disability,Male,Moderate,PH104300000,1047,245,127,176,499
Region X (Northern Mindanao),MISAMIS ORIENTAL,PH100000000,PH1004300000,Self-Care Disability,Male,Severe,PH104300000,1213,295,194,175,549
Region X (Northern Mindanao),MISAMIS ORIENTAL,PH100000000,PH1004300000,Visual Disability,Both Sexes,All,PH104300000,82739,2267,5606,26066,48800
Region X (Northern Mindanao),MISAMIS ORIENTAL,PH100000000,PH1004300000,Visual Disability,Both Sexes,Mild,PH104300000,76261,1905,5095,24907,44354
Region X (Northern Mindanao),MISAMIS ORIENTAL,PH100000000,PH1004300000,Visual Disability,Both Sexes,Moderate,PH104300000,5503,258,401,985,3859
Region X (Northern Mindanao),MISAMIS ORIENTAL,PH100000000,PH1004300000,Visual Disability,Both Sexes,Severe,PH104300000,975,104,110,174,587
Region X (Northern Mindanao),MISAMIS ORIENTAL,PH100000000,PH1004300000,Visual Disability,Female,All,PH104300000,46906,1289,3516,14449,27652
Region X (Northern Mindanao),MISAMIS ORIENTAL,PH100000000,PH1004300000,Visual Disability,Female,Mild,PH104300000,43200,1112,3267,13856,24965
Region X (Northern Mindanao),MISAMIS ORIENTAL,PH100000000,PH1004300000,Visual Disability,Female,Moderate,PH104300000,3166,130,204,508,2324
Region X (Northern Mindanao),MISAMIS ORIENTAL,PH100000000,PH1004300000,Visual Disability,Female,Severe,PH104300000,540,47,45,85,363
Region X (Northern Mindanao),MISAMIS ORIENTAL,PH100000000,PH1004300000,Visual Disability,Male,All,PH104300000,35833,978,2090,11617,21148
Region X (Northern Mindanao),MISAMIS ORIENTAL,PH100000000,PH1004300000,Visual Disability,Male,Mild,PH104300000,33061,793,1828,11051,19389
Region X (Northern Mindanao),MISAMIS ORIENTAL,PH100000000,PH1004300000,Visual Disability,Male,Moderate,PH104300000,2337,128,197,477,1535
Region X (Northern Mindanao),MISAMIS ORIENTAL,PH100000000,PH1004300000,Visual Disability,Male,Severe,PH104300000,435,57,65,89,224
Region XIII (Caraga),AGUSAN DEL NORTE,PH160000000,PH1600200000,Cognitive Disability,Both Sexes,All,PH160200000,10670,718,1165,2441,6346
Region XIII (Caraga),AGUSAN DEL NORTE,PH160000000,PH1600200000,Cognitive Disability,Both Sexes,Mild,PH160200000,9019,387,880,2196,5556
Region XIII (Caraga),AGUSAN DEL NORTE,PH160000000,PH1600200000,Cognitive Disability,Both Sexes,Moderate,PH160200000,1221,206,206,191,618
Region XIII (Caraga),AGUSAN DEL NORTE,PH160000000,PH1600200000,Cognitive Disability,Both Sexes,Severe,PH160200000,430,125,79,54,172
Region XIII (Caraga),AGUSAN DEL NORTE,PH160000000,PH1600200000,Cognitive Disability,Female,All,PH160200000,6041,305,653,1358,3725
Region XIII (Caraga),AGUSAN DEL NORTE,PH160000000,PH1600200000,Cognitive Disability,Female,Mild,PH160200000,5175,171,525,1237,3242
Region XIII (Caraga),AGUSAN DEL NORTE,PH160000000,PH1600200000,Cognitive Disability,Female,Moderate,PH160200000,649,77,95,96,381
Region XIII (Caraga),AGUSAN DEL NORTE,PH160000000,PH1600200000,Cognitive Disability,Female,Severe,PH160200000,217,57,33,25,102
Region XIII (Caraga),AGUSAN DEL NORTE,PH160000000,PH1600200000,Cognitive Disability,Male,All,PH160200000,4629,413,512,1083,2621
Region XIII (Caraga),AGUSAN DEL NORTE,PH160000000,PH1600200000,Cognitive Disability,Male,Mild,PH160200000,3844,216,355,959,2314
Region XIII (Caraga),AGUSAN DEL NORTE,PH160000000,PH1600200000,Cognitive Disability,Male,Moderate,PH160200000,572,129,111,95,237
Region XIII (Caraga),AGUSAN DEL NORTE,PH160000000,PH1600200000,Cognitive Disability,Male,Severe,PH160200000,213,68,46,29,70
Region XIII (Caraga),AGUSAN DEL NORTE,PH160000000,PH1600200000,Communication Disability,Both Sexes,All,PH160200000,4514,1031,851,754,1878
Region XIII (Caraga),AGUSAN DEL NORTE,PH160000000,PH1600200000,Communication Disability,Both Sexes,Mild,PH160200000,2445,396,384,390,1275
Region XIII (Caraga),AGUSAN DEL NORTE,PH160000000,PH1600200000,Communication Disability,Both Sexes,Moderate,PH160200000,1155,343,247,205,360
Region XIII (Caraga),AGUSAN DEL NORTE,PH160000000,PH1600200000,Communication Disability,Both Sexes,Severe,PH160200000,914,292,220,159,243
Region XIII (Caraga),AGUSAN DEL NORTE,PH160000000,PH1600200000,Communication Disability,Female,All,PH160200000,2167,440,405,332,990
Region XIII (Caraga),AGUSAN DEL NORTE,PH160000000,PH1600200000,Communication Disability,Female,Mild,PH160200000,1166,162,177,163,664
Region XIII (Caraga),AGUSAN DEL NORTE,PH160000000,PH1600200000,Communication Disability,Female,Moderate,PH160200000,557,147,115,99,196
Region XIII (Caraga),AGUSAN DEL NORTE,PH160000000,PH1600200000,Communication Disability,Female,Severe,PH160200000,444,131,113,70,130
Region XIII (Caraga),AGUSAN DEL NORTE,PH160000000,PH1600200000,Communication Disability,Male,All,PH160200000,2347,591,446,422,888
Region XIII (Caraga),AGUSAN DEL NORTE,PH160000000,PH1600200000,Communication Disability,Male,Mild,PH160200000,1279,234,207,227,611
Region XIII (Caraga),AGUSAN DEL NORTE,PH160000000,PH1600200000,Communication Disability,Male,Moderate,PH160200000,598,196,132,106,164
Region XIII (Caraga),AGUSAN DEL NORTE,PH160000000,PH1600200000,Communication Disability,Male,Severe,PH160200000,470,161,107,89,113
Region XIII (Caraga),AGUSAN DEL NORTE,PH160000000,PH1600200000,Hearing Disability,Both Sexes,All,PH160200000,11571,553,764,1714,8540
Region XIII (Caraga),AGUSAN DEL NORTE,PH160000000,PH1600200000,Hearing Disability,Both Sexes,Mild,PH160200000,9790,381,539,1468,7402
Region XIII (Caraga),AGUSAN DEL NORTE,PH160000000,PH1600200000,Hearing Disability,Both Sexes,Moderate,PH160200000,1349,97,113,151,988
Region XIII (Caraga),AGUSAN DEL NORTE,PH160000000,PH1600200000,Hearing Disability,Both Sexes,Severe,PH160200000,432,75,112,95,150
Region XIII (Caraga),AGUSAN DEL NORTE,PH160000000,PH1600200000,Hearing Disability,Female,All,PH160200000,5916,262,379,817,4458
Region XIII (Caraga),AGUSAN DEL NORTE,PH160000000,PH1600200000,Hearing Disability,Female,Mild,PH160200000,5022,173,272,720,3857
Region XIII (Caraga),AGUSAN DEL NORTE,PH160000000,PH1600200000,Hearing Disability,Female,Moderate,PH160200000,683,49,54,70,510
Region XIII (Caraga),AGUSAN DEL NORTE,PH160000000,PH1600200000,Hearing Disability,Female,Severe,PH160200000,211,40,53,27,91
Region XIII (Caraga),AGUSAN DEL NORTE,PH160000000,PH1600200000,Hearing Disability,Male,All,PH160200000,5655,291,385,897,4082
Region XIII (Caraga),AGUSAN DEL NORTE,PH160000000,PH1600200000,Hearing Disability,Male,Mild,PH160200000,4768,208,267,748,3545
Region XIII (Caraga),AGUSAN DEL NORTE,PH160000000,PH1600200000,Hearing Disability,Male,Moderate,PH160200000,666,48,59,81,478
Region XIII (Caraga),AGUSAN DEL NORTE,PH160000000,PH1600200000,Hearing Disability,Male,Severe,PH160200000,221,35,59,68,59
Region XIII (Caraga),AGUSAN DEL NORTE,PH160000000,PH1600200000,Mobility Disability,Both Sexes,All,PH160200000,11112,571,609,1898,8034
Region XIII (Caraga),AGUSAN DEL NORTE,PH160000000,PH1600200000,Mobility Disability,Both Sexes,Mild,PH160200000,8217,292,398,1426,6101
Region XIII (Caraga),AGUSAN DEL NORTE,PH160000000,PH1600200000,Mobility Disability,Both Sexes,Moderate,PH160200000,1902,116,135,335,1316
Region XIII (Caraga),AGUSAN DEL NORTE,PH160000000,PH1600200000,Mobility Disability,Both Sexes,Severe,PH160200000,993,163,76,137,617
Region XIII (Caraga),AGUSAN DEL NORTE,PH160000000,PH1600200000,Mobility Disability,Female,All,PH160200000,5673,276,253,770,4374
Region XIII (Caraga),AGUSAN DEL NORTE,PH160000000,PH1600200000,Mobility Disability,Female,Mild,PH160200000,4248,136,176,596,3340
Region XIII (Caraga),AGUSAN DEL NORTE,PH160000000,PH1600200000,Mobility Disability,Female,Moderate,PH160200000,928,60,47,118,703
Region XIII (Caraga),AGUSAN DEL NORTE,PH160000000,PH1600200000,Mobility Disability,Female,Severe,PH160200000,497,80,30,56,331
Region XIII (Caraga),AGUSAN DEL NORTE,PH160000000,PH1600200000,Mobility Disability,Male,All,PH160200000,5439,295,356,1128,3660
Region XIII (Caraga),AGUSAN DEL NORTE,PH160000000,PH1600200000,Mobility Disability,Male,Mild,PH160200000,3969,156,222,830,2761
Region XIII (Caraga),AGUSAN DEL NORTE,PH160000000,PH1600200000,Mobility Disability,Male,Moderate,PH160200000,974,56,88,217,613
Region XIII (Caraga),AGUSAN DEL NORTE,PH160000000,PH1600200000,Mobility Disability,Male,Severe,PH160200000,496,83,46,81,286
Region XIII (Caraga),AGUSAN DEL NORTE,PH160000000,PH1600200000,Self-Care Disability,Both Sexes,All,PH160200000,4731,894,460,567,2810
Region XIII (Caraga),AGUSAN DEL NORTE,PH160000000,PH1600200000,Self-Care Disability,Both Sexes,Mild,PH160200000,2562,479,228,303,1552
Region XIII (Caraga),AGUSAN DEL NORTE,PH160000000,PH1600200000,Self-Care Disability,Both Sexes,Moderate,PH160200000,987,163,109,139,576
Region XIII (Caraga),AGUSAN DEL NORTE,PH160000000,PH1600200000,Self-Care Disability,Both Sexes,Severe,PH160200000,1182,252,123,125,682
Region XIII (Caraga),AGUSAN DEL NORTE,PH160000000,PH1600200000,Self-Care Disability,Female,All,PH160200000,2437,395,217,253,1572
Region XIII (Caraga),AGUSAN DEL NORTE,PH160000000,PH1600200000,Self-Care Disability,Female,Mild,PH160200000,1307,208,104,134,861
Region XIII (Caraga),AGUSAN DEL NORTE,PH160000000,PH1600200000,Self-Care Disability,Female,Moderate,PH160200000,532,72,54,70,336
Region XIII (Caraga),AGUSAN DEL NORTE,PH160000000,PH1600200000,Self-Care Disability,Female,Severe,PH160200000,598,115,59,49,375
Region XIII (Caraga),AGUSAN DEL NORTE,PH160000000,PH1600200000,Self-Care Disability,Male,All,PH160200000,2294,499,243,314,1238
Region XIII (Caraga),AGUSAN DEL NORTE,PH160000000,PH1600200000,Self-Care Disability,Male,Mild,PH160200000,1255,271,124,169,691
Region XIII (Caraga),AGUSAN DEL NORTE,PH160000000,PH1600200000,Self-Care Disability,Male,Moderate,PH160200000,455,91,55,69,240
Region XIII (Caraga),AGUSAN DEL NORTE,PH160000000,PH1600200000,Self-Care Disability,Male,Severe,PH160200000,584,137,64,76,307
Region XIII (Caraga),AGUSAN DEL NORTE,PH160000000,PH1600200000,Visual Disability,Both Sexes,All,PH160200000,35496,1076,2452,11176,20792
Region XIII (Caraga),AGUSAN DEL NORTE,PH160000000,PH1600200000,Visual Disability,Both Sexes,Mild,PH160200000,33089,922,2280,10744,19143
Region XIII (Caraga),AGUSAN DEL NORTE,PH160000000,PH1600200000,Visual Disability,Both Sexes,Moderate,PH160200000,1993,90,121,363,1419
Region XIII (Caraga),AGUSAN DEL NORTE,PH160000000,PH1600200000,Visual Disability,Both Sexes,Severe,PH160200000,414,64,51,69,230
Region XIII (Caraga),AGUSAN DEL NORTE,PH160000000,PH1600200000,Visual Disability,Female,All,PH160200000,20157,625,1594,6176,11762
Region XIII (Caraga),AGUSAN DEL NORTE,PH160000000,PH1600200000,Visual Disability,Female,Mild,PH160200000,18834,546,1508,5970,10810
Region XIII (Caraga),AGUSAN DEL NORTE,PH160000000,PH1600200000,Visual Disability,Female,Moderate,PH160200000,1103,50,59,183,811
Region XIII (Caraga),AGUSAN DEL NORTE,PH160000000,PH1600200000,Visual Disability,Female,Severe,PH160200000,220,29,27,23,141
Region XIII (Caraga),AGUSAN DEL NORTE,PH160000000,PH1600200000,Visual Disability,Male,All,PH160200000,15339,451,858,5000,9030
Region XIII (Caraga),AGUSAN DEL NORTE,PH160000000,PH1600200000,Visual Disability,Male,Mild,PH160200000,14255,376,772,4774,8333
Region XIII (Caraga),AGUSAN DEL NORTE,PH160000000,PH1600200000,Visual Disability,Male,Moderate,PH160200000,890,40,62,180,608
Region XIII (Caraga),AGUSAN DEL NORTE,PH160000000,PH1600200000,Visual Disability,Male,Severe,PH160200000,194,35,24,46,89
Region XIII (Caraga),AGUSAN DEL SUR,PH160000000,PH1600300000,Cognitive Disability,Both Sexes,All,PH160300000,14539,948,1593,3955,8043
Region XIII (Caraga),AGUSAN DEL SUR,PH160000000,PH1600300000,Cognitive Disability,Both Sexes,Mild,PH160300000,12620,528,1289,3624,7179
Region XIII (Caraga),AGUSAN DEL SUR,PH160000000,PH1600300000,Cognitive Disability,Both Sexes,Moderate,PH160300000,1438,239,198,261,740
Region XIII (Caraga),AGUSAN DEL SUR,PH160000000,PH1600300000,Cognitive Disability,Both Sexes,Severe,PH160300000,481,181,106,70,124
Region XIII (Caraga),AGUSAN DEL SUR,PH160000000,PH1600300000,Cognitive Disability,Female,All,PH160300000,8019,430,883,2176,4530
Region XIII (Caraga),AGUSAN DEL SUR,PH160000000,PH1600300000,Cognitive Disability,Female,Mild,PH160300000,6961,249,740,2004,3968
Region XIII (Caraga),AGUSAN DEL SUR,PH160000000,PH1600300000,Cognitive Disability,Female,Moderate,PH160300000,802,101,89,135,477
Region XIII (Caraga),AGUSAN DEL SUR,PH160000000,PH1600300000,Cognitive Disability,Female,Severe,PH160300000,256,80,54,37,85
Region XIII (Caraga),AGUSAN DEL SUR,PH160000000,PH1600300000,Cognitive Disability,Male,All,PH160300000,6520,518,710,1779,3513
Region XIII (Caraga),AGUSAN DEL SUR,PH160000000,PH1600300000,Cognitive Disability,Male,Mild,PH160300000,5659,279,549,1620,3211
Region XIII (Caraga),AGUSAN DEL SUR,PH160000000,PH1600300000,Cognitive Disability,Male,Moderate,PH160300000,636,138,109,126,263
Region XIII (Caraga),AGUSAN DEL SUR,PH160000000,PH1600300000,Cognitive Disability,Male,Severe,PH160300000,225,101,52,33,39
Region XIII (Caraga),AGUSAN DEL SUR,PH160000000,PH1600300000,Communication Disability,Both Sexes,All,PH160300000,4811,1306,900,807,1798
Region XIII (Caraga),AGUSAN DEL SUR,PH160000000,PH1600300000,Communication Disability,Both Sexes,Mild,PH160300000,2518,505,392,400,1221
Region XIII (Caraga),AGUSAN DEL SUR,PH160000000,PH1600300000,Communication Disability,Both Sexes,Moderate,PH160300000,1257,392,252,234,379
Region XIII (Caraga),AGUSAN DEL SUR,PH160000000,PH1600300000,Communication Disability,Both Sexes,Severe,PH160300000,1036,409,256,173,198
Region XIII (Caraga),AGUSAN DEL SUR,PH160000000,PH1600300000,Communication Disability,Female,All,PH160300000,2276,558,412,366,940
Region XIII (Caraga),AGUSAN DEL SUR,PH160000000,PH1600300000,Communication Disability,Female,Mild,PH160300000,1200,221,168,169,642
Region XIII (Caraga),AGUSAN DEL SUR,PH160000000,PH1600300000,Communication Disability,Female,Moderate,PH160300000,575,159,114,111,191
Region XIII (Caraga),AGUSAN DEL SUR,PH160000000,PH1600300000,Communication Disability,Female,Severe,PH160300000,501,178,130,86,107
Region XIII (Caraga),AGUSAN DEL SUR,PH160000000,PH1600300000,Communication Disability,Male,All,PH160300000,2535,748,488,441,858
Region XIII (Caraga),AGUSAN DEL SUR,PH160000000,PH1600300000,Communication Disability,Male,Mild,PH160300000,1318,284,224,231,579
Region XIII (Caraga),AGUSAN DEL SUR,PH160000000,PH1600300000,Communication Disability,Male,Moderate,PH160300000,682,233,138,123,188
Region XIII (Caraga),AGUSAN DEL SUR,PH160000000,PH1600300000,Communication Disability,Male,Severe,PH160300000,535,231,126,87,91
Region XIII (Caraga),AGUSAN DEL SUR,PH160000000,PH1600300000,Hearing Disability,Both Sexes,All,PH160300000,13828,803,944,2429,9652
Region XIII (Caraga),AGUSAN DEL SUR,PH160000000,PH1600300000,Hearing Disability,Both Sexes,Mild,PH160300000,11639,516,708,2111,8304
Region XIII (Caraga),AGUSAN DEL SUR,PH160000000,PH1600300000,Hearing Disability,Both Sexes,Moderate,PH160300000,1675,122,136,205,1212
Region XIII (Caraga),AGUSAN DEL SUR,PH160000000,PH1600300000,Hearing Disability,Both Sexes,Severe,PH160300000,514,165,100,113,136
Region XIII (Caraga),AGUSAN DEL SUR,PH160000000,PH1600300000,Hearing Disability,Female,All,PH160300000,6744,339,428,1108,4869
Region XIII (Caraga),AGUSAN DEL SUR,PH160000000,PH1600300000,Hearing Disability,Female,Mild,PH160300000,5712,218,326,976,4192
Region XIII (Caraga),AGUSAN DEL SUR,PH160000000,PH1600300000,Hearing Disability,Female,Moderate,PH160300000,795,42,54,79,620
Region XIII (Caraga),AGUSAN DEL SUR,PH160000000,PH1600300000,Hearing Disability,Female,Severe,PH160300000,237,79,48,53,57
Region XIII (Caraga),AGUSAN DEL SUR,PH160000000,PH1600300000,Hearing Disability,Male,All,PH160300000,7084,464,516,1321,4783
Region XIII (Caraga),AGUSAN DEL SUR,PH160000000,PH1600300000,Hearing Disability,Male,Mild,PH160300000,5927,298,382,1135,4112
Region XIII (Caraga),AGUSAN DEL SUR,PH160000000,PH1600300000,Hearing Disability,Male,Moderate,PH160300000,880,80,82,126,592
Region XIII (Caraga),AGUSAN DEL SUR,PH160000000,PH1600300000,Hearing Disability,Male,Severe,PH160300000,277,86,52,60,79
Region XIII (Caraga),AGUSAN DEL SUR,PH160000000,PH1600300000,Mobility Disability,Both Sexes,All,PH160300000,12144,700,738,2298,8408
Region XIII (Caraga),AGUSAN DEL SUR,PH160000000,PH1600300000,Mobility Disability,Both Sexes,Mild,PH160300000,8979,323,451,1754,6451
Region XIII (Caraga),AGUSAN DEL SUR,PH160000000,PH1600300000,Mobility Disability,Both Sexes,Moderate,PH160300000,2151,179,177,410,1385
Region XIII (Caraga),AGUSAN DEL SUR,PH160000000,PH1600300000,Mobility Disability,Both Sexes,Severe,PH160300000,1014,198,110,134,572
Region XIII (Caraga),AGUSAN DEL SUR,PH160000000,PH1600300000,Mobility Disability,Female,All,PH160300000,5947,298,286,910,4453
Region XIII (Caraga),AGUSAN DEL SUR,PH160000000,PH1600300000,Mobility Disability,Female,Mild,PH160300000,4461,136,186,721,3418
Region XIII (Caraga),AGUSAN DEL SUR,PH160000000,PH1600300000,Mobility Disability,Female,Moderate,PH160300000,987,75,56,137,719
Region XIII (Caraga),AGUSAN DEL SUR,PH160000000,PH1600300000,Mobility Disability,Female,Severe,PH160300000,499,87,44,52,316
Region XIII (Caraga),AGUSAN DEL SUR,PH160000000,PH1600300000,Mobility Disability,Male,All,PH160300000,6197,402,452,1388,3955
Region XIII (Caraga),AGUSAN DEL SUR,PH160000000,PH1600300000,Mobility Disability,Male,Mild,PH160300000,4518,187,265,1033,3033
Region XIII (Caraga),AGUSAN DEL SUR,PH160000000,PH1600300000,Mobility Disability,Male,Moderate,PH160300000,1164,104,121,273,666
Region XIII (Caraga),AGUSAN DEL SUR,PH160000000,PH1600300000,Mobility Disability,Male,Severe,PH160300000,515,111,66,82,256
Region XIII (Caraga),AGUSAN DEL SUR,PH160000000,PH1600300000,Self-Care Disability,Both Sexes,All,PH160300000,4289,912,476,544,2357
Region XIII (Caraga),AGUSAN DEL SUR,PH160000000,PH1600300000,Self-Care Disability,Both Sexes,Mild,PH160300000,2181,402,206,279,1294
Region XIII (Caraga),AGUSAN DEL SUR,PH160000000,PH1600300000,Self-Care Disability,Both Sexes,Moderate,PH160300000,947,211,116,134,486
Region XIII (Caraga),AGUSAN DEL SUR,PH160000000,PH1600300000,Self-Care Disability,Both Sexes,Severe,PH160300000,1161,299,154,131,577
Region XIII (Caraga),AGUSAN DEL SUR,PH160000000,PH1600300000,Self-Care Disability,Female,All,PH160300000,2113,388,198,241,1286
Region XIII (Caraga),AGUSAN DEL SUR,PH160000000,PH1600300000,Self-Care Disability,Female,Mild,PH160300000,1090,178,89,128,695
Region XIII (Caraga),AGUSAN DEL SUR,PH160000000,PH1600300000,Self-Care Disability,Female,Moderate,PH160300000,455,89,37,53,276
Region XIII (Caraga),AGUSAN DEL SUR,PH160000000,PH1600300000,Self-Care Disability,Female,Severe,PH160300000,568,121,72,60,315
Region XIII (Caraga),AGUSAN DEL SUR,PH160000000,PH1600300000,Self-Care Disability,Male,All,PH160300000,2176,524,278,303,1071
Region XIII (Caraga),AGUSAN DEL SUR,PH160000000,PH1600300000,Self-Care Disability,Male,Mild,PH160300000,1091,224,117,151,599
Region XIII (Caraga),AGUSAN DEL SUR,PH160000000,PH1600300000,Self-Care Disability,Male,Moderate,PH160300000,492,122,79,81,210
Region XIII (Caraga),AGUSAN DEL SUR,PH160000000,PH1600300000,Self-Care Disability,Male,Severe,PH160300000,593,178,82,71,262
Region XIII (Caraga),AGUSAN DEL SUR,PH160000000,PH1600300000,Visual Disability,Both Sexes,All,PH160300000,37034,909,2069,12369,21687
Region XIII (Caraga),AGUSAN DEL SUR,PH160000000,PH1600300000,Visual Disability,Both Sexes,Mild,PH160300000,33663,683,1833,11740,19407
Region XIII (Caraga),AGUSAN DEL SUR,PH160000000,PH1600300000,Visual Disability,Both Sexes,Moderate,PH160300000,2888,157,169,573,1989
Region XIII (Caraga),AGUSAN DEL SUR,PH160000000,PH1600300000,Visual Disability,Both Sexes,Severe,PH160300000,483,69,67,56,291
Region XIII (Caraga),AGUSAN DEL SUR,PH160000000,PH1600300000,Visual Disability,Female,All,PH160300000,19948,466,1215,6526,11741
Region XIII (Caraga),AGUSAN DEL SUR,PH160000000,PH1600300000,Visual Disability,Female,Mild,PH160300000,18174,371,1100,6233,10470
Region XIII (Caraga),AGUSAN DEL SUR,PH160000000,PH1600300000,Visual Disability,Female,Moderate,PH160300000,1516,67,80,269,1100
Region XIII (Caraga),AGUSAN DEL SUR,PH160000000,PH1600300000,Visual Disability,Female,Severe,PH160300000,258,28,35,24,171
Region XIII (Caraga),AGUSAN DEL SUR,PH160000000,PH1600300000,Visual Disability,Male,All,PH160300000,17086,443,854,5843,9946
Region XIII (Caraga),AGUSAN DEL SUR,PH160000000,PH1600300000,Visual Disability,Male,Mild,PH160300000,15489,312,733,5507,8937
Region XIII (Caraga),AGUSAN DEL SUR,PH160000000,PH1600300000,Visual Disability,Male,Moderate,PH160300000,1372,90,89,304,889
Region XIII (Caraga),AGUSAN DEL SUR,PH160000000,PH1600300000,Visual Disability,Male,Severe,PH160300000,225,41,32,32,120
Region XIII (Caraga),DINAGAT ISLANDS,PH160000000,PH1608500000,Cognitive Disability,Both Sexes,All,PH168500000,2539,116,242,546,1635
Region XIII (Caraga),DINAGAT ISLANDS,PH160000000,PH1608500000,Cognitive Disability,Both Sexes,Mild,PH168500000,2214,73,188,483,1470
Region XIII (Caraga),DINAGAT ISLANDS,PH160000000,PH1608500000,Cognitive Disability,Both Sexes,Moderate,PH168500000,259,30,38,46,145
Region XIII (Caraga),DINAGAT ISLANDS,PH160000000,PH1608500000,Cognitive Disability,Both Sexes,Severe,PH168500000,66,13,16,17,20
Region XIII (Caraga),DINAGAT ISLANDS,PH160000000,PH1608500000,Cognitive Disability,Female,All,PH168500000,1428,60,127,303,938
Region XIII (Caraga),DINAGAT ISLANDS,PH160000000,PH1608500000,Cognitive Disability,Female,Mild,PH168500000,1261,37,107,269,848
Region XIII (Caraga),DINAGAT ISLANDS,PH160000000,PH1608500000,Cognitive Disability,Female,Moderate,PH168500000,127,13,13,24,77
Region XIII (Caraga),DINAGAT ISLANDS,PH160000000,PH1608500000,Cognitive Disability,Female,Severe,PH168500000,40,10,7,10,13
Region XIII (Caraga),DINAGAT ISLANDS,PH160000000,PH1608500000,Cognitive Disability,Male,All,PH168500000,1111,56,115,243,697
Region XIII (Caraga),DINAGAT ISLANDS,PH160000000,PH1608500000,Cognitive Disability,Male,Mild,PH168500000,953,36,81,214,622
Region XIII (Caraga),DINAGAT ISLANDS,PH160000000,PH1608500000,Cognitive Disability,Male,Moderate,PH168500000,132,17,25,22,68
Region XIII (Caraga),DINAGAT ISLANDS,PH160000000,PH1608500000,Cognitive Disability,Male,Severe,PH168500000,26,3,9,7,7
Region XIII (Caraga),DINAGAT ISLANDS,PH160000000,PH1608500000,Communication Disability,Both Sexes,All,PH168500000,906,153,141,174,438
Region XIII (Caraga),DINAGAT ISLANDS,PH160000000,PH1608500000,Communication Disability,Both Sexes,Mild,PH168500000,560,79,66,105,310
Region XIII (Caraga),DINAGAT ISLANDS,PH160000000,PH1608500000,Communication Disability,Both Sexes,Moderate,PH168500000,202,35,32,44,91
Region XIII (Caraga),DINAGAT ISLANDS,PH160000000,PH1608500000,Communication Disability,Both Sexes,Severe,PH168500000,144,39,43,25,37
Region XIII (Caraga),DINAGAT ISLANDS,PH160000000,PH1608500000,Communication Disability,Female,All,PH168500000,429,72,56,70,231
Region XIII (Caraga),DINAGAT ISLANDS,PH160000000,PH1608500000,Communication Disability,Female,Mild,PH168500000,260,34,25,34,167
Region XIII (Caraga),DINAGAT ISLANDS,PH160000000,PH1608500000,Communication Disability,Female,Moderate,PH168500000,97,13,15,26,43
Region XIII (Caraga),DINAGAT ISLANDS,PH160000000,PH1608500000,Communication Disability,Female,Severe,PH168500000,72,25,16,10,21
Region XIII (Caraga),DINAGAT ISLANDS,PH160000000,PH1608500000,Communication Disability,Male,All,PH168500000,477,81,85,104,207
Region XIII (Caraga),DINAGAT ISLANDS,PH160000000,PH1608500000,Communication Disability,Male,Mild,PH168500000,300,45,41,71,143
Region XIII (Caraga),DINAGAT ISLANDS,PH160000000,PH1608500000,Communication Disability,Male,Moderate,PH168500000,105,22,17,18,48
Region XIII (Caraga),DINAGAT ISLANDS,PH160000000,PH1608500000,Communication Disability,Male,Severe,PH168500000,72,14,27,15,16
Region XIII (Caraga),DINAGAT ISLANDS,PH160000000,PH1608500000,Hearing Disability,Both Sexes,All,PH168500000,2969,93,148,370,2358
Region XIII (Caraga),DINAGAT ISLANDS,PH160000000,PH1608500000,Hearing Disability,Both Sexes,Mild,PH168500000,2502,65,110,319,2008
Region XIII (Caraga),DINAGAT ISLANDS,PH160000000,PH1608500000,Hearing Disability,Both Sexes,Moderate,PH168500000,391,22,18,35,316
Region XIII (Caraga),DINAGAT ISLANDS,PH160000000,PH1608500000,Hearing Disability,Both Sexes,Severe,PH168500000,76,6,20,16,34
Region XIII (Caraga),DINAGAT ISLANDS,PH160000000,PH1608500000,Hearing Disability,Female,All,PH168500000,1441,47,63,171,1160
Region XIII (Caraga),DINAGAT ISLANDS,PH160000000,PH1608500000,Hearing Disability,Female,Mild,PH168500000,1233,32,48,150,1003
Region XIII (Caraga),DINAGAT ISLANDS,PH160000000,PH1608500000,Hearing Disability,Female,Moderate,PH168500000,173,10,7,16,140
Region XIII (Caraga),DINAGAT ISLANDS,PH160000000,PH1608500000,Hearing Disability,Female,Severe,PH168500000,35,5,8,5,17
Region XIII (Caraga),DINAGAT ISLANDS,PH160000000,PH1608500000,Hearing Disability,Male,All,PH168500000,1528,46,85,199,1198
Region XIII (Caraga),DINAGAT ISLANDS,PH160000000,PH1608500000,Hearing Disability,Male,Mild,PH168500000,1269,33,62,169,1005
Region XIII (Caraga),DINAGAT ISLANDS,PH160000000,PH1608500000,Hearing Disability,Male,Moderate,PH168500000,218,12,11,19,176
Region XIII (Caraga),DINAGAT ISLANDS,PH160000000,PH1608500000,Hearing Disability,Male,Severe,PH168500000,41,1,12,11,17
Region XIII (Caraga),DINAGAT ISLANDS,PH160000000,PH1608500000,Mobility Disability,Both Sexes,All,PH168500000,3020,118,112,454,2336
Region XIII (Caraga),DINAGAT ISLANDS,PH160000000,PH1608500000,Mobility Disability,Both Sexes,Mild,PH168500000,2372,66,72,369,1865
Region XIII (Caraga),DINAGAT ISLANDS,PH160000000,PH1608500000,Mobility Disability,Both Sexes,Moderate,PH168500000,467,23,21,66,357
Region XIII (Caraga),DINAGAT ISLANDS,PH160000000,PH1608500000,Mobility Disability,Both Sexes,Severe,PH168500000,181,29,19,19,114
Region XIII (Caraga),DINAGAT ISLANDS,PH160000000,PH1608500000,Mobility Disability,Female,All,PH168500000,1567,51,40,159,1317
Region XIII (Caraga),DINAGAT ISLANDS,PH160000000,PH1608500000,Mobility Disability,Female,Mild,PH168500000,1228,26,23,131,1048
Region XIII (Caraga),DINAGAT ISLANDS,PH160000000,PH1608500000,Mobility Disability,Female,Moderate,PH168500000,236,7,11,24,194
Region XIII (Caraga),DINAGAT ISLANDS,PH160000000,PH1608500000,Mobility Disability,Female,Severe,PH168500000,103,18,6,4,75
Region XIII (Caraga),DINAGAT ISLANDS,PH160000000,PH1608500000,Mobility Disability,Male,All,PH168500000,1453,67,72,295,1019
Region XIII (Caraga),DINAGAT ISLANDS,PH160000000,PH1608500000,Mobility Disability,Male,Mild,PH168500000,1144,40,49,238,817
Region XIII (Caraga),DINAGAT ISLANDS,PH160000000,PH1608500000,Mobility Disability,Male,Moderate,PH168500000,231,16,10,42,163
Region XIII (Caraga),DINAGAT ISLANDS,PH160000000,PH1608500000,Mobility Disability,Male,Severe,PH168500000,78,11,13,15,39
Region XIII (Caraga),DINAGAT ISLANDS,PH160000000,PH1608500000,Self-Care Disability,Both Sexes,All,PH168500000,938,138,83,125,592
Region XIII (Caraga),DINAGAT ISLANDS,PH160000000,PH1608500000,Self-Care Disability,Both Sexes,Mild,PH168500000,538,77,37,69,355
Region XIII (Caraga),DINAGAT ISLANDS,PH160000000,PH1608500000,Self-Care Disability,Both Sexes,Moderate,PH168500000,185,21,17,32,115
Region XIII (Caraga),DINAGAT ISLANDS,PH160000000,PH1608500000,Self-Care Disability,Both Sexes,Severe,PH168500000,215,40,29,24,122
Region XIII (Caraga),DINAGAT ISLANDS,PH160000000,PH1608500000,Self-Care Disability,Female,All,PH168500000,455,61,27,46,321
Region XIII (Caraga),DINAGAT ISLANDS,PH160000000,PH1608500000,Self-Care Disability,Female,Mild,PH168500000,264,31,11,28,194
Region XIII (Caraga),DINAGAT ISLANDS,PH160000000,PH1608500000,Self-Care Disability,Female,Moderate,PH168500000,77,8,8,7,54
Region XIII (Caraga),DINAGAT ISLANDS,PH160000000,PH1608500000,Self-Care Disability,Female,Severe,PH168500000,114,22,8,11,73
Region XIII (Caraga),DINAGAT ISLANDS,PH160000000,PH1608500000,Self-Care Disability,Male,All,PH168500000,483,77,56,79,271
Region XIII (Caraga),DINAGAT ISLANDS,PH160000000,PH1608500000,Self-Care Disability,Male,Mild,PH168500000,274,46,26,41,161
Region XIII (Caraga),DINAGAT ISLANDS,PH160000000,PH1608500000,Self-Care Disability,Male,Moderate,PH168500000,108,13,9,25,61
Region XIII (Caraga),DINAGAT ISLANDS,PH160000000,PH1608500000,Self-Care Disability,Male,Severe,PH168500000,101,18,21,13,49
Region XIII (Caraga),DINAGAT ISLANDS,PH160000000,PH1608500000,Visual Disability,Both Sexes,All,PH168500000,7885,145,360,2049,5331
Region XIII (Caraga),DINAGAT ISLANDS,PH160000000,PH1608500000,Visual Disability,Both Sexes,Mild,PH168500000,7224,124,328,1954,4818
Region XIII (Caraga),DINAGAT ISLANDS,PH160000000,PH1608500000,Visual Disability,Both Sexes,Moderate,PH168500000,589,18,27,80,464
Region XIII (Caraga),DINAGAT ISLANDS,PH160000000,PH1608500000,Visual Disability,Both Sexes,Severe,PH168500000,72,3,5,15,49
Region XIII (Caraga),DINAGAT ISLANDS,PH160000000,PH1608500000,Visual Disability,Female,All,PH168500000,4396,78,230,1093,2995
Region XIII (Caraga),DINAGAT ISLANDS,PH160000000,PH1608500000,Visual Disability,Female,Mild,PH168500000,4037,70,214,1052,2701
Region XIII (Caraga),DINAGAT ISLANDS,PH160000000,PH1608500000,Visual Disability,Female,Moderate,PH168500000,317,6,13,38,260
Region XIII (Caraga),DINAGAT ISLANDS,PH160000000,PH1608500000,Visual Disability,Female,Severe,PH168500000,42,2,3,3,34
Region XIII (Caraga),DINAGAT ISLANDS,PH160000000,PH1608500000,Visual Disability,Male,All,PH168500000,3489,67,130,956,2336
Region XIII (Caraga),DINAGAT ISLANDS,PH160000000,PH1608500000,Visual Disability,Male,Mild,PH168500000,3187,54,114,902,2117
Region XIII (Caraga),DINAGAT ISLANDS,PH160000000,PH1608500000,Visual Disability,Male,Moderate,PH168500000,272,12,14,42,204
Region XIII (Caraga),DINAGAT ISLANDS,PH160000000,PH1608500000,Visual Disability,Male,Severe,PH168500000,30,1,2,12,15
Region XIII (Caraga),SURIGAO DEL NORTE,PH160000000,PH1606700000,Cognitive Disability,Both Sexes,All,PH166700000,10837,443,908,2564,6922
Region XIII (Caraga),SURIGAO DEL NORTE,PH160000000,PH1606700000,Cognitive Disability,Both Sexes,Mild,PH166700000,9482,245,740,2338,6159
Region XIII (Caraga),SURIGAO DEL NORTE,PH160000000,PH1606700000,Cognitive Disability,Both Sexes,Moderate,PH166700000,1050,118,117,163,652
Region XIII (Caraga),SURIGAO DEL NORTE,PH160000000,PH1606700000,Cognitive Disability,Both Sexes,Severe,PH166700000,305,80,51,63,111
Region XIII (Caraga),SURIGAO DEL NORTE,PH160000000,PH1606700000,Cognitive Disability,Female,All,PH166700000,6395,200,519,1503,4173
Region XIII (Caraga),SURIGAO DEL NORTE,PH160000000,PH1606700000,Cognitive Disability,Female,Mild,PH166700000,5626,120,445,1388,3673
Region XIII (Caraga),SURIGAO DEL NORTE,PH160000000,PH1606700000,Cognitive Disability,Female,Moderate,PH166700000,608,48,51,86,423
Region XIII (Caraga),SURIGAO DEL NORTE,PH160000000,PH1606700000,Cognitive Disability,Female,Severe,PH166700000,161,32,23,29,77
Region XIII (Caraga),SURIGAO DEL NORTE,PH160000000,PH1606700000,Cognitive Disability,Male,All,PH166700000,4442,243,389,1061,2749
Region XIII (Caraga),SURIGAO DEL NORTE,PH160000000,PH1606700000,Cognitive Disability,Male,Mild,PH166700000,3856,125,295,950,2486
Region XIII (Caraga),SURIGAO DEL NORTE,PH160000000,PH1606700000,Cognitive Disability,Male,Moderate,PH166700000,442,70,66,77,229
Region XIII (Caraga),SURIGAO DEL NORTE,PH160000000,PH1606700000,Cognitive Disability,Male,Severe,PH166700000,144,48,28,34,34
Region XIII (Caraga),SURIGAO DEL NORTE,PH160000000,PH1606700000,Communication Disability,Both Sexes,All,PH166700000,3299,612,532,585,1570
Region XIII (Caraga),SURIGAO DEL NORTE,PH160000000,PH1606700000,Communication Disability,Both Sexes,Mild,PH166700000,1845,253,245,294,1053
Region XIII (Caraga),SURIGAO DEL NORTE,PH160000000,PH1606700000,Communication Disability,Both Sexes,Moderate,PH166700000,775,161,132,151,331
Region XIII (Caraga),SURIGAO DEL NORTE,PH160000000,PH1606700000,Communication Disability,Both Sexes,Severe,PH166700000,679,198,155,140,186
Region XIII (Caraga),SURIGAO DEL NORTE,PH160000000,PH1606700000,Communication Disability,Female,All,PH166700000,1680,254,226,284,916
Region XIII (Caraga),SURIGAO DEL NORTE,PH160000000,PH1606700000,Communication Disability,Female,Mild,PH166700000,946,106,89,137,614
Region XIII (Caraga),SURIGAO DEL NORTE,PH160000000,PH1606700000,Communication Disability,Female,Moderate,PH166700000,415,65,73,81,196
Region XIII (Caraga),SURIGAO DEL NORTE,PH160000000,PH1606700000,Communication Disability,Female,Severe,PH166700000,319,83,64,66,106
Region XIII (Caraga),SURIGAO DEL NORTE,PH160000000,PH1606700000,Communication Disability,Male,All,PH166700000,1619,358,306,301,654
Region XIII (Caraga),SURIGAO DEL NORTE,PH160000000,PH1606700000,Communication Disability,Male,Mild,PH166700000,899,147,156,157,439
Region XIII (Caraga),SURIGAO DEL NORTE,PH160000000,PH1606700000,Communication Disability,Male,Moderate,PH166700000,360,96,59,70,135
Region XIII (Caraga),SURIGAO DEL NORTE,PH160000000,PH1606700000,Communication Disability,Male,Severe,PH166700000,360,115,91,74,80
Region XIII (Caraga),SURIGAO DEL NORTE,PH160000000,PH1606700000,Hearing Disability,Both Sexes,All,PH166700000,10258,370,595,1614,7679
Region XIII (Caraga),SURIGAO DEL NORTE,PH160000000,PH1606700000,Hearing Disability,Both Sexes,Mild,PH166700000,8609,238,447,1392,6532
Region XIII (Caraga),SURIGAO DEL NORTE,PH160000000,PH1606700000,Hearing Disability,Both Sexes,Moderate,PH166700000,1283,63,65,149,1006
Region XIII (Caraga),SURIGAO DEL NORTE,PH160000000,PH1606700000,Hearing Disability,Both Sexes,Severe,PH166700000,366,69,83,73,141
Region XIII (Caraga),SURIGAO DEL NORTE,PH160000000,PH1606700000,Hearing Disability,Female,All,PH166700000,5311,164,256,768,4123
Region XIII (Caraga),SURIGAO DEL NORTE,PH160000000,PH1606700000,Hearing Disability,Female,Mild,PH166700000,4505,120,192,680,3513
Region XIII (Caraga),SURIGAO DEL NORTE,PH160000000,PH1606700000,Hearing Disability,Female,Moderate,PH166700000,644,17,30,58,539
Region XIII (Caraga),SURIGAO DEL NORTE,PH160000000,PH1606700000,Hearing Disability,Female,Severe,PH166700000,162,27,34,30,71
Region XIII (Caraga),SURIGAO DEL NORTE,PH160000000,PH1606700000,Hearing Disability,Male,All,PH166700000,4947,206,339,846,3556
Region XIII (Caraga),SURIGAO DEL NORTE,PH160000000,PH1606700000,Hearing Disability,Male,Mild,PH166700000,4104,118,255,712,3019
Region XIII (Caraga),SURIGAO DEL NORTE,PH160000000,PH1606700000,Hearing Disability,Male,Moderate,PH166700000,639,46,35,91,467
Region XIII (Caraga),SURIGAO DEL NORTE,PH160000000,PH1606700000,Hearing Disability,Male,Severe,PH166700000,204,42,49,43,70
Region XIII (Caraga),SURIGAO DEL NORTE,PH160000000,PH1606700000,Mobility Disability,Both Sexes,All,PH166700000,10071,357,502,1683,7529
Region XIII (Caraga),SURIGAO DEL NORTE,PH160000000,PH1606700000,Mobility Disability,Both Sexes,Mild,PH166700000,7606,166,343,1291,5806
Region XIII (Caraga),SURIGAO DEL NORTE,PH160000000,PH1606700000,Mobility Disability,Both Sexes,Moderate,PH166700000,1600,72,81,283,1164
Region XIII (Caraga),SURIGAO DEL NORTE,PH160000000,PH1606700000,Mobility Disability,Both Sexes,Severe,PH166700000,865,119,78,109,559
Region XIII (Caraga),SURIGAO DEL NORTE,PH160000000,PH1606700000,Mobility Disability,Female,All,PH166700000,5398,158,197,660,4383
Region XIII (Caraga),SURIGAO DEL NORTE,PH160000000,PH1606700000,Mobility Disability,Female,Mild,PH166700000,4098,74,139,517,3368
Region XIII (Caraga),SURIGAO DEL NORTE,PH160000000,PH1606700000,Mobility Disability,Female,Moderate,PH166700000,820,31,25,99,665
Region XIII (Caraga),SURIGAO DEL NORTE,PH160000000,PH1606700000,Mobility Disability,Female,Severe,PH166700000,480,53,33,44,350
Region XIII (Caraga),SURIGAO DEL NORTE,PH160000000,PH1606700000,Mobility Disability,Male,All,PH166700000,4673,199,305,1023,3146
Region XIII (Caraga),SURIGAO DEL NORTE,PH160000000,PH1606700000,Mobility Disability,Male,Mild,PH166700000,3508,92,204,774,2438
Region XIII (Caraga),SURIGAO DEL NORTE,PH160000000,PH1606700000,Mobility Disability,Male,Moderate,PH166700000,780,41,56,184,499
Region XIII (Caraga),SURIGAO DEL NORTE,PH160000000,PH1606700000,Mobility Disability,Male,Severe,PH166700000,385,66,45,65,209
Region XIII (Caraga),SURIGAO DEL NORTE,PH160000000,PH1606700000,Self-Care Disability,Both Sexes,All,PH166700000,3604,518,293,405,2388
Region XIII (Caraga),SURIGAO DEL NORTE,PH160000000,PH1606700000,Self-Care Disability,Both Sexes,Mild,PH166700000,1966,223,134,242,1367
Region XIII (Caraga),SURIGAO DEL NORTE,PH160000000,PH1606700000,Self-Care Disability,Both Sexes,Moderate,PH166700000,723,106,78,75,464
Region XIII (Caraga),SURIGAO DEL NORTE,PH160000000,PH1606700000,Self-Care Disability,Both Sexes,Severe,PH166700000,915,189,81,88,557
Region XIII (Caraga),SURIGAO DEL NORTE,PH160000000,PH1606700000,Self-Care Disability,Female,All,PH166700000,1980,224,125,179,1452
Region XIII (Caraga),SURIGAO DEL NORTE,PH160000000,PH1606700000,Self-Care Disability,Female,Mild,PH166700000,1067,93,53,109,812
Region XIII (Caraga),SURIGAO DEL NORTE,PH160000000,PH1606700000,Self-Care Disability,Female,Moderate,PH166700000,413,53,36,32,292
Region XIII (Caraga),SURIGAO DEL NORTE,PH160000000,PH1606700000,Self-Care Disability,Female,Severe,PH166700000,500,78,36,38,348
Region XIII (Caraga),SURIGAO DEL NORTE,PH160000000,PH1606700000,Self-Care Disability,Male,All,PH166700000,1624,294,168,226,936
Region XIII (Caraga),SURIGAO DEL NORTE,PH160000000,PH1606700000,Self-Care Disability,Male,Mild,PH166700000,899,130,81,133,555
Region XIII (Caraga),SURIGAO DEL NORTE,PH160000000,PH1606700000,Self-Care Disability,Male,Moderate,PH166700000,310,53,42,43,172
Region XIII (Caraga),SURIGAO DEL NORTE,PH160000000,PH1606700000,Self-Care Disability,Male,Severe,PH166700000,415,111,45,50,209
Region XIII (Caraga),SURIGAO DEL NORTE,PH160000000,PH1606700000,Visual Disability,Both Sexes,All,PH166700000,32694,789,1931,10633,19341
Region XIII (Caraga),SURIGAO DEL NORTE,PH160000000,PH1606700000,Visual Disability,Both Sexes,Mild,PH166700000,29905,695,1789,10148,17273
Region XIII (Caraga),SURIGAO DEL NORTE,PH160000000,PH1606700000,Visual Disability,Both Sexes,Moderate,PH166700000,2435,68,114,433,1820
Region XIII (Caraga),SURIGAO DEL NORTE,PH160000000,PH1606700000,Visual Disability,Both Sexes,Severe,PH166700000,354,26,28,52,248
Region XIII (Caraga),SURIGAO DEL NORTE,PH160000000,PH1606700000,Visual Disability,Female,All,PH166700000,18687,460,1195,5951,11081
Region XIII (Caraga),SURIGAO DEL NORTE,PH160000000,PH1606700000,Visual Disability,Female,Mild,PH166700000,17064,421,1128,5693,9822
Region XIII (Caraga),SURIGAO DEL NORTE,PH160000000,PH1606700000,Visual Disability,Female,Moderate,PH166700000,1418,33,56,230,1099
Region XIII (Caraga),SURIGAO DEL NORTE,PH160000000,PH1606700000,Visual Disability,Female,Severe,PH166700000,205,6,11,28,160
Region XIII (Caraga),SURIGAO DEL NORTE,PH160000000,PH1606700000,Visual Disability,Male,All,PH166700000,14007,329,736,4682,8260
Region XIII (Caraga),SURIGAO DEL NORTE,PH160000000,PH1606700000,Visual Disability,Male,Mild,PH166700000,12841,274,661,4455,7451
Region XIII (Caraga),SURIGAO DEL NORTE,PH160000000,PH1606700000,Visual Disability,Male,Moderate,PH166700000,1017,35,58,203,721
Region XIII (Caraga),SURIGAO DEL NORTE,PH160000000,PH1606700000,Visual Disability,Male,Severe,PH166700000,149,20,17,24,88
Region XIII (Caraga),SURIGAO DEL SUR,PH160000000,PH1606800000,Cognitive Disability,Both Sexes,All,PH166800000,13880,622,1270,3338,8650
Region XIII (Caraga),SURIGAO DEL SUR,PH160000000,PH1606800000,Cognitive Disability,Both Sexes,Mild,PH166800000,11938,336,1004,3068,7530
Region XIII (Caraga),SURIGAO DEL SUR,PH160000000,PH1606800000,Cognitive Disability,Both Sexes,Moderate,PH166800000,1487,164,175,216,932
Region XIII (Caraga),SURIGAO DEL SUR,PH160000000,PH1606800000,Cognitive Disability,Both Sexes,Severe,PH166800000,455,122,91,54,188
Region XIII (Caraga),SURIGAO DEL SUR,PH160000000,PH1606800000,Cognitive Disability,Female,All,PH166800000,7693,277,699,1799,4918
Region XIII (Caraga),SURIGAO DEL SUR,PH160000000,PH1606800000,Cognitive Disability,Female,Mild,PH166800000,6627,151,579,1656,4241
Region XIII (Caraga),SURIGAO DEL SUR,PH160000000,PH1606800000,Cognitive Disability,Female,Moderate,PH166800000,826,79,78,123,546
Region XIII (Caraga),SURIGAO DEL SUR,PH160000000,PH1606800000,Cognitive Disability,Female,Severe,PH166800000,240,47,42,20,131
Region XIII (Caraga),SURIGAO DEL SUR,PH160000000,PH1606800000,Cognitive Disability,Male,All,PH166800000,6187,345,571,1539,3732
Region XIII (Caraga),SURIGAO DEL SUR,PH160000000,PH1606800000,Cognitive Disability,Male,Mild,PH166800000,5311,185,425,1412,3289
Region XIII (Caraga),SURIGAO DEL SUR,PH160000000,PH1606800000,Cognitive Disability,Male,Moderate,PH166800000,661,85,97,93,386
Region XIII (Caraga),SURIGAO DEL SUR,PH160000000,PH1606800000,Cognitive Disability,Male,Severe,PH166800000,215,75,49,34,57
Region XIII (Caraga),SURIGAO DEL SUR,PH160000000,PH1606800000,Communication Disability,Both Sexes,All,PH166800000,4706,988,798,767,2153
Region XIII (Caraga),SURIGAO DEL SUR,PH160000000,PH1606800000,Communication Disability,Both Sexes,Mild,PH166800000,2695,445,364,418,1468
Region XIII (Caraga),SURIGAO DEL SUR,PH160000000,PH1606800000,Communication Disability,Both Sexes,Moderate,PH166800000,1076,249,216,190,421
Region XIII (Caraga),SURIGAO DEL SUR,PH160000000,PH1606800000,Communication Disability,Both Sexes,Severe,PH166800000,935,294,218,159,264
Region XIII (Caraga),SURIGAO DEL SUR,PH160000000,PH1606800000,Communication Disability,Female,All,PH166800000,2326,425,343,356,1202
Region XIII (Caraga),SURIGAO DEL SUR,PH160000000,PH1606800000,Communication Disability,Female,Mild,PH166800000,1330,189,147,182,812
Region XIII (Caraga),SURIGAO DEL SUR,PH160000000,PH1606800000,Communication Disability,Female,Moderate,PH166800000,537,109,97,101,230
Region XIII (Caraga),SURIGAO DEL SUR,PH160000000,PH1606800000,Communication Disability,Female,Severe,PH166800000,459,127,99,73,160
Region XIII (Caraga),SURIGAO DEL SUR,PH160000000,PH1606800000,Communication Disability,Male,All,PH166800000,2380,563,455,411,951
Region XIII (Caraga),SURIGAO DEL SUR,PH160000000,PH1606800000,Communication Disability,Male,Mild,PH166800000,1365,256,217,236,656
Region XIII (Caraga),SURIGAO DEL SUR,PH160000000,PH1606800000,Communication Disability,Male,Moderate,PH166800000,539,140,119,89,191
Region XIII (Caraga),SURIGAO DEL SUR,PH160000000,PH1606800000,Communication Disability,Male,Severe,PH166800000,476,167,119,86,104
Region XIII (Caraga),SURIGAO DEL SUR,PH160000000,PH1606800000,Hearing Disability,Both Sexes,All,PH166800000,13331,475,687,1976,10193
Region XIII (Caraga),SURIGAO DEL SUR,PH160000000,PH1606800000,Hearing Disability,Both Sexes,Mild,PH166800000,11224,317,481,1723,8703
Region XIII (Caraga),SURIGAO DEL SUR,PH160000000,PH1606800000,Hearing Disability,Both Sexes,Moderate,PH166800000,1667,76,108,168,1315
Region XIII (Caraga),SURIGAO DEL SUR,PH160000000,PH1606800000,Hearing Disability,Both Sexes,Severe,PH166800000,440,82,98,85,175
Region XIII (Caraga),SURIGAO DEL SUR,PH160000000,PH1606800000,Hearing Disability,Female,All,PH166800000,6655,212,295,897,5251
Region XIII (Caraga),SURIGAO DEL SUR,PH160000000,PH1606800000,Hearing Disability,Female,Mild,PH166800000,5597,136,210,793,4458
Region XIII (Caraga),SURIGAO DEL SUR,PH160000000,PH1606800000,Hearing Disability,Female,Moderate,PH166800000,838,39,42,64,693
Region XIII (Caraga),SURIGAO DEL SUR,PH160000000,PH1606800000,Hearing Disability,Female,Severe,PH166800000,220,37,43,40,100
Region XIII (Caraga),SURIGAO DEL SUR,PH160000000,PH1606800000,Hearing Disability,Male,All,PH166800000,6676,263,392,1079,4942
Region XIII (Caraga),SURIGAO DEL SUR,PH160000000,PH1606800000,Hearing Disability,Male,Mild,PH166800000,5627,181,271,930,4245
Region XIII (Caraga),SURIGAO DEL SUR,PH160000000,PH1606800000,Hearing Disability,Male,Moderate,PH166800000,829,37,66,104,622
Region XIII (Caraga),SURIGAO DEL SUR,PH160000000,PH1606800000,Hearing Disability,Male,Severe,PH166800000,220,45,55,45,75
Region XIII (Caraga),SURIGAO DEL SUR,PH160000000,PH1606800000,Mobility Disability,Both Sexes,All,PH166800000,12528,531,608,2064,9325
Region XIII (Caraga),SURIGAO DEL SUR,PH160000000,PH1606800000,Mobility Disability,Both Sexes,Mild,PH166800000,9505,246,374,1638,7247
Region XIII (Caraga),SURIGAO DEL SUR,PH160000000,PH1606800000,Mobility Disability,Both Sexes,Moderate,PH166800000,2049,129,144,294,1482
Region XIII (Caraga),SURIGAO DEL SUR,PH160000000,PH1606800000,Mobility Disability,Both Sexes,Severe,PH166800000,974,156,90,132,596
Region XIII (Caraga),SURIGAO DEL SUR,PH160000000,PH1606800000,Mobility Disability,Female,All,PH166800000,6349,239,224,802,5084
Region XIII (Caraga),SURIGAO DEL SUR,PH160000000,PH1606800000,Mobility Disability,Female,Mild,PH166800000,4807,101,140,639,3927
Region XIII (Caraga),SURIGAO DEL SUR,PH160000000,PH1606800000,Mobility Disability,Female,Moderate,PH166800000,1010,61,46,111,792
Region XIII (Caraga),SURIGAO DEL SUR,PH160000000,PH1606800000,Mobility Disability,Female,Severe,PH166800000,532,77,38,52,365
Region XIII (Caraga),SURIGAO DEL SUR,PH160000000,PH1606800000,Mobility Disability,Male,All,PH166800000,6179,292,384,1262,4241
Region XIII (Caraga),SURIGAO DEL SUR,PH160000000,PH1606800000,Mobility Disability,Male,Mild,PH166800000,4698,145,234,999,3320
Region XIII (Caraga),SURIGAO DEL SUR,PH160000000,PH1606800000,Mobility Disability,Male,Moderate,PH166800000,1039,68,98,183,690
Region XIII (Caraga),SURIGAO DEL SUR,PH160000000,PH1606800000,Mobility Disability,Male,Severe,PH166800000,442,79,52,80,231
Region XIII (Caraga),SURIGAO DEL SUR,PH160000000,PH1606800000,Self-Care Disability,Both Sexes,All,PH166800000,4365,771,358,496,2740
Region XIII (Caraga),SURIGAO DEL SUR,PH160000000,PH1606800000,Self-Care Disability,Both Sexes,Mild,PH166800000,2378,384,139,286,1569
Region XIII (Caraga),SURIGAO DEL SUR,PH160000000,PH1606800000,Self-Care Disability,Both Sexes,Moderate,PH166800000,872,141,99,104,528
Region XIII (Caraga),SURIGAO DEL SUR,PH160000000,PH1606800000,Self-Care Disability,Both Sexes,Severe,PH166800000,1115,246,120,106,643
Region XIII (Caraga),SURIGAO DEL SUR,PH160000000,PH1606800000,Self-Care Disability,Female,All,PH166800000,2254,314,150,212,1578
Region XIII (Caraga),SURIGAO DEL SUR,PH160000000,PH1606800000,Self-Care Disability,Female,Mild,PH166800000,1248,156,62,126,904
Region XIII (Caraga),SURIGAO DEL SUR,PH160000000,PH1606800000,Self-Care Disability,Female,Moderate,PH166800000,427,48,38,48,293
Region XIII (Caraga),SURIGAO DEL SUR,PH160000000,PH1606800000,Self-Care Disability,Female,Severe,PH166800000,579,110,50,38,381
Region XIII (Caraga),SURIGAO DEL SUR,PH160000000,PH1606800000,Self-Care Disability,Male,All,PH166800000,2111,457,208,284,1162
Region XIII (Caraga),SURIGAO DEL SUR,PH160000000,PH1606800000,Self-Care Disability,Male,Mild,PH166800000,1130,228,77,160,665
Region XIII (Caraga),SURIGAO DEL SUR,PH160000000,PH1606800000,Self-Care Disability,Male,Moderate,PH166800000,445,93,61,56,235
Region XIII (Caraga),SURIGAO DEL SUR,PH160000000,PH1606800000,Self-Care Disability,Male,Severe,PH166800000,536,136,70,68,262
Region XIII (Caraga),SURIGAO DEL SUR,PH160000000,PH1606800000,Visual Disability,Both Sexes,All,PH166800000,45359,798,1968,14803,27790
Region XIII (Caraga),SURIGAO DEL SUR,PH160000000,PH1606800000,Visual Disability,Both Sexes,Mild,PH166800000,41866,639,1775,14182,25270
Region XIII (Caraga),SURIGAO DEL SUR,PH160000000,PH1606800000,Visual Disability,Both Sexes,Moderate,PH166800000,3063,111,152,565,2235
Region XIII (Caraga),SURIGAO DEL SUR,PH160000000,PH1606800000,Visual Disability,Both Sexes,Severe,PH166800000,430,48,41,56,285
Region XIII (Caraga),SURIGAO DEL SUR,PH160000000,PH1606800000,Visual Disability,Female,All,PH166800000,24893,396,1233,7956,15308
Region XIII (Caraga),SURIGAO DEL SUR,PH160000000,PH1606800000,Visual Disability,Female,Mild,PH166800000,22933,331,1133,7659,13810
Region XIII (Caraga),SURIGAO DEL SUR,PH160000000,PH1606800000,Visual Disability,Female,Moderate,PH166800000,1719,44,81,278,1316
Region XIII (Caraga),SURIGAO DEL SUR,PH160000000,PH1606800000,Visual Disability,Female,Severe,PH166800000,241,21,19,19,182
Region XIII (Caraga),SURIGAO DEL SUR,PH160000000,PH1606800000,Visual Disability,Male,All,PH166800000,20466,402,735,6847,12482
Region XIII (Caraga),SURIGAO DEL SUR,PH160000000,PH1606800000,Visual Disability,Male,Mild,PH166800000,18933,308,642,6523,11460
Region XIII (Caraga),SURIGAO DEL SUR,PH160000000,PH1606800000,Visual Disability,Male,Moderate,PH166800000,1344,67,71,287,919
Region XIII (Caraga),SURIGAO DEL SUR,PH160000000,PH1606800000,Visual Disability,Male,Severe,PH166800000,189,27,22,37,103
