Disability,Region,Status,RegCode_New,Province,Household Population 5 Years Old and Over with Functional Difficulty,Province_pcode,Population,Person affected by disability per 100k,scale affected
Cognitive Disability,BANGSAMORO AUTONOMOUS REGION IN MUSLIM MINDANAO (BARMM),Mild,PH150000000,BASILAN,1594,PH150700000,386697,413.0,2.615950051656401
Cognitive Disability,BANGSAMORO AUTONOMOUS REGION IN MUSLIM MINDANAO (BARMM),Mild,PH150000000,LANAO DEL SUR,24980,PH153600000,1146287,2180.0,3.3384564936046046
Cognitive Disability,BANGSAMORO AUTONOMOUS REGION IN MUSLIM MINDANAO (BARMM),Mild,PH150000000,MAGUINDANAO,9652,PH153800000,1323051,730.0,2.863322860120456
Cognitive Disability,BANGSAMORO AUTONOMOUS REGION IN MUSLIM MINDANAO (BARMM),Mild,PH150000000,SULU,1800,PH156600000,913590,198.0,2.296665190261531
Cognitive Disability,BANGSAMORO AUTONOMOUS REGION IN MUSLIM MINDANAO (BARMM),Mild,PH150000000,TAWI-TAWI,2255,PH157000000,413690,546.0,2.7371926427047373
Cognitive Disability,BANGSAMORO AUTONOMOUS REGION IN MUSLIM MINDANAO (BARMM),Moderate,PH150000000,BASILAN,174,PH150700000,386697,45.0,1.6532125137753437
Cognitive Disability,BANGSAMORO AUTONOMOUS REGION IN MUSLIM MINDANAO (BARMM),Moderate,PH150000000,LANAO DEL SUR,1962,PH153600000,1146287,172.0,2.2355284469075487
Cognitive Disability,BANGSAMORO AUTONOMOUS REGION IN MUSLIM MINDANAO (BARMM),Moderate,PH150000000,MAGUINDANAO,837,PH153800000,1323051,64.0,1.806179973983887
Cognitive Disability,BANGSAMORO AUTONOMOUS REGION IN MUSLIM MINDANAO (BARMM),Moderate,PH150000000,SULU,151,PH156600000,913590,17.0,1.2304489213782739
Cognitive Disability,BANGSAMORO AUTONOMOUS REGION IN MUSLIM MINDANAO (BARMM),Moderate,PH150000000,TAWI-TAWI,214,PH157000000,413690,52.0,1.7160033436347992
Cognitive Disability,BANGSAMORO AUTONOMOUS REGION IN MUSLIM MINDANAO (BARMM),Severe,PH150000000,BASILAN,52,PH150700000,386697,14.0,1.146128035678238
Cognitive Disability,BANGSAMORO AUTONOMOUS REGION IN MUSLIM MINDANAO (BARMM),Severe,PH150000000,LANAO DEL SUR,393,PH153600000,1146287,35.0,1.5440680443502757
Cognitive Disability,BANGSAMORO AUTONOMOUS REGION IN MUSLIM MINDANAO (BARMM),Severe,PH150000000,MAGUINDANAO,171,PH153800000,1323051,13.0,1.1139433523068367
Cognitive Disability,BANGSAMORO AUTONOMOUS REGION IN MUSLIM MINDANAO (BARMM),Severe,PH150000000,SULU,22,PH156600000,913590,3.0,0.47712125471966244
Cognitive Disability,BANGSAMORO AUTONOMOUS REGION IN MUSLIM MINDANAO (BARMM),Severe,PH150000000,TAWI-TAWI,24,PH157000000,413690,6.0,0.7781512503836436
Cognitive Disability,Cordillera Administrative Region (CAR),Mild,PH140000000,ABRA,5696,PH140100000,247402,2303.0,3.362293937964231
Cognitive Disability,Cordillera Administrative Region (CAR),Mild,PH140000000,APAYAO,3939,PH148100000,123899,3180.0,3.5024271199844326
Cognitive Disability,Cordillera Administrative Region (CAR),Mild,PH140000000,BENGUET,9684,PH141100000,848552,1142.0,3.0576661039098294
Cognitive Disability,Cordillera Administrative Region (CAR),Mild,PH140000000,IFUGAO,2512,PH142700000,210669,1193.0,3.076640443670342
Cognitive Disability,Cordillera Administrative Region (CAR),Mild,PH140000000,KALINGA,3789,PH143200000,220230,1721.0,3.2357808703275603
Cognitive Disability,Cordillera Administrative Region (CAR),Mild,PH140000000,MOUNTAIN PROVINCE,2076,PH144400000,156987,1323.0,3.1215598441875008
Cognitive Disability,Cordillera Administrative Region (CAR),Moderate,PH140000000,ABRA,737,PH140100000,247402,298.0,2.4742162640762553
Cognitive Disability,Cordillera Administrative Region (CAR),Moderate,PH140000000,APAYAO,396,PH148100000,123899,320.0,2.505149978319906
Cognitive Disability,Cordillera Administrative Region (CAR),Moderate,PH140000000,BENGUET,1705,PH141100000,848552,201.0,2.303196057420489
Cognitive Disability,Cordillera Administrative Region (CAR),Moderate,PH140000000,IFUGAO,500,PH142700000,210669,238.0,2.376576957056512
Cognitive Disability,Cordillera Administrative Region (CAR),Moderate,PH140000000,KALINGA,519,PH143200000,220230,236.0,2.3729120029701067
Cognitive Disability,Cordillera Administrative Region (CAR),Moderate,PH140000000,MOUNTAIN PROVINCE,373,PH144400000,156987,238.0,2.376576957056512
Cognitive Disability,Cordillera Administrative Region (CAR),Severe,PH140000000,ABRA,173,PH140100000,247402,70.0,1.845098040014257
Cognitive Disability,Cordillera Administrative Region (CAR),Severe,PH140000000,APAYAO,121,PH148100000,123899,98.0,1.9912260756924949
Cognitive Disability,Cordillera Administrative Region (CAR),Severe,PH140000000,BENGUET,518,PH141100000,848552,62.0,1.792391689498254
Cognitive Disability,Cordillera Administrative Region (CAR),Severe,PH140000000,IFUGAO,135,PH142700000,210669,65.0,1.8129133566428555
Cognitive Disability,Cordillera Administrative Region (CAR),Severe,PH140000000,KALINGA,164,PH143200000,220230,75.0,1.8750612633917
Cognitive Disability,Cordillera Administrative Region (CAR),Severe,PH140000000,MOUNTAIN PROVINCE,76,PH144400000,156987,49.0,1.6901960800285136
Cognitive Disability,MIMAROPA Region,Mild,PH1700000000,MARINDUQUE,5111,PH174000000,241036,2121.0,3.3265406685165617
Cognitive Disability,MIMAROPA Region,Mild,PH1700000000,OCCIDENTAL MINDORO,6995,PH175100000,515134,1358.0,3.132899769944483
Cognitive Disability,MIMAROPA Region,Mild,PH1700000000,ORIENTAL MINDORO,15183,PH175200000,901270,1685.0,3.2265999052073573
Cognitive Disability,MIMAROPA Region,Mild,PH1700000000,PALAWAN,20994,PH175300000,1216009,1727.0,3.237292337567459
Cognitive Disability,MIMAROPA Region,Mild,PH1700000000,ROMBLON,8419,PH175900000,301407,2794.0,3.446226401778163
Cognitive Disability,MIMAROPA Region,Moderate,PH1700000000,MARINDUQUE,716,PH174000000,241036,298.0,2.4742162640762553
Cognitive Disability,MIMAROPA Region,Moderate,PH1700000000,OCCIDENTAL MINDORO,820,PH175100000,515134,160.0,2.2041199826559246
Cognitive Disability,MIMAROPA Region,Moderate,PH1700000000,ORIENTAL MINDORO,1892,PH175200000,901270,210.0,2.322219294733919
Cognitive Disability,MIMAROPA Region,Moderate,PH1700000000,PALAWAN,2442,PH175300000,1216009,201.0,2.303196057420489
Cognitive Disability,MIMAROPA Region,Moderate,PH1700000000,ROMBLON,1164,PH175900000,301407,387.0,2.5877109650189114
Cognitive Disability,MIMAROPA Region,Severe,PH1700000000,MARINDUQUE,269,PH174000000,241036,112.0,2.0492180226701815
Cognitive Disability,MIMAROPA Region,Severe,PH1700000000,OCCIDENTAL MINDORO,250,PH175100000,515134,49.0,1.6901960800285136
Cognitive Disability,MIMAROPA Region,Severe,PH1700000000,ORIENTAL MINDORO,594,PH175200000,901270,66.0,1.8195439355418688
Cognitive Disability,MIMAROPA Region,Severe,PH1700000000,PALAWAN,611,PH175300000,1216009,51.0,1.7075701760979363
Cognitive Disability,MIMAROPA Region,Severe,PH1700000000,ROMBLON,278,PH175900000,301407,93.0,1.968482948553935
Cognitive Disability,National Capital Region (NCR),Mild,PH130000000,"NCR, FIRST DISTRICT (NOT A PROVINCE)",16374,PH133900000,1886920,868.0,2.938519725176492
Cognitive Disability,National Capital Region (NCR),Mild,PH130000000,"NCR, FOURTH DISTRICT (NOT A PROVINCE)",20145,PH137600000,4015981,502.0,2.7007037171450192
Cognitive Disability,National Capital Region (NCR),Mild,PH130000000,"NCR, SECOND DISTRICT (NOT A PROVINCE)",24885,PH137400000,4960933,502.0,2.7007037171450192
Cognitive Disability,National Capital Region (NCR),Mild,PH130000000,"NCR, THIRD DISTRICT (NOT A PROVINCE)",12660,PH137500000,2940822,431.0,2.6344772701607315
Cognitive Disability,National Capital Region (NCR),Moderate,PH130000000,"NCR, FIRST DISTRICT (NOT A PROVINCE)",2117,PH133900000,1886920,113.0,2.0530784434834195
Cognitive Disability,National Capital Region (NCR),Moderate,PH130000000,"NCR, FOURTH DISTRICT (NOT A PROVINCE)",3192,PH137600000,4015981,80.0,1.9030899869919435
Cognitive Disability,National Capital Region (NCR),Moderate,PH130000000,"NCR, SECOND DISTRICT (NOT A PROVINCE)",4347,PH137400000,4960933,88.0,1.9444826721501687
Cognitive Disability,National Capital Region (NCR),Moderate,PH130000000,"NCR, THIRD DISTRICT (NOT A PROVINCE)",2167,PH137500000,2940822,74.0,1.8692317197309762
Cognitive Disability,National Capital Region (NCR),Severe,PH130000000,"NCR, FIRST DISTRICT (NOT A PROVINCE)",877,PH133900000,1886920,47.0,1.6720978579357175
Cognitive Disability,National Capital Region (NCR),Severe,PH130000000,"NCR, FOURTH DISTRICT (NOT A PROVINCE)",1286,PH137600000,4015981,33.0,1.5185139398778875
Cognitive Disability,National Capital Region (NCR),Severe,PH130000000,"NCR, SECOND DISTRICT (NOT A PROVINCE)",1778,PH137400000,4960933,36.0,1.5563025007672873
Cognitive Disability,National Capital Region (NCR),Severe,PH130000000,"NCR, THIRD DISTRICT (NOT A PROVINCE)",958,PH137500000,2940822,33.0,1.5185139398778875
Cognitive Disability,REGION XI (DAVAO REGION),Mild,PH110000000,COMPOSTELA VALLEY,18345,PH118200000,774102,2370.0,3.374748346010104
Cognitive Disability,REGION XI (DAVAO REGION),Mild,PH110000000,DAVAO DEL NORTE,13697,PH112300000,1056457,1297.0,3.11293997608408
Cognitive Disability,REGION XI (DAVAO REGION),Mild,PH110000000,DAVAO DEL SUR,21383,PH112400000,2520852,849.0,2.928907690243953
Cognitive Disability,REGION XI (DAVAO REGION),Mild,PH110000000,DAVAO OCCIDENTAL,6553,PH118600000,338925,1934.0,3.286456469746983
Cognitive Disability,REGION XI (DAVAO REGION),Mild,PH110000000,DAVAO ORIENTAL,8002,PH112500000,600531,1333.0,3.1248301494138593
Cognitive Disability,REGION XI (DAVAO REGION),Moderate,PH110000000,COMPOSTELA VALLEY,1950,PH118200000,774102,252.0,2.401400540781544
Cognitive Disability,REGION XI (DAVAO REGION),Moderate,PH110000000,DAVAO DEL NORTE,1710,PH112300000,1056457,162.0,2.2095150145426308
Cognitive Disability,REGION XI (DAVAO REGION),Moderate,PH110000000,DAVAO DEL SUR,3165,PH112400000,2520852,126.0,2.100370545117563
Cognitive Disability,REGION XI (DAVAO REGION),Moderate,PH110000000,DAVAO OCCIDENTAL,634,PH118600000,338925,188.0,2.27415784926368
Cognitive Disability,REGION XI (DAVAO REGION),Moderate,PH110000000,DAVAO ORIENTAL,995,PH112500000,600531,166.0,2.220108088040055
Cognitive Disability,REGION XI (DAVAO REGION),Severe,PH110000000,COMPOSTELA VALLEY,510,PH118200000,774102,66.0,1.8195439355418688
Cognitive Disability,REGION XI (DAVAO REGION),Severe,PH110000000,DAVAO DEL NORTE,570,PH112300000,1056457,54.0,1.7323937598229686
Cognitive Disability,REGION XI (DAVAO REGION),Severe,PH110000000,DAVAO DEL SUR,1160,PH112400000,2520852,47.0,1.6720978579357175
Cognitive Disability,REGION XI (DAVAO REGION),Severe,PH110000000,DAVAO OCCIDENTAL,138,PH118600000,338925,41.0,1.6127838567197355
Cognitive Disability,REGION XI (DAVAO REGION),Severe,PH110000000,DAVAO ORIENTAL,298,PH112500000,600531,50.0,1.6989700043360187
Cognitive Disability,REGION XII (SOCCSKSARGEN),Mild,PH120000000,COTABATO (NORTH COTABATO),16672,PH124700000,1527149,1092.0,3.0382226383687185
Cognitive Disability,REGION XII (SOCCSKSARGEN),Mild,PH120000000,SARANGANI,52909,PH128000000,583791,9064.0,3.9573198968553407
Cognitive Disability,REGION XII (SOCCSKSARGEN),Mild,PH120000000,SOUTH COTABATO,17759,PH126300000,1644256,1081.0,3.03382569395331
Cognitive Disability,REGION XII (SOCCSKSARGEN),Mild,PH120000000,SULTAN KUDARAT,14650,PH126500000,855241,1713.0,3.2337573629655103
Cognitive Disability,REGION XII (SOCCSKSARGEN),Moderate,PH120000000,COTABATO (NORTH COTABATO),2176,PH124700000,1527149,143.0,2.155336037465062
Cognitive Disability,REGION XII (SOCCSKSARGEN),Moderate,PH120000000,SARANGANI,6330,PH128000000,583791,1085.0,3.0354297381845483
Cognitive Disability,REGION XII (SOCCSKSARGEN),Moderate,PH120000000,SOUTH COTABATO,2378,PH126300000,1644256,145.0,2.161368002234975
Cognitive Disability,REGION XII (SOCCSKSARGEN),Moderate,PH120000000,SULTAN KUDARAT,1157,PH126500000,855241,136.0,2.1335389083702174
Cognitive Disability,REGION XII (SOCCSKSARGEN),Severe,PH120000000,COTABATO (NORTH COTABATO),714,PH124700000,1527149,47.0,1.6720978579357175
Cognitive Disability,REGION XII (SOCCSKSARGEN),Severe,PH120000000,SARANGANI,1989,PH128000000,583791,341.0,2.5327543789924976
Cognitive Disability,REGION XII (SOCCSKSARGEN),Severe,PH120000000,SOUTH COTABATO,888,PH126300000,1644256,55.0,1.7403626894942439
Cognitive Disability,REGION XII (SOCCSKSARGEN),Severe,PH120000000,SULTAN KUDARAT,269,PH126500000,855241,32.0,1.505149978319906
Cognitive Disability,Region I (Ilocos Region),Mild,PH010000000,ILOCOS NORTE,6564,PH012800000,613421,1071.0,3.029789470831856
Cognitive Disability,Region I (Ilocos Region),Mild,PH010000000,ILOCOS SUR,9796,PH012900000,715810,1369.0,3.13640344813399
Cognitive Disability,Region I (Ilocos Region),Mild,PH010000000,LA UNION,9086,PH013300000,828194,1098.0,3.040602340114073
Cognitive Disability,Region I (Ilocos Region),Mild,PH010000000,PANGASINAN,31175,PH015500000,3113382,1002.0,3.0008677215312267
Cognitive Disability,Region I (Ilocos Region),Moderate,PH010000000,ILOCOS NORTE,1109,PH012800000,613421,181.0,2.2576785748691846
Cognitive Disability,Region I (Ilocos Region),Moderate,PH010000000,ILOCOS SUR,1568,PH012900000,715810,220.0,2.342422680822206
Cognitive Disability,Region I (Ilocos Region),Moderate,PH010000000,LA UNION,1545,PH013300000,828194,187.0,2.271841606536499
Cognitive Disability,Region I (Ilocos Region),Moderate,PH010000000,PANGASINAN,4781,PH015500000,3113382,154.0,2.187520720836463
Cognitive Disability,Region I (Ilocos Region),Severe,PH010000000,ILOCOS NORTE,412,PH012800000,613421,68.0,1.8325089127062364
Cognitive Disability,Region I (Ilocos Region),Severe,PH010000000,ILOCOS SUR,532,PH012900000,715810,75.0,1.8750612633917
Cognitive Disability,Region I (Ilocos Region),Severe,PH010000000,LA UNION,644,PH013300000,828194,78.0,1.8920946026904804
Cognitive Disability,Region I (Ilocos Region),Severe,PH010000000,PANGASINAN,1806,PH015500000,3113382,59.0,1.7708520116421442
Cognitive Disability,Region II (Cagayan Valley),Mild,PH020000000,BATANES,204,PH020900000,17874,1142.0,3.0576661039098294
Cognitive Disability,Region II (Cagayan Valley),Mild,PH020000000,CAGAYAN,18052,PH021500000,1273322,1418.0,3.151676230847048
Cognitive Disability,Region II (Cagayan Valley),Mild,PH020000000,ISABELA,24111,PH023100000,1685739,1431.0,3.1556396337597765
Cognitive Disability,Region II (Cagayan Valley),Mild,PH020000000,NUEVA VIZCAYA,7214,PH025000000,482894,1494.0,3.1743505974793798
Cognitive Disability,Region II (Cagayan Valley),Mild,PH020000000,QUIRINO,2517,PH025700000,197917,1272.0,3.104487111312395
Cognitive Disability,Region II (Cagayan Valley),Moderate,PH020000000,BATANES,45,PH020900000,17874,252.0,2.401400540781544
Cognitive Disability,Region II (Cagayan Valley),Moderate,PH020000000,CAGAYAN,2459,PH021500000,1273322,194.0,2.287801729930226
Cognitive Disability,Region II (Cagayan Valley),Moderate,PH020000000,ISABELA,3036,PH023100000,1685739,181.0,2.2576785748691846
Cognitive Disability,Region II (Cagayan Valley),Moderate,PH020000000,NUEVA VIZCAYA,1103,PH025000000,482894,229.0,2.359835482339888
Cognitive Disability,Region II (Cagayan Valley),Moderate,PH020000000,QUIRINO,355,PH025700000,197917,180.0,2.255272505103306
Cognitive Disability,Region II (Cagayan Valley),Severe,PH020000000,BATANES,14,PH020900000,17874,79.0,1.8976270912904414
Cognitive Disability,Region II (Cagayan Valley),Severe,PH020000000,CAGAYAN,852,PH021500000,1273322,67.0,1.8260748027008264
Cognitive Disability,Region II (Cagayan Valley),Severe,PH020000000,ISABELA,966,PH023100000,1685739,58.0,1.7634279935629373
Cognitive Disability,Region II (Cagayan Valley),Severe,PH020000000,NUEVA VIZCAYA,302,PH025000000,482894,63.0,1.7993405494535817
Cognitive Disability,Region II (Cagayan Valley),Severe,PH020000000,QUIRINO,85,PH025700000,197917,43.0,1.6334684555795864
Cognitive Disability,Region III (Central Luzon),Mild,PH030000000,AURORA,2223,PH037700000,227530,978.0,2.9903388547876015
Cognitive Disability,Region III (Central Luzon),Mild,PH030000000,BATAAN,6794,PH030800000,836076,813.0,2.910090545594068
Cognitive Disability,Region III (Central Luzon),Mild,PH030000000,BULACAN,26606,PH031400000,3646679,730.0,2.863322860120456
Cognitive Disability,Region III (Central Luzon),Mild,PH030000000,NUEVA ECIJA,19553,PH034900000,2355414,831.0,2.919601023784111
Cognitive Disability,Region III (Central Luzon),Mild,PH030000000,PAMPANGA,13310,PH035400000,2893624,460.0,2.662757831681574
Cognitive Disability,Region III (Central Luzon),Mild,PH030000000,TARLAC,10074,PH036900000,1460137,690.0,2.838849090737255
Cognitive Disability,Region III (Central Luzon),Mild,PH030000000,ZAMBALES,9105,PH037100000,894254,1019.0,3.0081741840064264
Cognitive Disability,Region III (Central Luzon),Moderate,PH030000000,AURORA,342,PH037700000,227530,151.0,2.1789769472931693
Cognitive Disability,Region III (Central Luzon),Moderate,PH030000000,BATAAN,956,PH030800000,836076,115.0,2.060697840353612
Cognitive Disability,Region III (Central Luzon),Moderate,PH030000000,BULACAN,4049,PH031400000,3646679,112.0,2.0492180226701815
Cognitive Disability,Region III (Central Luzon),Moderate,PH030000000,NUEVA ECIJA,2790,PH034900000,2355414,119.0,2.0755469613925306
Cognitive Disability,Region III (Central Luzon),Moderate,PH030000000,PAMPANGA,1874,PH035400000,2893624,65.0,1.8129133566428555
Cognitive Disability,Region III (Central Luzon),Moderate,PH030000000,TARLAC,1496,PH036900000,1460137,103.0,2.012837224705172
Cognitive Disability,Region III (Central Luzon),Moderate,PH030000000,ZAMBALES,1367,PH037100000,894254,153.0,2.184691430817599
Cognitive Disability,Region III (Central Luzon),Severe,PH030000000,AURORA,135,PH037700000,227530,60.0,1.7781512503836436
Cognitive Disability,Region III (Central Luzon),Severe,PH030000000,BATAAN,343,PH030800000,836076,42.0,1.6232492903979006
Cognitive Disability,Region III (Central Luzon),Severe,PH030000000,BULACAN,1493,PH031400000,3646679,41.0,1.6127838567197355
Cognitive Disability,Region III (Central Luzon),Severe,PH030000000,NUEVA ECIJA,1056,PH034900000,2355414,45.0,1.6532125137753437
Cognitive Disability,Region III (Central Luzon),Severe,PH030000000,PAMPANGA,822,PH035400000,2893624,29.0,1.462397997898956
Cognitive Disability,Region III (Central Luzon),Severe,PH030000000,TARLAC,647,PH036900000,1460137,45.0,1.6532125137753437
Cognitive Disability,Region III (Central Luzon),Severe,PH030000000,ZAMBALES,487,PH037100000,894254,55.0,1.7403626894942439
Cognitive Disability,Region IV-A (CALABARZON),Mild,PH040000000,BATANGAS,15699,PH041000000,3033730,518.0,2.714329759745233
Cognitive Disability,Region IV-A (CALABARZON),Mild,PH040000000,CAVITE,20477,PH042100000,4210866,487.0,2.6875289612146345
Cognitive Disability,Region IV-A (CALABARZON),Mild,PH040000000,LAGUNA,20378,PH043400000,3343703,610.0,2.785329835010767
Cognitive Disability,Region IV-A (CALABARZON),Mild,PH040000000,QUEZON,33069,PH045600000,2260033,1464.0,3.165541076722373
Cognitive Disability,Region IV-A (CALABARZON),Mild,PH040000000,RIZAL,19143,PH045800000,3208959,597.0,2.775974331129369
Cognitive Disability,Region IV-A (CALABARZON),Moderate,PH040000000,BATANGAS,3025,PH041000000,3033730,100.0,2.0
Cognitive Disability,Region IV-A (CALABARZON),Moderate,PH040000000,CAVITE,3869,PH042100000,4210866,92.0,1.9637878273455553
Cognitive Disability,Region IV-A (CALABARZON),Moderate,PH040000000,LAGUNA,2862,PH043400000,3343703,86.0,1.9344984512435677
Cognitive Disability,Region IV-A (CALABARZON),Moderate,PH040000000,QUEZON,3949,PH045600000,2260033,175.0,2.2430380486862944
Cognitive Disability,Region IV-A (CALABARZON),Moderate,PH040000000,RIZAL,2969,PH045800000,3208959,93.0,1.968482948553935
Cognitive Disability,Region IV-A (CALABARZON),Severe,PH040000000,BATANGAS,1412,PH041000000,3033730,47.0,1.6720978579357175
Cognitive Disability,Region IV-A (CALABARZON),Severe,PH040000000,CAVITE,1666,PH042100000,4210866,40.0,1.6020599913279623
Cognitive Disability,Region IV-A (CALABARZON),Severe,PH040000000,LAGUNA,1181,PH043400000,3343703,36.0,1.5563025007672873
Cognitive Disability,Region IV-A (CALABARZON),Severe,PH040000000,QUEZON,1188,PH045600000,2260033,53.0,1.724275869600789
Cognitive Disability,Region IV-A (CALABARZON),Severe,PH040000000,RIZAL,1251,PH045800000,3208959,39.0,1.591064607026499
Cognitive Disability,Region IX (Zamboanga Peninsula),Mild,PH090000000,CITY OF ISABELA (NOT A PROVINCE),844,PH099700000,127728,661.0,2.82020145948564
Cognitive Disability,Region IX (Zamboanga Peninsula),Mild,PH090000000,ZAMBOANGA DEL NORTE,16426,PH097200000,1047292,1569.0,3.1956229435869368
Cognitive Disability,Region IX (Zamboanga Peninsula),Mild,PH090000000,ZAMBOANGA DEL SUR,22885,PH097300000,1928337,1187.0,3.074450718954591
Cognitive Disability,Region IX (Zamboanga Peninsula),Mild,PH090000000,ZAMBOANGA SIBUGAY,13363,PH098300000,679404,1967.0,3.2938043599193367
Cognitive Disability,Region IX (Zamboanga Peninsula),Moderate,PH090000000,CITY OF ISABELA (NOT A PROVINCE),104,PH099700000,127728,82.0,1.9138138523837167
Cognitive Disability,Region IX (Zamboanga Peninsula),Moderate,PH090000000,ZAMBOANGA DEL NORTE,2065,PH097200000,1047292,198.0,2.296665190261531
Cognitive Disability,Region IX (Zamboanga Peninsula),Moderate,PH090000000,ZAMBOANGA DEL SUR,3048,PH097300000,1928337,159.0,2.2013971243204513
Cognitive Disability,Region IX (Zamboanga Peninsula),Moderate,PH090000000,ZAMBOANGA SIBUGAY,1432,PH098300000,679404,211.0,2.3242824552976926
Cognitive Disability,Region IX (Zamboanga Peninsula),Severe,PH090000000,CITY OF ISABELA (NOT A PROVINCE),43,PH099700000,127728,34.0,1.5314789170422551
Cognitive Disability,Region IX (Zamboanga Peninsula),Severe,PH090000000,ZAMBOANGA DEL NORTE,646,PH097200000,1047292,62.0,1.792391689498254
Cognitive Disability,Region IX (Zamboanga Peninsula),Severe,PH090000000,ZAMBOANGA DEL SUR,1075,PH097300000,1928337,56.0,1.7481880270062005
Cognitive Disability,Region IX (Zamboanga Peninsula),Severe,PH090000000,ZAMBOANGA SIBUGAY,460,PH098300000,679404,68.0,1.8325089127062364
Cognitive Disability,Region V (Bicol Region),Mild,PH050000000,ALBAY,14639,PH050500000,1396088,1049.0,3.020775488193558
Cognitive Disability,Region V (Bicol Region),Mild,PH050000000,CAMARINES NORTE,9934,PH051600000,622514,1596.0,3.2030328870147105
Cognitive Disability,Region V (Bicol Region),Mild,PH050000000,CAMARINES SUR,34973,PH051700000,2059495,1699.0,3.230193378869046
Cognitive Disability,Region V (Bicol Region),Mild,PH050000000,CATANDUANES,5306,PH052000000,272941,1945.0,3.2889196056617265
Cognitive Disability,Region V (Bicol Region),Mild,PH050000000,MASBATE,8687,PH054100000,937079,928.0,2.967547976218862
Cognitive Disability,Region V (Bicol Region),Mild,PH050000000,SORSOGON,11367,PH056200000,845718,1345.0,3.128722284338427
Cognitive Disability,Region V (Bicol Region),Moderate,PH050000000,ALBAY,2467,PH050500000,1396088,177.0,2.247973266361807
Cognitive Disability,Region V (Bicol Region),Moderate,PH050000000,CAMARINES NORTE,1410,PH051600000,622514,227.0,2.3560258571931225
Cognitive Disability,Region V (Bicol Region),Moderate,PH050000000,CAMARINES SUR,4918,PH051700000,2059495,239.0,2.3783979009481375
Cognitive Disability,Region V (Bicol Region),Moderate,PH050000000,CATANDUANES,681,PH052000000,272941,250.0,2.3979400086720375
Cognitive Disability,Region V (Bicol Region),Moderate,PH050000000,MASBATE,1226,PH054100000,937079,131.0,2.1172712956557644
Cognitive Disability,Region V (Bicol Region),Moderate,PH050000000,SORSOGON,1789,PH056200000,845718,212.0,2.326335860928751
Cognitive Disability,Region V (Bicol Region),Severe,PH050000000,ALBAY,859,PH050500000,1396088,62.0,1.792391689498254
Cognitive Disability,Region V (Bicol Region),Severe,PH050000000,CAMARINES NORTE,452,PH051600000,622514,73.0,1.863322860120456
Cognitive Disability,Region V (Bicol Region),Severe,PH050000000,CAMARINES SUR,1445,PH051700000,2059495,71.0,1.8512583487190752
Cognitive Disability,Region V (Bicol Region),Severe,PH050000000,CATANDUANES,217,PH052000000,272941,80.0,1.9030899869919435
Cognitive Disability,Region V (Bicol Region),Severe,PH050000000,MASBATE,454,PH054100000,937079,49.0,1.6901960800285136
Cognitive Disability,Region V (Bicol Region),Severe,PH050000000,SORSOGON,552,PH056200000,845718,66.0,1.8195439355418688
Cognitive Disability,Region VI (Western Visayas),Mild,PH060000000,AKLAN,13105,PH060400000,605584,2165.0,3.3354579006893843
Cognitive Disability,Region VI (Western Visayas),Mild,PH060000000,ANTIQUE,16907,PH060600000,612454,2761.0,3.4410664066392633
Cognitive Disability,Region VI (Western Visayas),Mild,PH060000000,CAPIZ,16235,PH061900000,803083,2022.0,3.3057811512549824
Cognitive Disability,Region VI (Western Visayas),Mild,PH060000000,GUIMARAS,2654,PH067900000,185174,1434.0,3.1565491513317814
Cognitive Disability,Region VI (Western Visayas),Mild,PH060000000,ILOILO,47787,PH063000000,2524211,1894.0,3.2773799746672547
Cognitive Disability,Region VI (Western Visayas),Mild,PH060000000,NEGROS OCCIDENTAL,33379,PH064500000,3174389,1052.0,3.02201573981772
Cognitive Disability,Region VI (Western Visayas),Moderate,PH060000000,AKLAN,1720,PH060400000,605584,285.0,2.45484486000851
Cognitive Disability,Region VI (Western Visayas),Moderate,PH060000000,ANTIQUE,2261,PH060600000,612454,370.0,2.568201724066995
Cognitive Disability,Region VI (Western Visayas),Moderate,PH060000000,CAPIZ,1911,PH061900000,803083,238.0,2.376576957056512
Cognitive Disability,Region VI (Western Visayas),Moderate,PH060000000,GUIMARAS,389,PH067900000,185174,211.0,2.3242824552976926
Cognitive Disability,Region VI (Western Visayas),Moderate,PH060000000,ILOILO,6968,PH063000000,2524211,277.0,2.4424797690644486
Cognitive Disability,Region VI (Western Visayas),Moderate,PH060000000,NEGROS OCCIDENTAL,4821,PH064500000,3174389,152.0,2.1818435879447726
Cognitive Disability,Region VI (Western Visayas),Severe,PH060000000,AKLAN,604,PH060400000,605584,100.0,2.0
Cognitive Disability,Region VI (Western Visayas),Severe,PH060000000,ANTIQUE,606,PH060600000,612454,99.0,1.99563519459755
Cognitive Disability,Region VI (Western Visayas),Severe,PH060000000,CAPIZ,624,PH061900000,803083,78.0,1.8920946026904804
Cognitive Disability,Region VI (Western Visayas),Severe,PH060000000,GUIMARAS,149,PH067900000,185174,81.0,1.9084850188786497
Cognitive Disability,Region VI (Western Visayas),Severe,PH060000000,ILOILO,2206,PH063000000,2524211,88.0,1.9444826721501687
Cognitive Disability,Region VI (Western Visayas),Severe,PH060000000,NEGROS OCCIDENTAL,1780,PH064500000,3174389,57.0,1.7558748556724915
Cognitive Disability,Region VII (Central Visayas),Mild,PH070000000,BOHOL,28369,PH071200000,1365107,2079.0,3.317854489331469
Cognitive Disability,Region VII (Central Visayas),Mild,PH070000000,CEBU,52135,PH072200000,5085207,1026.0,3.0111473607757975
Cognitive Disability,Region VII (Central Visayas),Mild,PH070000000,NEGROS ORIENTAL,22844,PH074600000,1406274,1625.0,3.210853365314893
Cognitive Disability,Region VII (Central Visayas),Mild,PH070000000,SIQUIJOR,1731,PH076100000,100457,1724.0,3.236537261488694
Cognitive Disability,Region VII (Central Visayas),Moderate,PH070000000,BOHOL,3986,PH071200000,1365107,292.0,2.4653828514484184
Cognitive Disability,Region VII (Central Visayas),Moderate,PH070000000,CEBU,8237,PH072200000,5085207,162.0,2.2095150145426308
Cognitive Disability,Region VII (Central Visayas),Moderate,PH070000000,NEGROS ORIENTAL,3481,PH074600000,1406274,248.0,2.3944516808262164
Cognitive Disability,Region VII (Central Visayas),Moderate,PH070000000,SIQUIJOR,282,PH076100000,100457,281.0,2.44870631990508
Cognitive Disability,Region VII (Central Visayas),Severe,PH070000000,BOHOL,1266,PH071200000,1365107,93.0,1.968482948553935
Cognitive Disability,Region VII (Central Visayas),Severe,PH070000000,CEBU,3061,PH072200000,5085207,61.0,1.7853298350107671
Cognitive Disability,Region VII (Central Visayas),Severe,PH070000000,NEGROS ORIENTAL,1161,PH074600000,1406274,83.0,1.919078092376074
Cognitive Disability,Region VII (Central Visayas),Severe,PH070000000,SIQUIJOR,130,PH076100000,100457,130.0,2.113943352306837
Cognitive Disability,Region VIII (Eastern Visayas),Mild,PH080000000,BILIRAN,2811,PH087800000,179362,1568.0,3.1953460583484197
Cognitive Disability,Region VIII (Eastern Visayas),Mild,PH080000000,EASTERN SAMAR,8597,PH082600000,503495,1708.0,3.232487866352986
Cognitive Disability,Region VIII (Eastern Visayas),Mild,PH080000000,LEYTE,31994,PH083700000,2124269,1507.0,3.1781132523146316
Cognitive Disability,Region VIII (Eastern Visayas),Mild,PH080000000,NORTHERN SAMAR,12277,PH084800000,668766,1836.0,3.2638726768652235
Cognitive Disability,Region VIII (Eastern Visayas),Mild,PH080000000,SAMAR (WESTERN SAMAR),7341,PH086000000,822095,893.0,2.9508514588885464
Cognitive Disability,Region VIII (Eastern Visayas),Mild,PH080000000,SOUTHERN LEYTE,10382,PH086400000,444355,2337.0,3.368658712392227
Cognitive Disability,Region VIII (Eastern Visayas),Moderate,PH080000000,BILIRAN,368,PH087800000,179362,206.0,2.3138672203691533
Cognitive Disability,Region VIII (Eastern Visayas),Moderate,PH080000000,EASTERN SAMAR,1117,PH082600000,503495,222.0,2.346352974450639
Cognitive Disability,Region VIII (Eastern Visayas),Moderate,PH080000000,LEYTE,3950,PH083700000,2124269,186.0,2.2695129442179165
Cognitive Disability,Region VIII (Eastern Visayas),Moderate,PH080000000,NORTHERN SAMAR,1431,PH084800000,668766,214.0,2.330413773349191
Cognitive Disability,Region VIII (Eastern Visayas),Moderate,PH080000000,SAMAR (WESTERN SAMAR),1010,PH086000000,822095,123.0,2.089905111439398
Cognitive Disability,Region VIII (Eastern Visayas),Moderate,PH080000000,SOUTHERN LEYTE,1234,PH086400000,444355,278.0,2.444044795918076
Cognitive Disability,Region VIII (Eastern Visayas),Severe,PH080000000,BILIRAN,127,PH087800000,179362,71.0,1.8512583487190752
Cognitive Disability,Region VIII (Eastern Visayas),Severe,PH080000000,EASTERN SAMAR,332,PH082600000,503495,66.0,1.8195439355418688
Cognitive Disability,Region VIII (Eastern Visayas),Severe,PH080000000,LEYTE,1292,PH083700000,2124269,61.0,1.7853298350107671
Cognitive Disability,Region VIII (Eastern Visayas),Severe,PH080000000,NORTHERN SAMAR,402,PH084800000,668766,61.0,1.7853298350107671
Cognitive Disability,Region VIII (Eastern Visayas),Severe,PH080000000,SAMAR (WESTERN SAMAR),281,PH086000000,822095,35.0,1.5440680443502757
Cognitive Disability,Region VIII (Eastern Visayas),Severe,PH080000000,SOUTHERN LEYTE,398,PH086400000,444355,90.0,1.954242509439325
Cognitive Disability,Region X (Northern Mindanao),Mild,PH100000000,BUKIDNON,21957,PH101300000,1510189,1454.0,3.162564406523019
Cognitive Disability,Region X (Northern Mindanao),Mild,PH100000000,CAMIGUIN,1966,PH101800000,92431,2127.0,3.327767489902729
Cognitive Disability,Region X (Northern Mindanao),Mild,PH100000000,LANAO DEL NORTE,9614,PH103500000,1095270,878.0,2.9434945159061026
Cognitive Disability,Region X (Northern Mindanao),Mild,PH100000000,MISAMIS OCCIDENTAL,9468,PH104200000,627158,1510.0,3.1789769472931693
Cognitive Disability,Region X (Northern Mindanao),Mild,PH100000000,MISAMIS ORIENTAL,17427,PH104300000,1692002,1030.0,3.012837224705172
Cognitive Disability,Region X (Northern Mindanao),Moderate,PH100000000,BUKIDNON,2669,PH101300000,1510189,177.0,2.247973266361807
Cognitive Disability,Region X (Northern Mindanao),Moderate,PH100000000,CAMIGUIN,235,PH101800000,92431,255.0,2.406540180433955
Cognitive Disability,Region X (Northern Mindanao),Moderate,PH100000000,LANAO DEL NORTE,1269,PH103500000,1095270,116.0,2.0644579892269186
Cognitive Disability,Region X (Northern Mindanao),Moderate,PH100000000,MISAMIS OCCIDENTAL,1439,PH104200000,627158,230.0,2.361727836017593
Cognitive Disability,Region X (Northern Mindanao),Moderate,PH100000000,MISAMIS ORIENTAL,2584,PH104300000,1692002,153.0,2.184691430817599
Cognitive Disability,Region X (Northern Mindanao),Severe,PH100000000,BUKIDNON,952,PH101300000,1510189,64.0,1.806179973983887
Cognitive Disability,Region X (Northern Mindanao),Severe,PH100000000,CAMIGUIN,89,PH101800000,92431,97.0,1.9867717342662448
Cognitive Disability,Region X (Northern Mindanao),Severe,PH100000000,LANAO DEL NORTE,475,PH103500000,1095270,44.0,1.6434526764861874
Cognitive Disability,Region X (Northern Mindanao),Severe,PH100000000,MISAMIS OCCIDENTAL,509,PH104200000,627158,82.0,1.9138138523837167
Cognitive Disability,Region X (Northern Mindanao),Severe,PH100000000,MISAMIS ORIENTAL,988,PH104300000,1692002,59.0,1.7708520116421442
Cognitive Disability,Region XIII (Caraga),Mild,PH160000000,AGUSAN DEL NORTE,9019,PH160200000,738775,1221.0,3.0867156639448825
Cognitive Disability,Region XIII (Caraga),Mild,PH160000000,AGUSAN DEL SUR,12620,PH160300000,734982,1718.0,3.2350231594952237
Cognitive Disability,Region XIII (Caraga),Mild,PH160000000,DINAGAT ISLANDS,2214,PH168500000,130671,1695.0,3.229169702539101
Cognitive Disability,Region XIII (Caraga),Mild,PH160000000,SURIGAO DEL NORTE,9482,PH166700000,528148,1796.0,3.2543063323312857
Cognitive Disability,Region XIII (Caraga),Mild,PH160000000,SURIGAO DEL SUR,11938,PH166800000,620531,1924.0,3.284205067701794
Cognitive Disability,Region XIII (Caraga),Moderate,PH160000000,AGUSAN DEL NORTE,1221,PH160200000,738775,166.0,2.220108088040055
Cognitive Disability,Region XIII (Caraga),Moderate,PH160000000,AGUSAN DEL SUR,1438,PH160300000,734982,196.0,2.292256071356476
Cognitive Disability,Region XIII (Caraga),Moderate,PH160000000,DINAGAT ISLANDS,259,PH168500000,130671,199.0,2.298853076409707
Cognitive Disability,Region XIII (Caraga),Moderate,PH160000000,SURIGAO DEL NORTE,1050,PH166700000,528148,199.0,2.298853076409707
Cognitive Disability,Region XIII (Caraga),Moderate,PH160000000,SURIGAO DEL SUR,1487,PH166800000,620531,240.0,2.380211241711606
Cognitive Disability,Region XIII (Caraga),Severe,PH160000000,AGUSAN DEL NORTE,430,PH160200000,738775,59.0,1.7708520116421442
Cognitive Disability,Region XIII (Caraga),Severe,PH160000000,AGUSAN DEL SUR,481,PH160300000,734982,66.0,1.8195439355418688
Cognitive Disability,Region XIII (Caraga),Severe,PH160000000,DINAGAT ISLANDS,66,PH168500000,130671,51.0,1.7075701760979363
Cognitive Disability,Region XIII (Caraga),Severe,PH160000000,SURIGAO DEL NORTE,305,PH166700000,528148,58.0,1.7634279935629373
Cognitive Disability,Region XIII (Caraga),Severe,PH160000000,SURIGAO DEL SUR,455,PH166800000,620531,74.0,1.8692317197309762
Communication Disability,BANGSAMORO AUTONOMOUS REGION IN MUSLIM MINDANAO (BARMM),Mild,PH150000000,BASILAN,1116,PH150700000,386697,289.0,2.4608978427565478
Communication Disability,BANGSAMORO AUTONOMOUS REGION IN MUSLIM MINDANAO (BARMM),Mild,PH150000000,LANAO DEL SUR,11719,PH153600000,1146287,1023.0,3.00987563371216
Communication Disability,BANGSAMORO AUTONOMOUS REGION IN MUSLIM MINDANAO (BARMM),Mild,PH150000000,MAGUINDANAO,6226,PH153800000,1323051,471.0,2.673020907128896
Communication Disability,BANGSAMORO AUTONOMOUS REGION IN MUSLIM MINDANAO (BARMM),Mild,PH150000000,SULU,1548,PH156600000,913590,170.0,2.230448921378274
Communication Disability,BANGSAMORO AUTONOMOUS REGION IN MUSLIM MINDANAO (BARMM),Mild,PH150000000,TAWI-TAWI,970,PH157000000,413690,235.0,2.3710678622717363
Communication Disability,BANGSAMORO AUTONOMOUS REGION IN MUSLIM MINDANAO (BARMM),Moderate,PH150000000,BASILAN,246,PH150700000,386697,64.0,1.806179973983887
Communication Disability,BANGSAMORO AUTONOMOUS REGION IN MUSLIM MINDANAO (BARMM),Moderate,PH150000000,LANAO DEL SUR,2236,PH153600000,1146287,196.0,2.292256071356476
Communication Disability,BANGSAMORO AUTONOMOUS REGION IN MUSLIM MINDANAO (BARMM),Moderate,PH150000000,MAGUINDANAO,1124,PH153800000,1323051,85.0,1.9294189257142926
Communication Disability,BANGSAMORO AUTONOMOUS REGION IN MUSLIM MINDANAO (BARMM),Moderate,PH150000000,SULU,381,PH156600000,913590,42.0,1.6232492903979006
Communication Disability,BANGSAMORO AUTONOMOUS REGION IN MUSLIM MINDANAO (BARMM),Moderate,PH150000000,TAWI-TAWI,251,PH157000000,413690,61.0,1.7853298350107671
Communication Disability,BANGSAMORO AUTONOMOUS REGION IN MUSLIM MINDANAO (BARMM),Severe,PH150000000,BASILAN,225,PH150700000,386697,59.0,1.7708520116421442
Communication Disability,BANGSAMORO AUTONOMOUS REGION IN MUSLIM MINDANAO (BARMM),Severe,PH150000000,LANAO DEL SUR,1525,PH153600000,1146287,134.0,2.1271047983648077
Communication Disability,BANGSAMORO AUTONOMOUS REGION IN MUSLIM MINDANAO (BARMM),Severe,PH150000000,MAGUINDANAO,810,PH153800000,1323051,62.0,1.792391689498254
Communication Disability,BANGSAMORO AUTONOMOUS REGION IN MUSLIM MINDANAO (BARMM),Severe,PH150000000,SULU,354,PH156600000,913590,39.0,1.591064607026499
Communication Disability,BANGSAMORO AUTONOMOUS REGION IN MUSLIM MINDANAO (BARMM),Severe,PH150000000,TAWI-TAWI,203,PH157000000,413690,50.0,1.6989700043360187
Communication Disability,Cordillera Administrative Region (CAR),Mild,PH140000000,ABRA,1116,PH140100000,247402,452.0,2.655138434811382
Communication Disability,Cordillera Administrative Region (CAR),Mild,PH140000000,APAYAO,683,PH148100000,123899,552.0,2.741939077729199
Communication Disability,Cordillera Administrative Region (CAR),Mild,PH140000000,BENGUET,2604,PH141100000,848552,307.0,2.4871383754771865
Communication Disability,Cordillera Administrative Region (CAR),Mild,PH140000000,IFUGAO,731,PH142700000,210669,347.0,2.5403294747908736
Communication Disability,Cordillera Administrative Region (CAR),Mild,PH140000000,KALINGA,869,PH143200000,220230,395.0,2.59659709562646
Communication Disability,Cordillera Administrative Region (CAR),Mild,PH140000000,MOUNTAIN PROVINCE,593,PH144400000,156987,378.0,2.5774917998372255
Communication Disability,Cordillera Administrative Region (CAR),Moderate,PH140000000,ABRA,446,PH140100000,247402,181.0,2.2576785748691846
Communication Disability,Cordillera Administrative Region (CAR),Moderate,PH140000000,APAYAO,236,PH148100000,123899,191.0,2.2810333672477277
Communication Disability,Cordillera Administrative Region (CAR),Moderate,PH140000000,BENGUET,1280,PH141100000,848552,151.0,2.1789769472931693
Communication Disability,Cordillera Administrative Region (CAR),Moderate,PH140000000,IFUGAO,333,PH142700000,210669,159.0,2.2013971243204513
Communication Disability,Cordillera Administrative Region (CAR),Moderate,PH140000000,KALINGA,378,PH143200000,220230,172.0,2.2355284469075487
Communication Disability,Cordillera Administrative Region (CAR),Moderate,PH140000000,MOUNTAIN PROVINCE,246,PH144400000,156987,157.0,2.1958996524092336
Communication Disability,Cordillera Administrative Region (CAR),Severe,PH140000000,ABRA,338,PH140100000,247402,137.0,2.1367205671564067
Communication Disability,Cordillera Administrative Region (CAR),Severe,PH140000000,APAYAO,216,PH148100000,123899,175.0,2.2430380486862944
Communication Disability,Cordillera Administrative Region (CAR),Severe,PH140000000,BENGUET,1066,PH141100000,848552,126.0,2.100370545117563
Communication Disability,Cordillera Administrative Region (CAR),Severe,PH140000000,IFUGAO,268,PH142700000,210669,128.0,2.1072099696478683
Communication Disability,Cordillera Administrative Region (CAR),Severe,PH140000000,KALINGA,317,PH143200000,220230,144.0,2.1583624920952498
Communication Disability,Cordillera Administrative Region (CAR),Severe,PH140000000,MOUNTAIN PROVINCE,184,PH144400000,156987,118.0,2.0718820073061255
Communication Disability,MIMAROPA Region,Mild,PH1700000000,MARINDUQUE,1390,PH174000000,241036,577.0,2.7611758131557314
Communication Disability,MIMAROPA Region,Mild,PH1700000000,OCCIDENTAL MINDORO,1830,PH175100000,515134,356.0,2.5514499979728753
Communication Disability,MIMAROPA Region,Mild,PH1700000000,ORIENTAL MINDORO,3366,PH175200000,901270,374.0,2.5728716022004803
Communication Disability,MIMAROPA Region,Mild,PH1700000000,PALAWAN,5010,PH175300000,1216009,413.0,2.615950051656401
Communication Disability,MIMAROPA Region,Mild,PH1700000000,ROMBLON,1537,PH175900000,301407,510.0,2.7075701760979363
Communication Disability,MIMAROPA Region,Moderate,PH1700000000,MARINDUQUE,577,PH174000000,241036,240.0,2.380211241711606
Communication Disability,MIMAROPA Region,Moderate,PH1700000000,OCCIDENTAL MINDORO,734,PH175100000,515134,143.0,2.155336037465062
Communication Disability,MIMAROPA Region,Moderate,PH1700000000,ORIENTAL MINDORO,1639,PH175200000,901270,182.0,2.2600713879850747
Communication Disability,MIMAROPA Region,Moderate,PH1700000000,PALAWAN,1704,PH175300000,1216009,141.0,2.1492191126553797
Communication Disability,MIMAROPA Region,Moderate,PH1700000000,ROMBLON,789,PH175900000,301407,262.0,2.4183012913197452
Communication Disability,MIMAROPA Region,Severe,PH1700000000,MARINDUQUE,444,PH174000000,241036,185.0,2.2671717284030137
Communication Disability,MIMAROPA Region,Severe,PH1700000000,OCCIDENTAL MINDORO,597,PH175100000,515134,116.0,2.0644579892269186
Communication Disability,MIMAROPA Region,Severe,PH1700000000,ORIENTAL MINDORO,1270,PH175200000,901270,141.0,2.1492191126553797
Communication Disability,MIMAROPA Region,Severe,PH1700000000,PALAWAN,1310,PH175300000,1216009,108.0,2.03342375548695
Communication Disability,MIMAROPA Region,Severe,PH1700000000,ROMBLON,497,PH175900000,301407,165.0,2.2174839442139063
Communication Disability,National Capital Region (NCR),Mild,PH130000000,"NCR, FIRST DISTRICT (NOT A PROVINCE)",6213,PH133900000,1886920,330.0,2.5185139398778875
Communication Disability,National Capital Region (NCR),Mild,PH130000000,"NCR, FOURTH DISTRICT (NOT A PROVINCE)",10437,PH137600000,4015981,260.0,2.4149733479708178
Communication Disability,National Capital Region (NCR),Mild,PH130000000,"NCR, SECOND DISTRICT (NOT A PROVINCE)",12641,PH137400000,4960933,255.0,2.406540180433955
Communication Disability,National Capital Region (NCR),Mild,PH130000000,"NCR, THIRD DISTRICT (NOT A PROVINCE)",6207,PH137500000,2940822,212.0,2.326335860928751
Communication Disability,National Capital Region (NCR),Moderate,PH130000000,"NCR, FIRST DISTRICT (NOT A PROVINCE)",2033,PH133900000,1886920,108.0,2.03342375548695
Communication Disability,National Capital Region (NCR),Moderate,PH130000000,"NCR, FOURTH DISTRICT (NOT A PROVINCE)",3608,PH137600000,4015981,90.0,1.954242509439325
Communication Disability,National Capital Region (NCR),Moderate,PH130000000,"NCR, SECOND DISTRICT (NOT A PROVINCE)",4680,PH137400000,4960933,95.0,1.9777236052888478
Communication Disability,National Capital Region (NCR),Moderate,PH130000000,"NCR, THIRD DISTRICT (NOT A PROVINCE)",2445,PH137500000,2940822,84.0,1.9242792860618816
Communication Disability,National Capital Region (NCR),Severe,PH130000000,"NCR, FIRST DISTRICT (NOT A PROVINCE)",1917,PH133900000,1886920,102.0,2.0086001717619175
Communication Disability,National Capital Region (NCR),Severe,PH130000000,"NCR, FOURTH DISTRICT (NOT A PROVINCE)",3337,PH137600000,4015981,84.0,1.9242792860618816
Communication Disability,National Capital Region (NCR),Severe,PH130000000,"NCR, SECOND DISTRICT (NOT A PROVINCE)",4160,PH137400000,4960933,84.0,1.9242792860618816
Communication Disability,National Capital Region (NCR),Severe,PH130000000,"NCR, THIRD DISTRICT (NOT A PROVINCE)",2386,PH137500000,2940822,82.0,1.9138138523837167
Communication Disability,REGION XI (DAVAO REGION),Mild,PH110000000,COMPOSTELA VALLEY,2851,PH118200000,774102,369.0,2.56702636615906
Communication Disability,REGION XI (DAVAO REGION),Mild,PH110000000,DAVAO DEL NORTE,3540,PH112300000,1056457,336.0,2.526339277389844
Communication Disability,REGION XI (DAVAO REGION),Mild,PH110000000,DAVAO DEL SUR,7639,PH112400000,2520852,304.0,2.482873583608754
Communication Disability,REGION XI (DAVAO REGION),Mild,PH110000000,DAVAO OCCIDENTAL,1351,PH118600000,338925,399.0,2.6009728956867484
Communication Disability,REGION XI (DAVAO REGION),Mild,PH110000000,DAVAO ORIENTAL,2025,PH112500000,600531,338.0,2.5289167002776547
Communication Disability,REGION XI (DAVAO REGION),Moderate,PH110000000,COMPOSTELA VALLEY,1243,PH118200000,774102,161.0,2.2068258760318495
Communication Disability,REGION XI (DAVAO REGION),Moderate,PH110000000,DAVAO DEL NORTE,1410,PH112300000,1056457,134.0,2.1271047983648077
Communication Disability,REGION XI (DAVAO REGION),Moderate,PH110000000,DAVAO DEL SUR,3152,PH112400000,2520852,126.0,2.100370545117563
Communication Disability,REGION XI (DAVAO REGION),Moderate,PH110000000,DAVAO OCCIDENTAL,442,PH118600000,338925,131.0,2.1172712956557644
Communication Disability,REGION XI (DAVAO REGION),Moderate,PH110000000,DAVAO ORIENTAL,764,PH112500000,600531,128.0,2.1072099696478683
Communication Disability,REGION XI (DAVAO REGION),Severe,PH110000000,COMPOSTELA VALLEY,1086,PH118200000,774102,141.0,2.1492191126553797
Communication Disability,REGION XI (DAVAO REGION),Severe,PH110000000,DAVAO DEL NORTE,1158,PH112300000,1056457,110.0,2.041392685158225
Communication Disability,REGION XI (DAVAO REGION),Severe,PH110000000,DAVAO DEL SUR,2736,PH112400000,2520852,109.0,2.037426497940624
Communication Disability,REGION XI (DAVAO REGION),Severe,PH110000000,DAVAO OCCIDENTAL,353,PH118600000,338925,105.0,2.0211892990699383
Communication Disability,REGION XI (DAVAO REGION),Severe,PH110000000,DAVAO ORIENTAL,610,PH112500000,600531,102.0,2.0086001717619175
Communication Disability,REGION XII (SOCCSKSARGEN),Mild,PH120000000,COTABATO (NORTH COTABATO),4843,PH124700000,1527149,318.0,2.5024271199844326
Communication Disability,REGION XII (SOCCSKSARGEN),Mild,PH120000000,SARANGANI,11983,PH128000000,583791,2053.0,3.312388949370592
Communication Disability,REGION XII (SOCCSKSARGEN),Mild,PH120000000,SOUTH COTABATO,4813,PH126300000,1644256,293.0,2.4668676203541096
Communication Disability,REGION XII (SOCCSKSARGEN),Mild,PH120000000,SULTAN KUDARAT,3277,PH126500000,855241,384.0,2.584331224367531
Communication Disability,REGION XII (SOCCSKSARGEN),Moderate,PH120000000,COTABATO (NORTH COTABATO),1741,PH124700000,1527149,115.0,2.060697840353612
Communication Disability,REGION XII (SOCCSKSARGEN),Moderate,PH120000000,SARANGANI,5074,PH128000000,583791,870.0,2.9395192526186187
Communication Disability,REGION XII (SOCCSKSARGEN),Moderate,PH120000000,SOUTH COTABATO,1877,PH126300000,1644256,115.0,2.060697840353612
Communication Disability,REGION XII (SOCCSKSARGEN),Moderate,PH120000000,SULTAN KUDARAT,776,PH126500000,855241,91.0,1.9590413923210936
Communication Disability,REGION XII (SOCCSKSARGEN),Severe,PH120000000,COTABATO (NORTH COTABATO),1408,PH124700000,1527149,93.0,1.968482948553935
Communication Disability,REGION XII (SOCCSKSARGEN),Severe,PH120000000,SARANGANI,4214,PH128000000,583791,722.0,2.858537197569639
Communication Disability,REGION XII (SOCCSKSARGEN),Severe,PH120000000,SOUTH COTABATO,1745,PH126300000,1644256,107.0,2.0293837776852097
Communication Disability,REGION XII (SOCCSKSARGEN),Severe,PH120000000,SULTAN KUDARAT,596,PH126500000,855241,70.0,1.845098040014257
Communication Disability,Region I (Ilocos Region),Mild,PH010000000,ILOCOS NORTE,2308,PH012800000,613421,377.0,2.576341350205793
Communication Disability,Region I (Ilocos Region),Mild,PH010000000,ILOCOS SUR,2721,PH012900000,715810,381.0,2.5809249756756194
Communication Disability,Region I (Ilocos Region),Mild,PH010000000,LA UNION,2660,PH013300000,828194,322.0,2.507855871695831
Communication Disability,Region I (Ilocos Region),Mild,PH010000000,PANGASINAN,11144,PH015500000,3113382,358.0,2.5538830266438746
Communication Disability,Region I (Ilocos Region),Moderate,PH010000000,ILOCOS NORTE,930,PH012800000,613421,152.0,2.1818435879447726
Communication Disability,Region I (Ilocos Region),Moderate,PH010000000,ILOCOS SUR,1178,PH012900000,715810,165.0,2.2174839442139063
Communication Disability,Region I (Ilocos Region),Moderate,PH010000000,LA UNION,1279,PH013300000,828194,155.0,2.1903316981702914
Communication Disability,Region I (Ilocos Region),Moderate,PH010000000,PANGASINAN,4507,PH015500000,3113382,145.0,2.161368002234975
Communication Disability,Region I (Ilocos Region),Severe,PH010000000,ILOCOS NORTE,747,PH012800000,613421,122.0,2.0863598306747484
Communication Disability,Region I (Ilocos Region),Severe,PH010000000,ILOCOS SUR,914,PH012900000,715810,128.0,2.1072099696478683
Communication Disability,Region I (Ilocos Region),Severe,PH010000000,LA UNION,1231,PH013300000,828194,149.0,2.173186268412274
Communication Disability,Region I (Ilocos Region),Severe,PH010000000,PANGASINAN,3995,PH015500000,3113382,129.0,2.110589710299249
Communication Disability,Region II (Cagayan Valley),Mild,PH020000000,BATANES,84,PH020900000,17874,470.0,2.6720978579357175
Communication Disability,Region II (Cagayan Valley),Mild,PH020000000,CAGAYAN,4790,PH021500000,1273322,377.0,2.576341350205793
Communication Disability,Region II (Cagayan Valley),Mild,PH020000000,ISABELA,6429,PH023100000,1685739,382.0,2.582063362911709
Communication Disability,Region II (Cagayan Valley),Mild,PH020000000,NUEVA VIZCAYA,1892,PH025000000,482894,392.0,2.593286067020457
Communication Disability,Region II (Cagayan Valley),Mild,PH020000000,QUIRINO,562,PH025700000,197917,284.0,2.4533183400470375
Communication Disability,Region II (Cagayan Valley),Moderate,PH020000000,BATANES,40,PH020900000,17874,224.0,2.3502480183341627
Communication Disability,Region II (Cagayan Valley),Moderate,PH020000000,CAGAYAN,1769,PH021500000,1273322,139.0,2.143014800254095
Communication Disability,Region II (Cagayan Valley),Moderate,PH020000000,ISABELA,2509,PH023100000,1685739,149.0,2.173186268412274
Communication Disability,Region II (Cagayan Valley),Moderate,PH020000000,NUEVA VIZCAYA,776,PH025000000,482894,161.0,2.2068258760318495
Communication Disability,Region II (Cagayan Valley),Moderate,PH020000000,QUIRINO,291,PH025700000,197917,148.0,2.1702617153949575
Communication Disability,Region II (Cagayan Valley),Severe,PH020000000,BATANES,22,PH020900000,17874,124.0,2.093421685162235
Communication Disability,Region II (Cagayan Valley),Severe,PH020000000,CAGAYAN,1719,PH021500000,1273322,136.0,2.1335389083702174
Communication Disability,Region II (Cagayan Valley),Severe,PH020000000,ISABELA,2284,PH023100000,1685739,136.0,2.1335389083702174
Communication Disability,Region II (Cagayan Valley),Severe,PH020000000,NUEVA VIZCAYA,603,PH025000000,482894,125.0,2.0969100130080562
Communication Disability,Region II (Cagayan Valley),Severe,PH020000000,QUIRINO,211,PH025700000,197917,107.0,2.0293837776852097
Communication Disability,Region III (Central Luzon),Mild,PH030000000,AURORA,711,PH037700000,227530,313.0,2.4955443375464483
Communication Disability,Region III (Central Luzon),Mild,PH030000000,BATAAN,2042,PH030800000,836076,245.0,2.3891660843645326
Communication Disability,Region III (Central Luzon),Mild,PH030000000,BULACAN,10742,PH031400000,3646679,295.0,2.469822015978163
Communication Disability,Region III (Central Luzon),Mild,PH030000000,NUEVA ECIJA,8030,PH034900000,2355414,341.0,2.5327543789924976
Communication Disability,Region III (Central Luzon),Mild,PH030000000,PAMPANGA,6858,PH035400000,2893624,238.0,2.376576957056512
Communication Disability,Region III (Central Luzon),Mild,PH030000000,TARLAC,3904,PH036900000,1460137,268.0,2.428134794028789
Communication Disability,Region III (Central Luzon),Mild,PH030000000,ZAMBALES,2659,PH037100000,894254,298.0,2.4742162640762553
Communication Disability,Region III (Central Luzon),Moderate,PH030000000,AURORA,297,PH037700000,227530,131.0,2.1172712956557644
Communication Disability,Region III (Central Luzon),Moderate,PH030000000,BATAAN,960,PH030800000,836076,115.0,2.060697840353612
Communication Disability,Region III (Central Luzon),Moderate,PH030000000,BULACAN,4501,PH031400000,3646679,124.0,2.093421685162235
Communication Disability,Region III (Central Luzon),Moderate,PH030000000,NUEVA ECIJA,2902,PH034900000,2355414,124.0,2.093421685162235
Communication Disability,Region III (Central Luzon),Moderate,PH030000000,PAMPANGA,2459,PH035400000,2893624,85.0,1.9294189257142926
Communication Disability,Region III (Central Luzon),Moderate,PH030000000,TARLAC,1529,PH036900000,1460137,105.0,2.0211892990699383
Communication Disability,Region III (Central Luzon),Moderate,PH030000000,ZAMBALES,1199,PH037100000,894254,135.0,2.130333768495006
Communication Disability,Region III (Central Luzon),Severe,PH030000000,AURORA,278,PH037700000,227530,123.0,2.089905111439398
Communication Disability,Region III (Central Luzon),Severe,PH030000000,BATAAN,830,PH030800000,836076,100.0,2.0
Communication Disability,Region III (Central Luzon),Severe,PH030000000,BULACAN,3872,PH031400000,3646679,107.0,2.0293837776852097
Communication Disability,Region III (Central Luzon),Severe,PH030000000,NUEVA ECIJA,2497,PH034900000,2355414,107.0,2.0293837776852097
Communication Disability,Region III (Central Luzon),Severe,PH030000000,PAMPANGA,2525,PH035400000,2893624,88.0,1.9444826721501687
Communication Disability,Region III (Central Luzon),Severe,PH030000000,TARLAC,1617,PH036900000,1460137,111.0,2.0453229787866576
Communication Disability,Region III (Central Luzon),Severe,PH030000000,ZAMBALES,993,PH037100000,894254,112.0,2.0492180226701815
Communication Disability,Region IV-A (CALABARZON),Mild,PH040000000,BATANGAS,7847,PH041000000,3033730,259.0,2.413299764081252
Communication Disability,Region IV-A (CALABARZON),Mild,PH040000000,CAVITE,10149,PH042100000,4210866,242.0,2.383815365980431
Communication Disability,Region IV-A (CALABARZON),Mild,PH040000000,LAGUNA,9176,PH043400000,3343703,275.0,2.439332693830263
Communication Disability,Region IV-A (CALABARZON),Mild,PH040000000,QUEZON,8234,PH045600000,2260033,365.0,2.5622928644564746
Communication Disability,Region IV-A (CALABARZON),Mild,PH040000000,RIZAL,8058,PH045800000,3208959,252.0,2.401400540781544
Communication Disability,Region IV-A (CALABARZON),Moderate,PH040000000,BATANGAS,3110,PH041000000,3033730,103.0,2.012837224705172
Communication Disability,Region IV-A (CALABARZON),Moderate,PH040000000,CAVITE,4379,PH042100000,4210866,104.0,2.0170333392987803
Communication Disability,Region IV-A (CALABARZON),Moderate,PH040000000,LAGUNA,3274,PH043400000,3343703,98.0,1.9912260756924949
Communication Disability,Region IV-A (CALABARZON),Moderate,PH040000000,QUEZON,3564,PH045600000,2260033,158.0,2.1986570869544226
Communication Disability,Region IV-A (CALABARZON),Moderate,PH040000000,RIZAL,3113,PH045800000,3208959,98.0,1.9912260756924949
Communication Disability,Region IV-A (CALABARZON),Severe,PH040000000,BATANGAS,2887,PH041000000,3033730,96.0,1.9822712330395684
Communication Disability,Region IV-A (CALABARZON),Severe,PH040000000,CAVITE,4250,PH042100000,4210866,101.0,2.0043213737826426
Communication Disability,Region IV-A (CALABARZON),Severe,PH040000000,LAGUNA,2923,PH043400000,3343703,88.0,1.9444826721501687
Communication Disability,Region IV-A (CALABARZON),Severe,PH040000000,QUEZON,2663,PH045600000,2260033,118.0,2.0718820073061255
Communication Disability,Region IV-A (CALABARZON),Severe,PH040000000,RIZAL,2800,PH045800000,3208959,88.0,1.9444826721501687
Communication Disability,Region IX (Zamboanga Peninsula),Mild,PH090000000,CITY OF ISABELA (NOT A PROVINCE),372,PH099700000,127728,292.0,2.4653828514484184
Communication Disability,Region IX (Zamboanga Peninsula),Mild,PH090000000,ZAMBOANGA DEL NORTE,4502,PH097200000,1047292,430.0,2.6334684555795866
Communication Disability,Region IX (Zamboanga Peninsula),Mild,PH090000000,ZAMBOANGA DEL SUR,7194,PH097300000,1928337,374.0,2.5728716022004803
Communication Disability,Region IX (Zamboanga Peninsula),Mild,PH090000000,ZAMBOANGA SIBUGAY,2552,PH098300000,679404,376.0,2.575187844927661
Communication Disability,Region IX (Zamboanga Peninsula),Moderate,PH090000000,CITY OF ISABELA (NOT A PROVINCE),140,PH099700000,127728,110.0,2.041392685158225
Communication Disability,Region IX (Zamboanga Peninsula),Moderate,PH090000000,ZAMBOANGA DEL NORTE,1593,PH097200000,1047292,153.0,2.184691430817599
Communication Disability,Region IX (Zamboanga Peninsula),Moderate,PH090000000,ZAMBOANGA DEL SUR,2681,PH097300000,1928337,140.0,2.146128035678238
Communication Disability,Region IX (Zamboanga Peninsula),Moderate,PH090000000,ZAMBOANGA SIBUGAY,990,PH098300000,679404,146.0,2.164352855784437
Communication Disability,Region IX (Zamboanga Peninsula),Severe,PH090000000,CITY OF ISABELA (NOT A PROVINCE),123,PH099700000,127728,97.0,1.9867717342662448
Communication Disability,Region IX (Zamboanga Peninsula),Severe,PH090000000,ZAMBOANGA DEL NORTE,1267,PH097200000,1047292,121.0,2.0827853703164503
Communication Disability,Region IX (Zamboanga Peninsula),Severe,PH090000000,ZAMBOANGA DEL SUR,2366,PH097300000,1928337,123.0,2.089905111439398
Communication Disability,Region IX (Zamboanga Peninsula),Severe,PH090000000,ZAMBOANGA SIBUGAY,832,PH098300000,679404,123.0,2.089905111439398
Communication Disability,Region V (Bicol Region),Mild,PH050000000,ALBAY,5247,PH050500000,1396088,376.0,2.575187844927661
Communication Disability,Region V (Bicol Region),Mild,PH050000000,CAMARINES NORTE,2601,PH051600000,622514,418.0,2.621176281775035
Communication Disability,Region V (Bicol Region),Mild,PH050000000,CAMARINES SUR,8398,PH051700000,2059495,408.0,2.61066016308988
Communication Disability,Region V (Bicol Region),Mild,PH050000000,CATANDUANES,1319,PH052000000,272941,484.0,2.6848453616444123
Communication Disability,Region V (Bicol Region),Mild,PH050000000,MASBATE,3073,PH054100000,937079,328.0,2.515873843711679
Communication Disability,Region V (Bicol Region),Mild,PH050000000,SORSOGON,3927,PH056200000,845718,465.0,2.667452952889954
Communication Disability,Region V (Bicol Region),Moderate,PH050000000,ALBAY,2327,PH050500000,1396088,167.0,2.2227164711475833
Communication Disability,Region V (Bicol Region),Moderate,PH050000000,CAMARINES NORTE,1287,PH051600000,622514,207.0,2.315970345456918
Communication Disability,Region V (Bicol Region),Moderate,PH050000000,CAMARINES SUR,3912,PH051700000,2059495,190.0,2.278753600952829
Communication Disability,Region V (Bicol Region),Moderate,PH050000000,CATANDUANES,639,PH052000000,272941,235.0,2.3710678622717363
Communication Disability,Region V (Bicol Region),Moderate,PH050000000,MASBATE,1183,PH054100000,937079,127.0,2.103803720955957
Communication Disability,Region V (Bicol Region),Moderate,PH050000000,SORSOGON,1688,PH056200000,845718,200.0,2.3010299956639813
Communication Disability,Region V (Bicol Region),Severe,PH050000000,ALBAY,1857,PH050500000,1396088,134.0,2.1271047983648077
Communication Disability,Region V (Bicol Region),Severe,PH050000000,CAMARINES NORTE,988,PH051600000,622514,159.0,2.2013971243204513
Communication Disability,Region V (Bicol Region),Severe,PH050000000,CAMARINES SUR,3258,PH051700000,2059495,159.0,2.2013971243204513
Communication Disability,Region V (Bicol Region),Severe,PH050000000,CATANDUANES,484,PH052000000,272941,178.0,2.250420002308894
Communication Disability,Region V (Bicol Region),Severe,PH050000000,MASBATE,1105,PH054100000,937079,118.0,2.0718820073061255
Communication Disability,Region V (Bicol Region),Severe,PH050000000,SORSOGON,1323,PH056200000,845718,157.0,2.1958996524092336
Communication Disability,Region VI (Western Visayas),Mild,PH060000000,AKLAN,2844,PH060400000,605584,470.0,2.6720978579357175
Communication Disability,Region VI (Western Visayas),Mild,PH060000000,ANTIQUE,3273,PH060600000,612454,535.0,2.7283537820212285
Communication Disability,Region VI (Western Visayas),Mild,PH060000000,CAPIZ,3904,PH061900000,803083,487.0,2.6875289612146345
Communication Disability,Region VI (Western Visayas),Mild,PH060000000,GUIMARAS,700,PH067900000,185174,379.0,2.578639209968072
Communication Disability,Region VI (Western Visayas),Mild,PH060000000,ILOILO,11838,PH063000000,2524211,469.0,2.6711728427150834
Communication Disability,Region VI (Western Visayas),Mild,PH060000000,NEGROS OCCIDENTAL,11073,PH064500000,3174389,349.0,2.5428254269591797
Communication Disability,Region VI (Western Visayas),Moderate,PH060000000,AKLAN,1195,PH060400000,605584,198.0,2.296665190261531
Communication Disability,Region VI (Western Visayas),Moderate,PH060000000,ANTIQUE,1344,PH060600000,612454,220.0,2.342422680822206
Communication Disability,Region VI (Western Visayas),Moderate,PH060000000,CAPIZ,1306,PH061900000,803083,163.0,2.2121876044039577
Communication Disability,Region VI (Western Visayas),Moderate,PH060000000,GUIMARAS,310,PH067900000,185174,168.0,2.225309281725863
Communication Disability,Region VI (Western Visayas),Moderate,PH060000000,ILOILO,4613,PH063000000,2524211,183.0,2.2624510897304293
Communication Disability,Region VI (Western Visayas),Moderate,PH060000000,NEGROS OCCIDENTAL,4295,PH064500000,3174389,136.0,2.1335389083702174
Communication Disability,Region VI (Western Visayas),Severe,PH060000000,AKLAN,988,PH060400000,605584,164.0,2.214843848047698
Communication Disability,Region VI (Western Visayas),Severe,PH060000000,ANTIQUE,1070,PH060600000,612454,175.0,2.2430380486862944
Communication Disability,Region VI (Western Visayas),Severe,PH060000000,CAPIZ,1045,PH061900000,803083,131.0,2.1172712956557644
Communication Disability,Region VI (Western Visayas),Severe,PH060000000,GUIMARAS,279,PH067900000,185174,151.0,2.1789769472931693
Communication Disability,Region VI (Western Visayas),Severe,PH060000000,ILOILO,3698,PH063000000,2524211,147.0,2.167317334748176
Communication Disability,Region VI (Western Visayas),Severe,PH060000000,NEGROS OCCIDENTAL,3910,PH064500000,3174389,124.0,2.093421685162235
Communication Disability,Region VII (Central Visayas),Mild,PH070000000,BOHOL,6136,PH071200000,1365107,450.0,2.6532125137753435
Communication Disability,Region VII (Central Visayas),Mild,PH070000000,CEBU,16324,PH072200000,5085207,322.0,2.507855871695831
Communication Disability,Region VII (Central Visayas),Mild,PH070000000,NEGROS ORIENTAL,5990,PH074600000,1406274,426.0,2.629409599102719
Communication Disability,Region VII (Central Visayas),Mild,PH070000000,SIQUIJOR,507,PH076100000,100457,505.0,2.7032913781186614
Communication Disability,Region VII (Central Visayas),Moderate,PH070000000,BOHOL,2779,PH071200000,1365107,204.0,2.3096301674258988
Communication Disability,Region VII (Central Visayas),Moderate,PH070000000,CEBU,6866,PH072200000,5085207,136.0,2.1335389083702174
Communication Disability,Region VII (Central Visayas),Moderate,PH070000000,NEGROS ORIENTAL,2507,PH074600000,1406274,179.0,2.2528530309798933
Communication Disability,Region VII (Central Visayas),Moderate,PH070000000,SIQUIJOR,214,PH076100000,100457,214.0,2.330413773349191
Communication Disability,Region VII (Central Visayas),Severe,PH070000000,BOHOL,2286,PH071200000,1365107,168.0,2.225309281725863
Communication Disability,Region VII (Central Visayas),Severe,PH070000000,CEBU,5991,PH072200000,5085207,118.0,2.0718820073061255
Communication Disability,Region VII (Central Visayas),Severe,PH070000000,NEGROS ORIENTAL,2064,PH074600000,1406274,147.0,2.167317334748176
Communication Disability,Region VII (Central Visayas),Severe,PH070000000,SIQUIJOR,182,PH076100000,100457,182.0,2.2600713879850747
Communication Disability,Region VIII (Eastern Visayas),Mild,PH080000000,BILIRAN,700,PH087800000,179362,391.0,2.5921767573958667
Communication Disability,Region VIII (Eastern Visayas),Mild,PH080000000,EASTERN SAMAR,2201,PH082600000,503495,438.0,2.6414741105040997
Communication Disability,Region VIII (Eastern Visayas),Mild,PH080000000,LEYTE,7573,PH083700000,2124269,357.0,2.552668216112193
Communication Disability,Region VIII (Eastern Visayas),Mild,PH080000000,NORTHERN SAMAR,2593,PH084800000,668766,388.0,2.5888317255942073
Communication Disability,Region VIII (Eastern Visayas),Mild,PH080000000,SAMAR (WESTERN SAMAR),2374,PH086000000,822095,289.0,2.4608978427565478
Communication Disability,Region VIII (Eastern Visayas),Mild,PH080000000,SOUTHERN LEYTE,2118,PH086400000,444355,477.0,2.678518379040114
Communication Disability,Region VIII (Eastern Visayas),Moderate,PH080000000,BILIRAN,327,PH087800000,179362,183.0,2.2624510897304293
Communication Disability,Region VIII (Eastern Visayas),Moderate,PH080000000,EASTERN SAMAR,884,PH082600000,503495,176.0,2.24551266781415
Communication Disability,Region VIII (Eastern Visayas),Moderate,PH080000000,LEYTE,3326,PH083700000,2124269,157.0,2.1958996524092336
Communication Disability,Region VIII (Eastern Visayas),Moderate,PH080000000,NORTHERN SAMAR,1021,PH084800000,668766,153.0,2.184691430817599
Communication Disability,Region VIII (Eastern Visayas),Moderate,PH080000000,SAMAR (WESTERN SAMAR),898,PH086000000,822095,110.0,2.041392685158225
Communication Disability,Region VIII (Eastern Visayas),Moderate,PH080000000,SOUTHERN LEYTE,946,PH086400000,444355,213.0,2.3283796034387376
Communication Disability,Region VIII (Eastern Visayas),Severe,PH080000000,BILIRAN,272,PH087800000,179362,152.0,2.1818435879447726
Communication Disability,Region VIII (Eastern Visayas),Severe,PH080000000,EASTERN SAMAR,692,PH082600000,503495,138.0,2.1398790864012365
Communication Disability,Region VIII (Eastern Visayas),Severe,PH080000000,LEYTE,2767,PH083700000,2124269,131.0,2.1172712956557644
Communication Disability,Region VIII (Eastern Visayas),Severe,PH080000000,NORTHERN SAMAR,892,PH084800000,668766,134.0,2.1271047983648077
Communication Disability,Region VIII (Eastern Visayas),Severe,PH080000000,SAMAR (WESTERN SAMAR),756,PH086000000,822095,92.0,1.9637878273455553
Communication Disability,Region VIII (Eastern Visayas),Severe,PH080000000,SOUTHERN LEYTE,716,PH086400000,444355,162.0,2.2095150145426308
Communication Disability,Region X (Northern Mindanao),Mild,PH100000000,BUKIDNON,6486,PH101300000,1510189,430.0,2.6334684555795866
Communication Disability,Region X (Northern Mindanao),Mild,PH100000000,CAMIGUIN,327,PH101800000,92431,354.0,2.5490032620257876
Communication Disability,Region X (Northern Mindanao),Mild,PH100000000,LANAO DEL NORTE,3427,PH103500000,1095270,313.0,2.4955443375464483
Communication Disability,Region X (Northern Mindanao),Mild,PH100000000,MISAMIS OCCIDENTAL,2543,PH104200000,627158,406.0,2.6085260335771943
Communication Disability,Region X (Northern Mindanao),Mild,PH100000000,MISAMIS ORIENTAL,5127,PH104300000,1692002,304.0,2.482873583608754
Communication Disability,Region X (Northern Mindanao),Moderate,PH100000000,BUKIDNON,2351,PH101300000,1510189,156.0,2.1931245983544616
Communication Disability,Region X (Northern Mindanao),Moderate,PH100000000,CAMIGUIN,197,PH101800000,92431,214.0,2.330413773349191
Communication Disability,Region X (Northern Mindanao),Moderate,PH100000000,LANAO DEL NORTE,1149,PH103500000,1095270,105.0,2.0211892990699383
Communication Disability,Region X (Northern Mindanao),Moderate,PH100000000,MISAMIS OCCIDENTAL,1067,PH104200000,627158,171.0,2.2329961103921536
Communication Disability,Region X (Northern Mindanao),Moderate,PH100000000,MISAMIS ORIENTAL,2343,PH104300000,1692002,139.0,2.143014800254095
Communication Disability,Region X (Northern Mindanao),Severe,PH100000000,BUKIDNON,2103,PH101300000,1510189,140.0,2.146128035678238
Communication Disability,Region X (Northern Mindanao),Severe,PH100000000,CAMIGUIN,187,PH101800000,92431,203.0,2.307496037913213
Communication Disability,Region X (Northern Mindanao),Severe,PH100000000,LANAO DEL NORTE,1046,PH103500000,1095270,96.0,1.9822712330395684
Communication Disability,Region X (Northern Mindanao),Severe,PH100000000,MISAMIS OCCIDENTAL,857,PH104200000,627158,137.0,2.1367205671564067
Communication Disability,Region X (Northern Mindanao),Severe,PH100000000,MISAMIS ORIENTAL,1965,PH104300000,1692002,117.0,2.0681858617461617
Communication Disability,Region XIII (Caraga),Mild,PH160000000,AGUSAN DEL NORTE,2445,PH160200000,738775,331.0,2.519827993775719
Communication Disability,Region XIII (Caraga),Mild,PH160000000,AGUSAN DEL SUR,2518,PH160300000,734982,343.0,2.5352941200427703
Communication Disability,Region XIII (Caraga),Mild,PH160000000,DINAGAT ISLANDS,560,PH168500000,130671,429.0,2.6324572921847245
Communication Disability,Region XIII (Caraga),Mild,PH160000000,SURIGAO DEL NORTE,1845,PH166700000,528148,350.0,2.5440680443502757
Communication Disability,Region XIII (Caraga),Mild,PH160000000,SURIGAO DEL SUR,2695,PH166800000,620531,435.0,2.6384892569546374
Communication Disability,Region XIII (Caraga),Moderate,PH160000000,AGUSAN DEL NORTE,1155,PH160200000,738775,157.0,2.1958996524092336
Communication Disability,Region XIII (Caraga),Moderate,PH160000000,AGUSAN DEL SUR,1257,PH160300000,734982,172.0,2.2355284469075487
Communication Disability,Region XIII (Caraga),Moderate,PH160000000,DINAGAT ISLANDS,202,PH168500000,130671,155.0,2.1903316981702914
Communication Disability,Region XIII (Caraga),Moderate,PH160000000,SURIGAO DEL NORTE,775,PH166700000,528148,147.0,2.167317334748176
Communication Disability,Region XIII (Caraga),Moderate,PH160000000,SURIGAO DEL SUR,1076,PH166800000,620531,174.0,2.2405492482826
Communication Disability,Region XIII (Caraga),Severe,PH160000000,AGUSAN DEL NORTE,914,PH160200000,738775,124.0,2.093421685162235
Communication Disability,Region XIII (Caraga),Severe,PH160000000,AGUSAN DEL SUR,1036,PH160300000,734982,141.0,2.1492191126553797
Communication Disability,Region XIII (Caraga),Severe,PH160000000,DINAGAT ISLANDS,144,PH168500000,130671,111.0,2.0453229787866576
Communication Disability,Region XIII (Caraga),Severe,PH160000000,SURIGAO DEL NORTE,679,PH166700000,528148,129.0,2.110589710299249
Communication Disability,Region XIII (Caraga),Severe,PH160000000,SURIGAO DEL SUR,935,PH166800000,620531,151.0,2.1789769472931693
Hearing Disability,BANGSAMORO AUTONOMOUS REGION IN MUSLIM MINDANAO (BARMM),Mild,PH150000000,BASILAN,2927,PH150700000,386697,757.0,2.8790958795000727
Hearing Disability,BANGSAMORO AUTONOMOUS REGION IN MUSLIM MINDANAO (BARMM),Mild,PH150000000,LANAO DEL SUR,29056,PH153600000,1146287,2535.0,3.403977963669355
Hearing Disability,BANGSAMORO AUTONOMOUS REGION IN MUSLIM MINDANAO (BARMM),Mild,PH150000000,MAGUINDANAO,13438,PH153800000,1323051,1016.0,3.0068937079479006
Hearing Disability,BANGSAMORO AUTONOMOUS REGION IN MUSLIM MINDANAO (BARMM),Mild,PH150000000,SULU,3067,PH156600000,913590,336.0,2.526339277389844
Hearing Disability,BANGSAMORO AUTONOMOUS REGION IN MUSLIM MINDANAO (BARMM),Mild,PH150000000,TAWI-TAWI,3789,PH157000000,413690,916.0,2.9618954736678504
Hearing Disability,BANGSAMORO AUTONOMOUS REGION IN MUSLIM MINDANAO (BARMM),Moderate,PH150000000,BASILAN,231,PH150700000,386697,60.0,1.7781512503836436
Hearing Disability,BANGSAMORO AUTONOMOUS REGION IN MUSLIM MINDANAO (BARMM),Moderate,PH150000000,LANAO DEL SUR,2077,PH153600000,1146287,182.0,2.2600713879850747
Hearing Disability,BANGSAMORO AUTONOMOUS REGION IN MUSLIM MINDANAO (BARMM),Moderate,PH150000000,MAGUINDANAO,839,PH153800000,1323051,64.0,1.806179973983887
Hearing Disability,BANGSAMORO AUTONOMOUS REGION IN MUSLIM MINDANAO (BARMM),Moderate,PH150000000,SULU,166,PH156600000,913590,19.0,1.2787536009528289
Hearing Disability,BANGSAMORO AUTONOMOUS REGION IN MUSLIM MINDANAO (BARMM),Moderate,PH150000000,TAWI-TAWI,181,PH157000000,413690,44.0,1.6434526764861874
Hearing Disability,BANGSAMORO AUTONOMOUS REGION IN MUSLIM MINDANAO (BARMM),Severe,PH150000000,BASILAN,68,PH150700000,386697,18.0,1.255272505103306
Hearing Disability,BANGSAMORO AUTONOMOUS REGION IN MUSLIM MINDANAO (BARMM),Severe,PH150000000,LANAO DEL SUR,342,PH153600000,1146287,30.0,1.4771212547196624
Hearing Disability,BANGSAMORO AUTONOMOUS REGION IN MUSLIM MINDANAO (BARMM),Severe,PH150000000,MAGUINDANAO,139,PH153800000,1323051,11.0,1.0413926851582251
Hearing Disability,BANGSAMORO AUTONOMOUS REGION IN MUSLIM MINDANAO (BARMM),Severe,PH150000000,SULU,40,PH156600000,913590,5.0,0.6989700043360189
Hearing Disability,BANGSAMORO AUTONOMOUS REGION IN MUSLIM MINDANAO (BARMM),Severe,PH150000000,TAWI-TAWI,36,PH157000000,413690,9.0,0.9542425094393249
Hearing Disability,Cordillera Administrative Region (CAR),Mild,PH140000000,ABRA,6888,PH140100000,247402,2785.0,3.4448251995097476
Hearing Disability,Cordillera Administrative Region (CAR),Mild,PH140000000,APAYAO,3132,PH148100000,123899,2528.0,3.402777069610347
Hearing Disability,Cordillera Administrative Region (CAR),Mild,PH140000000,BENGUET,14689,PH141100000,848552,1732.0,3.2385478876813276
Hearing Disability,Cordillera Administrative Region (CAR),Mild,PH140000000,IFUGAO,3435,PH142700000,210669,1631.0,3.212453961040276
Hearing Disability,Cordillera Administrative Region (CAR),Mild,PH140000000,KALINGA,4359,PH143200000,220230,1980.0,3.296665190261531
Hearing Disability,Cordillera Administrative Region (CAR),Mild,PH140000000,MOUNTAIN PROVINCE,2898,PH144400000,156987,1847.0,3.2664668954402414
Hearing Disability,Cordillera Administrative Region (CAR),Moderate,PH140000000,ABRA,1196,PH140100000,247402,484.0,2.6848453616444123
Hearing Disability,Cordillera Administrative Region (CAR),Moderate,PH140000000,APAYAO,499,PH148100000,123899,403.0,2.6053050461411096
Hearing Disability,Cordillera Administrative Region (CAR),Moderate,PH140000000,BENGUET,1974,PH141100000,848552,233.0,2.367355921026019
Hearing Disability,Cordillera Administrative Region (CAR),Moderate,PH140000000,IFUGAO,641,PH142700000,210669,305.0,2.484299839346786
Hearing Disability,Cordillera Administrative Region (CAR),Moderate,PH140000000,KALINGA,698,PH143200000,220230,317.0,2.5010592622177517
Hearing Disability,Cordillera Administrative Region (CAR),Moderate,PH140000000,MOUNTAIN PROVINCE,514,PH144400000,156987,328.0,2.515873843711679
Hearing Disability,Cordillera Administrative Region (CAR),Severe,PH140000000,ABRA,171,PH140100000,247402,70.0,1.845098040014257
Hearing Disability,Cordillera Administrative Region (CAR),Severe,PH140000000,APAYAO,117,PH148100000,123899,95.0,1.9777236052888478
Hearing Disability,Cordillera Administrative Region (CAR),Severe,PH140000000,BENGUET,600,PH141100000,848552,71.0,1.8512583487190752
Hearing Disability,Cordillera Administrative Region (CAR),Severe,PH140000000,IFUGAO,132,PH142700000,210669,63.0,1.7993405494535817
Hearing Disability,Cordillera Administrative Region (CAR),Severe,PH140000000,KALINGA,166,PH143200000,220230,76.0,1.8808135922807914
Hearing Disability,Cordillera Administrative Region (CAR),Severe,PH140000000,MOUNTAIN PROVINCE,92,PH144400000,156987,59.0,1.7708520116421442
Hearing Disability,MIMAROPA Region,Mild,PH1700000000,MARINDUQUE,5491,PH174000000,241036,2279.0,3.3577443251803754
Hearing Disability,MIMAROPA Region,Mild,PH1700000000,OCCIDENTAL MINDORO,9711,PH175100000,515134,1886.0,3.2755416884013098
Hearing Disability,MIMAROPA Region,Mild,PH1700000000,ORIENTAL MINDORO,15569,PH175200000,901270,1728.0,3.2375437381428744
Hearing Disability,MIMAROPA Region,Mild,PH1700000000,PALAWAN,24910,PH175300000,1216009,2049.0,3.311541958401195
Hearing Disability,MIMAROPA Region,Mild,PH1700000000,ROMBLON,7770,PH175900000,301407,2578.0,3.4112829130173843
Hearing Disability,MIMAROPA Region,Moderate,PH1700000000,MARINDUQUE,833,PH174000000,241036,346.0,2.5390760987927767
Hearing Disability,MIMAROPA Region,Moderate,PH1700000000,OCCIDENTAL MINDORO,1145,PH175100000,515134,223.0,2.3483048630481607
Hearing Disability,MIMAROPA Region,Moderate,PH1700000000,ORIENTAL MINDORO,2230,PH175200000,901270,248.0,2.3944516808262164
Hearing Disability,MIMAROPA Region,Moderate,PH1700000000,PALAWAN,3207,PH175300000,1216009,264.0,2.4216039268698313
Hearing Disability,MIMAROPA Region,Moderate,PH1700000000,ROMBLON,1230,PH175900000,301407,409.0,2.611723308007342
Hearing Disability,MIMAROPA Region,Severe,PH1700000000,MARINDUQUE,261,PH174000000,241036,109.0,2.037426497940624
Hearing Disability,MIMAROPA Region,Severe,PH1700000000,OCCIDENTAL MINDORO,289,PH175100000,515134,57.0,1.7558748556724915
Hearing Disability,MIMAROPA Region,Severe,PH1700000000,ORIENTAL MINDORO,588,PH175200000,901270,66.0,1.8195439355418688
Hearing Disability,MIMAROPA Region,Severe,PH1700000000,PALAWAN,682,PH175300000,1216009,57.0,1.7558748556724915
Hearing Disability,MIMAROPA Region,Severe,PH1700000000,ROMBLON,238,PH175900000,301407,79.0,1.8976270912904414
Hearing Disability,National Capital Region (NCR),Mild,PH130000000,"NCR, FIRST DISTRICT (NOT A PROVINCE)",26053,PH133900000,1886920,1381.0,3.140193678578631
Hearing Disability,National Capital Region (NCR),Mild,PH130000000,"NCR, FOURTH DISTRICT (NOT A PROVINCE)",33434,PH137600000,4015981,833.0,2.9206450014067875
Hearing Disability,National Capital Region (NCR),Mild,PH130000000,"NCR, SECOND DISTRICT (NOT A PROVINCE)",38889,PH137400000,4960933,784.0,2.8943160626844384
Hearing Disability,National Capital Region (NCR),Mild,PH130000000,"NCR, THIRD DISTRICT (NOT A PROVINCE)",27363,PH137500000,2940822,931.0,2.9689496809813427
Hearing Disability,National Capital Region (NCR),Moderate,PH130000000,"NCR, FIRST DISTRICT (NOT A PROVINCE)",2423,PH133900000,1886920,129.0,2.110589710299249
Hearing Disability,National Capital Region (NCR),Moderate,PH130000000,"NCR, FOURTH DISTRICT (NOT A PROVINCE)",3286,PH137600000,4015981,82.0,1.9138138523837167
Hearing Disability,National Capital Region (NCR),Moderate,PH130000000,"NCR, SECOND DISTRICT (NOT A PROVINCE)",4191,PH137400000,4960933,85.0,1.9294189257142926
Hearing Disability,National Capital Region (NCR),Moderate,PH130000000,"NCR, THIRD DISTRICT (NOT A PROVINCE)",2669,PH137500000,2940822,91.0,1.9590413923210936
Hearing Disability,National Capital Region (NCR),Severe,PH130000000,"NCR, FIRST DISTRICT (NOT A PROVINCE)",933,PH133900000,1886920,50.0,1.6989700043360187
Hearing Disability,National Capital Region (NCR),Severe,PH130000000,"NCR, FOURTH DISTRICT (NOT A PROVINCE)",1436,PH137600000,4015981,36.0,1.5563025007672873
Hearing Disability,National Capital Region (NCR),Severe,PH130000000,"NCR, SECOND DISTRICT (NOT A PROVINCE)",1767,PH137400000,4960933,36.0,1.5563025007672873
Hearing Disability,National Capital Region (NCR),Severe,PH130000000,"NCR, THIRD DISTRICT (NOT A PROVINCE)",1015,PH137500000,2940822,35.0,1.5440680443502757
Hearing Disability,REGION XI (DAVAO REGION),Mild,PH110000000,COMPOSTELA VALLEY,13613,PH118200000,774102,1759.0,3.245265839457461
Hearing Disability,REGION XI (DAVAO REGION),Mild,PH110000000,DAVAO DEL NORTE,15708,PH112300000,1056457,1487.0,3.172310968521954
Hearing Disability,REGION XI (DAVAO REGION),Mild,PH110000000,DAVAO DEL SUR,25813,PH112400000,2520852,1024.0,3.010299956639812
Hearing Disability,REGION XI (DAVAO REGION),Mild,PH110000000,DAVAO OCCIDENTAL,4440,PH118600000,338925,1311.0,3.117602691690084
Hearing Disability,REGION XI (DAVAO REGION),Mild,PH110000000,DAVAO ORIENTAL,8477,PH112500000,600531,1412.0,3.149834696715785
Hearing Disability,REGION XI (DAVAO REGION),Moderate,PH110000000,COMPOSTELA VALLEY,1930,PH118200000,774102,250.0,2.3979400086720375
Hearing Disability,REGION XI (DAVAO REGION),Moderate,PH110000000,DAVAO DEL NORTE,1923,PH112300000,1056457,183.0,2.2624510897304293
Hearing Disability,REGION XI (DAVAO REGION),Moderate,PH110000000,DAVAO DEL SUR,3291,PH112400000,2520852,131.0,2.1172712956557644
Hearing Disability,REGION XI (DAVAO REGION),Moderate,PH110000000,DAVAO OCCIDENTAL,534,PH118600000,338925,158.0,2.1986570869544226
Hearing Disability,REGION XI (DAVAO REGION),Moderate,PH110000000,DAVAO ORIENTAL,1182,PH112500000,600531,197.0,2.294466226161593
Hearing Disability,REGION XI (DAVAO REGION),Severe,PH110000000,COMPOSTELA VALLEY,542,PH118200000,774102,71.0,1.8512583487190752
Hearing Disability,REGION XI (DAVAO REGION),Severe,PH110000000,DAVAO DEL NORTE,492,PH112300000,1056457,47.0,1.6720978579357175
Hearing Disability,REGION XI (DAVAO REGION),Severe,PH110000000,DAVAO DEL SUR,1035,PH112400000,2520852,42.0,1.6232492903979006
Hearing Disability,REGION XI (DAVAO REGION),Severe,PH110000000,DAVAO OCCIDENTAL,138,PH118600000,338925,41.0,1.6127838567197355
Hearing Disability,REGION XI (DAVAO REGION),Severe,PH110000000,DAVAO ORIENTAL,309,PH112500000,600531,52.0,1.7160033436347992
Hearing Disability,REGION XII (SOCCSKSARGEN),Mild,PH120000000,COTABATO (NORTH COTABATO),17356,PH124700000,1527149,1137.0,3.0557604646877348
Hearing Disability,REGION XII (SOCCSKSARGEN),Mild,PH120000000,SARANGANI,51049,PH128000000,583791,8745.0,3.9417598138146954
Hearing Disability,REGION XII (SOCCSKSARGEN),Mild,PH120000000,SOUTH COTABATO,17816,PH126300000,1644256,1084.0,3.0350292822023683
Hearing Disability,REGION XII (SOCCSKSARGEN),Mild,PH120000000,SULTAN KUDARAT,11537,PH126500000,855241,1349.0,3.1300119496719043
Hearing Disability,REGION XII (SOCCSKSARGEN),Moderate,PH120000000,COTABATO (NORTH COTABATO),2239,PH124700000,1527149,147.0,2.167317334748176
Hearing Disability,REGION XII (SOCCSKSARGEN),Moderate,PH120000000,SARANGANI,7223,PH128000000,583791,1238.0,3.0927206446840994
Hearing Disability,REGION XII (SOCCSKSARGEN),Moderate,PH120000000,SOUTH COTABATO,2266,PH126300000,1644256,138.0,2.1398790864012365
Hearing Disability,REGION XII (SOCCSKSARGEN),Moderate,PH120000000,SULTAN KUDARAT,1110,PH126500000,855241,130.0,2.113943352306837
Hearing Disability,REGION XII (SOCCSKSARGEN),Severe,PH120000000,COTABATO (NORTH COTABATO),595,PH124700000,1527149,39.0,1.591064607026499
Hearing Disability,REGION XII (SOCCSKSARGEN),Severe,PH120000000,SARANGANI,2074,PH128000000,583791,356.0,2.5514499979728753
Hearing Disability,REGION XII (SOCCSKSARGEN),Severe,PH120000000,SOUTH COTABATO,760,PH126300000,1644256,47.0,1.6720978579357175
Hearing Disability,REGION XII (SOCCSKSARGEN),Severe,PH120000000,SULTAN KUDARAT,280,PH126500000,855241,33.0,1.5185139398778875
Hearing Disability,Region I (Ilocos Region),Mild,PH010000000,ILOCOS NORTE,10460,PH012800000,613421,1706.0,3.231979026831504
Hearing Disability,Region I (Ilocos Region),Mild,PH010000000,ILOCOS SUR,17611,PH012900000,715810,2461.0,3.3911116137028023
Hearing Disability,Region I (Ilocos Region),Mild,PH010000000,LA UNION,15722,PH013300000,828194,1899.0,3.2785249647370174
Hearing Disability,Region I (Ilocos Region),Mild,PH010000000,PANGASINAN,56074,PH015500000,3113382,1802.0,3.255754786643044
Hearing Disability,Region I (Ilocos Region),Moderate,PH010000000,ILOCOS NORTE,1735,PH012800000,613421,283.0,2.45178643552429
Hearing Disability,Region I (Ilocos Region),Moderate,PH010000000,ILOCOS SUR,2734,PH012900000,715810,382.0,2.582063362911709
Hearing Disability,Region I (Ilocos Region),Moderate,PH010000000,LA UNION,2449,PH013300000,828194,296.0,2.4712917110589387
Hearing Disability,Region I (Ilocos Region),Moderate,PH010000000,PANGASINAN,7495,PH015500000,3113382,241.0,2.3820170425748683
Hearing Disability,Region I (Ilocos Region),Severe,PH010000000,ILOCOS NORTE,443,PH012800000,613421,73.0,1.863322860120456
Hearing Disability,Region I (Ilocos Region),Severe,PH010000000,ILOCOS SUR,499,PH012900000,715810,70.0,1.845098040014257
Hearing Disability,Region I (Ilocos Region),Severe,PH010000000,LA UNION,698,PH013300000,828194,85.0,1.9294189257142926
Hearing Disability,Region I (Ilocos Region),Severe,PH010000000,PANGASINAN,1842,PH015500000,3113382,60.0,1.7781512503836436
Hearing Disability,Region II (Cagayan Valley),Mild,PH020000000,BATANES,386,PH020900000,17874,2160.0,3.3344537511509307
Hearing Disability,Region II (Cagayan Valley),Mild,PH020000000,CAGAYAN,27262,PH021500000,1273322,2142.0,3.330819466495837
Hearing Disability,Region II (Cagayan Valley),Mild,PH020000000,ISABELA,34851,PH023100000,1685739,2068.0,3.315550534421905
Hearing Disability,Region II (Cagayan Valley),Mild,PH020000000,NUEVA VIZCAYA,10638,PH025000000,482894,2203.0,3.343014497150768
Hearing Disability,Region II (Cagayan Valley),Mild,PH020000000,QUIRINO,3674,PH025700000,197917,1857.0,3.2688119037397803
Hearing Disability,Region II (Cagayan Valley),Moderate,PH020000000,BATANES,80,PH020900000,17874,448.0,2.651278013998144
Hearing Disability,Region II (Cagayan Valley),Moderate,PH020000000,CAGAYAN,4023,PH021500000,1273322,316.0,2.499687082618404
Hearing Disability,Region II (Cagayan Valley),Moderate,PH020000000,ISABELA,4899,PH023100000,1685739,291.0,2.4638929889859074
Hearing Disability,Region II (Cagayan Valley),Moderate,PH020000000,NUEVA VIZCAYA,1524,PH025000000,482894,316.0,2.499687082618404
Hearing Disability,Region II (Cagayan Valley),Moderate,PH020000000,QUIRINO,552,PH025700000,197917,279.0,2.4456042032735974
Hearing Disability,Region II (Cagayan Valley),Severe,PH020000000,BATANES,19,PH020900000,17874,107.0,2.0293837776852097
Hearing Disability,Region II (Cagayan Valley),Severe,PH020000000,CAGAYAN,1016,PH021500000,1273322,80.0,1.9030899869919435
Hearing Disability,Region II (Cagayan Valley),Severe,PH020000000,ISABELA,1122,PH023100000,1685739,67.0,1.8260748027008264
Hearing Disability,Region II (Cagayan Valley),Severe,PH020000000,NUEVA VIZCAYA,320,PH025000000,482894,67.0,1.8260748027008264
Hearing Disability,Region II (Cagayan Valley),Severe,PH020000000,QUIRINO,122,PH025700000,197917,62.0,1.792391689498254
Hearing Disability,Region III (Central Luzon),Mild,PH030000000,AURORA,3169,PH037700000,227530,1393.0,3.1439511164239633
Hearing Disability,Region III (Central Luzon),Mild,PH030000000,BATAAN,10985,PH030800000,836076,1314.0,3.118595365223762
Hearing Disability,Region III (Central Luzon),Mild,PH030000000,BULACAN,47085,PH031400000,3646679,1292.0,3.1112625136590655
Hearing Disability,Region III (Central Luzon),Mild,PH030000000,NUEVA ECIJA,40058,PH034900000,2355414,1701.0,3.230704313612569
Hearing Disability,Region III (Central Luzon),Mild,PH030000000,PAMPANGA,23070,PH035400000,2893624,798.0,2.9020028913507296
Hearing Disability,Region III (Central Luzon),Mild,PH030000000,TARLAC,18863,PH036900000,1460137,1292.0,3.1112625136590655
Hearing Disability,Region III (Central Luzon),Mild,PH030000000,ZAMBALES,15486,PH037100000,894254,1732.0,3.2385478876813276
Hearing Disability,Region III (Central Luzon),Moderate,PH030000000,AURORA,396,PH037700000,227530,175.0,2.2430380486862944
Hearing Disability,Region III (Central Luzon),Moderate,PH030000000,BATAAN,1307,PH030800000,836076,157.0,2.1958996524092336
Hearing Disability,Region III (Central Luzon),Moderate,PH030000000,BULACAN,5015,PH031400000,3646679,138.0,2.1398790864012365
Hearing Disability,Region III (Central Luzon),Moderate,PH030000000,NUEVA ECIJA,4133,PH034900000,2355414,176.0,2.24551266781415
Hearing Disability,Region III (Central Luzon),Moderate,PH030000000,PAMPANGA,2363,PH035400000,2893624,82.0,1.9138138523837167
Hearing Disability,Region III (Central Luzon),Moderate,PH030000000,TARLAC,2312,PH036900000,1460137,159.0,2.2013971243204513
Hearing Disability,Region III (Central Luzon),Moderate,PH030000000,ZAMBALES,1981,PH037100000,894254,222.0,2.346352974450639
Hearing Disability,Region III (Central Luzon),Severe,PH030000000,AURORA,129,PH037700000,227530,57.0,1.7558748556724915
Hearing Disability,Region III (Central Luzon),Severe,PH030000000,BATAAN,462,PH030800000,836076,56.0,1.7481880270062005
Hearing Disability,Region III (Central Luzon),Severe,PH030000000,BULACAN,1688,PH031400000,3646679,47.0,1.6720978579357175
Hearing Disability,Region III (Central Luzon),Severe,PH030000000,NUEVA ECIJA,1125,PH034900000,2355414,48.0,1.6812412373755872
Hearing Disability,Region III (Central Luzon),Severe,PH030000000,PAMPANGA,897,PH035400000,2893624,31.0,1.4913616938342726
Hearing Disability,Region III (Central Luzon),Severe,PH030000000,TARLAC,675,PH036900000,1460137,47.0,1.6720978579357175
Hearing Disability,Region III (Central Luzon),Severe,PH030000000,ZAMBALES,580,PH037100000,894254,65.0,1.8129133566428555
Hearing Disability,Region IV-A (CALABARZON),Mild,PH040000000,BATANGAS,31107,PH041000000,3033730,1026.0,3.0111473607757975
Hearing Disability,Region IV-A (CALABARZON),Mild,PH040000000,CAVITE,40593,PH042100000,4210866,965.0,2.9845273133437926
Hearing Disability,Region IV-A (CALABARZON),Mild,PH040000000,LAGUNA,34343,PH043400000,3343703,1028.0,3.011993114659257
Hearing Disability,Region IV-A (CALABARZON),Mild,PH040000000,QUEZON,39118,PH045600000,2260033,1731.0,3.238297067875394
Hearing Disability,Region IV-A (CALABARZON),Mild,PH040000000,RIZAL,30952,PH045800000,3208959,965.0,2.9845273133437926
Hearing Disability,Region IV-A (CALABARZON),Moderate,PH040000000,BATANGAS,3901,PH041000000,3033730,129.0,2.110589710299249
Hearing Disability,Region IV-A (CALABARZON),Moderate,PH040000000,CAVITE,4517,PH042100000,4210866,108.0,2.03342375548695
Hearing Disability,Region IV-A (CALABARZON),Moderate,PH040000000,LAGUNA,3525,PH043400000,3343703,106.0,2.0253058652647704
Hearing Disability,Region IV-A (CALABARZON),Moderate,PH040000000,QUEZON,4997,PH045600000,2260033,222.0,2.346352974450639
Hearing Disability,Region IV-A (CALABARZON),Moderate,PH040000000,RIZAL,3435,PH045800000,3208959,108.0,2.03342375548695
Hearing Disability,Region IV-A (CALABARZON),Severe,PH040000000,BATANGAS,1221,PH041000000,3033730,41.0,1.6127838567197355
Hearing Disability,Region IV-A (CALABARZON),Severe,PH040000000,CAVITE,1789,PH042100000,4210866,43.0,1.6334684555795864
Hearing Disability,Region IV-A (CALABARZON),Severe,PH040000000,LAGUNA,1251,PH043400000,3343703,38.0,1.5797835966168101
Hearing Disability,Region IV-A (CALABARZON),Severe,PH040000000,QUEZON,1353,PH045600000,2260033,60.0,1.7781512503836436
Hearing Disability,Region IV-A (CALABARZON),Severe,PH040000000,RIZAL,1181,PH045800000,3208959,37.0,1.568201724066995
Hearing Disability,Region IX (Zamboanga Peninsula),Mild,PH090000000,CITY OF ISABELA (NOT A PROVINCE),1059,PH099700000,127728,830.0,2.9190780923760737
Hearing Disability,Region IX (Zamboanga Peninsula),Mild,PH090000000,ZAMBOANGA DEL NORTE,18842,PH097200000,1047292,1800.0,3.255272505103306
Hearing Disability,Region IX (Zamboanga Peninsula),Mild,PH090000000,ZAMBOANGA DEL SUR,25188,PH097300000,1928337,1307.0,3.116275587580544
Hearing Disability,Region IX (Zamboanga Peninsula),Mild,PH090000000,ZAMBOANGA SIBUGAY,12030,PH098300000,679404,1771.0,3.248218561190075
Hearing Disability,Region IX (Zamboanga Peninsula),Moderate,PH090000000,CITY OF ISABELA (NOT A PROVINCE),88,PH099700000,127728,69.0,1.8388490907372552
Hearing Disability,Region IX (Zamboanga Peninsula),Moderate,PH090000000,ZAMBOANGA DEL NORTE,2438,PH097200000,1047292,233.0,2.367355921026019
Hearing Disability,Region IX (Zamboanga Peninsula),Moderate,PH090000000,ZAMBOANGA DEL SUR,3086,PH097300000,1928337,161.0,2.2068258760318495
Hearing Disability,Region IX (Zamboanga Peninsula),Moderate,PH090000000,ZAMBOANGA SIBUGAY,1588,PH098300000,679404,234.0,2.369215857410143
Hearing Disability,Region IX (Zamboanga Peninsula),Severe,PH090000000,CITY OF ISABELA (NOT A PROVINCE),31,PH099700000,127728,25.0,1.3979400086720377
Hearing Disability,Region IX (Zamboanga Peninsula),Severe,PH090000000,ZAMBOANGA DEL NORTE,618,PH097200000,1047292,60.0,1.7781512503836436
Hearing Disability,Region IX (Zamboanga Peninsula),Severe,PH090000000,ZAMBOANGA DEL SUR,890,PH097300000,1928337,47.0,1.6720978579357175
Hearing Disability,Region IX (Zamboanga Peninsula),Severe,PH090000000,ZAMBOANGA SIBUGAY,397,PH098300000,679404,59.0,1.7708520116421442
Hearing Disability,Region V (Bicol Region),Mild,PH050000000,ALBAY,23203,PH050500000,1396088,1663.0,3.2208922492195193
Hearing Disability,Region V (Bicol Region),Mild,PH050000000,CAMARINES NORTE,12033,PH051600000,622514,1933.0,3.286231854028553
Hearing Disability,Region V (Bicol Region),Mild,PH050000000,CAMARINES SUR,42865,PH051700000,2059495,2082.0,3.3184807251745174
Hearing Disability,Region V (Bicol Region),Mild,PH050000000,CATANDUANES,5657,PH052000000,272941,2073.0,3.3165993020938607
Hearing Disability,Region V (Bicol Region),Mild,PH050000000,MASBATE,12225,PH054100000,937079,1305.0,3.1156105116742996
Hearing Disability,Region V (Bicol Region),Mild,PH050000000,SORSOGON,17306,PH056200000,845718,2047.0,3.311117842662506
Hearing Disability,Region V (Bicol Region),Moderate,PH050000000,ALBAY,3256,PH050500000,1396088,234.0,2.369215857410143
Hearing Disability,Region V (Bicol Region),Moderate,PH050000000,CAMARINES NORTE,1661,PH051600000,622514,267.0,2.4265112613645754
Hearing Disability,Region V (Bicol Region),Moderate,PH050000000,CAMARINES SUR,6936,PH051700000,2059495,337.0,2.5276299008713385
Hearing Disability,Region V (Bicol Region),Moderate,PH050000000,CATANDUANES,797,PH052000000,272941,293.0,2.4668676203541096
Hearing Disability,Region V (Bicol Region),Moderate,PH050000000,MASBATE,1609,PH054100000,937079,172.0,2.2355284469075487
Hearing Disability,Region V (Bicol Region),Moderate,PH050000000,SORSOGON,2553,PH056200000,845718,302.0,2.4800069429571505
Hearing Disability,Region V (Bicol Region),Severe,PH050000000,ALBAY,887,PH050500000,1396088,64.0,1.806179973983887
Hearing Disability,Region V (Bicol Region),Severe,PH050000000,CAMARINES NORTE,450,PH051600000,622514,73.0,1.863322860120456
Hearing Disability,Region V (Bicol Region),Severe,PH050000000,CAMARINES SUR,1603,PH051700000,2059495,78.0,1.8920946026904804
Hearing Disability,Region V (Bicol Region),Severe,PH050000000,CATANDUANES,211,PH052000000,272941,78.0,1.8920946026904804
Hearing Disability,Region V (Bicol Region),Severe,PH050000000,MASBATE,513,PH054100000,937079,55.0,1.7403626894942439
Hearing Disability,Region V (Bicol Region),Severe,PH050000000,SORSOGON,609,PH056200000,845718,73.0,1.863322860120456
Hearing Disability,Region VI (Western Visayas),Mild,PH060000000,AKLAN,12948,PH060400000,605584,2139.0,3.330210784571528
Hearing Disability,Region VI (Western Visayas),Mild,PH060000000,ANTIQUE,15178,PH060600000,612454,2479.0,3.3942765267678214
Hearing Disability,Region VI (Western Visayas),Mild,PH060000000,CAPIZ,15312,PH061900000,803083,1907.0,3.280350693046006
Hearing Disability,Region VI (Western Visayas),Mild,PH060000000,GUIMARAS,2686,PH067900000,185174,1451.0,3.161667412437736
Hearing Disability,Region VI (Western Visayas),Mild,PH060000000,ILOILO,50006,PH063000000,2524211,1982.0,3.2971036501492565
Hearing Disability,Region VI (Western Visayas),Mild,PH060000000,NEGROS OCCIDENTAL,44390,PH064500000,3174389,1399.0,3.1458177144918276
Hearing Disability,Region VI (Western Visayas),Moderate,PH060000000,AKLAN,1870,PH060400000,605584,309.0,2.4899584794248346
Hearing Disability,Region VI (Western Visayas),Moderate,PH060000000,ANTIQUE,2292,PH060600000,612454,375.0,2.574031267727719
Hearing Disability,Region VI (Western Visayas),Moderate,PH060000000,CAPIZ,1801,PH061900000,803083,225.0,2.3521825181113627
Hearing Disability,Region VI (Western Visayas),Moderate,PH060000000,GUIMARAS,348,PH067900000,185174,188.0,2.27415784926368
Hearing Disability,Region VI (Western Visayas),Moderate,PH060000000,ILOILO,7219,PH063000000,2524211,286.0,2.456366033129043
Hearing Disability,Region VI (Western Visayas),Moderate,PH060000000,NEGROS OCCIDENTAL,5581,PH064500000,3174389,176.0,2.24551266781415
Hearing Disability,Region VI (Western Visayas),Severe,PH060000000,AKLAN,449,PH060400000,605584,75.0,1.8750612633917
Hearing Disability,Region VI (Western Visayas),Severe,PH060000000,ANTIQUE,504,PH060600000,612454,83.0,1.919078092376074
Hearing Disability,Region VI (Western Visayas),Severe,PH060000000,CAPIZ,480,PH061900000,803083,60.0,1.7781512503836436
Hearing Disability,Region VI (Western Visayas),Severe,PH060000000,GUIMARAS,116,PH067900000,185174,63.0,1.7993405494535817
Hearing Disability,Region VI (Western Visayas),Severe,PH060000000,ILOILO,1732,PH063000000,2524211,69.0,1.8388490907372552
Hearing Disability,Region VI (Western Visayas),Severe,PH060000000,NEGROS OCCIDENTAL,1608,PH064500000,3174389,51.0,1.7075701760979363
Hearing Disability,Region VII (Central Visayas),Mild,PH070000000,BOHOL,29515,PH071200000,1365107,2163.0,3.3350565194390915
Hearing Disability,Region VII (Central Visayas),Mild,PH070000000,CEBU,61208,PH072200000,5085207,1204.0,3.0806264869218056
Hearing Disability,Region VII (Central Visayas),Mild,PH070000000,NEGROS ORIENTAL,23362,PH074600000,1406274,1662.0,3.220631019448092
Hearing Disability,Region VII (Central Visayas),Mild,PH070000000,SIQUIJOR,2443,PH076100000,100457,2432.0,3.385963570600697
Hearing Disability,Region VII (Central Visayas),Moderate,PH070000000,BOHOL,4855,PH071200000,1365107,356.0,2.5514499979728753
Hearing Disability,Region VII (Central Visayas),Moderate,PH070000000,CEBU,9027,PH072200000,5085207,178.0,2.250420002308894
Hearing Disability,Region VII (Central Visayas),Moderate,PH070000000,NEGROS ORIENTAL,3515,PH074600000,1406274,250.0,2.3979400086720375
Hearing Disability,Region VII (Central Visayas),Moderate,PH070000000,SIQUIJOR,315,PH076100000,100457,314.0,2.496929648073215
Hearing Disability,Region VII (Central Visayas),Severe,PH070000000,BOHOL,1144,PH071200000,1365107,84.0,1.9242792860618816
Hearing Disability,Region VII (Central Visayas),Severe,PH070000000,CEBU,2830,PH072200000,5085207,56.0,1.7481880270062005
Hearing Disability,Region VII (Central Visayas),Severe,PH070000000,NEGROS ORIENTAL,994,PH074600000,1406274,71.0,1.8512583487190752
Hearing Disability,Region VII (Central Visayas),Severe,PH070000000,SIQUIJOR,82,PH076100000,100457,82.0,1.9138138523837167
Hearing Disability,Region VIII (Eastern Visayas),Mild,PH080000000,BILIRAN,3084,PH087800000,179362,1720.0,3.2355284469075487
Hearing Disability,Region VIII (Eastern Visayas),Mild,PH080000000,EASTERN SAMAR,12791,PH082600000,503495,2541.0,3.4050046650503694
Hearing Disability,Region VIII (Eastern Visayas),Mild,PH080000000,LEYTE,37290,PH083700000,2124269,1756.0,3.244524511570084
Hearing Disability,Region VIII (Eastern Visayas),Mild,PH080000000,NORTHERN SAMAR,16308,PH084800000,668766,2439.0,3.3872118003137306
Hearing Disability,Region VIII (Eastern Visayas),Mild,PH080000000,SAMAR (WESTERN SAMAR),12017,PH086000000,822095,1462.0,3.1649473726218416
Hearing Disability,Region VIII (Eastern Visayas),Mild,PH080000000,SOUTHERN LEYTE,9852,PH086400000,444355,2218.0,3.3459615418131414
Hearing Disability,Region VIII (Eastern Visayas),Moderate,PH080000000,BILIRAN,450,PH087800000,179362,251.0,2.399673721481038
Hearing Disability,Region VIII (Eastern Visayas),Moderate,PH080000000,EASTERN SAMAR,2143,PH082600000,503495,426.0,2.629409599102719
Hearing Disability,Region VIII (Eastern Visayas),Moderate,PH080000000,LEYTE,5303,PH083700000,2124269,250.0,2.3979400086720375
Hearing Disability,Region VIII (Eastern Visayas),Moderate,PH080000000,NORTHERN SAMAR,2508,PH084800000,668766,376.0,2.575187844927661
Hearing Disability,Region VIII (Eastern Visayas),Moderate,PH080000000,SAMAR (WESTERN SAMAR),1766,PH086000000,822095,215.0,2.3324384599156054
Hearing Disability,Region VIII (Eastern Visayas),Moderate,PH080000000,SOUTHERN LEYTE,1456,PH086400000,444355,328.0,2.515873843711679
Hearing Disability,Region VIII (Eastern Visayas),Severe,PH080000000,BILIRAN,132,PH087800000,179362,74.0,1.8692317197309762
Hearing Disability,Region VIII (Eastern Visayas),Severe,PH080000000,EASTERN SAMAR,358,PH082600000,503495,72.0,1.8573324964312685
Hearing Disability,Region VIII (Eastern Visayas),Severe,PH080000000,LEYTE,1418,PH083700000,2124269,67.0,1.8260748027008264
Hearing Disability,Region VIII (Eastern Visayas),Severe,PH080000000,NORTHERN SAMAR,511,PH084800000,668766,77.0,1.8864907251724818
Hearing Disability,Region VIII (Eastern Visayas),Severe,PH080000000,SAMAR (WESTERN SAMAR),394,PH086000000,822095,48.0,1.6812412373755872
Hearing Disability,Region VIII (Eastern Visayas),Severe,PH080000000,SOUTHERN LEYTE,322,PH086400000,444355,73.0,1.863322860120456
Hearing Disability,Region X (Northern Mindanao),Mild,PH100000000,BUKIDNON,21338,PH101300000,1510189,1413.0,3.1501421618485588
Hearing Disability,Region X (Northern Mindanao),Mild,PH100000000,CAMIGUIN,1886,PH101800000,92431,2041.0,3.3098430047160705
Hearing Disability,Region X (Northern Mindanao),Mild,PH100000000,LANAO DEL NORTE,11456,PH103500000,1095270,1046.0,3.0195316845312554
Hearing Disability,Region X (Northern Mindanao),Mild,PH100000000,MISAMIS OCCIDENTAL,11642,PH104200000,627158,1857.0,3.2688119037397803
Hearing Disability,Region X (Northern Mindanao),Mild,PH100000000,MISAMIS ORIENTAL,21617,PH104300000,1692002,1278.0,3.1065308538223815
Hearing Disability,Region X (Northern Mindanao),Moderate,PH100000000,BUKIDNON,2897,PH101300000,1510189,192.0,2.2833012287035497
Hearing Disability,Region X (Northern Mindanao),Moderate,PH100000000,CAMIGUIN,253,PH101800000,92431,274.0,2.437750562820388
Hearing Disability,Region X (Northern Mindanao),Moderate,PH100000000,LANAO DEL NORTE,1325,PH103500000,1095270,121.0,2.0827853703164503
Hearing Disability,Region X (Northern Mindanao),Moderate,PH100000000,MISAMIS OCCIDENTAL,1743,PH104200000,627158,278.0,2.444044795918076
Hearing Disability,Region X (Northern Mindanao),Moderate,PH100000000,MISAMIS ORIENTAL,2907,PH104300000,1692002,172.0,2.2355284469075487
Hearing Disability,Region X (Northern Mindanao),Severe,PH100000000,BUKIDNON,849,PH101300000,1510189,57.0,1.7558748556724915
Hearing Disability,Region X (Northern Mindanao),Severe,PH100000000,CAMIGUIN,83,PH101800000,92431,90.0,1.954242509439325
Hearing Disability,Region X (Northern Mindanao),Severe,PH100000000,LANAO DEL NORTE,425,PH103500000,1095270,39.0,1.591064607026499
Hearing Disability,Region X (Northern Mindanao),Severe,PH100000000,MISAMIS OCCIDENTAL,413,PH104200000,627158,66.0,1.8195439355418688
Hearing Disability,Region X (Northern Mindanao),Severe,PH100000000,MISAMIS ORIENTAL,951,PH104300000,1692002,57.0,1.7558748556724915
Hearing Disability,Region XIII (Caraga),Mild,PH160000000,AGUSAN DEL NORTE,9790,PH160200000,738775,1326.0,3.1225435240687545
Hearing Disability,Region XIII (Caraga),Mild,PH160000000,AGUSAN DEL SUR,11639,PH160300000,734982,1584.0,3.1997551772534747
Hearing Disability,Region XIII (Caraga),Mild,PH160000000,DINAGAT ISLANDS,2502,PH168500000,130671,1915.0,3.2821687783046416
Hearing Disability,Region XIII (Caraga),Mild,PH160000000,SURIGAO DEL NORTE,8609,PH166700000,528148,1631.0,3.212453961040276
Hearing Disability,Region XIII (Caraga),Mild,PH160000000,SURIGAO DEL SUR,11224,PH166800000,620531,1809.0,3.257438566859814
Hearing Disability,Region XIII (Caraga),Moderate,PH160000000,AGUSAN DEL NORTE,1349,PH160200000,738775,183.0,2.2624510897304293
Hearing Disability,Region XIII (Caraga),Moderate,PH160000000,AGUSAN DEL SUR,1675,PH160300000,734982,228.0,2.357934847000454
Hearing Disability,Region XIII (Caraga),Moderate,PH160000000,DINAGAT ISLANDS,391,PH168500000,130671,300.0,2.4771212547196626
Hearing Disability,Region XIII (Caraga),Moderate,PH160000000,SURIGAO DEL NORTE,1283,PH166700000,528148,243.0,2.385606273598312
Hearing Disability,Region XIII (Caraga),Moderate,PH160000000,SURIGAO DEL SUR,1667,PH166800000,620531,269.0,2.429752280002408
Hearing Disability,Region XIII (Caraga),Severe,PH160000000,AGUSAN DEL NORTE,432,PH160200000,738775,59.0,1.7708520116421442
Hearing Disability,Region XIII (Caraga),Severe,PH160000000,AGUSAN DEL SUR,514,PH160300000,734982,70.0,1.845098040014257
Hearing Disability,Region XIII (Caraga),Severe,PH160000000,DINAGAT ISLANDS,76,PH168500000,130671,59.0,1.7708520116421442
Hearing Disability,Region XIII (Caraga),Severe,PH160000000,SURIGAO DEL NORTE,366,PH166700000,528148,70.0,1.845098040014257
Hearing Disability,Region XIII (Caraga),Severe,PH160000000,SURIGAO DEL SUR,440,PH166800000,620531,71.0,1.8512583487190752
Mobility Disability,BANGSAMORO AUTONOMOUS REGION IN MUSLIM MINDANAO (BARMM),Mild,PH150000000,BASILAN,2759,PH150700000,386697,714.0,2.8536982117761744
Mobility Disability,BANGSAMORO AUTONOMOUS REGION IN MUSLIM MINDANAO (BARMM),Mild,PH150000000,LANAO DEL SUR,27493,PH153600000,1146287,2399.0,3.380030247967831
Mobility Disability,BANGSAMORO AUTONOMOUS REGION IN MUSLIM MINDANAO (BARMM),Mild,PH150000000,MAGUINDANAO,13344,PH153800000,1323051,1009.0,3.0038911662369103
Mobility Disability,BANGSAMORO AUTONOMOUS REGION IN MUSLIM MINDANAO (BARMM),Mild,PH150000000,SULU,2978,PH156600000,913590,326.0,2.513217600067939
Mobility Disability,BANGSAMORO AUTONOMOUS REGION IN MUSLIM MINDANAO (BARMM),Mild,PH150000000,TAWI-TAWI,3108,PH157000000,413690,752.0,2.876217840591642
Mobility Disability,BANGSAMORO AUTONOMOUS REGION IN MUSLIM MINDANAO (BARMM),Moderate,PH150000000,BASILAN,320,PH150700000,386697,83.0,1.919078092376074
Mobility Disability,BANGSAMORO AUTONOMOUS REGION IN MUSLIM MINDANAO (BARMM),Moderate,PH150000000,LANAO DEL SUR,2435,PH153600000,1146287,213.0,2.3283796034387376
Mobility Disability,BANGSAMORO AUTONOMOUS REGION IN MUSLIM MINDANAO (BARMM),Moderate,PH150000000,MAGUINDANAO,1211,PH153800000,1323051,92.0,1.9637878273455553
Mobility Disability,BANGSAMORO AUTONOMOUS REGION IN MUSLIM MINDANAO (BARMM),Moderate,PH150000000,SULU,231,PH156600000,913590,26.0,1.414973347970818
Mobility Disability,BANGSAMORO AUTONOMOUS REGION IN MUSLIM MINDANAO (BARMM),Moderate,PH150000000,TAWI-TAWI,281,PH157000000,413690,68.0,1.8325089127062364
Mobility Disability,BANGSAMORO AUTONOMOUS REGION IN MUSLIM MINDANAO (BARMM),Severe,PH150000000,BASILAN,82,PH150700000,386697,22.0,1.3424226808222062
Mobility Disability,BANGSAMORO AUTONOMOUS REGION IN MUSLIM MINDANAO (BARMM),Severe,PH150000000,LANAO DEL SUR,533,PH153600000,1146287,47.0,1.6720978579357175
Mobility Disability,BANGSAMORO AUTONOMOUS REGION IN MUSLIM MINDANAO (BARMM),Severe,PH150000000,MAGUINDANAO,252,PH153800000,1323051,20.0,1.3010299956639813
Mobility Disability,BANGSAMORO AUTONOMOUS REGION IN MUSLIM MINDANAO (BARMM),Severe,PH150000000,SULU,45,PH156600000,913590,5.0,0.6989700043360189
Mobility Disability,BANGSAMORO AUTONOMOUS REGION IN MUSLIM MINDANAO (BARMM),Severe,PH150000000,TAWI-TAWI,57,PH157000000,413690,14.0,1.146128035678238
Mobility Disability,Cordillera Administrative Region (CAR),Mild,PH140000000,ABRA,6272,PH140100000,247402,2536.0,3.404149249209695
Mobility Disability,Cordillera Administrative Region (CAR),Mild,PH140000000,APAYAO,2391,PH148100000,123899,1930.0,3.285557309007774
Mobility Disability,Cordillera Administrative Region (CAR),Mild,PH140000000,BENGUET,15427,PH141100000,848552,1819.0,3.2598326990634834
Mobility Disability,Cordillera Administrative Region (CAR),Mild,PH140000000,IFUGAO,3441,PH142700000,210669,1634.0,3.2132520521963968
Mobility Disability,Cordillera Administrative Region (CAR),Mild,PH140000000,KALINGA,4101,PH143200000,220230,1863.0,3.2702128548962426
Mobility Disability,Cordillera Administrative Region (CAR),Mild,PH140000000,MOUNTAIN PROVINCE,3372,PH144400000,156987,2148.0,3.332034277027518
Mobility Disability,Cordillera Administrative Region (CAR),Moderate,PH140000000,ABRA,1230,PH140100000,247402,498.0,2.6972293427597176
Mobility Disability,Cordillera Administrative Region (CAR),Moderate,PH140000000,APAYAO,427,PH148100000,123899,345.0,2.537819095073274
Mobility Disability,Cordillera Administrative Region (CAR),Moderate,PH140000000,BENGUET,3103,PH141100000,848552,366.0,2.5634810853944106
Mobility Disability,Cordillera Administrative Region (CAR),Moderate,PH140000000,IFUGAO,845,PH142700000,210669,402.0,2.60422605308447
Mobility Disability,Cordillera Administrative Region (CAR),Moderate,PH140000000,KALINGA,719,PH143200000,220230,327.0,2.514547752660286
Mobility Disability,Cordillera Administrative Region (CAR),Moderate,PH140000000,MOUNTAIN PROVINCE,709,PH144400000,156987,452.0,2.655138434811382
Mobility Disability,Cordillera Administrative Region (CAR),Severe,PH140000000,ABRA,526,PH140100000,247402,213.0,2.3283796034387376
Mobility Disability,Cordillera Administrative Region (CAR),Severe,PH140000000,APAYAO,205,PH148100000,123899,166.0,2.220108088040055
Mobility Disability,Cordillera Administrative Region (CAR),Severe,PH140000000,BENGUET,1342,PH141100000,848552,159.0,2.2013971243204513
Mobility Disability,Cordillera Administrative Region (CAR),Severe,PH140000000,IFUGAO,299,PH142700000,210669,142.0,2.1522883443830563
Mobility Disability,Cordillera Administrative Region (CAR),Severe,PH140000000,KALINGA,370,PH143200000,220230,169.0,2.2278867046136734
Mobility Disability,Cordillera Administrative Region (CAR),Severe,PH140000000,MOUNTAIN PROVINCE,254,PH144400000,156987,162.0,2.2095150145426308
Mobility Disability,MIMAROPA Region,Mild,PH1700000000,MARINDUQUE,6204,PH174000000,241036,2574.0,3.410608542568368
Mobility Disability,MIMAROPA Region,Mild,PH1700000000,OCCIDENTAL MINDORO,8457,PH175100000,515134,1642.0,3.215373152783422
Mobility Disability,MIMAROPA Region,Mild,PH1700000000,ORIENTAL MINDORO,16486,PH175200000,901270,1830.0,3.2624510897304293
Mobility Disability,MIMAROPA Region,Mild,PH1700000000,PALAWAN,20325,PH175300000,1216009,1672.0,3.2232362731029975
Mobility Disability,MIMAROPA Region,Mild,PH1700000000,ROMBLON,8188,PH175900000,301407,2717.0,3.4340896384178907
Mobility Disability,MIMAROPA Region,Moderate,PH1700000000,MARINDUQUE,1355,PH174000000,241036,563.0,2.7505083948513462
Mobility Disability,MIMAROPA Region,Moderate,PH1700000000,OCCIDENTAL MINDORO,1552,PH175100000,515134,302.0,2.4800069429571505
Mobility Disability,MIMAROPA Region,Moderate,PH1700000000,ORIENTAL MINDORO,3659,PH175200000,901270,406.0,2.6085260335771943
Mobility Disability,MIMAROPA Region,Moderate,PH1700000000,PALAWAN,4153,PH175300000,1216009,342.0,2.534026106056135
Mobility Disability,MIMAROPA Region,Moderate,PH1700000000,ROMBLON,1994,PH175900000,301407,662.0,2.8208579894397
Mobility Disability,MIMAROPA Region,Severe,PH1700000000,MARINDUQUE,618,PH174000000,241036,257.0,2.4099331233312946
Mobility Disability,MIMAROPA Region,Severe,PH1700000000,OCCIDENTAL MINDORO,654,PH175100000,515134,127.0,2.103803720955957
Mobility Disability,MIMAROPA Region,Severe,PH1700000000,ORIENTAL MINDORO,1593,PH175200000,901270,177.0,2.247973266361807
Mobility Disability,MIMAROPA Region,Severe,PH1700000000,PALAWAN,1486,PH175300000,1216009,123.0,2.089905111439398
Mobility Disability,MIMAROPA Region,Severe,PH1700000000,ROMBLON,712,PH175900000,301407,237.0,2.374748346010104
Mobility Disability,National Capital Region (NCR),Mild,PH130000000,"NCR, FIRST DISTRICT (NOT A PROVINCE)",28745,PH133900000,1886920,1524.0,3.182984967003582
Mobility Disability,National Capital Region (NCR),Mild,PH130000000,"NCR, FOURTH DISTRICT (NOT A PROVINCE)",34425,PH137600000,4015981,858.0,2.9334872878487053
Mobility Disability,National Capital Region (NCR),Mild,PH130000000,"NCR, SECOND DISTRICT (NOT A PROVINCE)",42958,PH137400000,4960933,866.0,2.937517892017347
Mobility Disability,National Capital Region (NCR),Mild,PH130000000,"NCR, THIRD DISTRICT (NOT A PROVINCE)",25372,PH137500000,2940822,863.0,2.9360107957152097
Mobility Disability,National Capital Region (NCR),Moderate,PH130000000,"NCR, FIRST DISTRICT (NOT A PROVINCE)",4564,PH133900000,1886920,242.0,2.383815365980431
Mobility Disability,National Capital Region (NCR),Moderate,PH130000000,"NCR, FOURTH DISTRICT (NOT A PROVINCE)",6301,PH137600000,4015981,157.0,2.1958996524092336
Mobility Disability,National Capital Region (NCR),Moderate,PH130000000,"NCR, SECOND DISTRICT (NOT A PROVINCE)",8665,PH137400000,4960933,175.0,2.2430380486862944
Mobility Disability,National Capital Region (NCR),Moderate,PH130000000,"NCR, THIRD DISTRICT (NOT A PROVINCE)",5016,PH137500000,2940822,171.0,2.2329961103921536
Mobility Disability,National Capital Region (NCR),Severe,PH130000000,"NCR, FIRST DISTRICT (NOT A PROVINCE)",2058,PH133900000,1886920,110.0,2.041392685158225
Mobility Disability,National Capital Region (NCR),Severe,PH130000000,"NCR, FOURTH DISTRICT (NOT A PROVINCE)",2900,PH137600000,4015981,73.0,1.863322860120456
Mobility Disability,National Capital Region (NCR),Severe,PH130000000,"NCR, SECOND DISTRICT (NOT A PROVINCE)",3777,PH137400000,4960933,77.0,1.8864907251724818
Mobility Disability,National Capital Region (NCR),Severe,PH130000000,"NCR, THIRD DISTRICT (NOT A PROVINCE)",2172,PH137500000,2940822,74.0,1.8692317197309762
Mobility Disability,REGION XI (DAVAO REGION),Mild,PH110000000,COMPOSTELA VALLEY,12909,PH118200000,774102,1668.0,3.22219604630172
Mobility Disability,REGION XI (DAVAO REGION),Mild,PH110000000,DAVAO DEL NORTE,14284,PH112300000,1056457,1353.0,3.131297796597623
Mobility Disability,REGION XI (DAVAO REGION),Mild,PH110000000,DAVAO DEL SUR,24416,PH112400000,2520852,969.0,2.986323777050765
Mobility Disability,REGION XI (DAVAO REGION),Mild,PH110000000,DAVAO OCCIDENTAL,4109,PH118600000,338925,1213.0,3.083860800866573
Mobility Disability,REGION XI (DAVAO REGION),Mild,PH110000000,DAVAO ORIENTAL,8138,PH112500000,600531,1356.0,3.1322596895310446
Mobility Disability,REGION XI (DAVAO REGION),Moderate,PH110000000,COMPOSTELA VALLEY,2533,PH118200000,774102,328.0,2.515873843711679
Mobility Disability,REGION XI (DAVAO REGION),Moderate,PH110000000,DAVAO DEL NORTE,2870,PH112300000,1056457,272.0,2.4345689040341987
Mobility Disability,REGION XI (DAVAO REGION),Moderate,PH110000000,DAVAO DEL SUR,5217,PH112400000,2520852,207.0,2.315970345456918
Mobility Disability,REGION XI (DAVAO REGION),Moderate,PH110000000,DAVAO OCCIDENTAL,769,PH118600000,338925,227.0,2.3560258571931225
Mobility Disability,REGION XI (DAVAO REGION),Moderate,PH110000000,DAVAO ORIENTAL,1678,PH112500000,600531,280.0,2.4471580313422194
Mobility Disability,REGION XI (DAVAO REGION),Severe,PH110000000,COMPOSTELA VALLEY,1149,PH118200000,774102,149.0,2.173186268412274
Mobility Disability,REGION XI (DAVAO REGION),Severe,PH110000000,DAVAO DEL NORTE,1269,PH112300000,1056457,121.0,2.0827853703164503
Mobility Disability,REGION XI (DAVAO REGION),Severe,PH110000000,DAVAO DEL SUR,2570,PH112400000,2520852,102.0,2.0086001717619175
Mobility Disability,REGION XI (DAVAO REGION),Severe,PH110000000,DAVAO OCCIDENTAL,314,PH118600000,338925,93.0,1.968482948553935
Mobility Disability,REGION XI (DAVAO REGION),Severe,PH110000000,DAVAO ORIENTAL,719,PH112500000,600531,120.0,2.0791812460476247
Mobility Disability,REGION XII (SOCCSKSARGEN),Mild,PH120000000,COTABATO (NORTH COTABATO),16605,PH124700000,1527149,1088.0,3.036628895362161
Mobility Disability,REGION XII (SOCCSKSARGEN),Mild,PH120000000,SARANGANI,43032,PH128000000,583791,7372.0,3.867585326547036
Mobility Disability,REGION XII (SOCCSKSARGEN),Mild,PH120000000,SOUTH COTABATO,17069,PH126300000,1644256,1039.0,3.016615547557177
Mobility Disability,REGION XII (SOCCSKSARGEN),Mild,PH120000000,SULTAN KUDARAT,11157,PH126500000,855241,1305.0,3.1156105116742996
Mobility Disability,REGION XII (SOCCSKSARGEN),Moderate,PH120000000,COTABATO (NORTH COTABATO),3084,PH124700000,1527149,202.0,2.305351369446624
Mobility Disability,REGION XII (SOCCSKSARGEN),Moderate,PH120000000,SARANGANI,9434,PH128000000,583791,1616.0,3.208441356438567
Mobility Disability,REGION XII (SOCCSKSARGEN),Moderate,PH120000000,SOUTH COTABATO,3685,PH126300000,1644256,225.0,2.3521825181113627
Mobility Disability,REGION XII (SOCCSKSARGEN),Moderate,PH120000000,SULTAN KUDARAT,1758,PH126500000,855241,206.0,2.3138672203691533
Mobility Disability,REGION XII (SOCCSKSARGEN),Severe,PH120000000,COTABATO (NORTH COTABATO),1527,PH124700000,1527149,100.0,2.0
Mobility Disability,REGION XII (SOCCSKSARGEN),Severe,PH120000000,SARANGANI,4648,PH128000000,583791,797.0,2.9014583213961123
Mobility Disability,REGION XII (SOCCSKSARGEN),Severe,PH120000000,SOUTH COTABATO,1971,PH126300000,1644256,120.0,2.0791812460476247
Mobility Disability,REGION XII (SOCCSKSARGEN),Severe,PH120000000,SULTAN KUDARAT,755,PH126500000,855241,89.0,1.9493900066449128
Mobility Disability,Region I (Ilocos Region),Mild,PH010000000,ILOCOS NORTE,9943,PH012800000,613421,1621.0,3.209783014848515
Mobility Disability,Region I (Ilocos Region),Mild,PH010000000,ILOCOS SUR,15894,PH012900000,715810,2221.0,3.346548558548474
Mobility Disability,Region I (Ilocos Region),Mild,PH010000000,LA UNION,13922,PH013300000,828194,1682.0,3.2258259914618934
Mobility Disability,Region I (Ilocos Region),Mild,PH010000000,PANGASINAN,49235,PH015500000,3113382,1582.0,3.1992064791616577
Mobility Disability,Region I (Ilocos Region),Moderate,PH010000000,ILOCOS NORTE,2249,PH012800000,613421,367.0,2.5646660642520893
Mobility Disability,Region I (Ilocos Region),Moderate,PH010000000,ILOCOS SUR,3147,PH012900000,715810,440.0,2.6434526764861874
Mobility Disability,Region I (Ilocos Region),Moderate,PH010000000,LA UNION,2930,PH013300000,828194,354.0,2.5490032620257876
Mobility Disability,Region I (Ilocos Region),Moderate,PH010000000,PANGASINAN,9568,PH015500000,3113382,308.0,2.4885507165004443
Mobility Disability,Region I (Ilocos Region),Severe,PH010000000,ILOCOS NORTE,1311,PH012800000,613421,214.0,2.330413773349191
Mobility Disability,Region I (Ilocos Region),Severe,PH010000000,ILOCOS SUR,1538,PH012900000,715810,215.0,2.3324384599156054
Mobility Disability,Region I (Ilocos Region),Severe,PH010000000,LA UNION,1651,PH013300000,828194,200.0,2.3010299956639813
Mobility Disability,Region I (Ilocos Region),Severe,PH010000000,PANGASINAN,4737,PH015500000,3113382,153.0,2.184691430817599
Mobility Disability,Region II (Cagayan Valley),Mild,PH020000000,BATANES,373,PH020900000,17874,2087.0,3.3195224490654542
Mobility Disability,Region II (Cagayan Valley),Mild,PH020000000,CAGAYAN,23516,PH021500000,1273322,1847.0,3.2664668954402414
Mobility Disability,Region II (Cagayan Valley),Mild,PH020000000,ISABELA,31711,PH023100000,1685739,1882.0,3.274619619091238
Mobility Disability,Region II (Cagayan Valley),Mild,PH020000000,NUEVA VIZCAYA,10374,PH025000000,482894,2149.0,3.3322364154914434
Mobility Disability,Region II (Cagayan Valley),Mild,PH020000000,QUIRINO,3423,PH025700000,197917,1730.0,3.2380461031287955
Mobility Disability,Region II (Cagayan Valley),Moderate,PH020000000,BATANES,87,PH020900000,17874,487.0,2.6875289612146345
Mobility Disability,Region II (Cagayan Valley),Moderate,PH020000000,CAGAYAN,4483,PH021500000,1273322,353.0,2.5477747053878224
Mobility Disability,Region II (Cagayan Valley),Moderate,PH020000000,ISABELA,5796,PH023100000,1685739,344.0,2.53655844257153
Mobility Disability,Region II (Cagayan Valley),Moderate,PH020000000,NUEVA VIZCAYA,1957,PH025000000,482894,406.0,2.6085260335771943
Mobility Disability,Region II (Cagayan Valley),Moderate,PH020000000,QUIRINO,618,PH025700000,197917,313.0,2.4955443375464483
Mobility Disability,Region II (Cagayan Valley),Severe,PH020000000,BATANES,57,PH020900000,17874,319.0,2.503790683057181
Mobility Disability,Region II (Cagayan Valley),Severe,PH020000000,CAGAYAN,2033,PH021500000,1273322,160.0,2.2041199826559246
Mobility Disability,Region II (Cagayan Valley),Severe,PH020000000,ISABELA,2480,PH023100000,1685739,148.0,2.1702617153949575
Mobility Disability,Region II (Cagayan Valley),Severe,PH020000000,NUEVA VIZCAYA,826,PH025000000,482894,172.0,2.2355284469075487
Mobility Disability,Region II (Cagayan Valley),Severe,PH020000000,QUIRINO,272,PH025700000,197917,138.0,2.1398790864012365
Mobility Disability,Region III (Central Luzon),Mild,PH030000000,AURORA,2961,PH037700000,227530,1302.0,3.114610984232173
Mobility Disability,Region III (Central Luzon),Mild,PH030000000,BATAAN,11311,PH030800000,836076,1353.0,3.131297796597623
Mobility Disability,Region III (Central Luzon),Mild,PH030000000,BULACAN,46702,PH031400000,3646679,1281.0,3.1075491297446862
Mobility Disability,Region III (Central Luzon),Mild,PH030000000,NUEVA ECIJA,37068,PH034900000,2355414,1574.0,3.1970047280230456
Mobility Disability,Region III (Central Luzon),Mild,PH030000000,PAMPANGA,25499,PH035400000,2893624,882.0,2.94546858513182
Mobility Disability,Region III (Central Luzon),Mild,PH030000000,TARLAC,18074,PH036900000,1460137,1238.0,3.0927206446840994
Mobility Disability,Region III (Central Luzon),Mild,PH030000000,ZAMBALES,14260,PH037100000,894254,1595.0,3.2027606873931997
Mobility Disability,Region III (Central Luzon),Moderate,PH030000000,AURORA,620,PH037700000,227530,273.0,2.436162647040756
Mobility Disability,Region III (Central Luzon),Moderate,PH030000000,BATAAN,2554,PH030800000,836076,306.0,2.48572142648158
Mobility Disability,Region III (Central Luzon),Moderate,PH030000000,BULACAN,9673,PH031400000,3646679,266.0,2.424881636631067
Mobility Disability,Region III (Central Luzon),Moderate,PH030000000,NUEVA ECIJA,6607,PH034900000,2355414,281.0,2.44870631990508
Mobility Disability,Region III (Central Luzon),Moderate,PH030000000,PAMPANGA,4293,PH035400000,2893624,149.0,2.173186268412274
Mobility Disability,Region III (Central Luzon),Moderate,PH030000000,TARLAC,3157,PH036900000,1460137,217.0,2.3364597338485296
Mobility Disability,Region III (Central Luzon),Moderate,PH030000000,ZAMBALES,2963,PH037100000,894254,332.0,2.5211380837040362
Mobility Disability,Region III (Central Luzon),Severe,PH030000000,AURORA,336,PH037700000,227530,148.0,2.1702617153949575
Mobility Disability,Region III (Central Luzon),Severe,PH030000000,BATAAN,1081,PH030800000,836076,130.0,2.113943352306837
Mobility Disability,Region III (Central Luzon),Severe,PH030000000,BULACAN,4306,PH031400000,3646679,119.0,2.0755469613925306
Mobility Disability,Region III (Central Luzon),Severe,PH030000000,NUEVA ECIJA,2758,PH034900000,2355414,118.0,2.0718820073061255
Mobility Disability,Region III (Central Luzon),Severe,PH030000000,PAMPANGA,2357,PH035400000,2893624,82.0,1.9138138523837167
Mobility Disability,Region III (Central Luzon),Severe,PH030000000,TARLAC,1820,PH036900000,1460137,125.0,2.0969100130080562
Mobility Disability,Region III (Central Luzon),Severe,PH030000000,ZAMBALES,1498,PH037100000,894254,168.0,2.225309281725863
Mobility Disability,Region IV-A (CALABARZON),Mild,PH040000000,BATANGAS,35098,PH041000000,3033730,1157.0,3.0633333589517497
Mobility Disability,Region IV-A (CALABARZON),Mild,PH040000000,CAVITE,40533,PH042100000,4210866,963.0,2.9836262871245345
Mobility Disability,Region IV-A (CALABARZON),Mild,PH040000000,LAGUNA,33924,PH043400000,3343703,1015.0,3.0064660422492318
Mobility Disability,Region IV-A (CALABARZON),Mild,PH040000000,QUEZON,38465,PH045600000,2260033,1702.0,3.230959555748569
Mobility Disability,Region IV-A (CALABARZON),Mild,PH040000000,RIZAL,29131,PH045800000,3208959,908.0,2.958085848521085
Mobility Disability,Region IV-A (CALABARZON),Moderate,PH040000000,BATANGAS,7095,PH041000000,3033730,234.0,2.369215857410143
Mobility Disability,Region IV-A (CALABARZON),Moderate,PH040000000,CAVITE,8312,PH042100000,4210866,198.0,2.296665190261531
Mobility Disability,Region IV-A (CALABARZON),Moderate,PH040000000,LAGUNA,6292,PH043400000,3343703,189.0,2.2764618041732443
Mobility Disability,Region IV-A (CALABARZON),Moderate,PH040000000,QUEZON,7397,PH045600000,2260033,328.0,2.515873843711679
Mobility Disability,Region IV-A (CALABARZON),Moderate,PH040000000,RIZAL,5796,PH045800000,3208959,181.0,2.2576785748691846
Mobility Disability,Region IV-A (CALABARZON),Severe,PH040000000,BATANGAS,3592,PH041000000,3033730,119.0,2.0755469613925306
Mobility Disability,Region IV-A (CALABARZON),Severe,PH040000000,CAVITE,4000,PH042100000,4210866,95.0,1.9777236052888478
Mobility Disability,Region IV-A (CALABARZON),Severe,PH040000000,LAGUNA,2949,PH043400000,3343703,89.0,1.9493900066449128
Mobility Disability,Region IV-A (CALABARZON),Severe,PH040000000,QUEZON,3235,PH045600000,2260033,144.0,2.1583624920952498
Mobility Disability,Region IV-A (CALABARZON),Severe,PH040000000,RIZAL,2738,PH045800000,3208959,86.0,1.9344984512435677
Mobility Disability,Region IX (Zamboanga Peninsula),Mild,PH090000000,CITY OF ISABELA (NOT A PROVINCE),1284,PH099700000,127728,1006.0,3.0025979807199086
Mobility Disability,Region IX (Zamboanga Peninsula),Mild,PH090000000,ZAMBOANGA DEL NORTE,17621,PH097200000,1047292,1683.0,3.226084115975824
Mobility Disability,Region IX (Zamboanga Peninsula),Mild,PH090000000,ZAMBOANGA DEL SUR,24629,PH097300000,1928337,1278.0,3.1065308538223815
Mobility Disability,Region IX (Zamboanga Peninsula),Mild,PH090000000,ZAMBOANGA SIBUGAY,10301,PH098300000,679404,1517.0,3.1809855807867304
Mobility Disability,Region IX (Zamboanga Peninsula),Moderate,PH090000000,CITY OF ISABELA (NOT A PROVINCE),176,PH099700000,127728,138.0,2.1398790864012365
Mobility Disability,Region IX (Zamboanga Peninsula),Moderate,PH090000000,ZAMBOANGA DEL NORTE,3091,PH097200000,1047292,296.0,2.4712917110589387
Mobility Disability,Region IX (Zamboanga Peninsula),Moderate,PH090000000,ZAMBOANGA DEL SUR,4686,PH097300000,1928337,244.0,2.387389826338729
Mobility Disability,Region IX (Zamboanga Peninsula),Moderate,PH090000000,ZAMBOANGA SIBUGAY,1922,PH098300000,679404,283.0,2.45178643552429
Mobility Disability,Region IX (Zamboanga Peninsula),Severe,PH090000000,CITY OF ISABELA (NOT A PROVINCE),65,PH099700000,127728,51.0,1.7075701760979363
Mobility Disability,Region IX (Zamboanga Peninsula),Severe,PH090000000,ZAMBOANGA DEL NORTE,1288,PH097200000,1047292,123.0,2.089905111439398
Mobility Disability,Region IX (Zamboanga Peninsula),Severe,PH090000000,ZAMBOANGA DEL SUR,2157,PH097300000,1928337,112.0,2.0492180226701815
Mobility Disability,Region IX (Zamboanga Peninsula),Severe,PH090000000,ZAMBOANGA SIBUGAY,814,PH098300000,679404,120.0,2.0791812460476247
Mobility Disability,Region V (Bicol Region),Mild,PH050000000,ALBAY,24742,PH050500000,1396088,1773.0,3.2487087356009177
Mobility Disability,Region V (Bicol Region),Mild,PH050000000,CAMARINES NORTE,12074,PH051600000,622514,1940.0,3.287801729930226
Mobility Disability,Region V (Bicol Region),Mild,PH050000000,CAMARINES SUR,40535,PH051700000,2059495,1969.0,3.2942457161381182
Mobility Disability,Region V (Bicol Region),Mild,PH050000000,CATANDUANES,6215,PH052000000,272941,2278.0,3.3575537197430814
Mobility Disability,Region V (Bicol Region),Mild,PH050000000,MASBATE,13368,PH054100000,937079,1427.0,3.154423973114647
Mobility Disability,Region V (Bicol Region),Mild,PH050000000,SORSOGON,17066,PH056200000,845718,2018.0,3.3049211619008916
Mobility Disability,Region V (Bicol Region),Moderate,PH050000000,ALBAY,4742,PH050500000,1396088,340.0,2.531478917042255
Mobility Disability,Region V (Bicol Region),Moderate,PH050000000,CAMARINES NORTE,2640,PH051600000,622514,425.0,2.6283889300503116
Mobility Disability,Region V (Bicol Region),Moderate,PH050000000,CAMARINES SUR,8374,PH051700000,2059495,407.0,2.60959440922522
Mobility Disability,Region V (Bicol Region),Moderate,PH050000000,CATANDUANES,1229,PH052000000,272941,451.0,2.6541765418779604
Mobility Disability,Region V (Bicol Region),Moderate,PH050000000,MASBATE,2284,PH054100000,937079,244.0,2.387389826338729
Mobility Disability,Region V (Bicol Region),Moderate,PH050000000,SORSOGON,3349,PH056200000,845718,396.0,2.597695185925512
Mobility Disability,Region V (Bicol Region),Severe,PH050000000,ALBAY,2423,PH050500000,1396088,174.0,2.2405492482826
Mobility Disability,Region V (Bicol Region),Severe,PH050000000,CAMARINES NORTE,1138,PH051600000,622514,183.0,2.2624510897304293
Mobility Disability,Region V (Bicol Region),Severe,PH050000000,CAMARINES SUR,4059,PH051700000,2059495,198.0,2.296665190261531
Mobility Disability,Region V (Bicol Region),Severe,PH050000000,CATANDUANES,692,PH052000000,272941,254.0,2.404833716619938
Mobility Disability,Region V (Bicol Region),Severe,PH050000000,MASBATE,1125,PH054100000,937079,121.0,2.0827853703164503
Mobility Disability,Region V (Bicol Region),Severe,PH050000000,SORSOGON,1627,PH056200000,845718,193.0,2.285557309007774
Mobility Disability,Region VI (Western Visayas),Mild,PH060000000,AKLAN,12647,PH060400000,605584,2089.0,3.3199384399803087
Mobility Disability,Region VI (Western Visayas),Mild,PH060000000,ANTIQUE,15533,PH060600000,612454,2537.0,3.404320467221731
Mobility Disability,Region VI (Western Visayas),Mild,PH060000000,CAPIZ,14326,PH061900000,803083,1784.0,3.2513948500401044
Mobility Disability,Region VI (Western Visayas),Mild,PH060000000,GUIMARAS,2643,PH067900000,185174,1428.0,3.1547282074401557
Mobility Disability,Region VI (Western Visayas),Mild,PH060000000,ILOILO,48367,PH063000000,2524211,1917.0,3.2826221128780624
Mobility Disability,Region VI (Western Visayas),Mild,PH060000000,NEGROS OCCIDENTAL,38908,PH064500000,3174389,1226.0,3.0884904701823963
Mobility Disability,Region VI (Western Visayas),Moderate,PH060000000,AKLAN,2640,PH060400000,605584,436.0,2.639486489268586
Mobility Disability,Region VI (Western Visayas),Moderate,PH060000000,ANTIQUE,3511,PH060600000,612454,574.0,2.7589118923979736
Mobility Disability,Region VI (Western Visayas),Moderate,PH060000000,CAPIZ,2582,PH061900000,803083,322.0,2.507855871695831
Mobility Disability,Region VI (Western Visayas),Moderate,PH060000000,GUIMARAS,566,PH067900000,185174,306.0,2.48572142648158
Mobility Disability,Region VI (Western Visayas),Moderate,PH060000000,ILOILO,10439,PH063000000,2524211,414.0,2.617000341120899
Mobility Disability,Region VI (Western Visayas),Moderate,PH060000000,NEGROS OCCIDENTAL,7610,PH064500000,3174389,240.0,2.380211241711606
Mobility Disability,Region VI (Western Visayas),Severe,PH060000000,AKLAN,1330,PH060400000,605584,220.0,2.342422680822206
Mobility Disability,Region VI (Western Visayas),Severe,PH060000000,ANTIQUE,1530,PH060600000,612454,250.0,2.3979400086720375
Mobility Disability,Region VI (Western Visayas),Severe,PH060000000,CAPIZ,1197,PH061900000,803083,150.0,2.1760912590556813
Mobility Disability,Region VI (Western Visayas),Severe,PH060000000,GUIMARAS,348,PH067900000,185174,188.0,2.27415784926368
Mobility Disability,Region VI (Western Visayas),Severe,PH060000000,ILOILO,5354,PH063000000,2524211,213.0,2.3283796034387376
Mobility Disability,Region VI (Western Visayas),Severe,PH060000000,NEGROS OCCIDENTAL,3716,PH064500000,3174389,118.0,2.0718820073061255
Mobility Disability,Region VII (Central Visayas),Mild,PH070000000,BOHOL,27753,PH071200000,1365107,2034.0,3.308350948586726
Mobility Disability,Region VII (Central Visayas),Mild,PH070000000,CEBU,62186,PH072200000,5085207,1223.0,3.0874264570362855
Mobility Disability,Region VII (Central Visayas),Mild,PH070000000,NEGROS ORIENTAL,25113,PH074600000,1406274,1786.0,3.2518814545525276
Mobility Disability,Region VII (Central Visayas),Mild,PH070000000,SIQUIJOR,2484,PH076100000,100457,2473.0,3.3932241163612975
Mobility Disability,Region VII (Central Visayas),Moderate,PH070000000,BOHOL,5738,PH071200000,1365107,421.0,2.6242820958356683
Mobility Disability,Region VII (Central Visayas),Moderate,PH070000000,CEBU,13529,PH072200000,5085207,267.0,2.4265112613645754
Mobility Disability,Region VII (Central Visayas),Moderate,PH070000000,NEGROS ORIENTAL,4706,PH074600000,1406274,335.0,2.525044807036845
Mobility Disability,Region VII (Central Visayas),Moderate,PH070000000,SIQUIJOR,521,PH076100000,100457,519.0,2.7151673578484576
Mobility Disability,Region VII (Central Visayas),Severe,PH070000000,BOHOL,2960,PH071200000,1365107,217.0,2.3364597338485296
Mobility Disability,Region VII (Central Visayas),Severe,PH070000000,CEBU,6984,PH072200000,5085207,138.0,2.1398790864012365
Mobility Disability,Region VII (Central Visayas),Severe,PH070000000,NEGROS ORIENTAL,2542,PH074600000,1406274,181.0,2.2576785748691846
Mobility Disability,Region VII (Central Visayas),Severe,PH070000000,SIQUIJOR,275,PH076100000,100457,274.0,2.437750562820388
Mobility Disability,Region VIII (Eastern Visayas),Mild,PH080000000,BILIRAN,3509,PH087800000,179362,1957.0,3.2915908256580013
Mobility Disability,Region VIII (Eastern Visayas),Mild,PH080000000,EASTERN SAMAR,13628,PH082600000,503495,2707.0,3.4324882557705063
Mobility Disability,Region VIII (Eastern Visayas),Mild,PH080000000,LEYTE,35870,PH083700000,2124269,1689.0,3.227629649571009
Mobility Disability,Region VIII (Eastern Visayas),Mild,PH080000000,NORTHERN SAMAR,14700,PH084800000,668766,2199.0,3.3422252293607904
Mobility Disability,Region VIII (Eastern Visayas),Mild,PH080000000,SAMAR (WESTERN SAMAR),12071,PH086000000,822095,1469.0,3.1670217957902564
Mobility Disability,Region VIII (Eastern Visayas),Mild,PH080000000,SOUTHERN LEYTE,8132,PH086400000,444355,1831.0,3.2626883443016963
Mobility Disability,Region VIII (Eastern Visayas),Moderate,PH080000000,BILIRAN,605,PH087800000,179362,338.0,2.5289167002776547
Mobility Disability,Region VIII (Eastern Visayas),Moderate,PH080000000,EASTERN SAMAR,2584,PH082600000,503495,514.0,2.710963118995276
Mobility Disability,Region VIII (Eastern Visayas),Moderate,PH080000000,LEYTE,6995,PH083700000,2124269,330.0,2.5185139398778875
Mobility Disability,Region VIII (Eastern Visayas),Moderate,PH080000000,NORTHERN SAMAR,2685,PH084800000,668766,402.0,2.60422605308447
Mobility Disability,Region VIII (Eastern Visayas),Moderate,PH080000000,SAMAR (WESTERN SAMAR),2037,PH086000000,822095,248.0,2.3944516808262164
Mobility Disability,Region VIII (Eastern Visayas),Moderate,PH080000000,SOUTHERN LEYTE,1859,PH086400000,444355,419.0,2.622214022966295
Mobility Disability,Region VIII (Eastern Visayas),Severe,PH080000000,BILIRAN,369,PH087800000,179362,206.0,2.3138672203691533
Mobility Disability,Region VIII (Eastern Visayas),Severe,PH080000000,EASTERN SAMAR,966,PH082600000,503495,192.0,2.2833012287035497
Mobility Disability,Region VIII (Eastern Visayas),Severe,PH080000000,LEYTE,3463,PH083700000,2124269,164.0,2.214843848047698
Mobility Disability,Region VIII (Eastern Visayas),Severe,PH080000000,NORTHERN SAMAR,1082,PH084800000,668766,162.0,2.2095150145426308
Mobility Disability,Region VIII (Eastern Visayas),Severe,PH080000000,SAMAR (WESTERN SAMAR),885,PH086000000,822095,108.0,2.03342375548695
Mobility Disability,Region VIII (Eastern Visayas),Severe,PH080000000,SOUTHERN LEYTE,908,PH086400000,444355,205.0,2.311753861055754
Mobility Disability,Region X (Northern Mindanao),Mild,PH100000000,BUKIDNON,17751,PH101300000,1510189,1176.0,3.0704073217401198
Mobility Disability,Region X (Northern Mindanao),Mild,PH100000000,CAMIGUIN,1552,PH101800000,92431,1680.0,3.225309281725863
Mobility Disability,Region X (Northern Mindanao),Mild,PH100000000,LANAO DEL NORTE,9314,PH103500000,1095270,851.0,2.929929560084588
Mobility Disability,Region X (Northern Mindanao),Mild,PH100000000,MISAMIS OCCIDENTAL,9343,PH104200000,627158,1490.0,3.173186268412274
Mobility Disability,Region X (Northern Mindanao),Mild,PH100000000,MISAMIS ORIENTAL,18490,PH104300000,1692002,1093.0,3.038620161949703
Mobility Disability,Region X (Northern Mindanao),Moderate,PH100000000,BUKIDNON,3934,PH101300000,1510189,261.0,2.416640507338281
Mobility Disability,Region X (Northern Mindanao),Moderate,PH100000000,CAMIGUIN,379,PH101800000,92431,411.0,2.6138418218760693
Mobility Disability,Region X (Northern Mindanao),Moderate,PH100000000,LANAO DEL NORTE,1803,PH103500000,1095270,165.0,2.2174839442139063
Mobility Disability,Region X (Northern Mindanao),Moderate,PH100000000,MISAMIS OCCIDENTAL,2125,PH104200000,627158,339.0,2.530199698203082
Mobility Disability,Region X (Northern Mindanao),Moderate,PH100000000,MISAMIS ORIENTAL,4227,PH104300000,1692002,250.0,2.3979400086720375
Mobility Disability,Region X (Northern Mindanao),Severe,PH100000000,BUKIDNON,1798,PH101300000,1510189,120.0,2.0791812460476247
Mobility Disability,Region X (Northern Mindanao),Severe,PH100000000,CAMIGUIN,263,PH101800000,92431,285.0,2.45484486000851
Mobility Disability,Region X (Northern Mindanao),Severe,PH100000000,LANAO DEL NORTE,880,PH103500000,1095270,81.0,1.9084850188786497
Mobility Disability,Region X (Northern Mindanao),Severe,PH100000000,MISAMIS OCCIDENTAL,1045,PH104200000,627158,167.0,2.2227164711475833
Mobility Disability,Region X (Northern Mindanao),Severe,PH100000000,MISAMIS ORIENTAL,2205,PH104300000,1692002,131.0,2.1172712956557644
Mobility Disability,Region XIII (Caraga),Mild,PH160000000,AGUSAN DEL NORTE,8217,PH160200000,738775,1113.0,3.0464951643347082
Mobility Disability,Region XIII (Caraga),Mild,PH160000000,AGUSAN DEL SUR,8979,PH160300000,734982,1222.0,3.0870712059065353
Mobility Disability,Region XIII (Caraga),Mild,PH160000000,DINAGAT ISLANDS,2372,PH168500000,130671,1816.0,3.2591158441850663
Mobility Disability,Region XIII (Caraga),Mild,PH160000000,SURIGAO DEL NORTE,7606,PH166700000,528148,1441.0,3.1586639808139894
Mobility Disability,Region XIII (Caraga),Mild,PH160000000,SURIGAO DEL SUR,9505,PH166800000,620531,1532.0,3.185258765296585
Mobility Disability,Region XIII (Caraga),Moderate,PH160000000,AGUSAN DEL NORTE,1902,PH160200000,738775,258.0,2.41161970596323
Mobility Disability,Region XIII (Caraga),Moderate,PH160000000,AGUSAN DEL SUR,2151,PH160300000,734982,293.0,2.4668676203541096
Mobility Disability,Region XIII (Caraga),Moderate,PH160000000,DINAGAT ISLANDS,467,PH168500000,130671,358.0,2.5538830266438746
Mobility Disability,Region XIII (Caraga),Moderate,PH160000000,SURIGAO DEL NORTE,1600,PH166700000,528148,303.0,2.481442628502305
Mobility Disability,Region XIII (Caraga),Moderate,PH160000000,SURIGAO DEL SUR,2049,PH166800000,620531,331.0,2.519827993775719
Mobility Disability,Region XIII (Caraga),Severe,PH160000000,AGUSAN DEL NORTE,993,PH160200000,738775,135.0,2.130333768495006
Mobility Disability,Region XIII (Caraga),Severe,PH160000000,AGUSAN DEL SUR,1014,PH160300000,734982,138.0,2.1398790864012365
Mobility Disability,Region XIII (Caraga),Severe,PH160000000,DINAGAT ISLANDS,181,PH168500000,130671,139.0,2.143014800254095
Mobility Disability,Region XIII (Caraga),Severe,PH160000000,SURIGAO DEL NORTE,865,PH166700000,528148,164.0,2.214843848047698
Mobility Disability,Region XIII (Caraga),Severe,PH160000000,SURIGAO DEL SUR,974,PH166800000,620531,157.0,2.1958996524092336
Self-Care Disability,BANGSAMORO AUTONOMOUS REGION IN MUSLIM MINDANAO (BARMM),Mild,PH150000000,BASILAN,1114,PH150700000,386697,289.0,2.4608978427565478
Self-Care Disability,BANGSAMORO AUTONOMOUS REGION IN MUSLIM MINDANAO (BARMM),Mild,PH150000000,LANAO DEL SUR,17130,PH153600000,1146287,1495.0,3.1746411926604483
Self-Care Disability,BANGSAMORO AUTONOMOUS REGION IN MUSLIM MINDANAO (BARMM),Mild,PH150000000,MAGUINDANAO,8281,PH153800000,1323051,626.0,2.7965743332104296
Self-Care Disability,BANGSAMORO AUTONOMOUS REGION IN MUSLIM MINDANAO (BARMM),Mild,PH150000000,SULU,1352,PH156600000,913590,148.0,2.1702617153949575
Self-Care Disability,BANGSAMORO AUTONOMOUS REGION IN MUSLIM MINDANAO (BARMM),Mild,PH150000000,TAWI-TAWI,1096,PH157000000,413690,265.0,2.423245873936808
Self-Care Disability,BANGSAMORO AUTONOMOUS REGION IN MUSLIM MINDANAO (BARMM),Moderate,PH150000000,BASILAN,158,PH150700000,386697,41.0,1.6127838567197355
Self-Care Disability,BANGSAMORO AUTONOMOUS REGION IN MUSLIM MINDANAO (BARMM),Moderate,PH150000000,LANAO DEL SUR,2042,PH153600000,1146287,179.0,2.2528530309798933
Self-Care Disability,BANGSAMORO AUTONOMOUS REGION IN MUSLIM MINDANAO (BARMM),Moderate,PH150000000,MAGUINDANAO,1002,PH153800000,1323051,76.0,1.8808135922807914
Self-Care Disability,BANGSAMORO AUTONOMOUS REGION IN MUSLIM MINDANAO (BARMM),Moderate,PH150000000,SULU,128,PH156600000,913590,15.0,1.1760912590556813
Self-Care Disability,BANGSAMORO AUTONOMOUS REGION IN MUSLIM MINDANAO (BARMM),Moderate,PH150000000,TAWI-TAWI,150,PH157000000,413690,37.0,1.568201724066995
Self-Care Disability,BANGSAMORO AUTONOMOUS REGION IN MUSLIM MINDANAO (BARMM),Severe,PH150000000,BASILAN,105,PH150700000,386697,28.0,1.4471580313422192
Self-Care Disability,BANGSAMORO AUTONOMOUS REGION IN MUSLIM MINDANAO (BARMM),Severe,PH150000000,LANAO DEL SUR,1399,PH153600000,1146287,123.0,2.089905111439398
Self-Care Disability,BANGSAMORO AUTONOMOUS REGION IN MUSLIM MINDANAO (BARMM),Severe,PH150000000,MAGUINDANAO,819,PH153800000,1323051,62.0,1.792391689498254
Self-Care Disability,BANGSAMORO AUTONOMOUS REGION IN MUSLIM MINDANAO (BARMM),Severe,PH150000000,SULU,55,PH156600000,913590,7.0,0.8450980400142568
Self-Care Disability,BANGSAMORO AUTONOMOUS REGION IN MUSLIM MINDANAO (BARMM),Severe,PH150000000,TAWI-TAWI,72,PH157000000,413690,18.0,1.255272505103306
Self-Care Disability,Cordillera Administrative Region (CAR),Mild,PH140000000,ABRA,1279,PH140100000,247402,517.0,2.7134905430939424
Self-Care Disability,Cordillera Administrative Region (CAR),Mild,PH140000000,APAYAO,607,PH148100000,123899,490.0,2.690196080028514
Self-Care Disability,Cordillera Administrative Region (CAR),Mild,PH140000000,BENGUET,2946,PH141100000,848552,348.0,2.5415792439465807
Self-Care Disability,Cordillera Administrative Region (CAR),Mild,PH140000000,IFUGAO,813,PH142700000,210669,386.0,2.586587304671755
Self-Care Disability,Cordillera Administrative Region (CAR),Mild,PH140000000,KALINGA,946,PH143200000,220230,430.0,2.6334684555795866
Self-Care Disability,Cordillera Administrative Region (CAR),Mild,PH140000000,MOUNTAIN PROVINCE,701,PH144400000,156987,447.0,2.6503075231319366
Self-Care Disability,Cordillera Administrative Region (CAR),Moderate,PH140000000,ABRA,495,PH140100000,247402,201.0,2.303196057420489
Self-Care Disability,Cordillera Administrative Region (CAR),Moderate,PH140000000,APAYAO,195,PH148100000,123899,158.0,2.1986570869544226
Self-Care Disability,Cordillera Administrative Region (CAR),Moderate,PH140000000,BENGUET,1265,PH141100000,848552,150.0,2.1760912590556813
Self-Care Disability,Cordillera Administrative Region (CAR),Moderate,PH140000000,IFUGAO,372,PH142700000,210669,177.0,2.247973266361807
Self-Care Disability,Cordillera Administrative Region (CAR),Moderate,PH140000000,KALINGA,324,PH143200000,220230,148.0,2.1702617153949575
Self-Care Disability,Cordillera Administrative Region (CAR),Moderate,PH140000000,MOUNTAIN PROVINCE,285,PH144400000,156987,182.0,2.2600713879850747
Self-Care Disability,Cordillera Administrative Region (CAR),Severe,PH140000000,ABRA,590,PH140100000,247402,239.0,2.3783979009481375
Self-Care Disability,Cordillera Administrative Region (CAR),Severe,PH140000000,APAYAO,277,PH148100000,123899,224.0,2.3502480183341627
Self-Care Disability,Cordillera Administrative Region (CAR),Severe,PH140000000,BENGUET,1565,PH141100000,848552,185.0,2.2671717284030137
Self-Care Disability,Cordillera Administrative Region (CAR),Severe,PH140000000,IFUGAO,352,PH142700000,210669,168.0,2.225309281725863
Self-Care Disability,Cordillera Administrative Region (CAR),Severe,PH140000000,KALINGA,396,PH143200000,220230,180.0,2.255272505103306
Self-Care Disability,Cordillera Administrative Region (CAR),Severe,PH140000000,MOUNTAIN PROVINCE,259,PH144400000,156987,165.0,2.2174839442139063
Self-Care Disability,MIMAROPA Region,Mild,PH1700000000,MARINDUQUE,1102,PH174000000,241036,458.0,2.660865478003869
Self-Care Disability,MIMAROPA Region,Mild,PH1700000000,OCCIDENTAL MINDORO,1956,PH175100000,515134,380.0,2.57978359661681
Self-Care Disability,MIMAROPA Region,Mild,PH1700000000,ORIENTAL MINDORO,2745,PH175200000,901270,305.0,2.484299839346786
Self-Care Disability,MIMAROPA Region,Mild,PH1700000000,PALAWAN,4805,PH175300000,1216009,396.0,2.597695185925512
Self-Care Disability,MIMAROPA Region,Mild,PH1700000000,ROMBLON,1586,PH175900000,301407,527.0,2.7218106152125467
Self-Care Disability,MIMAROPA Region,Moderate,PH1700000000,MARINDUQUE,518,PH174000000,241036,215.0,2.3324384599156054
Self-Care Disability,MIMAROPA Region,Moderate,PH1700000000,OCCIDENTAL MINDORO,545,PH175100000,515134,106.0,2.0253058652647704
Self-Care Disability,MIMAROPA Region,Moderate,PH1700000000,ORIENTAL MINDORO,1264,PH175200000,901270,141.0,2.1492191126553797
Self-Care Disability,MIMAROPA Region,Moderate,PH1700000000,PALAWAN,1382,PH175300000,1216009,114.0,2.0569048513364727
Self-Care Disability,MIMAROPA Region,Moderate,PH1700000000,ROMBLON,668,PH175900000,301407,222.0,2.346352974450639
Self-Care Disability,MIMAROPA Region,Severe,PH1700000000,MARINDUQUE,661,PH174000000,241036,275.0,2.439332693830263
Self-Care Disability,MIMAROPA Region,Severe,PH1700000000,OCCIDENTAL MINDORO,724,PH175100000,515134,141.0,2.1492191126553797
Self-Care Disability,MIMAROPA Region,Severe,PH1700000000,ORIENTAL MINDORO,1800,PH175200000,901270,200.0,2.3010299956639813
Self-Care Disability,MIMAROPA Region,Severe,PH1700000000,PALAWAN,1666,PH175300000,1216009,138.0,2.1398790864012365
Self-Care Disability,MIMAROPA Region,Severe,PH1700000000,ROMBLON,789,PH175900000,301407,262.0,2.4183012913197452
Self-Care Disability,National Capital Region (NCR),Mild,PH130000000,"NCR, FIRST DISTRICT (NOT A PROVINCE)",6693,PH133900000,1886920,355.0,2.550228353055094
Self-Care Disability,National Capital Region (NCR),Mild,PH130000000,"NCR, FOURTH DISTRICT (NOT A PROVINCE)",11026,PH137600000,4015981,275.0,2.439332693830263
Self-Care Disability,National Capital Region (NCR),Mild,PH130000000,"NCR, SECOND DISTRICT (NOT A PROVINCE)",13600,PH137400000,4960933,275.0,2.439332693830263
Self-Care Disability,National Capital Region (NCR),Mild,PH130000000,"NCR, THIRD DISTRICT (NOT A PROVINCE)",6154,PH137500000,2940822,210.0,2.322219294733919
Self-Care Disability,National Capital Region (NCR),Moderate,PH130000000,"NCR, FIRST DISTRICT (NOT A PROVINCE)",1928,PH133900000,1886920,103.0,2.012837224705172
Self-Care Disability,National Capital Region (NCR),Moderate,PH130000000,"NCR, FOURTH DISTRICT (NOT A PROVINCE)",3023,PH137600000,4015981,76.0,1.8808135922807914
Self-Care Disability,National Capital Region (NCR),Moderate,PH130000000,"NCR, SECOND DISTRICT (NOT A PROVINCE)",4261,PH137400000,4960933,86.0,1.9344984512435677
Self-Care Disability,National Capital Region (NCR),Moderate,PH130000000,"NCR, THIRD DISTRICT (NOT A PROVINCE)",2073,PH137500000,2940822,71.0,1.8512583487190752
Self-Care Disability,National Capital Region (NCR),Severe,PH130000000,"NCR, FIRST DISTRICT (NOT A PROVINCE)",2148,PH133900000,1886920,114.0,2.0569048513364727
Self-Care Disability,National Capital Region (NCR),Severe,PH130000000,"NCR, FOURTH DISTRICT (NOT A PROVINCE)",3424,PH137600000,4015981,86.0,1.9344984512435677
Self-Care Disability,National Capital Region (NCR),Severe,PH130000000,"NCR, SECOND DISTRICT (NOT A PROVINCE)",4038,PH137400000,4960933,82.0,1.9138138523837167
Self-Care Disability,National Capital Region (NCR),Severe,PH130000000,"NCR, THIRD DISTRICT (NOT A PROVINCE)",2556,PH137500000,2940822,87.0,1.9395192526186185
Self-Care Disability,REGION XI (DAVAO REGION),Mild,PH110000000,COMPOSTELA VALLEY,2707,PH118200000,774102,350.0,2.5440680443502757
Self-Care Disability,REGION XI (DAVAO REGION),Mild,PH110000000,DAVAO DEL NORTE,4103,PH112300000,1056457,389.0,2.5899496013257077
Self-Care Disability,REGION XI (DAVAO REGION),Mild,PH110000000,DAVAO DEL SUR,7488,PH112400000,2520852,298.0,2.4742162640762553
Self-Care Disability,REGION XI (DAVAO REGION),Mild,PH110000000,DAVAO OCCIDENTAL,1420,PH118600000,338925,419.0,2.622214022966295
Self-Care Disability,REGION XI (DAVAO REGION),Mild,PH110000000,DAVAO ORIENTAL,2183,PH112500000,600531,364.0,2.561101383649056
Self-Care Disability,REGION XI (DAVAO REGION),Moderate,PH110000000,COMPOSTELA VALLEY,1022,PH118200000,774102,133.0,2.123851640967086
Self-Care Disability,REGION XI (DAVAO REGION),Moderate,PH110000000,DAVAO DEL NORTE,1303,PH112300000,1056457,124.0,2.093421685162235
Self-Care Disability,REGION XI (DAVAO REGION),Moderate,PH110000000,DAVAO DEL SUR,2697,PH112400000,2520852,107.0,2.0293837776852097
Self-Care Disability,REGION XI (DAVAO REGION),Moderate,PH110000000,DAVAO OCCIDENTAL,341,PH118600000,338925,101.0,2.0043213737826426
Self-Care Disability,REGION XI (DAVAO REGION),Moderate,PH110000000,DAVAO ORIENTAL,670,PH112500000,600531,112.0,2.0492180226701815
Self-Care Disability,REGION XI (DAVAO REGION),Severe,PH110000000,COMPOSTELA VALLEY,1291,PH118200000,774102,167.0,2.2227164711475833
Self-Care Disability,REGION XI (DAVAO REGION),Severe,PH110000000,DAVAO DEL NORTE,1493,PH112300000,1056457,142.0,2.1522883443830563
Self-Care Disability,REGION XI (DAVAO REGION),Severe,PH110000000,DAVAO DEL SUR,3045,PH112400000,2520852,121.0,2.0827853703164503
Self-Care Disability,REGION XI (DAVAO REGION),Severe,PH110000000,DAVAO OCCIDENTAL,312,PH118600000,338925,93.0,1.968482948553935
Self-Care Disability,REGION XI (DAVAO REGION),Severe,PH110000000,DAVAO ORIENTAL,736,PH112500000,600531,123.0,2.089905111439398
Self-Care Disability,REGION XII (SOCCSKSARGEN),Mild,PH120000000,COTABATO (NORTH COTABATO),5096,PH124700000,1527149,334.0,2.5237464668115646
Self-Care Disability,REGION XII (SOCCSKSARGEN),Mild,PH120000000,SARANGANI,11709,PH128000000,583791,2006.0,3.302330928684399
Self-Care Disability,REGION XII (SOCCSKSARGEN),Mild,PH120000000,SOUTH COTABATO,5336,PH126300000,1644256,325.0,2.5118833609788744
Self-Care Disability,REGION XII (SOCCSKSARGEN),Mild,PH120000000,SULTAN KUDARAT,3829,PH126500000,855241,448.0,2.651278013998144
Self-Care Disability,REGION XII (SOCCSKSARGEN),Moderate,PH120000000,COTABATO (NORTH COTABATO),1577,PH124700000,1527149,104.0,2.0170333392987803
Self-Care Disability,REGION XII (SOCCSKSARGEN),Moderate,PH120000000,SARANGANI,4200,PH128000000,583791,720.0,2.8573324964312685
Self-Care Disability,REGION XII (SOCCSKSARGEN),Moderate,PH120000000,SOUTH COTABATO,1771,PH126300000,1644256,108.0,2.03342375548695
Self-Care Disability,REGION XII (SOCCSKSARGEN),Moderate,PH120000000,SULTAN KUDARAT,870,PH126500000,855241,102.0,2.0086001717619175
Self-Care Disability,REGION XII (SOCCSKSARGEN),Severe,PH120000000,COTABATO (NORTH COTABATO),1729,PH124700000,1527149,114.0,2.0569048513364727
Self-Care Disability,REGION XII (SOCCSKSARGEN),Severe,PH120000000,SARANGANI,5209,PH128000000,583791,893.0,2.9508514588885464
Self-Care Disability,REGION XII (SOCCSKSARGEN),Severe,PH120000000,SOUTH COTABATO,2316,PH126300000,1644256,141.0,2.1492191126553797
Self-Care Disability,REGION XII (SOCCSKSARGEN),Severe,PH120000000,SULTAN KUDARAT,778,PH126500000,855241,91.0,1.9590413923210936
Self-Care Disability,Region I (Ilocos Region),Mild,PH010000000,ILOCOS NORTE,2142,PH012800000,613421,350.0,2.5440680443502757
Self-Care Disability,Region I (Ilocos Region),Mild,PH010000000,ILOCOS SUR,3002,PH012900000,715810,420.0,2.6232492903979003
Self-Care Disability,Region I (Ilocos Region),Mild,PH010000000,LA UNION,2744,PH013300000,828194,332.0,2.5211380837040362
Self-Care Disability,Region I (Ilocos Region),Mild,PH010000000,PANGASINAN,11488,PH015500000,3113382,369.0,2.56702636615906
Self-Care Disability,Region I (Ilocos Region),Moderate,PH010000000,ILOCOS NORTE,930,PH012800000,613421,152.0,2.1818435879447726
Self-Care Disability,Region I (Ilocos Region),Moderate,PH010000000,ILOCOS SUR,1173,PH012900000,715810,164.0,2.214843848047698
Self-Care Disability,Region I (Ilocos Region),Moderate,PH010000000,LA UNION,1164,PH013300000,828194,141.0,2.1492191126553797
Self-Care Disability,Region I (Ilocos Region),Moderate,PH010000000,PANGASINAN,3975,PH015500000,3113382,128.0,2.1072099696478683
Self-Care Disability,Region I (Ilocos Region),Severe,PH010000000,ILOCOS NORTE,1468,PH012800000,613421,240.0,2.380211241711606
Self-Care Disability,Region I (Ilocos Region),Severe,PH010000000,ILOCOS SUR,1759,PH012900000,715810,246.0,2.3909351071033793
Self-Care Disability,Region I (Ilocos Region),Severe,PH010000000,LA UNION,1872,PH013300000,828194,227.0,2.3560258571931225
Self-Care Disability,Region I (Ilocos Region),Severe,PH010000000,PANGASINAN,5251,PH015500000,3113382,169.0,2.2278867046136734
Self-Care Disability,Region II (Cagayan Valley),Mild,PH020000000,BATANES,73,PH020900000,17874,409.0,2.611723308007342
Self-Care Disability,Region II (Cagayan Valley),Mild,PH020000000,CAGAYAN,5562,PH021500000,1273322,437.0,2.640481436970422
Self-Care Disability,Region II (Cagayan Valley),Mild,PH020000000,ISABELA,5909,PH023100000,1685739,351.0,2.545307116465824
Self-Care Disability,Region II (Cagayan Valley),Mild,PH020000000,NUEVA VIZCAYA,2129,PH025000000,482894,441.0,2.6444385894678386
Self-Care Disability,Region II (Cagayan Valley),Mild,PH020000000,QUIRINO,534,PH025700000,197917,270.0,2.4313637641589874
Self-Care Disability,Region II (Cagayan Valley),Moderate,PH020000000,BATANES,20,PH020900000,17874,112.0,2.0492180226701815
Self-Care Disability,Region II (Cagayan Valley),Moderate,PH020000000,CAGAYAN,1722,PH021500000,1273322,136.0,2.1335389083702174
Self-Care Disability,Region II (Cagayan Valley),Moderate,PH020000000,ISABELA,1961,PH023100000,1685739,117.0,2.0681858617461617
Self-Care Disability,Region II (Cagayan Valley),Moderate,PH020000000,NUEVA VIZCAYA,747,PH025000000,482894,155.0,2.1903316981702914
Self-Care Disability,Region II (Cagayan Valley),Moderate,PH020000000,QUIRINO,242,PH025700000,197917,123.0,2.089905111439398
Self-Care Disability,Region II (Cagayan Valley),Severe,PH020000000,BATANES,41,PH020900000,17874,230.0,2.361727836017593
Self-Care Disability,Region II (Cagayan Valley),Severe,PH020000000,CAGAYAN,2334,PH021500000,1273322,184.0,2.2648178230095364
Self-Care Disability,Region II (Cagayan Valley),Severe,PH020000000,ISABELA,2582,PH023100000,1685739,154.0,2.187520720836463
Self-Care Disability,Region II (Cagayan Valley),Severe,PH020000000,NUEVA VIZCAYA,1035,PH025000000,482894,215.0,2.3324384599156054
Self-Care Disability,Region II (Cagayan Valley),Severe,PH020000000,QUIRINO,293,PH025700000,197917,149.0,2.173186268412274
Self-Care Disability,Region III (Central Luzon),Mild,PH030000000,AURORA,659,PH037700000,227530,290.0,2.462397997898956
Self-Care Disability,Region III (Central Luzon),Mild,PH030000000,BATAAN,2331,PH030800000,836076,279.0,2.4456042032735974
Self-Care Disability,Region III (Central Luzon),Mild,PH030000000,BULACAN,11012,PH031400000,3646679,302.0,2.4800069429571505
Self-Care Disability,Region III (Central Luzon),Mild,PH030000000,NUEVA ECIJA,8902,PH034900000,2355414,378.0,2.5774917998372255
Self-Care Disability,Region III (Central Luzon),Mild,PH030000000,PAMPANGA,6619,PH035400000,2893624,229.0,2.359835482339888
Self-Care Disability,Region III (Central Luzon),Mild,PH030000000,TARLAC,4168,PH036900000,1460137,286.0,2.456366033129043
Self-Care Disability,Region III (Central Luzon),Mild,PH030000000,ZAMBALES,2670,PH037100000,894254,299.0,2.4756711883244296
Self-Care Disability,Region III (Central Luzon),Moderate,PH030000000,AURORA,244,PH037700000,227530,108.0,2.03342375548695
Self-Care Disability,Region III (Central Luzon),Moderate,PH030000000,BATAAN,841,PH030800000,836076,101.0,2.0043213737826426
Self-Care Disability,Region III (Central Luzon),Moderate,PH030000000,BULACAN,3658,PH031400000,3646679,101.0,2.0043213737826426
Self-Care Disability,Region III (Central Luzon),Moderate,PH030000000,NUEVA ECIJA,2721,PH034900000,2355414,116.0,2.0644579892269186
Self-Care Disability,Region III (Central Luzon),Moderate,PH030000000,PAMPANGA,1828,PH035400000,2893624,64.0,1.806179973983887
Self-Care Disability,Region III (Central Luzon),Moderate,PH030000000,TARLAC,1464,PH036900000,1460137,101.0,2.0043213737826426
Self-Care Disability,Region III (Central Luzon),Moderate,PH030000000,ZAMBALES,1150,PH037100000,894254,129.0,2.110589710299249
Self-Care Disability,Region III (Central Luzon),Severe,PH030000000,AURORA,338,PH037700000,227530,149.0,2.173186268412274
Self-Care Disability,Region III (Central Luzon),Severe,PH030000000,BATAAN,1040,PH030800000,836076,125.0,2.0969100130080562
Self-Care Disability,Region III (Central Luzon),Severe,PH030000000,BULACAN,4319,PH031400000,3646679,119.0,2.0755469613925306
Self-Care Disability,Region III (Central Luzon),Severe,PH030000000,NUEVA ECIJA,2854,PH034900000,2355414,122.0,2.0863598306747484
Self-Care Disability,Region III (Central Luzon),Severe,PH030000000,PAMPANGA,2343,PH035400000,2893624,81.0,1.9084850188786497
Self-Care Disability,Region III (Central Luzon),Severe,PH030000000,TARLAC,1897,PH036900000,1460137,130.0,2.113943352306837
Self-Care Disability,Region III (Central Luzon),Severe,PH030000000,ZAMBALES,1567,PH037100000,894254,176.0,2.24551266781415
Self-Care Disability,Region IV-A (CALABARZON),Mild,PH040000000,BATANGAS,7543,PH041000000,3033730,249.0,2.3961993470957363
Self-Care Disability,Region IV-A (CALABARZON),Mild,PH040000000,CAVITE,9740,PH042100000,4210866,232.0,2.3654879848909
Self-Care Disability,Region IV-A (CALABARZON),Mild,PH040000000,LAGUNA,9569,PH043400000,3343703,287.0,2.4578818967339924
Self-Care Disability,Region IV-A (CALABARZON),Mild,PH040000000,QUEZON,7380,PH045600000,2260033,327.0,2.514547752660286
Self-Care Disability,Region IV-A (CALABARZON),Mild,PH040000000,RIZAL,7912,PH045800000,3208959,247.0,2.392696953259666
Self-Care Disability,Region IV-A (CALABARZON),Moderate,PH040000000,BATANGAS,3170,PH041000000,3033730,105.0,2.0211892990699383
Self-Care Disability,Region IV-A (CALABARZON),Moderate,PH040000000,CAVITE,3693,PH042100000,4210866,88.0,1.9444826721501687
Self-Care Disability,Region IV-A (CALABARZON),Moderate,PH040000000,LAGUNA,2752,PH043400000,3343703,83.0,1.919078092376074
Self-Care Disability,Region IV-A (CALABARZON),Moderate,PH040000000,QUEZON,2763,PH045600000,2260033,123.0,2.089905111439398
Self-Care Disability,Region IV-A (CALABARZON),Moderate,PH040000000,RIZAL,2649,PH045800000,3208959,83.0,1.919078092376074
Self-Care Disability,Region IV-A (CALABARZON),Severe,PH040000000,BATANGAS,4225,PH041000000,3033730,140.0,2.146128035678238
Self-Care Disability,Region IV-A (CALABARZON),Severe,PH040000000,CAVITE,4212,PH042100000,4210866,101.0,2.0043213737826426
Self-Care Disability,Region IV-A (CALABARZON),Severe,PH040000000,LAGUNA,3163,PH043400000,3343703,95.0,1.9777236052888478
Self-Care Disability,Region IV-A (CALABARZON),Severe,PH040000000,QUEZON,3345,PH045600000,2260033,149.0,2.173186268412274
Self-Care Disability,Region IV-A (CALABARZON),Severe,PH040000000,RIZAL,2967,PH045800000,3208959,93.0,1.968482948553935
Self-Care Disability,Region IX (Zamboanga Peninsula),Mild,PH090000000,CITY OF ISABELA (NOT A PROVINCE),529,PH099700000,127728,415.0,2.6180480967120925
Self-Care Disability,Region IX (Zamboanga Peninsula),Mild,PH090000000,ZAMBOANGA DEL NORTE,4631,PH097200000,1047292,443.0,2.6464037262230695
Self-Care Disability,Region IX (Zamboanga Peninsula),Mild,PH090000000,ZAMBOANGA DEL SUR,9067,PH097300000,1928337,471.0,2.673020907128896
Self-Care Disability,Region IX (Zamboanga Peninsula),Mild,PH090000000,ZAMBOANGA SIBUGAY,2458,PH098300000,679404,362.0,2.558708570533166
Self-Care Disability,Region IX (Zamboanga Peninsula),Moderate,PH090000000,CITY OF ISABELA (NOT A PROVINCE),127,PH099700000,127728,100.0,2.0
Self-Care Disability,Region IX (Zamboanga Peninsula),Moderate,PH090000000,ZAMBOANGA DEL NORTE,1335,PH097200000,1047292,128.0,2.1072099696478683
Self-Care Disability,Region IX (Zamboanga Peninsula),Moderate,PH090000000,ZAMBOANGA DEL SUR,2350,PH097300000,1928337,122.0,2.0863598306747484
Self-Care Disability,Region IX (Zamboanga Peninsula),Moderate,PH090000000,ZAMBOANGA SIBUGAY,807,PH098300000,679404,119.0,2.0755469613925306
Self-Care Disability,Region IX (Zamboanga Peninsula),Severe,PH090000000,CITY OF ISABELA (NOT A PROVINCE),314,PH099700000,127728,246.0,2.3909351071033793
Self-Care Disability,Region IX (Zamboanga Peninsula),Severe,PH090000000,ZAMBOANGA DEL NORTE,1521,PH097200000,1047292,146.0,2.164352855784437
Self-Care Disability,Region IX (Zamboanga Peninsula),Severe,PH090000000,ZAMBOANGA DEL SUR,2609,PH097300000,1928337,136.0,2.1335389083702174
Self-Care Disability,Region IX (Zamboanga Peninsula),Severe,PH090000000,ZAMBOANGA SIBUGAY,905,PH098300000,679404,134.0,2.1271047983648077
Self-Care Disability,Region V (Bicol Region),Mild,PH050000000,ALBAY,4736,PH050500000,1396088,340.0,2.531478917042255
Self-Care Disability,Region V (Bicol Region),Mild,PH050000000,CAMARINES NORTE,2069,PH051600000,622514,333.0,2.5224442335063197
Self-Care Disability,Region V (Bicol Region),Mild,PH050000000,CAMARINES SUR,7604,PH051700000,2059495,370.0,2.568201724066995
Self-Care Disability,Region V (Bicol Region),Mild,PH050000000,CATANDUANES,964,PH052000000,272941,354.0,2.5490032620257876
Self-Care Disability,Region V (Bicol Region),Mild,PH050000000,MASBATE,2696,PH054100000,937079,288.0,2.459392487759231
Self-Care Disability,Region V (Bicol Region),Mild,PH050000000,SORSOGON,3226,PH056200000,845718,382.0,2.582063362911709
Self-Care Disability,Region V (Bicol Region),Moderate,PH050000000,ALBAY,1862,PH050500000,1396088,134.0,2.1271047983648077
Self-Care Disability,Region V (Bicol Region),Moderate,PH050000000,CAMARINES NORTE,959,PH051600000,622514,155.0,2.1903316981702914
Self-Care Disability,Region V (Bicol Region),Moderate,PH050000000,CAMARINES SUR,2960,PH051700000,2059495,144.0,2.1583624920952498
Self-Care Disability,Region V (Bicol Region),Moderate,PH050000000,CATANDUANES,427,PH052000000,272941,157.0,2.1958996524092336
Self-Care Disability,Region V (Bicol Region),Moderate,PH050000000,MASBATE,845,PH054100000,937079,91.0,1.9590413923210936
Self-Care Disability,Region V (Bicol Region),Moderate,PH050000000,SORSOGON,1247,PH056200000,845718,148.0,2.1702617153949575
Self-Care Disability,Region V (Bicol Region),Severe,PH050000000,ALBAY,2415,PH050500000,1396088,173.0,2.2380461031287955
Self-Care Disability,Region V (Bicol Region),Severe,PH050000000,CAMARINES NORTE,1304,PH051600000,622514,210.0,2.322219294733919
Self-Care Disability,Region V (Bicol Region),Severe,PH050000000,CAMARINES SUR,4442,PH051700000,2059495,216.0,2.3344537511509307
Self-Care Disability,Region V (Bicol Region),Severe,PH050000000,CATANDUANES,783,PH052000000,272941,287.0,2.4578818967339924
Self-Care Disability,Region V (Bicol Region),Severe,PH050000000,MASBATE,1191,PH054100000,937079,128.0,2.1072099696478683
Self-Care Disability,Region V (Bicol Region),Severe,PH050000000,SORSOGON,1865,PH056200000,845718,221.0,2.3443922736851106
Self-Care Disability,Region VI (Western Visayas),Mild,PH060000000,AKLAN,3194,PH060400000,605584,528.0,2.722633922533812
Self-Care Disability,Region VI (Western Visayas),Mild,PH060000000,ANTIQUE,3588,PH060600000,612454,586.0,2.767897616018091
Self-Care Disability,Region VI (Western Visayas),Mild,PH060000000,CAPIZ,4073,PH061900000,803083,508.0,2.7058637122839193
Self-Care Disability,Region VI (Western Visayas),Mild,PH060000000,GUIMARAS,666,PH067900000,185174,360.0,2.5563025007672873
Self-Care Disability,Region VI (Western Visayas),Mild,PH060000000,ILOILO,12108,PH063000000,2524211,480.0,2.681241237375587
Self-Care Disability,Region VI (Western Visayas),Mild,PH060000000,NEGROS OCCIDENTAL,11554,PH064500000,3174389,364.0,2.561101383649056
Self-Care Disability,Region VI (Western Visayas),Moderate,PH060000000,AKLAN,1214,PH060400000,605584,201.0,2.303196057420489
Self-Care Disability,Region VI (Western Visayas),Moderate,PH060000000,ANTIQUE,1289,PH060600000,612454,211.0,2.3242824552976926
Self-Care Disability,Region VI (Western Visayas),Moderate,PH060000000,CAPIZ,1104,PH061900000,803083,138.0,2.1398790864012365
Self-Care Disability,Region VI (Western Visayas),Moderate,PH060000000,GUIMARAS,281,PH067900000,185174,152.0,2.1818435879447726
Self-Care Disability,Region VI (Western Visayas),Moderate,PH060000000,ILOILO,4279,PH063000000,2524211,170.0,2.230448921378274
Self-Care Disability,Region VI (Western Visayas),Moderate,PH060000000,NEGROS OCCIDENTAL,3516,PH064500000,3174389,111.0,2.0453229787866576
Self-Care Disability,Region VI (Western Visayas),Severe,PH060000000,AKLAN,1505,PH060400000,605584,249.0,2.3961993470957363
Self-Care Disability,Region VI (Western Visayas),Severe,PH060000000,ANTIQUE,1859,PH060600000,612454,304.0,2.482873583608754
Self-Care Disability,Region VI (Western Visayas),Severe,PH060000000,CAPIZ,1278,PH061900000,803083,160.0,2.2041199826559246
Self-Care Disability,Region VI (Western Visayas),Severe,PH060000000,GUIMARAS,385,PH067900000,185174,208.0,2.3180633349627615
Self-Care Disability,Region VI (Western Visayas),Severe,PH060000000,ILOILO,5858,PH063000000,2524211,233.0,2.367355921026019
Self-Care Disability,Region VI (Western Visayas),Severe,PH060000000,NEGROS OCCIDENTAL,4017,PH064500000,3174389,127.0,2.103803720955957
Self-Care Disability,Region VII (Central Visayas),Mild,PH070000000,BOHOL,5900,PH071200000,1365107,433.0,2.6364878963533656
Self-Care Disability,Region VII (Central Visayas),Mild,PH070000000,CEBU,15252,PH072200000,5085207,300.0,2.4771212547196626
Self-Care Disability,Region VII (Central Visayas),Mild,PH070000000,NEGROS ORIENTAL,6403,PH074600000,1406274,456.0,2.658964842664435
Self-Care Disability,Region VII (Central Visayas),Mild,PH070000000,SIQUIJOR,450,PH076100000,100457,448.0,2.651278013998144
Self-Care Disability,Region VII (Central Visayas),Moderate,PH070000000,BOHOL,2305,PH071200000,1365107,169.0,2.2278867046136734
Self-Care Disability,Region VII (Central Visayas),Moderate,PH070000000,CEBU,5743,PH072200000,5085207,113.0,2.0530784434834195
Self-Care Disability,Region VII (Central Visayas),Moderate,PH070000000,NEGROS ORIENTAL,2233,PH074600000,1406274,159.0,2.2013971243204513
Self-Care Disability,Region VII (Central Visayas),Moderate,PH070000000,SIQUIJOR,219,PH076100000,100457,219.0,2.3404441148401185
Self-Care Disability,Region VII (Central Visayas),Severe,PH070000000,BOHOL,3390,PH071200000,1365107,249.0,2.3961993470957363
Self-Care Disability,Region VII (Central Visayas),Severe,PH070000000,CEBU,7185,PH072200000,5085207,142.0,2.1522883443830563
Self-Care Disability,Region VII (Central Visayas),Severe,PH070000000,NEGROS ORIENTAL,2685,PH074600000,1406274,191.0,2.2810333672477277
Self-Care Disability,Region VII (Central Visayas),Severe,PH070000000,SIQUIJOR,305,PH076100000,100457,304.0,2.482873583608754
Self-Care Disability,Region VIII (Eastern Visayas),Mild,PH080000000,BILIRAN,617,PH087800000,179362,344.0,2.53655844257153
Self-Care Disability,Region VIII (Eastern Visayas),Mild,PH080000000,EASTERN SAMAR,1807,PH082600000,503495,359.0,2.5550944485783194
Self-Care Disability,Region VIII (Eastern Visayas),Mild,PH080000000,LEYTE,7293,PH083700000,2124269,344.0,2.53655844257153
Self-Care Disability,Region VIII (Eastern Visayas),Mild,PH080000000,NORTHERN SAMAR,3083,PH084800000,668766,461.0,2.663700925389648
Self-Care Disability,Region VIII (Eastern Visayas),Mild,PH080000000,SAMAR (WESTERN SAMAR),2190,PH086000000,822095,267.0,2.4265112613645754
Self-Care Disability,Region VIII (Eastern Visayas),Mild,PH080000000,SOUTHERN LEYTE,2745,PH086400000,444355,618.0,2.790988475088816
Self-Care Disability,Region VIII (Eastern Visayas),Moderate,PH080000000,BILIRAN,241,PH087800000,179362,135.0,2.130333768495006
Self-Care Disability,Region VIII (Eastern Visayas),Moderate,PH080000000,EASTERN SAMAR,703,PH082600000,503495,140.0,2.146128035678238
Self-Care Disability,Region VIII (Eastern Visayas),Moderate,PH080000000,LEYTE,2725,PH083700000,2124269,129.0,2.110589710299249
Self-Care Disability,Region VIII (Eastern Visayas),Moderate,PH080000000,NORTHERN SAMAR,814,PH084800000,668766,122.0,2.0863598306747484
Self-Care Disability,Region VIII (Eastern Visayas),Moderate,PH080000000,SAMAR (WESTERN SAMAR),710,PH086000000,822095,87.0,1.9395192526186185
Self-Care Disability,Region VIII (Eastern Visayas),Moderate,PH080000000,SOUTHERN LEYTE,824,PH086400000,444355,186.0,2.2695129442179165
Self-Care Disability,Region VIII (Eastern Visayas),Severe,PH080000000,BILIRAN,415,PH087800000,179362,232.0,2.3654879848909
Self-Care Disability,Region VIII (Eastern Visayas),Severe,PH080000000,EASTERN SAMAR,933,PH082600000,503495,186.0,2.2695129442179165
Self-Care Disability,Region VIII (Eastern Visayas),Severe,PH080000000,LEYTE,4005,PH083700000,2124269,189.0,2.2764618041732443
Self-Care Disability,Region VIII (Eastern Visayas),Severe,PH080000000,NORTHERN SAMAR,1196,PH084800000,668766,179.0,2.2528530309798933
Self-Care Disability,Region VIII (Eastern Visayas),Severe,PH080000000,SAMAR (WESTERN SAMAR),944,PH086000000,822095,115.0,2.060697840353612
Self-Care Disability,Region VIII (Eastern Visayas),Severe,PH080000000,SOUTHERN LEYTE,1115,PH086400000,444355,251.0,2.399673721481038
Self-Care Disability,Region X (Northern Mindanao),Mild,PH100000000,BUKIDNON,6649,PH101300000,1510189,441.0,2.6444385894678386
Self-Care Disability,Region X (Northern Mindanao),Mild,PH100000000,CAMIGUIN,337,PH101800000,92431,365.0,2.5622928644564746
Self-Care Disability,Region X (Northern Mindanao),Mild,PH100000000,LANAO DEL NORTE,3896,PH103500000,1095270,356.0,2.5514499979728753
Self-Care Disability,Region X (Northern Mindanao),Mild,PH100000000,MISAMIS OCCIDENTAL,2566,PH104200000,627158,410.0,2.6127838567197355
Self-Care Disability,Region X (Northern Mindanao),Mild,PH100000000,MISAMIS ORIENTAL,5410,PH104300000,1692002,320.0,2.505149978319906
Self-Care Disability,Region X (Northern Mindanao),Moderate,PH100000000,BUKIDNON,2085,PH101300000,1510189,139.0,2.143014800254095
Self-Care Disability,Region X (Northern Mindanao),Moderate,PH100000000,CAMIGUIN,174,PH101800000,92431,189.0,2.2764618041732443
Self-Care Disability,Region X (Northern Mindanao),Moderate,PH100000000,LANAO DEL NORTE,1048,PH103500000,1095270,96.0,1.9822712330395684
Self-Care Disability,Region X (Northern Mindanao),Moderate,PH100000000,MISAMIS OCCIDENTAL,946,PH104200000,627158,151.0,2.1789769472931693
Self-Care Disability,Region X (Northern Mindanao),Moderate,PH100000000,MISAMIS ORIENTAL,2037,PH104300000,1692002,121.0,2.0827853703164503
Self-Care Disability,Region X (Northern Mindanao),Severe,PH100000000,BUKIDNON,2297,PH101300000,1510189,153.0,2.184691430817599
Self-Care Disability,Region X (Northern Mindanao),Severe,PH100000000,CAMIGUIN,299,PH101800000,92431,324.0,2.510545010206612
Self-Care Disability,Region X (Northern Mindanao),Severe,PH100000000,LANAO DEL NORTE,1141,PH103500000,1095270,105.0,2.0211892990699383
Self-Care Disability,Region X (Northern Mindanao),Severe,PH100000000,MISAMIS OCCIDENTAL,1192,PH104200000,627158,191.0,2.2810333672477277
Self-Care Disability,Region X (Northern Mindanao),Severe,PH100000000,MISAMIS ORIENTAL,2533,PH104300000,1692002,150.0,2.1760912590556813
Self-Care Disability,Region XIII (Caraga),Mild,PH160000000,AGUSAN DEL NORTE,2562,PH160200000,738775,347.0,2.5403294747908736
Self-Care Disability,Region XIII (Caraga),Mild,PH160000000,AGUSAN DEL SUR,2181,PH160300000,734982,297.0,2.4727564493172123
Self-Care Disability,Region XIII (Caraga),Mild,PH160000000,DINAGAT ISLANDS,538,PH168500000,130671,412.0,2.6148972160331345
Self-Care Disability,Region XIII (Caraga),Mild,PH160000000,SURIGAO DEL NORTE,1966,PH166700000,528148,373.0,2.571708831808688
Self-Care Disability,Region XIII (Caraga),Mild,PH160000000,SURIGAO DEL SUR,2378,PH166800000,620531,384.0,2.584331224367531
Self-Care Disability,Region XIII (Caraga),Moderate,PH160000000,AGUSAN DEL NORTE,987,PH160200000,738775,134.0,2.1271047983648077
Self-Care Disability,Region XIII (Caraga),Moderate,PH160000000,AGUSAN DEL SUR,947,PH160300000,734982,129.0,2.110589710299249
Self-Care Disability,Region XIII (Caraga),Moderate,PH160000000,DINAGAT ISLANDS,185,PH168500000,130671,142.0,2.1522883443830563
Self-Care Disability,Region XIII (Caraga),Moderate,PH160000000,SURIGAO DEL NORTE,723,PH166700000,528148,137.0,2.1367205671564067
Self-Care Disability,Region XIII (Caraga),Moderate,PH160000000,SURIGAO DEL SUR,872,PH166800000,620531,141.0,2.1492191126553797
Self-Care Disability,Region XIII (Caraga),Severe,PH160000000,AGUSAN DEL NORTE,1182,PH160200000,738775,160.0,2.2041199826559246
Self-Care Disability,Region XIII (Caraga),Severe,PH160000000,AGUSAN DEL SUR,1161,PH160300000,734982,158.0,2.1986570869544226
Self-Care Disability,Region XIII (Caraga),Severe,PH160000000,DINAGAT ISLANDS,215,PH168500000,130671,165.0,2.2174839442139063
Self-Care Disability,Region XIII (Caraga),Severe,PH160000000,SURIGAO DEL NORTE,915,PH166700000,528148,174.0,2.2405492482826
Self-Care Disability,Region XIII (Caraga),Severe,PH160000000,SURIGAO DEL SUR,1115,PH166800000,620531,180.0,2.255272505103306
Visual Disability,BANGSAMORO AUTONOMOUS REGION IN MUSLIM MINDANAO (BARMM),Mild,PH150000000,BASILAN,6913,PH150700000,386697,1788.0,3.2523675144598987
Visual Disability,BANGSAMORO AUTONOMOUS REGION IN MUSLIM MINDANAO (BARMM),Mild,PH150000000,LANAO DEL SUR,62497,PH153600000,1146287,5453.0,3.7366354976868212
Visual Disability,BANGSAMORO AUTONOMOUS REGION IN MUSLIM MINDANAO (BARMM),Mild,PH150000000,MAGUINDANAO,27924,PH153800000,1323051,2111.0,3.3244882333076564
Visual Disability,BANGSAMORO AUTONOMOUS REGION IN MUSLIM MINDANAO (BARMM),Mild,PH150000000,SULU,4654,PH156600000,913590,510.0,2.7075701760979363
Visual Disability,BANGSAMORO AUTONOMOUS REGION IN MUSLIM MINDANAO (BARMM),Mild,PH150000000,TAWI-TAWI,6074,PH157000000,413690,1469.0,3.1670217957902564
Visual Disability,BANGSAMORO AUTONOMOUS REGION IN MUSLIM MINDANAO (BARMM),Moderate,PH150000000,BASILAN,301,PH150700000,386697,78.0,1.8920946026904804
Visual Disability,BANGSAMORO AUTONOMOUS REGION IN MUSLIM MINDANAO (BARMM),Moderate,PH150000000,LANAO DEL SUR,3517,PH153600000,1146287,307.0,2.4871383754771865
Visual Disability,BANGSAMORO AUTONOMOUS REGION IN MUSLIM MINDANAO (BARMM),Moderate,PH150000000,MAGUINDANAO,1522,PH153800000,1323051,116.0,2.0644579892269186
Visual Disability,BANGSAMORO AUTONOMOUS REGION IN MUSLIM MINDANAO (BARMM),Moderate,PH150000000,SULU,190,PH156600000,913590,21.0,1.3222192947339193
Visual Disability,BANGSAMORO AUTONOMOUS REGION IN MUSLIM MINDANAO (BARMM),Moderate,PH150000000,TAWI-TAWI,243,PH157000000,413690,59.0,1.7708520116421442
Visual Disability,BANGSAMORO AUTONOMOUS REGION IN MUSLIM MINDANAO (BARMM),Severe,PH150000000,BASILAN,276,PH150700000,386697,72.0,1.8573324964312685
Visual Disability,BANGSAMORO AUTONOMOUS REGION IN MUSLIM MINDANAO (BARMM),Severe,PH150000000,LANAO DEL SUR,1202,PH153600000,1146287,105.0,2.0211892990699383
Visual Disability,BANGSAMORO AUTONOMOUS REGION IN MUSLIM MINDANAO (BARMM),Severe,PH150000000,MAGUINDANAO,868,PH153800000,1323051,66.0,1.8195439355418688
Visual Disability,BANGSAMORO AUTONOMOUS REGION IN MUSLIM MINDANAO (BARMM),Severe,PH150000000,SULU,1164,PH156600000,913590,128.0,2.1072099696478683
Visual Disability,BANGSAMORO AUTONOMOUS REGION IN MUSLIM MINDANAO (BARMM),Severe,PH150000000,TAWI-TAWI,144,PH157000000,413690,35.0,1.5440680443502757
Visual Disability,Cordillera Administrative Region (CAR),Mild,PH140000000,ABRA,19496,PH140100000,247402,7881.0,3.8965813275057326
Visual Disability,Cordillera Administrative Region (CAR),Mild,PH140000000,APAYAO,7414,PH148100000,123899,5984.0,3.776991584856405
Visual Disability,Cordillera Administrative Region (CAR),Mild,PH140000000,BENGUET,46666,PH141100000,848552,5500.0,3.7403626894942437
Visual Disability,Cordillera Administrative Region (CAR),Mild,PH140000000,IFUGAO,7245,PH142700000,210669,3440.0,3.53655844257153
Visual Disability,Cordillera Administrative Region (CAR),Mild,PH140000000,KALINGA,8987,PH143200000,220230,4081.0,3.610766594773271
Visual Disability,Cordillera Administrative Region (CAR),Mild,PH140000000,MOUNTAIN PROVINCE,4818,PH144400000,156987,3070.0,3.4871383754771865
Visual Disability,Cordillera Administrative Region (CAR),Moderate,PH140000000,ABRA,1723,PH140100000,247402,697.0,2.8432327780980096
Visual Disability,Cordillera Administrative Region (CAR),Moderate,PH140000000,APAYAO,696,PH148100000,123899,562.0,2.749736315569061
Visual Disability,Cordillera Administrative Region (CAR),Moderate,PH140000000,BENGUET,3510,PH141100000,848552,414.0,2.617000341120899
Visual Disability,Cordillera Administrative Region (CAR),Moderate,PH140000000,IFUGAO,625,PH142700000,210669,297.0,2.4727564493172123
Visual Disability,Cordillera Administrative Region (CAR),Moderate,PH140000000,KALINGA,727,PH143200000,220230,331.0,2.519827993775719
Visual Disability,Cordillera Administrative Region (CAR),Moderate,PH140000000,MOUNTAIN PROVINCE,452,PH144400000,156987,288.0,2.459392487759231
Visual Disability,Cordillera Administrative Region (CAR),Severe,PH140000000,ABRA,247,PH140100000,247402,100.0,2.0
Visual Disability,Cordillera Administrative Region (CAR),Severe,PH140000000,APAYAO,128,PH148100000,123899,104.0,2.0170333392987803
Visual Disability,Cordillera Administrative Region (CAR),Severe,PH140000000,BENGUET,601,PH141100000,848552,71.0,1.8512583487190752
Visual Disability,Cordillera Administrative Region (CAR),Severe,PH140000000,IFUGAO,123,PH142700000,210669,59.0,1.7708520116421442
Visual Disability,Cordillera Administrative Region (CAR),Severe,PH140000000,KALINGA,181,PH143200000,220230,83.0,1.919078092376074
Visual Disability,Cordillera Administrative Region (CAR),Severe,PH140000000,MOUNTAIN PROVINCE,87,PH144400000,156987,56.0,1.7481880270062005
Visual Disability,MIMAROPA Region,Mild,PH1700000000,MARINDUQUE,20493,PH174000000,241036,8503.0,3.92957217907655
Visual Disability,MIMAROPA Region,Mild,PH1700000000,OCCIDENTAL MINDORO,38575,PH175100000,515134,7489.0,3.874423830586502
Visual Disability,MIMAROPA Region,Mild,PH1700000000,ORIENTAL MINDORO,70611,PH175200000,901270,7835.0,3.894039000804609
Visual Disability,MIMAROPA Region,Mild,PH1700000000,PALAWAN,93207,PH175300000,1216009,7665.0,3.884512159190394
Visual Disability,MIMAROPA Region,Mild,PH1700000000,ROMBLON,31605,PH175900000,301407,10486.0,4.020609853377705
Visual Disability,MIMAROPA Region,Moderate,PH1700000000,MARINDUQUE,1626,PH174000000,241036,675.0,2.829303772831025
Visual Disability,MIMAROPA Region,Moderate,PH1700000000,OCCIDENTAL MINDORO,2220,PH175100000,515134,431.0,2.6344772701607315
Visual Disability,MIMAROPA Region,Moderate,PH1700000000,ORIENTAL MINDORO,5708,PH175200000,901270,634.0,2.802089257881733
Visual Disability,MIMAROPA Region,Moderate,PH1700000000,PALAWAN,7616,PH175300000,1216009,627.0,2.7972675408307164
Visual Disability,MIMAROPA Region,Moderate,PH1700000000,ROMBLON,2853,PH175900000,301407,947.0,2.9763499790032735
Visual Disability,MIMAROPA Region,Severe,PH1700000000,MARINDUQUE,345,PH174000000,241036,144.0,2.1583624920952498
Visual Disability,MIMAROPA Region,Severe,PH1700000000,OCCIDENTAL MINDORO,351,PH175100000,515134,69.0,1.8388490907372552
Visual Disability,MIMAROPA Region,Severe,PH1700000000,ORIENTAL MINDORO,625,PH175200000,901270,70.0,1.845098040014257
Visual Disability,MIMAROPA Region,Severe,PH1700000000,PALAWAN,701,PH175300000,1216009,58.0,1.7634279935629373
Visual Disability,MIMAROPA Region,Severe,PH1700000000,ROMBLON,314,PH175900000,301407,105.0,2.0211892990699383
Visual Disability,National Capital Region (NCR),Mild,PH130000000,"NCR, FIRST DISTRICT (NOT A PROVINCE)",141933,PH133900000,1886920,7522.0,3.87633332908638
Visual Disability,National Capital Region (NCR),Mild,PH130000000,"NCR, FOURTH DISTRICT (NOT A PROVINCE)",197785,PH137600000,4015981,4925.0,3.6924062348336304
Visual Disability,National Capital Region (NCR),Mild,PH130000000,"NCR, SECOND DISTRICT (NOT A PROVINCE)",231183,PH137400000,4960933,4661.0,3.6684791029325856
Visual Disability,National Capital Region (NCR),Mild,PH130000000,"NCR, THIRD DISTRICT (NOT A PROVINCE)",184846,PH137500000,2940822,6286.0,3.7983743766815614
Visual Disability,National Capital Region (NCR),Moderate,PH130000000,"NCR, FIRST DISTRICT (NOT A PROVINCE)",9022,PH133900000,1886920,479.0,2.680335513414563
Visual Disability,National Capital Region (NCR),Moderate,PH130000000,"NCR, FOURTH DISTRICT (NOT A PROVINCE)",11570,PH137600000,4015981,289.0,2.4608978427565478
Visual Disability,National Capital Region (NCR),Moderate,PH130000000,"NCR, SECOND DISTRICT (NOT A PROVINCE)",14736,PH137400000,4960933,298.0,2.4742162640762553
Visual Disability,National Capital Region (NCR),Moderate,PH130000000,"NCR, THIRD DISTRICT (NOT A PROVINCE)",10731,PH137500000,2940822,365.0,2.5622928644564746
Visual Disability,National Capital Region (NCR),Severe,PH130000000,"NCR, FIRST DISTRICT (NOT A PROVINCE)",1163,PH133900000,1886920,62.0,1.792391689498254
Visual Disability,National Capital Region (NCR),Severe,PH130000000,"NCR, FOURTH DISTRICT (NOT A PROVINCE)",1758,PH137600000,4015981,44.0,1.6434526764861874
Visual Disability,National Capital Region (NCR),Severe,PH130000000,"NCR, SECOND DISTRICT (NOT A PROVINCE)",2268,PH137400000,4960933,46.0,1.662757831681574
Visual Disability,National Capital Region (NCR),Severe,PH130000000,"NCR, THIRD DISTRICT (NOT A PROVINCE)",1313,PH137500000,2940822,45.0,1.6532125137753437
Visual Disability,REGION XI (DAVAO REGION),Mild,PH110000000,COMPOSTELA VALLEY,52246,PH118200000,774102,6750.0,3.829303772831025
Visual Disability,REGION XI (DAVAO REGION),Mild,PH110000000,DAVAO DEL NORTE,65526,PH112300000,1056457,6203.0,3.7926017811649664
Visual Disability,REGION XI (DAVAO REGION),Mild,PH110000000,DAVAO DEL SUR,121129,PH112400000,2520852,4806.0,3.6817837664678814
Visual Disability,REGION XI (DAVAO REGION),Mild,PH110000000,DAVAO OCCIDENTAL,14282,PH118600000,338925,4214.0,3.6246945312720813
Visual Disability,REGION XI (DAVAO REGION),Mild,PH110000000,DAVAO ORIENTAL,29364,PH112500000,600531,4890.0,3.6893088591236203
Visual Disability,REGION XI (DAVAO REGION),Moderate,PH110000000,COMPOSTELA VALLEY,4396,PH118200000,774102,568.0,2.754348335711019
Visual Disability,REGION XI (DAVAO REGION),Moderate,PH110000000,DAVAO DEL NORTE,4170,PH112300000,1056457,395.0,2.59659709562646
Visual Disability,REGION XI (DAVAO REGION),Moderate,PH110000000,DAVAO DEL SUR,7692,PH112400000,2520852,306.0,2.48572142648158
Visual Disability,REGION XI (DAVAO REGION),Moderate,PH110000000,DAVAO OCCIDENTAL,1137,PH118600000,338925,336.0,2.526339277389844
Visual Disability,REGION XI (DAVAO REGION),Moderate,PH110000000,DAVAO ORIENTAL,2630,PH112500000,600531,438.0,2.6414741105040997
Visual Disability,REGION XI (DAVAO REGION),Severe,PH110000000,COMPOSTELA VALLEY,531,PH118200000,774102,69.0,1.8388490907372552
Visual Disability,REGION XI (DAVAO REGION),Severe,PH110000000,DAVAO DEL NORTE,617,PH112300000,1056457,59.0,1.7708520116421442
Visual Disability,REGION XI (DAVAO REGION),Severe,PH110000000,DAVAO DEL SUR,1318,PH112400000,2520852,53.0,1.724275869600789
Visual Disability,REGION XI (DAVAO REGION),Severe,PH110000000,DAVAO OCCIDENTAL,158,PH118600000,338925,47.0,1.6720978579357175
Visual Disability,REGION XI (DAVAO REGION),Severe,PH110000000,DAVAO ORIENTAL,354,PH112500000,600531,59.0,1.7708520116421442
Visual Disability,REGION XII (SOCCSKSARGEN),Mild,PH120000000,COTABATO (NORTH COTABATO),61819,PH124700000,1527149,4049.0,3.6073477767684134
Visual Disability,REGION XII (SOCCSKSARGEN),Mild,PH120000000,SARANGANI,168988,PH128000000,583791,28947.0,4.461603561121925
Visual Disability,REGION XII (SOCCSKSARGEN),Mild,PH120000000,SOUTH COTABATO,79569,PH126300000,1644256,4840.0,3.6848453616444123
Visual Disability,REGION XII (SOCCSKSARGEN),Mild,PH120000000,SULTAN KUDARAT,36401,PH126500000,855241,4257.0,3.6291036501771363
Visual Disability,REGION XII (SOCCSKSARGEN),Moderate,PH120000000,COTABATO (NORTH COTABATO),4273,PH124700000,1527149,280.0,2.4471580313422194
Visual Disability,REGION XII (SOCCSKSARGEN),Moderate,PH120000000,SARANGANI,12628,PH128000000,583791,2164.0,3.3352572564345317
Visual Disability,REGION XII (SOCCSKSARGEN),Moderate,PH120000000,SOUTH COTABATO,5182,PH126300000,1644256,316.0,2.499687082618404
Visual Disability,REGION XII (SOCCSKSARGEN),Moderate,PH120000000,SULTAN KUDARAT,2081,PH126500000,855241,244.0,2.387389826338729
Visual Disability,REGION XII (SOCCSKSARGEN),Severe,PH120000000,COTABATO (NORTH COTABATO),758,PH124700000,1527149,50.0,1.6989700043360187
Visual Disability,REGION XII (SOCCSKSARGEN),Severe,PH120000000,SARANGANI,2016,PH128000000,583791,346.0,2.5390760987927767
Visual Disability,REGION XII (SOCCSKSARGEN),Severe,PH120000000,SOUTH COTABATO,833,PH126300000,1644256,51.0,1.7075701760979363
Visual Disability,REGION XII (SOCCSKSARGEN),Severe,PH120000000,SULTAN KUDARAT,334,PH126500000,855241,40.0,1.6020599913279623
Visual Disability,Region I (Ilocos Region),Mild,PH010000000,ILOCOS NORTE,29074,PH012800000,613421,4740.0,3.6757783416740852
Visual Disability,Region I (Ilocos Region),Mild,PH010000000,ILOCOS SUR,56809,PH012900000,715810,7937.0,3.8996563803056357
Visual Disability,Region I (Ilocos Region),Mild,PH010000000,LA UNION,53116,PH013300000,828194,6414.0,3.8071289555924217
Visual Disability,Region I (Ilocos Region),Mild,PH010000000,PANGASINAN,219259,PH015500000,3113382,7043.0,3.8477576883923312
Visual Disability,Region I (Ilocos Region),Moderate,PH010000000,ILOCOS NORTE,2317,PH012800000,613421,378.0,2.5774917998372255
Visual Disability,Region I (Ilocos Region),Moderate,PH010000000,ILOCOS SUR,4135,PH012900000,715810,578.0,2.761927838420529
Visual Disability,Region I (Ilocos Region),Moderate,PH010000000,LA UNION,3743,PH013300000,828194,452.0,2.655138434811382
Visual Disability,Region I (Ilocos Region),Moderate,PH010000000,PANGASINAN,12865,PH015500000,3113382,414.0,2.617000341120899
Visual Disability,Region I (Ilocos Region),Severe,PH010000000,ILOCOS NORTE,673,PH012800000,613421,110.0,2.041392685158225
Visual Disability,Region I (Ilocos Region),Severe,PH010000000,ILOCOS SUR,782,PH012900000,715810,110.0,2.041392685158225
Visual Disability,Region I (Ilocos Region),Severe,PH010000000,LA UNION,877,PH013300000,828194,106.0,2.0253058652647704
Visual Disability,Region I (Ilocos Region),Severe,PH010000000,PANGASINAN,2761,PH015500000,3113382,89.0,1.9493900066449128
Visual Disability,Region II (Cagayan Valley),Mild,PH020000000,BATANES,857,PH020900000,17874,4795.0,3.6807886115066824
Visual Disability,Region II (Cagayan Valley),Mild,PH020000000,CAGAYAN,93284,PH021500000,1273322,7327.0,3.8649261915390056
Visual Disability,Region II (Cagayan Valley),Mild,PH020000000,ISABELA,141789,PH023100000,1685739,8412.0,3.9248992640142837
Visual Disability,Region II (Cagayan Valley),Mild,PH020000000,NUEVA VIZCAYA,33299,PH025000000,482894,6896.0,3.8385972528166565
Visual Disability,Region II (Cagayan Valley),Mild,PH020000000,QUIRINO,9845,PH025700000,197917,4975.0,3.6967930850817443
Visual Disability,Region II (Cagayan Valley),Moderate,PH020000000,BATANES,77,PH020900000,17874,431.0,2.6344772701607315
Visual Disability,Region II (Cagayan Valley),Moderate,PH020000000,CAGAYAN,6347,PH021500000,1273322,499.0,2.6981005456233897
Visual Disability,Region II (Cagayan Valley),Moderate,PH020000000,ISABELA,9011,PH023100000,1685739,535.0,2.7283537820212285
Visual Disability,Region II (Cagayan Valley),Moderate,PH020000000,NUEVA VIZCAYA,2362,PH025000000,482894,490.0,2.690196080028514
Visual Disability,Region II (Cagayan Valley),Moderate,PH020000000,QUIRINO,612,PH025700000,197917,310.0,2.4913616938342726
Visual Disability,Region II (Cagayan Valley),Severe,PH020000000,BATANES,16,PH020900000,17874,90.0,1.954242509439325
Visual Disability,Region II (Cagayan Valley),Severe,PH020000000,CAGAYAN,1365,PH021500000,1273322,108.0,2.03342375548695
Visual Disability,Region II (Cagayan Valley),Severe,PH020000000,ISABELA,1676,PH023100000,1685739,100.0,2.0
Visual Disability,Region II (Cagayan Valley),Severe,PH020000000,NUEVA VIZCAYA,380,PH025000000,482894,79.0,1.8976270912904414
Visual Disability,Region II (Cagayan Valley),Severe,PH020000000,QUIRINO,135,PH025700000,197917,69.0,1.8388490907372552
Visual Disability,Region III (Central Luzon),Mild,PH030000000,AURORA,9380,PH037700000,227530,4123.0,3.6152133348013584
Visual Disability,Region III (Central Luzon),Mild,PH030000000,BATAAN,61905,PH030800000,836076,7405.0,3.8695250628572273
Visual Disability,Region III (Central Luzon),Mild,PH030000000,BULACAN,280526,PH031400000,3646679,7693.0,3.8860957324377474
Visual Disability,Region III (Central Luzon),Mild,PH030000000,NUEVA ECIJA,198451,PH034900000,2355414,8426.0,3.925621454790829
Visual Disability,Region III (Central Luzon),Mild,PH030000000,PAMPANGA,121219,PH035400000,2893624,4190.0,3.622214022966295
Visual Disability,Region III (Central Luzon),Mild,PH030000000,TARLAC,73137,PH036900000,1460137,5009.0,3.699751031689514
Visual Disability,Region III (Central Luzon),Mild,PH030000000,ZAMBALES,71203,PH037100000,894254,7963.0,3.901076715726255
Visual Disability,Region III (Central Luzon),Moderate,PH030000000,AURORA,603,PH037700000,227530,266.0,2.424881636631067
Visual Disability,Region III (Central Luzon),Moderate,PH030000000,BATAAN,4229,PH030800000,836076,506.0,2.7041505168397992
Visual Disability,Region III (Central Luzon),Moderate,PH030000000,BULACAN,17493,PH031400000,3646679,480.0,2.681241237375587
Visual Disability,Region III (Central Luzon),Moderate,PH030000000,NUEVA ECIJA,9982,PH034900000,2355414,424.0,2.6273658565927325
Visual Disability,Region III (Central Luzon),Moderate,PH030000000,PAMPANGA,5836,PH035400000,2893624,202.0,2.305351369446624
Visual Disability,Region III (Central Luzon),Moderate,PH030000000,TARLAC,3960,PH036900000,1460137,272.0,2.4345689040341987
Visual Disability,Region III (Central Luzon),Moderate,PH030000000,ZAMBALES,4590,PH037100000,894254,514.0,2.710963118995276
Visual Disability,Region III (Central Luzon),Severe,PH030000000,AURORA,142,PH037700000,227530,63.0,1.7993405494535817
Visual Disability,Region III (Central Luzon),Severe,PH030000000,BATAAN,401,PH030800000,836076,48.0,1.6812412373755872
Visual Disability,Region III (Central Luzon),Severe,PH030000000,BULACAN,2240,PH031400000,3646679,62.0,1.792391689498254
Visual Disability,Region III (Central Luzon),Severe,PH030000000,NUEVA ECIJA,1584,PH034900000,2355414,68.0,1.8325089127062364
Visual Disability,Region III (Central Luzon),Severe,PH030000000,PAMPANGA,2620,PH035400000,2893624,91.0,1.9590413923210936
Visual Disability,Region III (Central Luzon),Severe,PH030000000,TARLAC,1505,PH036900000,1460137,104.0,2.0170333392987803
Visual Disability,Region III (Central Luzon),Severe,PH030000000,ZAMBALES,555,PH037100000,894254,63.0,1.7993405494535817
Visual Disability,Region IV-A (CALABARZON),Mild,PH040000000,BATANGAS,147975,PH041000000,3033730,4878.0,3.688241795977712
Visual Disability,Region IV-A (CALABARZON),Mild,PH040000000,CAVITE,216770,PH042100000,4210866,5148.0,3.711638538232349
Visual Disability,Region IV-A (CALABARZON),Mild,PH040000000,LAGUNA,174834,PH043400000,3343703,5229.0,3.7184186418296554
Visual Disability,Region IV-A (CALABARZON),Mild,PH040000000,QUEZON,160152,PH045600000,2260033,7087.0,3.8504624327615167
Visual Disability,Region IV-A (CALABARZON),Mild,PH040000000,RIZAL,174321,PH045800000,3208959,5433.0,3.7350397050337207
Visual Disability,Region IV-A (CALABARZON),Moderate,PH040000000,BATANGAS,9217,PH041000000,3033730,304.0,2.482873583608754
Visual Disability,Region IV-A (CALABARZON),Moderate,PH040000000,CAVITE,12407,PH042100000,4210866,295.0,2.469822015978163
Visual Disability,Region IV-A (CALABARZON),Moderate,PH040000000,LAGUNA,9104,PH043400000,3343703,273.0,2.436162647040756
Visual Disability,Region IV-A (CALABARZON),Moderate,PH040000000,QUEZON,10767,PH045600000,2260033,477.0,2.678518379040114
Visual Disability,Region IV-A (CALABARZON),Moderate,PH040000000,RIZAL,10299,PH045800000,3208959,321.0,2.506505032404872
Visual Disability,Region IV-A (CALABARZON),Severe,PH040000000,BATANGAS,1663,PH041000000,3033730,55.0,1.7403626894942439
Visual Disability,Region IV-A (CALABARZON),Severe,PH040000000,CAVITE,2181,PH042100000,4210866,52.0,1.7160033436347992
Visual Disability,Region IV-A (CALABARZON),Severe,PH040000000,LAGUNA,1579,PH043400000,3343703,48.0,1.6812412373755872
Visual Disability,Region IV-A (CALABARZON),Severe,PH040000000,QUEZON,1346,PH045600000,2260033,60.0,1.7781512503836436
Visual Disability,Region IV-A (CALABARZON),Severe,PH040000000,RIZAL,1686,PH045800000,3208959,53.0,1.724275869600789
Visual Disability,Region IX (Zamboanga Peninsula),Mild,PH090000000,CITY OF ISABELA (NOT A PROVINCE),3432,PH099700000,127728,2687.0,3.4292676664331685
Visual Disability,Region IX (Zamboanga Peninsula),Mild,PH090000000,ZAMBOANGA DEL NORTE,61022,PH097200000,1047292,5827.0,3.76544501809015
Visual Disability,Region IX (Zamboanga Peninsula),Mild,PH090000000,ZAMBOANGA DEL SUR,92291,PH097300000,1928337,4787.0,3.6800634274819486
Visual Disability,Region IX (Zamboanga Peninsula),Mild,PH090000000,ZAMBOANGA SIBUGAY,46095,PH098300000,679404,6785.0,3.831549851995756
Visual Disability,Region IX (Zamboanga Peninsula),Moderate,PH090000000,CITY OF ISABELA (NOT A PROVINCE),150,PH099700000,127728,118.0,2.0718820073061255
Visual Disability,Region IX (Zamboanga Peninsula),Moderate,PH090000000,ZAMBOANGA DEL NORTE,4421,PH097200000,1047292,423.0,2.6263403673750423
Visual Disability,Region IX (Zamboanga Peninsula),Moderate,PH090000000,ZAMBOANGA DEL SUR,6339,PH097300000,1928337,329.0,2.5171958979499744
Visual Disability,Region IX (Zamboanga Peninsula),Moderate,PH090000000,ZAMBOANGA SIBUGAY,3096,PH098300000,679404,456.0,2.658964842664435
Visual Disability,Region IX (Zamboanga Peninsula),Severe,PH090000000,CITY OF ISABELA (NOT A PROVINCE),139,PH099700000,127728,109.0,2.037426497940624
Visual Disability,Region IX (Zamboanga Peninsula),Severe,PH090000000,ZAMBOANGA DEL NORTE,736,PH097200000,1047292,71.0,1.8512583487190752
Visual Disability,Region IX (Zamboanga Peninsula),Severe,PH090000000,ZAMBOANGA DEL SUR,1189,PH097300000,1928337,62.0,1.792391689498254
Visual Disability,Region IX (Zamboanga Peninsula),Severe,PH090000000,ZAMBOANGA SIBUGAY,455,PH098300000,679404,67.0,1.8260748027008264
Visual Disability,Region V (Bicol Region),Mild,PH050000000,ALBAY,84926,PH050500000,1396088,6084.0,3.7841892053809607
Visual Disability,Region V (Bicol Region),Mild,PH050000000,CAMARINES NORTE,41228,PH051600000,622514,6623.0,3.8210547550468883
Visual Disability,Region V (Bicol Region),Mild,PH050000000,CAMARINES SUR,149818,PH051700000,2059495,7275.0,3.861832997657945
Visual Disability,Region V (Bicol Region),Mild,PH050000000,CATANDUANES,15536,PH052000000,272941,5693.0,3.7553411838115474
Visual Disability,Region V (Bicol Region),Mild,PH050000000,MASBATE,47595,PH054100000,937079,5080.0,3.7058637122839193
Visual Disability,Region V (Bicol Region),Mild,PH050000000,SORSOGON,63251,PH056200000,845718,7479.0,3.873843533223436
Visual Disability,Region V (Bicol Region),Moderate,PH050000000,ALBAY,5442,PH050500000,1396088,390.0,2.591064607026499
Visual Disability,Region V (Bicol Region),Moderate,PH050000000,CAMARINES NORTE,3330,PH051600000,622514,535.0,2.7283537820212285
Visual Disability,Region V (Bicol Region),Moderate,PH050000000,CAMARINES SUR,13024,PH051700000,2059495,633.0,2.801403710017355
Visual Disability,Region V (Bicol Region),Moderate,PH050000000,CATANDUANES,1239,PH052000000,272941,454.0,2.6570558528571038
Visual Disability,Region V (Bicol Region),Moderate,PH050000000,MASBATE,3219,PH054100000,937079,344.0,2.53655844257153
Visual Disability,Region V (Bicol Region),Moderate,PH050000000,SORSOGON,3970,PH056200000,845718,470.0,2.6720978579357175
Visual Disability,Region V (Bicol Region),Severe,PH050000000,ALBAY,944,PH050500000,1396088,68.0,1.8325089127062364
Visual Disability,Region V (Bicol Region),Severe,PH050000000,CAMARINES NORTE,490,PH051600000,622514,79.0,1.8976270912904414
Visual Disability,Region V (Bicol Region),Severe,PH050000000,CAMARINES SUR,1733,PH051700000,2059495,85.0,1.9294189257142926
Visual Disability,Region V (Bicol Region),Severe,PH050000000,CATANDUANES,203,PH052000000,272941,75.0,1.8750612633917
Visual Disability,Region V (Bicol Region),Severe,PH050000000,MASBATE,661,PH054100000,937079,71.0,1.8512583487190752
Visual Disability,Region V (Bicol Region),Severe,PH050000000,SORSOGON,690,PH056200000,845718,82.0,1.9138138523837167
Visual Disability,Region VI (Western Visayas),Mild,PH060000000,AKLAN,49520,PH060400000,605584,8178.0,3.912647106218317
Visual Disability,Region VI (Western Visayas),Mild,PH060000000,ANTIQUE,46750,PH060600000,612454,7634.0,3.8827521556130797
Visual Disability,Region VI (Western Visayas),Mild,PH060000000,CAPIZ,53629,PH061900000,803083,6678.0,3.824646414718352
Visual Disability,Region VI (Western Visayas),Mild,PH060000000,GUIMARAS,8520,PH067900000,185174,4602.0,3.6629466143326246
Visual Disability,Region VI (Western Visayas),Mild,PH060000000,ILOILO,168503,PH063000000,2524211,6676.0,3.824516328007209
Visual Disability,Region VI (Western Visayas),Mild,PH060000000,NEGROS OCCIDENTAL,156566,PH064500000,3174389,4933.0,3.693111115462141
Visual Disability,Region VI (Western Visayas),Moderate,PH060000000,AKLAN,3624,PH060400000,605584,599.0,2.7774268223893115
Visual Disability,Region VI (Western Visayas),Moderate,PH060000000,ANTIQUE,4266,PH060600000,612454,697.0,2.8432327780980096
Visual Disability,Region VI (Western Visayas),Moderate,PH060000000,CAPIZ,3563,PH061900000,803083,444.0,2.6473829701146196
Visual Disability,Region VI (Western Visayas),Moderate,PH060000000,GUIMARAS,932,PH067900000,185174,504.0,2.7024305364455254
Visual Disability,Region VI (Western Visayas),Moderate,PH060000000,ILOILO,13513,PH063000000,2524211,536.0,2.72916478969277
Visual Disability,Region VI (Western Visayas),Moderate,PH060000000,NEGROS OCCIDENTAL,10277,PH064500000,3174389,324.0,2.510545010206612
Visual Disability,Region VI (Western Visayas),Severe,PH060000000,AKLAN,634,PH060400000,605584,105.0,2.0211892990699383
Visual Disability,Region VI (Western Visayas),Severe,PH060000000,ANTIQUE,784,PH060600000,612454,129.0,2.110589710299249
Visual Disability,Region VI (Western Visayas),Severe,PH060000000,CAPIZ,669,PH061900000,803083,84.0,1.9242792860618816
Visual Disability,Region VI (Western Visayas),Severe,PH060000000,GUIMARAS,158,PH067900000,185174,86.0,1.9344984512435677
Visual Disability,Region VI (Western Visayas),Severe,PH060000000,ILOILO,2734,PH063000000,2524211,109.0,2.037426497940624
Visual Disability,Region VI (Western Visayas),Severe,PH060000000,NEGROS OCCIDENTAL,1949,PH064500000,3174389,62.0,1.792391689498254
Visual Disability,Region VII (Central Visayas),Mild,PH070000000,BOHOL,78286,PH071200000,1365107,5735.0,3.7585334222372864
Visual Disability,Region VII (Central Visayas),Mild,PH070000000,CEBU,215337,PH072200000,5085207,4235.0,3.6268534146667255
Visual Disability,Region VII (Central Visayas),Mild,PH070000000,NEGROS ORIENTAL,74126,PH074600000,1406274,5272.0,3.7219754015859534
Visual Disability,Region VII (Central Visayas),Mild,PH070000000,SIQUIJOR,5743,PH076100000,100457,5717.0,3.7571681922142726
Visual Disability,Region VII (Central Visayas),Moderate,PH070000000,BOHOL,7051,PH071200000,1365107,517.0,2.7134905430939424
Visual Disability,Region VII (Central Visayas),Moderate,PH070000000,CEBU,16706,PH072200000,5085207,329.0,2.5171958979499744
Visual Disability,Region VII (Central Visayas),Moderate,PH070000000,NEGROS ORIENTAL,5586,PH074600000,1406274,398.0,2.5998830720736876
Visual Disability,Region VII (Central Visayas),Moderate,PH070000000,SIQUIJOR,507,PH076100000,100457,505.0,2.7032913781186614
Visual Disability,Region VII (Central Visayas),Severe,PH070000000,BOHOL,1385,PH071200000,1365107,102.0,2.0086001717619175
Visual Disability,Region VII (Central Visayas),Severe,PH070000000,CEBU,3675,PH072200000,5085207,73.0,1.863322860120456
Visual Disability,Region VII (Central Visayas),Severe,PH070000000,NEGROS ORIENTAL,1214,PH074600000,1406274,87.0,1.9395192526186185
Visual Disability,Region VII (Central Visayas),Severe,PH070000000,SIQUIJOR,133,PH076100000,100457,133.0,2.123851640967086
Visual Disability,Region VIII (Eastern Visayas),Mild,PH080000000,BILIRAN,8083,PH087800000,179362,4507.0,3.6538875580709775
Visual Disability,Region VIII (Eastern Visayas),Mild,PH080000000,EASTERN SAMAR,39519,PH082600000,503495,7849.0,3.894814329083301
Visual Disability,Region VIII (Eastern Visayas),Mild,PH080000000,LEYTE,132381,PH083700000,2124269,6232.0,3.794627444664508
Visual Disability,Region VIII (Eastern Visayas),Mild,PH080000000,NORTHERN SAMAR,55842,PH084800000,668766,8351.0,3.9217384836845985
Visual Disability,Region VIII (Eastern Visayas),Mild,PH080000000,SAMAR (WESTERN SAMAR),42872,PH086000000,822095,5215.0,3.7172543127625497
Visual Disability,Region VIII (Eastern Visayas),Mild,PH080000000,SOUTHERN LEYTE,31024,PH086400000,444355,6982.0,3.84397984447816
Visual Disability,Region VIII (Eastern Visayas),Moderate,PH080000000,BILIRAN,549,PH087800000,179362,307.0,2.4871383754771865
Visual Disability,Region VIII (Eastern Visayas),Moderate,PH080000000,EASTERN SAMAR,3318,PH082600000,503495,659.0,2.8188854145940097
Visual Disability,Region VIII (Eastern Visayas),Moderate,PH080000000,LEYTE,8978,PH083700000,2124269,423.0,2.6263403673750423
Visual Disability,Region VIII (Eastern Visayas),Moderate,PH080000000,NORTHERN SAMAR,4632,PH084800000,668766,693.0,2.8407332346118066
Visual Disability,Region VIII (Eastern Visayas),Moderate,PH080000000,SAMAR (WESTERN SAMAR),2725,PH086000000,822095,332.0,2.5211380837040362
Visual Disability,Region VIII (Eastern Visayas),Moderate,PH080000000,SOUTHERN LEYTE,2480,PH086400000,444355,559.0,2.747411807886423
Visual Disability,Region VIII (Eastern Visayas),Severe,PH080000000,BILIRAN,146,PH087800000,179362,82.0,1.9138138523837167
Visual Disability,Region VIII (Eastern Visayas),Severe,PH080000000,EASTERN SAMAR,454,PH082600000,503495,91.0,1.9590413923210936
Visual Disability,Region VIII (Eastern Visayas),Severe,PH080000000,LEYTE,1724,PH083700000,2124269,82.0,1.9138138523837167
Visual Disability,Region VIII (Eastern Visayas),Severe,PH080000000,NORTHERN SAMAR,599,PH084800000,668766,90.0,1.954242509439325
Visual Disability,Region VIII (Eastern Visayas),Severe,PH080000000,SAMAR (WESTERN SAMAR),552,PH086000000,822095,68.0,1.8325089127062364
Visual Disability,Region VIII (Eastern Visayas),Severe,PH080000000,SOUTHERN LEYTE,385,PH086400000,444355,87.0,1.9395192526186185
Visual Disability,Region X (Northern Mindanao),Mild,PH100000000,BUKIDNON,69183,PH101300000,1510189,4582.0,3.6610550848533787
Visual Disability,Region X (Northern Mindanao),Mild,PH100000000,CAMIGUIN,5146,PH101800000,92431,5568.0,3.7456992266025058
Visual Disability,Region X (Northern Mindanao),Mild,PH100000000,LANAO DEL NORTE,33612,PH103500000,1095270,3069.0,3.4869968884318228
Visual Disability,Region X (Northern Mindanao),Mild,PH100000000,MISAMIS OCCIDENTAL,37899,PH104200000,627158,6043.0,3.7812525942484565
Visual Disability,Region X (Northern Mindanao),Mild,PH100000000,MISAMIS ORIENTAL,76261,PH104300000,1692002,4508.0,3.653983907374069
Visual Disability,Region X (Northern Mindanao),Moderate,PH100000000,BUKIDNON,5235,PH101300000,1510189,347.0,2.5403294747908736
Visual Disability,Region X (Northern Mindanao),Moderate,PH100000000,CAMIGUIN,357,PH101800000,92431,387.0,2.5877109650189114
Visual Disability,Region X (Northern Mindanao),Moderate,PH100000000,LANAO DEL NORTE,2760,PH103500000,1095270,252.0,2.401400540781544
Visual Disability,Region X (Northern Mindanao),Moderate,PH100000000,MISAMIS OCCIDENTAL,2832,PH104200000,627158,452.0,2.655138434811382
Visual Disability,Region X (Northern Mindanao),Moderate,PH100000000,MISAMIS ORIENTAL,5503,PH104300000,1692002,326.0,2.513217600067939
Visual Disability,Region X (Northern Mindanao),Severe,PH100000000,BUKIDNON,946,PH101300000,1510189,63.0,1.7993405494535817
Visual Disability,Region X (Northern Mindanao),Severe,PH100000000,CAMIGUIN,95,PH101800000,92431,103.0,2.012837224705172
Visual Disability,Region X (Northern Mindanao),Severe,PH100000000,LANAO DEL NORTE,491,PH103500000,1095270,45.0,1.6532125137753437
Visual Disability,Region X (Northern Mindanao),Severe,PH100000000,MISAMIS OCCIDENTAL,478,PH104200000,627158,77.0,1.8864907251724818
Visual Disability,Region X (Northern Mindanao),Severe,PH100000000,MISAMIS ORIENTAL,975,PH104300000,1692002,58.0,1.7634279935629373
Visual Disability,Region XIII (Caraga),Mild,PH160000000,AGUSAN DEL NORTE,33089,PH160200000,738775,4479.0,3.651181062444688
Visual Disability,Region XIII (Caraga),Mild,PH160000000,AGUSAN DEL SUR,33663,PH160300000,734982,4581.0,3.6609602917760835
Visual Disability,Region XIII (Caraga),Mild,PH160000000,DINAGAT ISLANDS,7224,PH168500000,130671,5529.0,3.7426465899387362
Visual Disability,Region XIII (Caraga),Mild,PH160000000,SURIGAO DEL NORTE,29905,PH166700000,528148,5663.0,3.753046561626529
Visual Disability,Region XIII (Caraga),Mild,PH160000000,SURIGAO DEL SUR,41866,PH166800000,620531,6747.0,3.8291107101552946
Visual Disability,Region XIII (Caraga),Moderate,PH160000000,AGUSAN DEL NORTE,1993,PH160200000,738775,270.0,2.4313637641589874
Visual Disability,Region XIII (Caraga),Moderate,PH160000000,AGUSAN DEL SUR,2888,PH160300000,734982,393.0,2.5943925503754266
Visual Disability,Region XIII (Caraga),Moderate,PH160000000,DINAGAT ISLANDS,589,PH168500000,130671,451.0,2.6541765418779604
Visual Disability,Region XIII (Caraga),Moderate,PH160000000,SURIGAO DEL NORTE,2435,PH166700000,528148,462.0,2.6646419755561257
Visual Disability,Region XIII (Caraga),Moderate,PH160000000,SURIGAO DEL SUR,3063,PH166800000,620531,494.0,2.693726948923647
Visual Disability,Region XIII (Caraga),Severe,PH160000000,AGUSAN DEL NORTE,414,PH160200000,738775,57.0,1.7558748556724915
Visual Disability,Region XIII (Caraga),Severe,PH160000000,AGUSAN DEL SUR,483,PH160300000,734982,66.0,1.8195439355418688
Visual Disability,Region XIII (Caraga),Severe,PH160000000,DINAGAT ISLANDS,72,PH168500000,130671,56.0,1.7481880270062005
Visual Disability,Region XIII (Caraga),Severe,PH160000000,SURIGAO DEL NORTE,354,PH166700000,528148,68.0,1.8325089127062364
Visual Disability,Region XIII (Caraga),Severe,PH160000000,SURIGAO DEL SUR,430,PH166800000,620531,70.0,1.845098040014257
