Region,Province,Sex,Disability,Status,Household Population 5 Years Old and Over with Functional Difficulty,Gender Population,Gender affected by disability per 100k
BANGSAMORO AUTONOMOUS REGION IN MUSLIM MINDANAO (BARMM),BASILAN,Female,Cognitive Disability,Mild,881,193348.5,455
BANGSAMORO AUTONOMOUS REGION IN MUSLIM MINDANAO (BARMM),BASILAN,Female,Cognitive Disability,Moderate,97,193348.5,50
BANGSAMORO AUTONOMOUS REGION IN MUSLIM MINDANAO (BARMM),BASILAN,Female,Cognitive Disability,Severe,29,193348.5,14
BANGSAMORO AUTONOMOUS REGION IN MUSLIM MINDANAO (BARMM),BASILAN,Female,Communication Disability,Mild,575,193348.5,297
BANGSAMORO AUTONOMOUS REGION IN MUSLIM MINDANAO (BARMM),BASILAN,Female,Communication Disability,Moderate,134,193348.5,69
BANGSAMORO AUTONOMOUS REGION IN MUSLIM MINDANAO (BARMM),BASILAN,Female,Communication Disability,Severe,138,193348.5,71
BANGSAMORO AUTONOMOUS REGION IN MUSLIM MINDANAO (BARMM),BASILAN,Female,Hearing Disability,Mild,1536,193348.5,794
BANGSAMORO AUTONOMOUS REGION IN MUSLIM MINDANAO (BARMM),BASILAN,Female,Hearing Disability,Moderate,118,193348.5,61
BANGSAMORO AUTONOMOUS REGION IN MUSLIM MINDANAO (BARMM),BASILAN,Female,Hearing Disability,Severe,32,193348.5,16
BANGSAMORO AUTONOMOUS REGION IN MUSLIM MINDANAO (BARMM),BASILAN,Female,Mobility Disability,Mild,1470,193348.5,760
BANGSAMORO AUTONOMOUS REGION IN MUSLIM MINDANAO (BARMM),BASILAN,Female,Mobility Disability,Moderate,157,193348.5,81
BANGSAMORO AUTONOMOUS REGION IN MUSLIM MINDANAO (BARMM),BASILAN,Female,Mobility Disability,Severe,44,193348.5,22
BANGSAMORO AUTONOMOUS REGION IN MUSLIM MINDANAO (BARMM),BASILAN,Female,Self-Care Disability,Mild,606,193348.5,313
BANGSAMORO AUTONOMOUS REGION IN MUSLIM MINDANAO (BARMM),BASILAN,Female,Self-Care Disability,Moderate,83,193348.5,42
BANGSAMORO AUTONOMOUS REGION IN MUSLIM MINDANAO (BARMM),BASILAN,Female,Self-Care Disability,Severe,58,193348.5,29
BANGSAMORO AUTONOMOUS REGION IN MUSLIM MINDANAO (BARMM),BASILAN,Female,Visual Disability,Mild,3683,193348.5,1904
BANGSAMORO AUTONOMOUS REGION IN MUSLIM MINDANAO (BARMM),BASILAN,Female,Visual Disability,Moderate,156,193348.5,80
BANGSAMORO AUTONOMOUS REGION IN MUSLIM MINDANAO (BARMM),BASILAN,Female,Visual Disability,Severe,146,193348.5,75
BANGSAMORO AUTONOMOUS REGION IN MUSLIM MINDANAO (BARMM),BASILAN,Male,Cognitive Disability,Mild,713,193348.5,368
BANGSAMORO AUTONOMOUS REGION IN MUSLIM MINDANAO (BARMM),BASILAN,Male,Cognitive Disability,Moderate,77,193348.5,39
BANGSAMORO AUTONOMOUS REGION IN MUSLIM MINDANAO (BARMM),BASILAN,Male,Cognitive Disability,Severe,23,193348.5,11
BANGSAMORO AUTONOMOUS REGION IN MUSLIM MINDANAO (BARMM),BASILAN,Male,Communication Disability,Mild,541,193348.5,279
BANGSAMORO AUTONOMOUS REGION IN MUSLIM MINDANAO (BARMM),BASILAN,Male,Communication Disability,Moderate,112,193348.5,57
BANGSAMORO AUTONOMOUS REGION IN MUSLIM MINDANAO (BARMM),BASILAN,Male,Communication Disability,Severe,87,193348.5,44
BANGSAMORO AUTONOMOUS REGION IN MUSLIM MINDANAO (BARMM),BASILAN,Male,Hearing Disability,Mild,1391,193348.5,719
BANGSAMORO AUTONOMOUS REGION IN MUSLIM MINDANAO (BARMM),BASILAN,Male,Hearing Disability,Moderate,113,193348.5,58
BANGSAMORO AUTONOMOUS REGION IN MUSLIM MINDANAO (BARMM),BASILAN,Male,Hearing Disability,Severe,36,193348.5,18
BANGSAMORO AUTONOMOUS REGION IN MUSLIM MINDANAO (BARMM),BASILAN,Male,Mobility Disability,Mild,1289,193348.5,666
BANGSAMORO AUTONOMOUS REGION IN MUSLIM MINDANAO (BARMM),BASILAN,Male,Mobility Disability,Moderate,163,193348.5,84
BANGSAMORO AUTONOMOUS REGION IN MUSLIM MINDANAO (BARMM),BASILAN,Male,Mobility Disability,Severe,38,193348.5,19
BANGSAMORO AUTONOMOUS REGION IN MUSLIM MINDANAO (BARMM),BASILAN,Male,Self-Care Disability,Mild,508,193348.5,262
BANGSAMORO AUTONOMOUS REGION IN MUSLIM MINDANAO (BARMM),BASILAN,Male,Self-Care Disability,Moderate,75,193348.5,38
BANGSAMORO AUTONOMOUS REGION IN MUSLIM MINDANAO (BARMM),BASILAN,Male,Self-Care Disability,Severe,47,193348.5,24
BANGSAMORO AUTONOMOUS REGION IN MUSLIM MINDANAO (BARMM),BASILAN,Male,Visual Disability,Mild,3230,193348.5,1670
BANGSAMORO AUTONOMOUS REGION IN MUSLIM MINDANAO (BARMM),BASILAN,Male,Visual Disability,Moderate,145,193348.5,74
BANGSAMORO AUTONOMOUS REGION IN MUSLIM MINDANAO (BARMM),BASILAN,Male,Visual Disability,Severe,130,193348.5,67
BANGSAMORO AUTONOMOUS REGION IN MUSLIM MINDANAO (BARMM),LANAO DEL SUR,Female,Cognitive Disability,Mild,12793,573143.5,2232
BANGSAMORO AUTONOMOUS REGION IN MUSLIM MINDANAO (BARMM),LANAO DEL SUR,Female,Cognitive Disability,Moderate,1021,573143.5,178
BANGSAMORO AUTONOMOUS REGION IN MUSLIM MINDANAO (BARMM),LANAO DEL SUR,Female,Cognitive Disability,Severe,213,573143.5,37
BANGSAMORO AUTONOMOUS REGION IN MUSLIM MINDANAO (BARMM),LANAO DEL SUR,Female,Communication Disability,Mild,5726,573143.5,999
BANGSAMORO AUTONOMOUS REGION IN MUSLIM MINDANAO (BARMM),LANAO DEL SUR,Female,Communication Disability,Moderate,1278,573143.5,222
BANGSAMORO AUTONOMOUS REGION IN MUSLIM MINDANAO (BARMM),LANAO DEL SUR,Female,Communication Disability,Severe,910,573143.5,158
BANGSAMORO AUTONOMOUS REGION IN MUSLIM MINDANAO (BARMM),LANAO DEL SUR,Female,Hearing Disability,Mild,14439,573143.5,2519
BANGSAMORO AUTONOMOUS REGION IN MUSLIM MINDANAO (BARMM),LANAO DEL SUR,Female,Hearing Disability,Moderate,1081,573143.5,188
BANGSAMORO AUTONOMOUS REGION IN MUSLIM MINDANAO (BARMM),LANAO DEL SUR,Female,Hearing Disability,Severe,157,573143.5,27
BANGSAMORO AUTONOMOUS REGION IN MUSLIM MINDANAO (BARMM),LANAO DEL SUR,Female,Mobility Disability,Mild,13896,573143.5,2424
BANGSAMORO AUTONOMOUS REGION IN MUSLIM MINDANAO (BARMM),LANAO DEL SUR,Female,Mobility Disability,Moderate,1280,573143.5,223
BANGSAMORO AUTONOMOUS REGION IN MUSLIM MINDANAO (BARMM),LANAO DEL SUR,Female,Mobility Disability,Severe,267,573143.5,46
BANGSAMORO AUTONOMOUS REGION IN MUSLIM MINDANAO (BARMM),LANAO DEL SUR,Female,Self-Care Disability,Mild,8727,573143.5,1522
BANGSAMORO AUTONOMOUS REGION IN MUSLIM MINDANAO (BARMM),LANAO DEL SUR,Female,Self-Care Disability,Moderate,1049,573143.5,183
BANGSAMORO AUTONOMOUS REGION IN MUSLIM MINDANAO (BARMM),LANAO DEL SUR,Female,Self-Care Disability,Severe,661,573143.5,115
BANGSAMORO AUTONOMOUS REGION IN MUSLIM MINDANAO (BARMM),LANAO DEL SUR,Female,Visual Disability,Mild,31323,573143.5,5465
BANGSAMORO AUTONOMOUS REGION IN MUSLIM MINDANAO (BARMM),LANAO DEL SUR,Female,Visual Disability,Moderate,1861,573143.5,324
BANGSAMORO AUTONOMOUS REGION IN MUSLIM MINDANAO (BARMM),LANAO DEL SUR,Female,Visual Disability,Severe,599,573143.5,104
BANGSAMORO AUTONOMOUS REGION IN MUSLIM MINDANAO (BARMM),LANAO DEL SUR,Male,Cognitive Disability,Mild,12187,573143.5,2126
BANGSAMORO AUTONOMOUS REGION IN MUSLIM MINDANAO (BARMM),LANAO DEL SUR,Male,Cognitive Disability,Moderate,941,573143.5,164
BANGSAMORO AUTONOMOUS REGION IN MUSLIM MINDANAO (BARMM),LANAO DEL SUR,Male,Cognitive Disability,Severe,180,573143.5,31
BANGSAMORO AUTONOMOUS REGION IN MUSLIM MINDANAO (BARMM),LANAO DEL SUR,Male,Communication Disability,Mild,5993,573143.5,1045
BANGSAMORO AUTONOMOUS REGION IN MUSLIM MINDANAO (BARMM),LANAO DEL SUR,Male,Communication Disability,Moderate,958,573143.5,167
BANGSAMORO AUTONOMOUS REGION IN MUSLIM MINDANAO (BARMM),LANAO DEL SUR,Male,Communication Disability,Severe,615,573143.5,107
BANGSAMORO AUTONOMOUS REGION IN MUSLIM MINDANAO (BARMM),LANAO DEL SUR,Male,Hearing Disability,Mild,14617,573143.5,2550
BANGSAMORO AUTONOMOUS REGION IN MUSLIM MINDANAO (BARMM),LANAO DEL SUR,Male,Hearing Disability,Moderate,996,573143.5,173
BANGSAMORO AUTONOMOUS REGION IN MUSLIM MINDANAO (BARMM),LANAO DEL SUR,Male,Hearing Disability,Severe,185,573143.5,32
BANGSAMORO AUTONOMOUS REGION IN MUSLIM MINDANAO (BARMM),LANAO DEL SUR,Male,Mobility Disability,Mild,13597,573143.5,2372
BANGSAMORO AUTONOMOUS REGION IN MUSLIM MINDANAO (BARMM),LANAO DEL SUR,Male,Mobility Disability,Moderate,1155,573143.5,201
BANGSAMORO AUTONOMOUS REGION IN MUSLIM MINDANAO (BARMM),LANAO DEL SUR,Male,Mobility Disability,Severe,266,573143.5,46
BANGSAMORO AUTONOMOUS REGION IN MUSLIM MINDANAO (BARMM),LANAO DEL SUR,Male,Self-Care Disability,Mild,8403,573143.5,1466
BANGSAMORO AUTONOMOUS REGION IN MUSLIM MINDANAO (BARMM),LANAO DEL SUR,Male,Self-Care Disability,Moderate,993,573143.5,173
BANGSAMORO AUTONOMOUS REGION IN MUSLIM MINDANAO (BARMM),LANAO DEL SUR,Male,Self-Care Disability,Severe,738,573143.5,128
BANGSAMORO AUTONOMOUS REGION IN MUSLIM MINDANAO (BARMM),LANAO DEL SUR,Male,Visual Disability,Mild,31174,573143.5,5439
BANGSAMORO AUTONOMOUS REGION IN MUSLIM MINDANAO (BARMM),LANAO DEL SUR,Male,Visual Disability,Moderate,1656,573143.5,288
BANGSAMORO AUTONOMOUS REGION IN MUSLIM MINDANAO (BARMM),LANAO DEL SUR,Male,Visual Disability,Severe,603,573143.5,105
BANGSAMORO AUTONOMOUS REGION IN MUSLIM MINDANAO (BARMM),MAGUINDANAO,Female,Cognitive Disability,Mild,4938,661525.5,746
BANGSAMORO AUTONOMOUS REGION IN MUSLIM MINDANAO (BARMM),MAGUINDANAO,Female,Cognitive Disability,Moderate,437,661525.5,66
BANGSAMORO AUTONOMOUS REGION IN MUSLIM MINDANAO (BARMM),MAGUINDANAO,Female,Cognitive Disability,Severe,100,661525.5,15
BANGSAMORO AUTONOMOUS REGION IN MUSLIM MINDANAO (BARMM),MAGUINDANAO,Female,Communication Disability,Mild,3044,661525.5,460
BANGSAMORO AUTONOMOUS REGION IN MUSLIM MINDANAO (BARMM),MAGUINDANAO,Female,Communication Disability,Moderate,658,661525.5,99
BANGSAMORO AUTONOMOUS REGION IN MUSLIM MINDANAO (BARMM),MAGUINDANAO,Female,Communication Disability,Severe,485,661525.5,73
BANGSAMORO AUTONOMOUS REGION IN MUSLIM MINDANAO (BARMM),MAGUINDANAO,Female,Hearing Disability,Mild,6774,661525.5,1023
BANGSAMORO AUTONOMOUS REGION IN MUSLIM MINDANAO (BARMM),MAGUINDANAO,Female,Hearing Disability,Moderate,440,661525.5,66
BANGSAMORO AUTONOMOUS REGION IN MUSLIM MINDANAO (BARMM),MAGUINDANAO,Female,Hearing Disability,Severe,62,661525.5,9
BANGSAMORO AUTONOMOUS REGION IN MUSLIM MINDANAO (BARMM),MAGUINDANAO,Female,Mobility Disability,Mild,6839,661525.5,1033
BANGSAMORO AUTONOMOUS REGION IN MUSLIM MINDANAO (BARMM),MAGUINDANAO,Female,Mobility Disability,Moderate,621,661525.5,93
BANGSAMORO AUTONOMOUS REGION IN MUSLIM MINDANAO (BARMM),MAGUINDANAO,Female,Mobility Disability,Severe,126,661525.5,19
BANGSAMORO AUTONOMOUS REGION IN MUSLIM MINDANAO (BARMM),MAGUINDANAO,Female,Self-Care Disability,Mild,4211,661525.5,636
BANGSAMORO AUTONOMOUS REGION IN MUSLIM MINDANAO (BARMM),MAGUINDANAO,Female,Self-Care Disability,Moderate,493,661525.5,74
BANGSAMORO AUTONOMOUS REGION IN MUSLIM MINDANAO (BARMM),MAGUINDANAO,Female,Self-Care Disability,Severe,373,661525.5,56
BANGSAMORO AUTONOMOUS REGION IN MUSLIM MINDANAO (BARMM),MAGUINDANAO,Female,Visual Disability,Mild,13866,661525.5,2096
BANGSAMORO AUTONOMOUS REGION IN MUSLIM MINDANAO (BARMM),MAGUINDANAO,Female,Visual Disability,Moderate,809,661525.5,122
BANGSAMORO AUTONOMOUS REGION IN MUSLIM MINDANAO (BARMM),MAGUINDANAO,Female,Visual Disability,Severe,443,661525.5,66
BANGSAMORO AUTONOMOUS REGION IN MUSLIM MINDANAO (BARMM),MAGUINDANAO,Male,Cognitive Disability,Mild,4714,661525.5,712
BANGSAMORO AUTONOMOUS REGION IN MUSLIM MINDANAO (BARMM),MAGUINDANAO,Male,Cognitive Disability,Moderate,400,661525.5,60
BANGSAMORO AUTONOMOUS REGION IN MUSLIM MINDANAO (BARMM),MAGUINDANAO,Male,Cognitive Disability,Severe,71,661525.5,10
BANGSAMORO AUTONOMOUS REGION IN MUSLIM MINDANAO (BARMM),MAGUINDANAO,Male,Communication Disability,Mild,3182,661525.5,481
BANGSAMORO AUTONOMOUS REGION IN MUSLIM MINDANAO (BARMM),MAGUINDANAO,Male,Communication Disability,Moderate,466,661525.5,70
BANGSAMORO AUTONOMOUS REGION IN MUSLIM MINDANAO (BARMM),MAGUINDANAO,Male,Communication Disability,Severe,325,661525.5,49
BANGSAMORO AUTONOMOUS REGION IN MUSLIM MINDANAO (BARMM),MAGUINDANAO,Male,Hearing Disability,Mild,6664,661525.5,1007
BANGSAMORO AUTONOMOUS REGION IN MUSLIM MINDANAO (BARMM),MAGUINDANAO,Male,Hearing Disability,Moderate,399,661525.5,60
BANGSAMORO AUTONOMOUS REGION IN MUSLIM MINDANAO (BARMM),MAGUINDANAO,Male,Hearing Disability,Severe,77,661525.5,11
BANGSAMORO AUTONOMOUS REGION IN MUSLIM MINDANAO (BARMM),MAGUINDANAO,Male,Mobility Disability,Mild,6505,661525.5,983
BANGSAMORO AUTONOMOUS REGION IN MUSLIM MINDANAO (BARMM),MAGUINDANAO,Male,Mobility Disability,Moderate,590,661525.5,89
BANGSAMORO AUTONOMOUS REGION IN MUSLIM MINDANAO (BARMM),MAGUINDANAO,Male,Mobility Disability,Severe,126,661525.5,19
BANGSAMORO AUTONOMOUS REGION IN MUSLIM MINDANAO (BARMM),MAGUINDANAO,Male,Self-Care Disability,Mild,4070,661525.5,615
BANGSAMORO AUTONOMOUS REGION IN MUSLIM MINDANAO (BARMM),MAGUINDANAO,Male,Self-Care Disability,Moderate,509,661525.5,76
BANGSAMORO AUTONOMOUS REGION IN MUSLIM MINDANAO (BARMM),MAGUINDANAO,Male,Self-Care Disability,Severe,446,661525.5,67
BANGSAMORO AUTONOMOUS REGION IN MUSLIM MINDANAO (BARMM),MAGUINDANAO,Male,Visual Disability,Mild,14058,661525.5,2125
BANGSAMORO AUTONOMOUS REGION IN MUSLIM MINDANAO (BARMM),MAGUINDANAO,Male,Visual Disability,Moderate,713,661525.5,107
BANGSAMORO AUTONOMOUS REGION IN MUSLIM MINDANAO (BARMM),MAGUINDANAO,Male,Visual Disability,Severe,425,661525.5,64
BANGSAMORO AUTONOMOUS REGION IN MUSLIM MINDANAO (BARMM),SULU,Female,Cognitive Disability,Mild,1004,456795.0,219
BANGSAMORO AUTONOMOUS REGION IN MUSLIM MINDANAO (BARMM),SULU,Female,Cognitive Disability,Moderate,100,456795.0,21
BANGSAMORO AUTONOMOUS REGION IN MUSLIM MINDANAO (BARMM),SULU,Female,Cognitive Disability,Severe,12,456795.0,2
BANGSAMORO AUTONOMOUS REGION IN MUSLIM MINDANAO (BARMM),SULU,Female,Communication Disability,Mild,798,456795.0,174
BANGSAMORO AUTONOMOUS REGION IN MUSLIM MINDANAO (BARMM),SULU,Female,Communication Disability,Moderate,228,456795.0,49
BANGSAMORO AUTONOMOUS REGION IN MUSLIM MINDANAO (BARMM),SULU,Female,Communication Disability,Severe,221,456795.0,48
BANGSAMORO AUTONOMOUS REGION IN MUSLIM MINDANAO (BARMM),SULU,Female,Hearing Disability,Mild,1664,456795.0,364
BANGSAMORO AUTONOMOUS REGION IN MUSLIM MINDANAO (BARMM),SULU,Female,Hearing Disability,Moderate,102,456795.0,22
BANGSAMORO AUTONOMOUS REGION IN MUSLIM MINDANAO (BARMM),SULU,Female,Hearing Disability,Severe,18,456795.0,3
BANGSAMORO AUTONOMOUS REGION IN MUSLIM MINDANAO (BARMM),SULU,Female,Mobility Disability,Mild,1636,456795.0,358
BANGSAMORO AUTONOMOUS REGION IN MUSLIM MINDANAO (BARMM),SULU,Female,Mobility Disability,Moderate,156,456795.0,34
BANGSAMORO AUTONOMOUS REGION IN MUSLIM MINDANAO (BARMM),SULU,Female,Mobility Disability,Severe,29,456795.0,6
BANGSAMORO AUTONOMOUS REGION IN MUSLIM MINDANAO (BARMM),SULU,Female,Self-Care Disability,Mild,778,456795.0,170
BANGSAMORO AUTONOMOUS REGION IN MUSLIM MINDANAO (BARMM),SULU,Female,Self-Care Disability,Moderate,78,456795.0,17
BANGSAMORO AUTONOMOUS REGION IN MUSLIM MINDANAO (BARMM),SULU,Female,Self-Care Disability,Severe,35,456795.0,7
BANGSAMORO AUTONOMOUS REGION IN MUSLIM MINDANAO (BARMM),SULU,Female,Visual Disability,Mild,2474,456795.0,541
BANGSAMORO AUTONOMOUS REGION IN MUSLIM MINDANAO (BARMM),SULU,Female,Visual Disability,Moderate,117,456795.0,25
BANGSAMORO AUTONOMOUS REGION IN MUSLIM MINDANAO (BARMM),SULU,Female,Visual Disability,Severe,601,456795.0,131
BANGSAMORO AUTONOMOUS REGION IN MUSLIM MINDANAO (BARMM),SULU,Male,Cognitive Disability,Mild,796,456795.0,174
BANGSAMORO AUTONOMOUS REGION IN MUSLIM MINDANAO (BARMM),SULU,Male,Cognitive Disability,Moderate,51,456795.0,11
BANGSAMORO AUTONOMOUS REGION IN MUSLIM MINDANAO (BARMM),SULU,Male,Cognitive Disability,Severe,10,456795.0,2
BANGSAMORO AUTONOMOUS REGION IN MUSLIM MINDANAO (BARMM),SULU,Male,Communication Disability,Mild,750,456795.0,164
BANGSAMORO AUTONOMOUS REGION IN MUSLIM MINDANAO (BARMM),SULU,Male,Communication Disability,Moderate,153,456795.0,33
BANGSAMORO AUTONOMOUS REGION IN MUSLIM MINDANAO (BARMM),SULU,Male,Communication Disability,Severe,133,456795.0,29
BANGSAMORO AUTONOMOUS REGION IN MUSLIM MINDANAO (BARMM),SULU,Male,Hearing Disability,Mild,1403,456795.0,307
BANGSAMORO AUTONOMOUS REGION IN MUSLIM MINDANAO (BARMM),SULU,Male,Hearing Disability,Moderate,64,456795.0,14
BANGSAMORO AUTONOMOUS REGION IN MUSLIM MINDANAO (BARMM),SULU,Male,Hearing Disability,Severe,22,456795.0,4
BANGSAMORO AUTONOMOUS REGION IN MUSLIM MINDANAO (BARMM),SULU,Male,Mobility Disability,Mild,1342,456795.0,293
BANGSAMORO AUTONOMOUS REGION IN MUSLIM MINDANAO (BARMM),SULU,Male,Mobility Disability,Moderate,75,456795.0,16
BANGSAMORO AUTONOMOUS REGION IN MUSLIM MINDANAO (BARMM),SULU,Male,Mobility Disability,Severe,16,456795.0,3
BANGSAMORO AUTONOMOUS REGION IN MUSLIM MINDANAO (BARMM),SULU,Male,Self-Care Disability,Mild,574,456795.0,125
BANGSAMORO AUTONOMOUS REGION IN MUSLIM MINDANAO (BARMM),SULU,Male,Self-Care Disability,Moderate,50,456795.0,10
BANGSAMORO AUTONOMOUS REGION IN MUSLIM MINDANAO (BARMM),SULU,Male,Self-Care Disability,Severe,20,456795.0,4
BANGSAMORO AUTONOMOUS REGION IN MUSLIM MINDANAO (BARMM),SULU,Male,Visual Disability,Mild,2180,456795.0,477
BANGSAMORO AUTONOMOUS REGION IN MUSLIM MINDANAO (BARMM),SULU,Male,Visual Disability,Moderate,73,456795.0,15
BANGSAMORO AUTONOMOUS REGION IN MUSLIM MINDANAO (BARMM),SULU,Male,Visual Disability,Severe,563,456795.0,123
BANGSAMORO AUTONOMOUS REGION IN MUSLIM MINDANAO (BARMM),TAWI-TAWI,Female,Cognitive Disability,Mild,1162,206845.0,561
BANGSAMORO AUTONOMOUS REGION IN MUSLIM MINDANAO (BARMM),TAWI-TAWI,Female,Cognitive Disability,Moderate,129,206845.0,62
BANGSAMORO AUTONOMOUS REGION IN MUSLIM MINDANAO (BARMM),TAWI-TAWI,Female,Cognitive Disability,Severe,13,206845.0,6
BANGSAMORO AUTONOMOUS REGION IN MUSLIM MINDANAO (BARMM),TAWI-TAWI,Female,Communication Disability,Mild,491,206845.0,237
BANGSAMORO AUTONOMOUS REGION IN MUSLIM MINDANAO (BARMM),TAWI-TAWI,Female,Communication Disability,Moderate,171,206845.0,82
BANGSAMORO AUTONOMOUS REGION IN MUSLIM MINDANAO (BARMM),TAWI-TAWI,Female,Communication Disability,Severe,124,206845.0,59
BANGSAMORO AUTONOMOUS REGION IN MUSLIM MINDANAO (BARMM),TAWI-TAWI,Female,Hearing Disability,Mild,1773,206845.0,857
BANGSAMORO AUTONOMOUS REGION IN MUSLIM MINDANAO (BARMM),TAWI-TAWI,Female,Hearing Disability,Moderate,102,206845.0,49
BANGSAMORO AUTONOMOUS REGION IN MUSLIM MINDANAO (BARMM),TAWI-TAWI,Female,Hearing Disability,Severe,19,206845.0,9
BANGSAMORO AUTONOMOUS REGION IN MUSLIM MINDANAO (BARMM),TAWI-TAWI,Female,Mobility Disability,Mild,1524,206845.0,736
BANGSAMORO AUTONOMOUS REGION IN MUSLIM MINDANAO (BARMM),TAWI-TAWI,Female,Mobility Disability,Moderate,172,206845.0,83
BANGSAMORO AUTONOMOUS REGION IN MUSLIM MINDANAO (BARMM),TAWI-TAWI,Female,Mobility Disability,Severe,29,206845.0,14
BANGSAMORO AUTONOMOUS REGION IN MUSLIM MINDANAO (BARMM),TAWI-TAWI,Female,Self-Care Disability,Mild,571,206845.0,276
BANGSAMORO AUTONOMOUS REGION IN MUSLIM MINDANAO (BARMM),TAWI-TAWI,Female,Self-Care Disability,Moderate,88,206845.0,42
BANGSAMORO AUTONOMOUS REGION IN MUSLIM MINDANAO (BARMM),TAWI-TAWI,Female,Self-Care Disability,Severe,31,206845.0,14
BANGSAMORO AUTONOMOUS REGION IN MUSLIM MINDANAO (BARMM),TAWI-TAWI,Female,Visual Disability,Mild,2997,206845.0,1448
BANGSAMORO AUTONOMOUS REGION IN MUSLIM MINDANAO (BARMM),TAWI-TAWI,Female,Visual Disability,Moderate,144,206845.0,69
BANGSAMORO AUTONOMOUS REGION IN MUSLIM MINDANAO (BARMM),TAWI-TAWI,Female,Visual Disability,Severe,83,206845.0,40
BANGSAMORO AUTONOMOUS REGION IN MUSLIM MINDANAO (BARMM),TAWI-TAWI,Male,Cognitive Disability,Mild,1093,206845.0,528
BANGSAMORO AUTONOMOUS REGION IN MUSLIM MINDANAO (BARMM),TAWI-TAWI,Male,Cognitive Disability,Moderate,85,206845.0,41
BANGSAMORO AUTONOMOUS REGION IN MUSLIM MINDANAO (BARMM),TAWI-TAWI,Male,Cognitive Disability,Severe,11,206845.0,5
BANGSAMORO AUTONOMOUS REGION IN MUSLIM MINDANAO (BARMM),TAWI-TAWI,Male,Communication Disability,Mild,479,206845.0,231
BANGSAMORO AUTONOMOUS REGION IN MUSLIM MINDANAO (BARMM),TAWI-TAWI,Male,Communication Disability,Moderate,80,206845.0,38
BANGSAMORO AUTONOMOUS REGION IN MUSLIM MINDANAO (BARMM),TAWI-TAWI,Male,Communication Disability,Severe,79,206845.0,38
BANGSAMORO AUTONOMOUS REGION IN MUSLIM MINDANAO (BARMM),TAWI-TAWI,Male,Hearing Disability,Mild,2016,206845.0,974
BANGSAMORO AUTONOMOUS REGION IN MUSLIM MINDANAO (BARMM),TAWI-TAWI,Male,Hearing Disability,Moderate,79,206845.0,38
BANGSAMORO AUTONOMOUS REGION IN MUSLIM MINDANAO (BARMM),TAWI-TAWI,Male,Hearing Disability,Severe,17,206845.0,8
BANGSAMORO AUTONOMOUS REGION IN MUSLIM MINDANAO (BARMM),TAWI-TAWI,Male,Mobility Disability,Mild,1584,206845.0,765
BANGSAMORO AUTONOMOUS REGION IN MUSLIM MINDANAO (BARMM),TAWI-TAWI,Male,Mobility Disability,Moderate,109,206845.0,52
BANGSAMORO AUTONOMOUS REGION IN MUSLIM MINDANAO (BARMM),TAWI-TAWI,Male,Mobility Disability,Severe,28,206845.0,13
BANGSAMORO AUTONOMOUS REGION IN MUSLIM MINDANAO (BARMM),TAWI-TAWI,Male,Self-Care Disability,Mild,525,206845.0,253
BANGSAMORO AUTONOMOUS REGION IN MUSLIM MINDANAO (BARMM),TAWI-TAWI,Male,Self-Care Disability,Moderate,62,206845.0,29
BANGSAMORO AUTONOMOUS REGION IN MUSLIM MINDANAO (BARMM),TAWI-TAWI,Male,Self-Care Disability,Severe,41,206845.0,19
BANGSAMORO AUTONOMOUS REGION IN MUSLIM MINDANAO (BARMM),TAWI-TAWI,Male,Visual Disability,Mild,3077,206845.0,1487
BANGSAMORO AUTONOMOUS REGION IN MUSLIM MINDANAO (BARMM),TAWI-TAWI,Male,Visual Disability,Moderate,99,206845.0,47
BANGSAMORO AUTONOMOUS REGION IN MUSLIM MINDANAO (BARMM),TAWI-TAWI,Male,Visual Disability,Severe,61,206845.0,29
Cordillera Administrative Region (CAR),ABRA,Female,Cognitive Disability,Mild,3334,123701.0,2695
Cordillera Administrative Region (CAR),ABRA,Female,Cognitive Disability,Moderate,450,123701.0,363
Cordillera Administrative Region (CAR),ABRA,Female,Cognitive Disability,Severe,82,123701.0,66
Cordillera Administrative Region (CAR),ABRA,Female,Communication Disability,Mild,603,123701.0,487
Cordillera Administrative Region (CAR),ABRA,Female,Communication Disability,Moderate,226,123701.0,182
Cordillera Administrative Region (CAR),ABRA,Female,Communication Disability,Severe,163,123701.0,131
Cordillera Administrative Region (CAR),ABRA,Female,Hearing Disability,Mild,3739,123701.0,3022
Cordillera Administrative Region (CAR),ABRA,Female,Hearing Disability,Moderate,666,123701.0,538
Cordillera Administrative Region (CAR),ABRA,Female,Hearing Disability,Severe,82,123701.0,66
Cordillera Administrative Region (CAR),ABRA,Female,Mobility Disability,Mild,3509,123701.0,2836
Cordillera Administrative Region (CAR),ABRA,Female,Mobility Disability,Moderate,703,123701.0,568
Cordillera Administrative Region (CAR),ABRA,Female,Mobility Disability,Severe,293,123701.0,236
Cordillera Administrative Region (CAR),ABRA,Female,Self-Care Disability,Mild,700,123701.0,565
Cordillera Administrative Region (CAR),ABRA,Female,Self-Care Disability,Moderate,278,123701.0,224
Cordillera Administrative Region (CAR),ABRA,Female,Self-Care Disability,Severe,332,123701.0,268
Cordillera Administrative Region (CAR),ABRA,Female,Visual Disability,Mild,11022,123701.0,8910
Cordillera Administrative Region (CAR),ABRA,Female,Visual Disability,Moderate,967,123701.0,781
Cordillera Administrative Region (CAR),ABRA,Female,Visual Disability,Severe,152,123701.0,122
Cordillera Administrative Region (CAR),ABRA,Male,Cognitive Disability,Mild,2362,123701.0,1909
Cordillera Administrative Region (CAR),ABRA,Male,Cognitive Disability,Moderate,287,123701.0,232
Cordillera Administrative Region (CAR),ABRA,Male,Cognitive Disability,Severe,91,123701.0,73
Cordillera Administrative Region (CAR),ABRA,Male,Communication Disability,Mild,513,123701.0,414
Cordillera Administrative Region (CAR),ABRA,Male,Communication Disability,Moderate,220,123701.0,177
Cordillera Administrative Region (CAR),ABRA,Male,Communication Disability,Severe,175,123701.0,141
Cordillera Administrative Region (CAR),ABRA,Male,Hearing Disability,Mild,3149,123701.0,2545
Cordillera Administrative Region (CAR),ABRA,Male,Hearing Disability,Moderate,530,123701.0,428
Cordillera Administrative Region (CAR),ABRA,Male,Hearing Disability,Severe,89,123701.0,71
Cordillera Administrative Region (CAR),ABRA,Male,Mobility Disability,Mild,2763,123701.0,2233
Cordillera Administrative Region (CAR),ABRA,Male,Mobility Disability,Moderate,527,123701.0,426
Cordillera Administrative Region (CAR),ABRA,Male,Mobility Disability,Severe,233,123701.0,188
Cordillera Administrative Region (CAR),ABRA,Male,Self-Care Disability,Mild,579,123701.0,468
Cordillera Administrative Region (CAR),ABRA,Male,Self-Care Disability,Moderate,217,123701.0,175
Cordillera Administrative Region (CAR),ABRA,Male,Self-Care Disability,Severe,258,123701.0,208
Cordillera Administrative Region (CAR),ABRA,Male,Visual Disability,Mild,8474,123701.0,6850
Cordillera Administrative Region (CAR),ABRA,Male,Visual Disability,Moderate,756,123701.0,611
Cordillera Administrative Region (CAR),ABRA,Male,Visual Disability,Severe,95,123701.0,76
Cordillera Administrative Region (CAR),APAYAO,Female,Cognitive Disability,Mild,2184,61949.5,3525
Cordillera Administrative Region (CAR),APAYAO,Female,Cognitive Disability,Moderate,237,61949.5,382
Cordillera Administrative Region (CAR),APAYAO,Female,Cognitive Disability,Severe,68,61949.5,109
Cordillera Administrative Region (CAR),APAYAO,Female,Communication Disability,Mild,346,61949.5,558
Cordillera Administrative Region (CAR),APAYAO,Female,Communication Disability,Moderate,121,61949.5,195
Cordillera Administrative Region (CAR),APAYAO,Female,Communication Disability,Severe,104,61949.5,167
Cordillera Administrative Region (CAR),APAYAO,Female,Hearing Disability,Mild,1645,61949.5,2655
Cordillera Administrative Region (CAR),APAYAO,Female,Hearing Disability,Moderate,259,61949.5,418
Cordillera Administrative Region (CAR),APAYAO,Female,Hearing Disability,Severe,56,61949.5,90
Cordillera Administrative Region (CAR),APAYAO,Female,Mobility Disability,Mild,1286,61949.5,2075
Cordillera Administrative Region (CAR),APAYAO,Female,Mobility Disability,Moderate,235,61949.5,379
Cordillera Administrative Region (CAR),APAYAO,Female,Mobility Disability,Severe,115,61949.5,185
Cordillera Administrative Region (CAR),APAYAO,Female,Self-Care Disability,Mild,328,61949.5,529
Cordillera Administrative Region (CAR),APAYAO,Female,Self-Care Disability,Moderate,108,61949.5,174
Cordillera Administrative Region (CAR),APAYAO,Female,Self-Care Disability,Severe,153,61949.5,246
Cordillera Administrative Region (CAR),APAYAO,Female,Visual Disability,Mild,4106,61949.5,6627
Cordillera Administrative Region (CAR),APAYAO,Female,Visual Disability,Moderate,393,61949.5,634
Cordillera Administrative Region (CAR),APAYAO,Female,Visual Disability,Severe,69,61949.5,111
Cordillera Administrative Region (CAR),APAYAO,Male,Cognitive Disability,Mild,1755,61949.5,2832
Cordillera Administrative Region (CAR),APAYAO,Male,Cognitive Disability,Moderate,159,61949.5,256
Cordillera Administrative Region (CAR),APAYAO,Male,Cognitive Disability,Severe,53,61949.5,85
Cordillera Administrative Region (CAR),APAYAO,Male,Communication Disability,Mild,337,61949.5,543
Cordillera Administrative Region (CAR),APAYAO,Male,Communication Disability,Moderate,115,61949.5,185
Cordillera Administrative Region (CAR),APAYAO,Male,Communication Disability,Severe,112,61949.5,180
Cordillera Administrative Region (CAR),APAYAO,Male,Hearing Disability,Mild,1487,61949.5,2400
Cordillera Administrative Region (CAR),APAYAO,Male,Hearing Disability,Moderate,240,61949.5,387
Cordillera Administrative Region (CAR),APAYAO,Male,Hearing Disability,Severe,61,61949.5,98
Cordillera Administrative Region (CAR),APAYAO,Male,Mobility Disability,Mild,1105,61949.5,1783
Cordillera Administrative Region (CAR),APAYAO,Male,Mobility Disability,Moderate,192,61949.5,309
Cordillera Administrative Region (CAR),APAYAO,Male,Mobility Disability,Severe,90,61949.5,145
Cordillera Administrative Region (CAR),APAYAO,Male,Self-Care Disability,Mild,279,61949.5,450
Cordillera Administrative Region (CAR),APAYAO,Male,Self-Care Disability,Moderate,87,61949.5,140
Cordillera Administrative Region (CAR),APAYAO,Male,Self-Care Disability,Severe,124,61949.5,200
Cordillera Administrative Region (CAR),APAYAO,Male,Visual Disability,Mild,3308,61949.5,5339
Cordillera Administrative Region (CAR),APAYAO,Male,Visual Disability,Moderate,303,61949.5,489
Cordillera Administrative Region (CAR),APAYAO,Male,Visual Disability,Severe,59,61949.5,95
Cordillera Administrative Region (CAR),BENGUET,Female,Cognitive Disability,Mild,5602,424276.0,1320
Cordillera Administrative Region (CAR),BENGUET,Female,Cognitive Disability,Moderate,965,424276.0,227
Cordillera Administrative Region (CAR),BENGUET,Female,Cognitive Disability,Severe,272,424276.0,64
Cordillera Administrative Region (CAR),BENGUET,Female,Communication Disability,Mild,1281,424276.0,301
Cordillera Administrative Region (CAR),BENGUET,Female,Communication Disability,Moderate,608,424276.0,143
Cordillera Administrative Region (CAR),BENGUET,Female,Communication Disability,Severe,541,424276.0,127
Cordillera Administrative Region (CAR),BENGUET,Female,Hearing Disability,Mild,7722,424276.0,1820
Cordillera Administrative Region (CAR),BENGUET,Female,Hearing Disability,Moderate,1078,424276.0,254
Cordillera Administrative Region (CAR),BENGUET,Female,Hearing Disability,Severe,310,424276.0,73
Cordillera Administrative Region (CAR),BENGUET,Female,Mobility Disability,Mild,8053,424276.0,1898
Cordillera Administrative Region (CAR),BENGUET,Female,Mobility Disability,Moderate,1576,424276.0,371
Cordillera Administrative Region (CAR),BENGUET,Female,Mobility Disability,Severe,706,424276.0,166
Cordillera Administrative Region (CAR),BENGUET,Female,Self-Care Disability,Mild,1536,424276.0,362
Cordillera Administrative Region (CAR),BENGUET,Female,Self-Care Disability,Moderate,625,424276.0,147
Cordillera Administrative Region (CAR),BENGUET,Female,Self-Care Disability,Severe,821,424276.0,193
Cordillera Administrative Region (CAR),BENGUET,Female,Visual Disability,Mild,27401,424276.0,6458
Cordillera Administrative Region (CAR),BENGUET,Female,Visual Disability,Moderate,2095,424276.0,493
Cordillera Administrative Region (CAR),BENGUET,Female,Visual Disability,Severe,312,424276.0,73
Cordillera Administrative Region (CAR),BENGUET,Male,Cognitive Disability,Mild,4082,424276.0,962
Cordillera Administrative Region (CAR),BENGUET,Male,Cognitive Disability,Moderate,740,424276.0,174
Cordillera Administrative Region (CAR),BENGUET,Male,Cognitive Disability,Severe,246,424276.0,57
Cordillera Administrative Region (CAR),BENGUET,Male,Communication Disability,Mild,1323,424276.0,311
Cordillera Administrative Region (CAR),BENGUET,Male,Communication Disability,Moderate,672,424276.0,158
Cordillera Administrative Region (CAR),BENGUET,Male,Communication Disability,Severe,525,424276.0,123
Cordillera Administrative Region (CAR),BENGUET,Male,Hearing Disability,Mild,6967,424276.0,1642
Cordillera Administrative Region (CAR),BENGUET,Male,Hearing Disability,Moderate,896,424276.0,211
Cordillera Administrative Region (CAR),BENGUET,Male,Hearing Disability,Severe,290,424276.0,68
Cordillera Administrative Region (CAR),BENGUET,Male,Mobility Disability,Mild,7374,424276.0,1738
Cordillera Administrative Region (CAR),BENGUET,Male,Mobility Disability,Moderate,1527,424276.0,359
Cordillera Administrative Region (CAR),BENGUET,Male,Mobility Disability,Severe,636,424276.0,149
Cordillera Administrative Region (CAR),BENGUET,Male,Self-Care Disability,Mild,1410,424276.0,332
Cordillera Administrative Region (CAR),BENGUET,Male,Self-Care Disability,Moderate,640,424276.0,150
Cordillera Administrative Region (CAR),BENGUET,Male,Self-Care Disability,Severe,744,424276.0,175
Cordillera Administrative Region (CAR),BENGUET,Male,Visual Disability,Mild,19265,424276.0,4540
Cordillera Administrative Region (CAR),BENGUET,Male,Visual Disability,Moderate,1415,424276.0,333
Cordillera Administrative Region (CAR),BENGUET,Male,Visual Disability,Severe,289,424276.0,68
Cordillera Administrative Region (CAR),IFUGAO,Female,Cognitive Disability,Mild,1445,105334.5,1371
Cordillera Administrative Region (CAR),IFUGAO,Female,Cognitive Disability,Moderate,311,105334.5,295
Cordillera Administrative Region (CAR),IFUGAO,Female,Cognitive Disability,Severe,75,105334.5,71
Cordillera Administrative Region (CAR),IFUGAO,Female,Communication Disability,Mild,372,105334.5,353
Cordillera Administrative Region (CAR),IFUGAO,Female,Communication Disability,Moderate,183,105334.5,173
Cordillera Administrative Region (CAR),IFUGAO,Female,Communication Disability,Severe,122,105334.5,115
Cordillera Administrative Region (CAR),IFUGAO,Female,Hearing Disability,Mild,1824,105334.5,1731
Cordillera Administrative Region (CAR),IFUGAO,Female,Hearing Disability,Moderate,339,105334.5,321
Cordillera Administrative Region (CAR),IFUGAO,Female,Hearing Disability,Severe,72,105334.5,68
Cordillera Administrative Region (CAR),IFUGAO,Female,Mobility Disability,Mild,1850,105334.5,1756
Cordillera Administrative Region (CAR),IFUGAO,Female,Mobility Disability,Moderate,437,105334.5,414
Cordillera Administrative Region (CAR),IFUGAO,Female,Mobility Disability,Severe,151,105334.5,143
Cordillera Administrative Region (CAR),IFUGAO,Female,Self-Care Disability,Mild,422,105334.5,400
Cordillera Administrative Region (CAR),IFUGAO,Female,Self-Care Disability,Moderate,211,105334.5,200
Cordillera Administrative Region (CAR),IFUGAO,Female,Self-Care Disability,Severe,181,105334.5,171
Cordillera Administrative Region (CAR),IFUGAO,Female,Visual Disability,Mild,4099,105334.5,3891
Cordillera Administrative Region (CAR),IFUGAO,Female,Visual Disability,Moderate,357,105334.5,338
Cordillera Administrative Region (CAR),IFUGAO,Female,Visual Disability,Severe,74,105334.5,70
Cordillera Administrative Region (CAR),IFUGAO,Male,Cognitive Disability,Mild,1067,105334.5,1012
Cordillera Administrative Region (CAR),IFUGAO,Male,Cognitive Disability,Moderate,189,105334.5,179
Cordillera Administrative Region (CAR),IFUGAO,Male,Cognitive Disability,Severe,60,105334.5,56
Cordillera Administrative Region (CAR),IFUGAO,Male,Communication Disability,Mild,359,105334.5,340
Cordillera Administrative Region (CAR),IFUGAO,Male,Communication Disability,Moderate,150,105334.5,142
Cordillera Administrative Region (CAR),IFUGAO,Male,Communication Disability,Severe,146,105334.5,138
Cordillera Administrative Region (CAR),IFUGAO,Male,Hearing Disability,Mild,1611,105334.5,1529
Cordillera Administrative Region (CAR),IFUGAO,Male,Hearing Disability,Moderate,302,105334.5,286
Cordillera Administrative Region (CAR),IFUGAO,Male,Hearing Disability,Severe,60,105334.5,56
Cordillera Administrative Region (CAR),IFUGAO,Male,Mobility Disability,Mild,1591,105334.5,1510
Cordillera Administrative Region (CAR),IFUGAO,Male,Mobility Disability,Moderate,408,105334.5,387
Cordillera Administrative Region (CAR),IFUGAO,Male,Mobility Disability,Severe,148,105334.5,140
Cordillera Administrative Region (CAR),IFUGAO,Male,Self-Care Disability,Mild,391,105334.5,371
Cordillera Administrative Region (CAR),IFUGAO,Male,Self-Care Disability,Moderate,161,105334.5,152
Cordillera Administrative Region (CAR),IFUGAO,Male,Self-Care Disability,Severe,171,105334.5,162
Cordillera Administrative Region (CAR),IFUGAO,Male,Visual Disability,Mild,3146,105334.5,2986
Cordillera Administrative Region (CAR),IFUGAO,Male,Visual Disability,Moderate,268,105334.5,254
Cordillera Administrative Region (CAR),IFUGAO,Male,Visual Disability,Severe,49,105334.5,46
Cordillera Administrative Region (CAR),KALINGA,Female,Cognitive Disability,Mild,2210,110115.0,2006
Cordillera Administrative Region (CAR),KALINGA,Female,Cognitive Disability,Moderate,305,110115.0,276
Cordillera Administrative Region (CAR),KALINGA,Female,Cognitive Disability,Severe,88,110115.0,79
Cordillera Administrative Region (CAR),KALINGA,Female,Communication Disability,Mild,434,110115.0,394
Cordillera Administrative Region (CAR),KALINGA,Female,Communication Disability,Moderate,196,110115.0,177
Cordillera Administrative Region (CAR),KALINGA,Female,Communication Disability,Severe,159,110115.0,144
Cordillera Administrative Region (CAR),KALINGA,Female,Hearing Disability,Mild,2379,110115.0,2160
Cordillera Administrative Region (CAR),KALINGA,Female,Hearing Disability,Moderate,374,110115.0,339
Cordillera Administrative Region (CAR),KALINGA,Female,Hearing Disability,Severe,76,110115.0,69
Cordillera Administrative Region (CAR),KALINGA,Female,Mobility Disability,Mild,2189,110115.0,1987
Cordillera Administrative Region (CAR),KALINGA,Female,Mobility Disability,Moderate,384,110115.0,348
Cordillera Administrative Region (CAR),KALINGA,Female,Mobility Disability,Severe,189,110115.0,171
Cordillera Administrative Region (CAR),KALINGA,Female,Self-Care Disability,Mild,469,110115.0,425
Cordillera Administrative Region (CAR),KALINGA,Female,Self-Care Disability,Moderate,172,110115.0,156
Cordillera Administrative Region (CAR),KALINGA,Female,Self-Care Disability,Severe,209,110115.0,189
Cordillera Administrative Region (CAR),KALINGA,Female,Visual Disability,Mild,5171,110115.0,4695
Cordillera Administrative Region (CAR),KALINGA,Female,Visual Disability,Moderate,423,110115.0,384
Cordillera Administrative Region (CAR),KALINGA,Female,Visual Disability,Severe,94,110115.0,85
Cordillera Administrative Region (CAR),KALINGA,Male,Cognitive Disability,Mild,1579,110115.0,1433
Cordillera Administrative Region (CAR),KALINGA,Male,Cognitive Disability,Moderate,214,110115.0,194
Cordillera Administrative Region (CAR),KALINGA,Male,Cognitive Disability,Severe,76,110115.0,69
Cordillera Administrative Region (CAR),KALINGA,Male,Communication Disability,Mild,435,110115.0,395
Cordillera Administrative Region (CAR),KALINGA,Male,Communication Disability,Moderate,182,110115.0,165
Cordillera Administrative Region (CAR),KALINGA,Male,Communication Disability,Severe,158,110115.0,143
Cordillera Administrative Region (CAR),KALINGA,Male,Hearing Disability,Mild,1980,110115.0,1798
Cordillera Administrative Region (CAR),KALINGA,Male,Hearing Disability,Moderate,324,110115.0,294
Cordillera Administrative Region (CAR),KALINGA,Male,Hearing Disability,Severe,90,110115.0,81
Cordillera Administrative Region (CAR),KALINGA,Male,Mobility Disability,Mild,1912,110115.0,1736
Cordillera Administrative Region (CAR),KALINGA,Male,Mobility Disability,Moderate,335,110115.0,304
Cordillera Administrative Region (CAR),KALINGA,Male,Mobility Disability,Severe,181,110115.0,164
Cordillera Administrative Region (CAR),KALINGA,Male,Self-Care Disability,Mild,477,110115.0,433
Cordillera Administrative Region (CAR),KALINGA,Male,Self-Care Disability,Moderate,152,110115.0,138
Cordillera Administrative Region (CAR),KALINGA,Male,Self-Care Disability,Severe,187,110115.0,169
Cordillera Administrative Region (CAR),KALINGA,Male,Visual Disability,Mild,3816,110115.0,3465
Cordillera Administrative Region (CAR),KALINGA,Male,Visual Disability,Moderate,304,110115.0,276
Cordillera Administrative Region (CAR),KALINGA,Male,Visual Disability,Severe,87,110115.0,79
Cordillera Administrative Region (CAR),MOUNTAIN PROVINCE,Female,Cognitive Disability,Mild,1212,78493.5,1544
Cordillera Administrative Region (CAR),MOUNTAIN PROVINCE,Female,Cognitive Disability,Moderate,220,78493.5,280
Cordillera Administrative Region (CAR),MOUNTAIN PROVINCE,Female,Cognitive Disability,Severe,41,78493.5,52
Cordillera Administrative Region (CAR),MOUNTAIN PROVINCE,Female,Communication Disability,Mild,318,78493.5,405
Cordillera Administrative Region (CAR),MOUNTAIN PROVINCE,Female,Communication Disability,Moderate,125,78493.5,159
Cordillera Administrative Region (CAR),MOUNTAIN PROVINCE,Female,Communication Disability,Severe,83,78493.5,105
Cordillera Administrative Region (CAR),MOUNTAIN PROVINCE,Female,Hearing Disability,Mild,1632,78493.5,2079
Cordillera Administrative Region (CAR),MOUNTAIN PROVINCE,Female,Hearing Disability,Moderate,309,78493.5,393
Cordillera Administrative Region (CAR),MOUNTAIN PROVINCE,Female,Hearing Disability,Severe,42,78493.5,53
Cordillera Administrative Region (CAR),MOUNTAIN PROVINCE,Female,Mobility Disability,Mild,1938,78493.5,2468
Cordillera Administrative Region (CAR),MOUNTAIN PROVINCE,Female,Mobility Disability,Moderate,386,78493.5,491
Cordillera Administrative Region (CAR),MOUNTAIN PROVINCE,Female,Mobility Disability,Severe,126,78493.5,160
Cordillera Administrative Region (CAR),MOUNTAIN PROVINCE,Female,Self-Care Disability,Mild,363,78493.5,462
Cordillera Administrative Region (CAR),MOUNTAIN PROVINCE,Female,Self-Care Disability,Moderate,153,78493.5,194
Cordillera Administrative Region (CAR),MOUNTAIN PROVINCE,Female,Self-Care Disability,Severe,128,78493.5,163
Cordillera Administrative Region (CAR),MOUNTAIN PROVINCE,Female,Visual Disability,Mild,2968,78493.5,3781
Cordillera Administrative Region (CAR),MOUNTAIN PROVINCE,Female,Visual Disability,Moderate,268,78493.5,341
Cordillera Administrative Region (CAR),MOUNTAIN PROVINCE,Female,Visual Disability,Severe,48,78493.5,61
Cordillera Administrative Region (CAR),MOUNTAIN PROVINCE,Male,Cognitive Disability,Mild,864,78493.5,1100
Cordillera Administrative Region (CAR),MOUNTAIN PROVINCE,Male,Cognitive Disability,Moderate,153,78493.5,194
Cordillera Administrative Region (CAR),MOUNTAIN PROVINCE,Male,Cognitive Disability,Severe,35,78493.5,44
Cordillera Administrative Region (CAR),MOUNTAIN PROVINCE,Male,Communication Disability,Mild,275,78493.5,350
Cordillera Administrative Region (CAR),MOUNTAIN PROVINCE,Male,Communication Disability,Moderate,121,78493.5,154
Cordillera Administrative Region (CAR),MOUNTAIN PROVINCE,Male,Communication Disability,Severe,101,78493.5,128
Cordillera Administrative Region (CAR),MOUNTAIN PROVINCE,Male,Hearing Disability,Mild,1266,78493.5,1612
Cordillera Administrative Region (CAR),MOUNTAIN PROVINCE,Male,Hearing Disability,Moderate,205,78493.5,261
Cordillera Administrative Region (CAR),MOUNTAIN PROVINCE,Male,Hearing Disability,Severe,50,78493.5,63
Cordillera Administrative Region (CAR),MOUNTAIN PROVINCE,Male,Mobility Disability,Mild,1434,78493.5,1826
Cordillera Administrative Region (CAR),MOUNTAIN PROVINCE,Male,Mobility Disability,Moderate,323,78493.5,411
Cordillera Administrative Region (CAR),MOUNTAIN PROVINCE,Male,Mobility Disability,Severe,128,78493.5,163
Cordillera Administrative Region (CAR),MOUNTAIN PROVINCE,Male,Self-Care Disability,Mild,338,78493.5,430
Cordillera Administrative Region (CAR),MOUNTAIN PROVINCE,Male,Self-Care Disability,Moderate,132,78493.5,168
Cordillera Administrative Region (CAR),MOUNTAIN PROVINCE,Male,Self-Care Disability,Severe,131,78493.5,166
Cordillera Administrative Region (CAR),MOUNTAIN PROVINCE,Male,Visual Disability,Mild,1850,78493.5,2356
Cordillera Administrative Region (CAR),MOUNTAIN PROVINCE,Male,Visual Disability,Moderate,184,78493.5,234
Cordillera Administrative Region (CAR),MOUNTAIN PROVINCE,Male,Visual Disability,Severe,39,78493.5,49
MIMAROPA Region,MARINDUQUE,Female,Cognitive Disability,Mild,3169,120518.0,2629
MIMAROPA Region,MARINDUQUE,Female,Cognitive Disability,Moderate,401,120518.0,332
MIMAROPA Region,MARINDUQUE,Female,Cognitive Disability,Severe,126,120518.0,104
MIMAROPA Region,MARINDUQUE,Female,Communication Disability,Mild,716,120518.0,594
MIMAROPA Region,MARINDUQUE,Female,Communication Disability,Moderate,271,120518.0,224
MIMAROPA Region,MARINDUQUE,Female,Communication Disability,Severe,220,120518.0,182
MIMAROPA Region,MARINDUQUE,Female,Hearing Disability,Mild,2910,120518.0,2414
MIMAROPA Region,MARINDUQUE,Female,Hearing Disability,Moderate,473,120518.0,392
MIMAROPA Region,MARINDUQUE,Female,Hearing Disability,Severe,130,120518.0,107
MIMAROPA Region,MARINDUQUE,Female,Mobility Disability,Mild,3288,120518.0,2728
MIMAROPA Region,MARINDUQUE,Female,Mobility Disability,Moderate,694,120518.0,575
MIMAROPA Region,MARINDUQUE,Female,Mobility Disability,Severe,328,120518.0,272
MIMAROPA Region,MARINDUQUE,Female,Self-Care Disability,Mild,601,120518.0,498
MIMAROPA Region,MARINDUQUE,Female,Self-Care Disability,Moderate,290,120518.0,240
MIMAROPA Region,MARINDUQUE,Female,Self-Care Disability,Severe,355,120518.0,294
MIMAROPA Region,MARINDUQUE,Female,Visual Disability,Mild,11744,120518.0,9744
MIMAROPA Region,MARINDUQUE,Female,Visual Disability,Moderate,964,120518.0,799
MIMAROPA Region,MARINDUQUE,Female,Visual Disability,Severe,181,120518.0,150
MIMAROPA Region,MARINDUQUE,Male,Cognitive Disability,Mild,1942,120518.0,1611
MIMAROPA Region,MARINDUQUE,Male,Cognitive Disability,Moderate,315,120518.0,261
MIMAROPA Region,MARINDUQUE,Male,Cognitive Disability,Severe,143,120518.0,118
MIMAROPA Region,MARINDUQUE,Male,Communication Disability,Mild,674,120518.0,559
MIMAROPA Region,MARINDUQUE,Male,Communication Disability,Moderate,306,120518.0,253
MIMAROPA Region,MARINDUQUE,Male,Communication Disability,Severe,224,120518.0,185
MIMAROPA Region,MARINDUQUE,Male,Hearing Disability,Mild,2581,120518.0,2141
MIMAROPA Region,MARINDUQUE,Male,Hearing Disability,Moderate,360,120518.0,298
MIMAROPA Region,MARINDUQUE,Male,Hearing Disability,Severe,131,120518.0,108
MIMAROPA Region,MARINDUQUE,Male,Mobility Disability,Mild,2916,120518.0,2419
MIMAROPA Region,MARINDUQUE,Male,Mobility Disability,Moderate,661,120518.0,548
MIMAROPA Region,MARINDUQUE,Male,Mobility Disability,Severe,290,120518.0,240
MIMAROPA Region,MARINDUQUE,Male,Self-Care Disability,Mild,501,120518.0,415
MIMAROPA Region,MARINDUQUE,Male,Self-Care Disability,Moderate,228,120518.0,189
MIMAROPA Region,MARINDUQUE,Male,Self-Care Disability,Severe,306,120518.0,253
MIMAROPA Region,MARINDUQUE,Male,Visual Disability,Mild,8749,120518.0,7259
MIMAROPA Region,MARINDUQUE,Male,Visual Disability,Moderate,662,120518.0,549
MIMAROPA Region,MARINDUQUE,Male,Visual Disability,Severe,164,120518.0,136
MIMAROPA Region,OCCIDENTAL MINDORO,Female,Cognitive Disability,Mild,4086,257567.0,1586
MIMAROPA Region,OCCIDENTAL MINDORO,Female,Cognitive Disability,Moderate,460,257567.0,178
MIMAROPA Region,OCCIDENTAL MINDORO,Female,Cognitive Disability,Severe,150,257567.0,58
MIMAROPA Region,OCCIDENTAL MINDORO,Female,Communication Disability,Mild,857,257567.0,332
MIMAROPA Region,OCCIDENTAL MINDORO,Female,Communication Disability,Moderate,356,257567.0,138
MIMAROPA Region,OCCIDENTAL MINDORO,Female,Communication Disability,Severe,319,257567.0,123
MIMAROPA Region,OCCIDENTAL MINDORO,Female,Hearing Disability,Mild,5018,257567.0,1948
MIMAROPA Region,OCCIDENTAL MINDORO,Female,Hearing Disability,Moderate,603,257567.0,234
MIMAROPA Region,OCCIDENTAL MINDORO,Female,Hearing Disability,Severe,135,257567.0,52
MIMAROPA Region,OCCIDENTAL MINDORO,Female,Mobility Disability,Mild,4396,257567.0,1706
MIMAROPA Region,OCCIDENTAL MINDORO,Female,Mobility Disability,Moderate,760,257567.0,295
MIMAROPA Region,OCCIDENTAL MINDORO,Female,Mobility Disability,Severe,342,257567.0,132
MIMAROPA Region,OCCIDENTAL MINDORO,Female,Self-Care Disability,Mild,1021,257567.0,396
MIMAROPA Region,OCCIDENTAL MINDORO,Female,Self-Care Disability,Moderate,274,257567.0,106
MIMAROPA Region,OCCIDENTAL MINDORO,Female,Self-Care Disability,Severe,378,257567.0,146
MIMAROPA Region,OCCIDENTAL MINDORO,Female,Visual Disability,Mild,21280,257567.0,8261
MIMAROPA Region,OCCIDENTAL MINDORO,Female,Visual Disability,Moderate,1234,257567.0,479
MIMAROPA Region,OCCIDENTAL MINDORO,Female,Visual Disability,Severe,184,257567.0,71
MIMAROPA Region,OCCIDENTAL MINDORO,Male,Cognitive Disability,Mild,2909,257567.0,1129
MIMAROPA Region,OCCIDENTAL MINDORO,Male,Cognitive Disability,Moderate,360,257567.0,139
MIMAROPA Region,OCCIDENTAL MINDORO,Male,Cognitive Disability,Severe,100,257567.0,38
MIMAROPA Region,OCCIDENTAL MINDORO,Male,Communication Disability,Mild,973,257567.0,377
MIMAROPA Region,OCCIDENTAL MINDORO,Male,Communication Disability,Moderate,378,257567.0,146
MIMAROPA Region,OCCIDENTAL MINDORO,Male,Communication Disability,Severe,278,257567.0,107
MIMAROPA Region,OCCIDENTAL MINDORO,Male,Hearing Disability,Mild,4693,257567.0,1822
MIMAROPA Region,OCCIDENTAL MINDORO,Male,Hearing Disability,Moderate,542,257567.0,210
MIMAROPA Region,OCCIDENTAL MINDORO,Male,Hearing Disability,Severe,154,257567.0,59
MIMAROPA Region,OCCIDENTAL MINDORO,Male,Mobility Disability,Mild,4061,257567.0,1576
MIMAROPA Region,OCCIDENTAL MINDORO,Male,Mobility Disability,Moderate,792,257567.0,307
MIMAROPA Region,OCCIDENTAL MINDORO,Male,Mobility Disability,Severe,312,257567.0,121
MIMAROPA Region,OCCIDENTAL MINDORO,Male,Self-Care Disability,Mild,935,257567.0,363
MIMAROPA Region,OCCIDENTAL MINDORO,Male,Self-Care Disability,Moderate,271,257567.0,105
MIMAROPA Region,OCCIDENTAL MINDORO,Male,Self-Care Disability,Severe,346,257567.0,134
MIMAROPA Region,OCCIDENTAL MINDORO,Male,Visual Disability,Mild,17295,257567.0,6714
MIMAROPA Region,OCCIDENTAL MINDORO,Male,Visual Disability,Moderate,986,257567.0,382
MIMAROPA Region,OCCIDENTAL MINDORO,Male,Visual Disability,Severe,167,257567.0,64
MIMAROPA Region,ORIENTAL MINDORO,Female,Cognitive Disability,Mild,9391,450635.0,2083
MIMAROPA Region,ORIENTAL MINDORO,Female,Cognitive Disability,Moderate,1104,450635.0,244
MIMAROPA Region,ORIENTAL MINDORO,Female,Cognitive Disability,Severe,311,450635.0,69
MIMAROPA Region,ORIENTAL MINDORO,Female,Communication Disability,Mild,1694,450635.0,375
MIMAROPA Region,ORIENTAL MINDORO,Female,Communication Disability,Moderate,814,450635.0,180
MIMAROPA Region,ORIENTAL MINDORO,Female,Communication Disability,Severe,638,450635.0,141
MIMAROPA Region,ORIENTAL MINDORO,Female,Hearing Disability,Mild,8314,450635.0,1844
MIMAROPA Region,ORIENTAL MINDORO,Female,Hearing Disability,Moderate,1187,450635.0,263
MIMAROPA Region,ORIENTAL MINDORO,Female,Hearing Disability,Severe,302,450635.0,67
MIMAROPA Region,ORIENTAL MINDORO,Female,Mobility Disability,Mild,8821,450635.0,1957
MIMAROPA Region,ORIENTAL MINDORO,Female,Mobility Disability,Moderate,1861,450635.0,412
MIMAROPA Region,ORIENTAL MINDORO,Female,Mobility Disability,Severe,830,450635.0,184
MIMAROPA Region,ORIENTAL MINDORO,Female,Self-Care Disability,Mild,1461,450635.0,324
MIMAROPA Region,ORIENTAL MINDORO,Female,Self-Care Disability,Moderate,659,450635.0,146
MIMAROPA Region,ORIENTAL MINDORO,Female,Self-Care Disability,Severe,946,450635.0,209
MIMAROPA Region,ORIENTAL MINDORO,Female,Visual Disability,Mild,40814,450635.0,9056
MIMAROPA Region,ORIENTAL MINDORO,Female,Visual Disability,Moderate,3444,450635.0,764
MIMAROPA Region,ORIENTAL MINDORO,Female,Visual Disability,Severe,334,450635.0,74
MIMAROPA Region,ORIENTAL MINDORO,Male,Cognitive Disability,Mild,5792,450635.0,1285
MIMAROPA Region,ORIENTAL MINDORO,Male,Cognitive Disability,Moderate,788,450635.0,174
MIMAROPA Region,ORIENTAL MINDORO,Male,Cognitive Disability,Severe,283,450635.0,62
MIMAROPA Region,ORIENTAL MINDORO,Male,Communication Disability,Mild,1672,450635.0,371
MIMAROPA Region,ORIENTAL MINDORO,Male,Communication Disability,Moderate,825,450635.0,183
MIMAROPA Region,ORIENTAL MINDORO,Male,Communication Disability,Severe,632,450635.0,140
MIMAROPA Region,ORIENTAL MINDORO,Male,Hearing Disability,Mild,7255,450635.0,1609
MIMAROPA Region,ORIENTAL MINDORO,Male,Hearing Disability,Moderate,1043,450635.0,231
MIMAROPA Region,ORIENTAL MINDORO,Male,Hearing Disability,Severe,286,450635.0,63
MIMAROPA Region,ORIENTAL MINDORO,Male,Mobility Disability,Mild,7665,450635.0,1700
MIMAROPA Region,ORIENTAL MINDORO,Male,Mobility Disability,Moderate,1798,450635.0,398
MIMAROPA Region,ORIENTAL MINDORO,Male,Mobility Disability,Severe,763,450635.0,169
MIMAROPA Region,ORIENTAL MINDORO,Male,Self-Care Disability,Mild,1284,450635.0,284
MIMAROPA Region,ORIENTAL MINDORO,Male,Self-Care Disability,Moderate,605,450635.0,134
MIMAROPA Region,ORIENTAL MINDORO,Male,Self-Care Disability,Severe,854,450635.0,189
MIMAROPA Region,ORIENTAL MINDORO,Male,Visual Disability,Mild,29797,450635.0,6612
MIMAROPA Region,ORIENTAL MINDORO,Male,Visual Disability,Moderate,2264,450635.0,502
MIMAROPA Region,ORIENTAL MINDORO,Male,Visual Disability,Severe,291,450635.0,64
MIMAROPA Region,PALAWAN,Female,Cognitive Disability,Mild,11935,608004.5,1962
MIMAROPA Region,PALAWAN,Female,Cognitive Disability,Moderate,1369,608004.5,225
MIMAROPA Region,PALAWAN,Female,Cognitive Disability,Severe,299,608004.5,49
MIMAROPA Region,PALAWAN,Female,Communication Disability,Mild,2488,608004.5,409
MIMAROPA Region,PALAWAN,Female,Communication Disability,Moderate,878,608004.5,144
MIMAROPA Region,PALAWAN,Female,Communication Disability,Severe,612,608004.5,100
MIMAROPA Region,PALAWAN,Female,Hearing Disability,Mild,12494,608004.5,2054
MIMAROPA Region,PALAWAN,Female,Hearing Disability,Moderate,1587,608004.5,261
MIMAROPA Region,PALAWAN,Female,Hearing Disability,Severe,309,608004.5,50
MIMAROPA Region,PALAWAN,Female,Mobility Disability,Mild,10347,608004.5,1701
MIMAROPA Region,PALAWAN,Female,Mobility Disability,Moderate,2001,608004.5,329
MIMAROPA Region,PALAWAN,Female,Mobility Disability,Severe,758,608004.5,124
MIMAROPA Region,PALAWAN,Female,Self-Care Disability,Mild,2525,608004.5,415
MIMAROPA Region,PALAWAN,Female,Self-Care Disability,Moderate,674,608004.5,110
MIMAROPA Region,PALAWAN,Female,Self-Care Disability,Severe,829,608004.5,136
MIMAROPA Region,PALAWAN,Female,Visual Disability,Mild,50164,608004.5,8250
MIMAROPA Region,PALAWAN,Female,Visual Disability,Moderate,4146,608004.5,681
MIMAROPA Region,PALAWAN,Female,Visual Disability,Severe,362,608004.5,59
MIMAROPA Region,PALAWAN,Male,Cognitive Disability,Mild,9059,608004.5,1489
MIMAROPA Region,PALAWAN,Male,Cognitive Disability,Moderate,1073,608004.5,176
MIMAROPA Region,PALAWAN,Male,Cognitive Disability,Severe,312,608004.5,51
MIMAROPA Region,PALAWAN,Male,Communication Disability,Mild,2522,608004.5,414
MIMAROPA Region,PALAWAN,Male,Communication Disability,Moderate,826,608004.5,135
MIMAROPA Region,PALAWAN,Male,Communication Disability,Severe,698,608004.5,114
MIMAROPA Region,PALAWAN,Male,Hearing Disability,Mild,12416,608004.5,2042
MIMAROPA Region,PALAWAN,Male,Hearing Disability,Moderate,1620,608004.5,266
MIMAROPA Region,PALAWAN,Male,Hearing Disability,Severe,373,608004.5,61
MIMAROPA Region,PALAWAN,Male,Mobility Disability,Mild,9978,608004.5,1641
MIMAROPA Region,PALAWAN,Male,Mobility Disability,Moderate,2152,608004.5,353
MIMAROPA Region,PALAWAN,Male,Mobility Disability,Severe,728,608004.5,119
MIMAROPA Region,PALAWAN,Male,Self-Care Disability,Mild,2280,608004.5,374
MIMAROPA Region,PALAWAN,Male,Self-Care Disability,Moderate,708,608004.5,116
MIMAROPA Region,PALAWAN,Male,Self-Care Disability,Severe,837,608004.5,137
MIMAROPA Region,PALAWAN,Male,Visual Disability,Mild,43043,608004.5,7079
MIMAROPA Region,PALAWAN,Male,Visual Disability,Moderate,3470,608004.5,570
MIMAROPA Region,PALAWAN,Male,Visual Disability,Severe,339,608004.5,55
MIMAROPA Region,ROMBLON,Female,Cognitive Disability,Mild,5152,150703.5,3418
MIMAROPA Region,ROMBLON,Female,Cognitive Disability,Moderate,717,150703.5,475
MIMAROPA Region,ROMBLON,Female,Cognitive Disability,Severe,152,150703.5,100
MIMAROPA Region,ROMBLON,Female,Communication Disability,Mild,796,150703.5,528
MIMAROPA Region,ROMBLON,Female,Communication Disability,Moderate,398,150703.5,264
MIMAROPA Region,ROMBLON,Female,Communication Disability,Severe,241,150703.5,159
MIMAROPA Region,ROMBLON,Female,Hearing Disability,Mild,4282,150703.5,2841
MIMAROPA Region,ROMBLON,Female,Hearing Disability,Moderate,668,150703.5,443
MIMAROPA Region,ROMBLON,Female,Hearing Disability,Severe,102,150703.5,67
MIMAROPA Region,ROMBLON,Female,Mobility Disability,Mild,4506,150703.5,2989
MIMAROPA Region,ROMBLON,Female,Mobility Disability,Moderate,1061,150703.5,704
MIMAROPA Region,ROMBLON,Female,Mobility Disability,Severe,402,150703.5,266
MIMAROPA Region,ROMBLON,Female,Self-Care Disability,Mild,854,150703.5,566
MIMAROPA Region,ROMBLON,Female,Self-Care Disability,Moderate,363,150703.5,240
MIMAROPA Region,ROMBLON,Female,Self-Care Disability,Severe,451,150703.5,299
MIMAROPA Region,ROMBLON,Female,Visual Disability,Mild,18626,150703.5,12359
MIMAROPA Region,ROMBLON,Female,Visual Disability,Moderate,1723,150703.5,1143
MIMAROPA Region,ROMBLON,Female,Visual Disability,Severe,181,150703.5,120
MIMAROPA Region,ROMBLON,Male,Cognitive Disability,Mild,3267,150703.5,2167
MIMAROPA Region,ROMBLON,Male,Cognitive Disability,Moderate,447,150703.5,296
MIMAROPA Region,ROMBLON,Male,Cognitive Disability,Severe,126,150703.5,83
MIMAROPA Region,ROMBLON,Male,Communication Disability,Mild,741,150703.5,491
MIMAROPA Region,ROMBLON,Male,Communication Disability,Moderate,391,150703.5,259
MIMAROPA Region,ROMBLON,Male,Communication Disability,Severe,256,150703.5,169
MIMAROPA Region,ROMBLON,Male,Hearing Disability,Mild,3488,150703.5,2314
MIMAROPA Region,ROMBLON,Male,Hearing Disability,Moderate,562,150703.5,372
MIMAROPA Region,ROMBLON,Male,Hearing Disability,Severe,136,150703.5,90
MIMAROPA Region,ROMBLON,Male,Mobility Disability,Mild,3682,150703.5,2443
MIMAROPA Region,ROMBLON,Male,Mobility Disability,Moderate,933,150703.5,619
MIMAROPA Region,ROMBLON,Male,Mobility Disability,Severe,310,150703.5,205
MIMAROPA Region,ROMBLON,Male,Self-Care Disability,Mild,732,150703.5,485
MIMAROPA Region,ROMBLON,Male,Self-Care Disability,Moderate,305,150703.5,202
MIMAROPA Region,ROMBLON,Male,Self-Care Disability,Severe,338,150703.5,224
MIMAROPA Region,ROMBLON,Male,Visual Disability,Mild,12979,150703.5,8612
MIMAROPA Region,ROMBLON,Male,Visual Disability,Moderate,1130,150703.5,749
MIMAROPA Region,ROMBLON,Male,Visual Disability,Severe,133,150703.5,88
National Capital Region (NCR),"NCR, FIRST DISTRICT (NOT A PROVINCE)",Female,Cognitive Disability,Mild,10159,943460.0,1076
National Capital Region (NCR),"NCR, FIRST DISTRICT (NOT A PROVINCE)",Female,Cognitive Disability,Moderate,1199,943460.0,127
National Capital Region (NCR),"NCR, FIRST DISTRICT (NOT A PROVINCE)",Female,Cognitive Disability,Severe,468,943460.0,49
National Capital Region (NCR),"NCR, FIRST DISTRICT (NOT A PROVINCE)",Female,Communication Disability,Mild,3291,943460.0,348
National Capital Region (NCR),"NCR, FIRST DISTRICT (NOT A PROVINCE)",Female,Communication Disability,Moderate,993,943460.0,105
National Capital Region (NCR),"NCR, FIRST DISTRICT (NOT A PROVINCE)",Female,Communication Disability,Severe,960,943460.0,101
National Capital Region (NCR),"NCR, FIRST DISTRICT (NOT A PROVINCE)",Female,Hearing Disability,Mild,15278,943460.0,1619
National Capital Region (NCR),"NCR, FIRST DISTRICT (NOT A PROVINCE)",Female,Hearing Disability,Moderate,1383,943460.0,146
National Capital Region (NCR),"NCR, FIRST DISTRICT (NOT A PROVINCE)",Female,Hearing Disability,Severe,473,943460.0,50
National Capital Region (NCR),"NCR, FIRST DISTRICT (NOT A PROVINCE)",Female,Mobility Disability,Mild,17568,943460.0,1862
National Capital Region (NCR),"NCR, FIRST DISTRICT (NOT A PROVINCE)",Female,Mobility Disability,Moderate,2634,943460.0,279
National Capital Region (NCR),"NCR, FIRST DISTRICT (NOT A PROVINCE)",Female,Mobility Disability,Severe,1182,943460.0,125
National Capital Region (NCR),"NCR, FIRST DISTRICT (NOT A PROVINCE)",Female,Self-Care Disability,Mild,3901,943460.0,413
National Capital Region (NCR),"NCR, FIRST DISTRICT (NOT A PROVINCE)",Female,Self-Care Disability,Moderate,1054,943460.0,111
National Capital Region (NCR),"NCR, FIRST DISTRICT (NOT A PROVINCE)",Female,Self-Care Disability,Severe,1218,943460.0,129
National Capital Region (NCR),"NCR, FIRST DISTRICT (NOT A PROVINCE)",Female,Visual Disability,Mild,83847,943460.0,8887
National Capital Region (NCR),"NCR, FIRST DISTRICT (NOT A PROVINCE)",Female,Visual Disability,Moderate,5431,943460.0,575
National Capital Region (NCR),"NCR, FIRST DISTRICT (NOT A PROVINCE)",Female,Visual Disability,Severe,608,943460.0,64
National Capital Region (NCR),"NCR, FIRST DISTRICT (NOT A PROVINCE)",Male,Cognitive Disability,Mild,6215,943460.0,658
National Capital Region (NCR),"NCR, FIRST DISTRICT (NOT A PROVINCE)",Male,Cognitive Disability,Moderate,918,943460.0,97
National Capital Region (NCR),"NCR, FIRST DISTRICT (NOT A PROVINCE)",Male,Cognitive Disability,Severe,409,943460.0,43
National Capital Region (NCR),"NCR, FIRST DISTRICT (NOT A PROVINCE)",Male,Communication Disability,Mild,2922,943460.0,309
National Capital Region (NCR),"NCR, FIRST DISTRICT (NOT A PROVINCE)",Male,Communication Disability,Moderate,1040,943460.0,110
National Capital Region (NCR),"NCR, FIRST DISTRICT (NOT A PROVINCE)",Male,Communication Disability,Severe,957,943460.0,101
National Capital Region (NCR),"NCR, FIRST DISTRICT (NOT A PROVINCE)",Male,Hearing Disability,Mild,10775,943460.0,1142
National Capital Region (NCR),"NCR, FIRST DISTRICT (NOT A PROVINCE)",Male,Hearing Disability,Moderate,1040,943460.0,110
National Capital Region (NCR),"NCR, FIRST DISTRICT (NOT A PROVINCE)",Male,Hearing Disability,Severe,460,943460.0,48
National Capital Region (NCR),"NCR, FIRST DISTRICT (NOT A PROVINCE)",Male,Mobility Disability,Mild,11177,943460.0,1184
National Capital Region (NCR),"NCR, FIRST DISTRICT (NOT A PROVINCE)",Male,Mobility Disability,Moderate,1930,943460.0,204
National Capital Region (NCR),"NCR, FIRST DISTRICT (NOT A PROVINCE)",Male,Mobility Disability,Severe,876,943460.0,92
National Capital Region (NCR),"NCR, FIRST DISTRICT (NOT A PROVINCE)",Male,Self-Care Disability,Mild,2792,943460.0,295
National Capital Region (NCR),"NCR, FIRST DISTRICT (NOT A PROVINCE)",Male,Self-Care Disability,Moderate,874,943460.0,92
National Capital Region (NCR),"NCR, FIRST DISTRICT (NOT A PROVINCE)",Male,Self-Care Disability,Severe,930,943460.0,98
National Capital Region (NCR),"NCR, FIRST DISTRICT (NOT A PROVINCE)",Male,Visual Disability,Mild,58086,943460.0,6156
National Capital Region (NCR),"NCR, FIRST DISTRICT (NOT A PROVINCE)",Male,Visual Disability,Moderate,3591,943460.0,380
National Capital Region (NCR),"NCR, FIRST DISTRICT (NOT A PROVINCE)",Male,Visual Disability,Severe,555,943460.0,58
National Capital Region (NCR),"NCR, FOURTH DISTRICT (NOT A PROVINCE)",Female,Cognitive Disability,Mild,12146,2007990.5,604
National Capital Region (NCR),"NCR, FOURTH DISTRICT (NOT A PROVINCE)",Female,Cognitive Disability,Moderate,1726,2007990.5,85
National Capital Region (NCR),"NCR, FOURTH DISTRICT (NOT A PROVINCE)",Female,Cognitive Disability,Severe,672,2007990.5,33
National Capital Region (NCR),"NCR, FOURTH DISTRICT (NOT A PROVINCE)",Female,Communication Disability,Mild,5303,2007990.5,264
National Capital Region (NCR),"NCR, FOURTH DISTRICT (NOT A PROVINCE)",Female,Communication Disability,Moderate,1869,2007990.5,93
National Capital Region (NCR),"NCR, FOURTH DISTRICT (NOT A PROVINCE)",Female,Communication Disability,Severe,1727,2007990.5,86
National Capital Region (NCR),"NCR, FOURTH DISTRICT (NOT A PROVINCE)",Female,Hearing Disability,Mild,19249,2007990.5,958
National Capital Region (NCR),"NCR, FOURTH DISTRICT (NOT A PROVINCE)",Female,Hearing Disability,Moderate,1809,2007990.5,90
National Capital Region (NCR),"NCR, FOURTH DISTRICT (NOT A PROVINCE)",Female,Hearing Disability,Severe,758,2007990.5,37
National Capital Region (NCR),"NCR, FOURTH DISTRICT (NOT A PROVINCE)",Female,Mobility Disability,Mild,20217,2007990.5,1006
National Capital Region (NCR),"NCR, FOURTH DISTRICT (NOT A PROVINCE)",Female,Mobility Disability,Moderate,3462,2007990.5,172
National Capital Region (NCR),"NCR, FOURTH DISTRICT (NOT A PROVINCE)",Female,Mobility Disability,Severe,1651,2007990.5,82
National Capital Region (NCR),"NCR, FOURTH DISTRICT (NOT A PROVINCE)",Female,Self-Care Disability,Mild,6066,2007990.5,302
National Capital Region (NCR),"NCR, FOURTH DISTRICT (NOT A PROVINCE)",Female,Self-Care Disability,Moderate,1561,2007990.5,77
National Capital Region (NCR),"NCR, FOURTH DISTRICT (NOT A PROVINCE)",Female,Self-Care Disability,Severe,1863,2007990.5,92
National Capital Region (NCR),"NCR, FOURTH DISTRICT (NOT A PROVINCE)",Female,Visual Disability,Mild,116805,2007990.5,5817
National Capital Region (NCR),"NCR, FOURTH DISTRICT (NOT A PROVINCE)",Female,Visual Disability,Moderate,6961,2007990.5,346
National Capital Region (NCR),"NCR, FOURTH DISTRICT (NOT A PROVINCE)",Female,Visual Disability,Severe,905,2007990.5,45
National Capital Region (NCR),"NCR, FOURTH DISTRICT (NOT A PROVINCE)",Male,Cognitive Disability,Mild,7999,2007990.5,398
National Capital Region (NCR),"NCR, FOURTH DISTRICT (NOT A PROVINCE)",Male,Cognitive Disability,Moderate,1466,2007990.5,73
National Capital Region (NCR),"NCR, FOURTH DISTRICT (NOT A PROVINCE)",Male,Cognitive Disability,Severe,614,2007990.5,30
National Capital Region (NCR),"NCR, FOURTH DISTRICT (NOT A PROVINCE)",Male,Communication Disability,Mild,5134,2007990.5,255
National Capital Region (NCR),"NCR, FOURTH DISTRICT (NOT A PROVINCE)",Male,Communication Disability,Moderate,1739,2007990.5,86
National Capital Region (NCR),"NCR, FOURTH DISTRICT (NOT A PROVINCE)",Male,Communication Disability,Severe,1610,2007990.5,80
National Capital Region (NCR),"NCR, FOURTH DISTRICT (NOT A PROVINCE)",Male,Hearing Disability,Mild,14185,2007990.5,706
National Capital Region (NCR),"NCR, FOURTH DISTRICT (NOT A PROVINCE)",Male,Hearing Disability,Moderate,1477,2007990.5,73
National Capital Region (NCR),"NCR, FOURTH DISTRICT (NOT A PROVINCE)",Male,Hearing Disability,Severe,678,2007990.5,33
National Capital Region (NCR),"NCR, FOURTH DISTRICT (NOT A PROVINCE)",Male,Mobility Disability,Mild,14208,2007990.5,707
National Capital Region (NCR),"NCR, FOURTH DISTRICT (NOT A PROVINCE)",Male,Mobility Disability,Moderate,2839,2007990.5,141
National Capital Region (NCR),"NCR, FOURTH DISTRICT (NOT A PROVINCE)",Male,Mobility Disability,Severe,1249,2007990.5,62
National Capital Region (NCR),"NCR, FOURTH DISTRICT (NOT A PROVINCE)",Male,Self-Care Disability,Mild,4960,2007990.5,247
National Capital Region (NCR),"NCR, FOURTH DISTRICT (NOT A PROVINCE)",Male,Self-Care Disability,Moderate,1462,2007990.5,72
National Capital Region (NCR),"NCR, FOURTH DISTRICT (NOT A PROVINCE)",Male,Self-Care Disability,Severe,1561,2007990.5,77
National Capital Region (NCR),"NCR, FOURTH DISTRICT (NOT A PROVINCE)",Male,Visual Disability,Mild,80980,2007990.5,4032
National Capital Region (NCR),"NCR, FOURTH DISTRICT (NOT A PROVINCE)",Male,Visual Disability,Moderate,4609,2007990.5,229
National Capital Region (NCR),"NCR, FOURTH DISTRICT (NOT A PROVINCE)",Male,Visual Disability,Severe,853,2007990.5,42
National Capital Region (NCR),"NCR, SECOND DISTRICT (NOT A PROVINCE)",Female,Cognitive Disability,Mild,14921,2480466.5,601
National Capital Region (NCR),"NCR, SECOND DISTRICT (NOT A PROVINCE)",Female,Cognitive Disability,Moderate,2436,2480466.5,98
National Capital Region (NCR),"NCR, SECOND DISTRICT (NOT A PROVINCE)",Female,Cognitive Disability,Severe,878,2480466.5,35
National Capital Region (NCR),"NCR, SECOND DISTRICT (NOT A PROVINCE)",Female,Communication Disability,Mild,6288,2480466.5,253
National Capital Region (NCR),"NCR, SECOND DISTRICT (NOT A PROVINCE)",Female,Communication Disability,Moderate,2354,2480466.5,94
National Capital Region (NCR),"NCR, SECOND DISTRICT (NOT A PROVINCE)",Female,Communication Disability,Severe,2131,2480466.5,85
National Capital Region (NCR),"NCR, SECOND DISTRICT (NOT A PROVINCE)",Female,Hearing Disability,Mild,22541,2480466.5,908
National Capital Region (NCR),"NCR, SECOND DISTRICT (NOT A PROVINCE)",Female,Hearing Disability,Moderate,2347,2480466.5,94
National Capital Region (NCR),"NCR, SECOND DISTRICT (NOT A PROVINCE)",Female,Hearing Disability,Severe,886,2480466.5,35
National Capital Region (NCR),"NCR, SECOND DISTRICT (NOT A PROVINCE)",Female,Mobility Disability,Mild,25620,2480466.5,1032
National Capital Region (NCR),"NCR, SECOND DISTRICT (NOT A PROVINCE)",Female,Mobility Disability,Moderate,4885,2480466.5,196
National Capital Region (NCR),"NCR, SECOND DISTRICT (NOT A PROVINCE)",Female,Mobility Disability,Severe,2095,2480466.5,84
National Capital Region (NCR),"NCR, SECOND DISTRICT (NOT A PROVINCE)",Female,Self-Care Disability,Mild,7517,2480466.5,303
National Capital Region (NCR),"NCR, SECOND DISTRICT (NOT A PROVINCE)",Female,Self-Care Disability,Moderate,2347,2480466.5,94
National Capital Region (NCR),"NCR, SECOND DISTRICT (NOT A PROVINCE)",Female,Self-Care Disability,Severe,2186,2480466.5,88
National Capital Region (NCR),"NCR, SECOND DISTRICT (NOT A PROVINCE)",Female,Visual Disability,Mild,136329,2480466.5,5496
National Capital Region (NCR),"NCR, SECOND DISTRICT (NOT A PROVINCE)",Female,Visual Disability,Moderate,8720,2480466.5,351
National Capital Region (NCR),"NCR, SECOND DISTRICT (NOT A PROVINCE)",Female,Visual Disability,Severe,1179,2480466.5,47
National Capital Region (NCR),"NCR, SECOND DISTRICT (NOT A PROVINCE)",Male,Cognitive Disability,Mild,9964,2480466.5,401
National Capital Region (NCR),"NCR, SECOND DISTRICT (NOT A PROVINCE)",Male,Cognitive Disability,Moderate,1911,2480466.5,77
National Capital Region (NCR),"NCR, SECOND DISTRICT (NOT A PROVINCE)",Male,Cognitive Disability,Severe,900,2480466.5,36
National Capital Region (NCR),"NCR, SECOND DISTRICT (NOT A PROVINCE)",Male,Communication Disability,Mild,6353,2480466.5,256
National Capital Region (NCR),"NCR, SECOND DISTRICT (NOT A PROVINCE)",Male,Communication Disability,Moderate,2326,2480466.5,93
National Capital Region (NCR),"NCR, SECOND DISTRICT (NOT A PROVINCE)",Male,Communication Disability,Severe,2029,2480466.5,81
National Capital Region (NCR),"NCR, SECOND DISTRICT (NOT A PROVINCE)",Male,Hearing Disability,Mild,16348,2480466.5,659
National Capital Region (NCR),"NCR, SECOND DISTRICT (NOT A PROVINCE)",Male,Hearing Disability,Moderate,1844,2480466.5,74
National Capital Region (NCR),"NCR, SECOND DISTRICT (NOT A PROVINCE)",Male,Hearing Disability,Severe,881,2480466.5,35
National Capital Region (NCR),"NCR, SECOND DISTRICT (NOT A PROVINCE)",Male,Mobility Disability,Mild,17338,2480466.5,698
National Capital Region (NCR),"NCR, SECOND DISTRICT (NOT A PROVINCE)",Male,Mobility Disability,Moderate,3780,2480466.5,152
National Capital Region (NCR),"NCR, SECOND DISTRICT (NOT A PROVINCE)",Male,Mobility Disability,Severe,1682,2480466.5,67
National Capital Region (NCR),"NCR, SECOND DISTRICT (NOT A PROVINCE)",Male,Self-Care Disability,Mild,6083,2480466.5,245
National Capital Region (NCR),"NCR, SECOND DISTRICT (NOT A PROVINCE)",Male,Self-Care Disability,Moderate,1914,2480466.5,77
National Capital Region (NCR),"NCR, SECOND DISTRICT (NOT A PROVINCE)",Male,Self-Care Disability,Severe,1852,2480466.5,74
National Capital Region (NCR),"NCR, SECOND DISTRICT (NOT A PROVINCE)",Male,Visual Disability,Mild,94854,2480466.5,3824
National Capital Region (NCR),"NCR, SECOND DISTRICT (NOT A PROVINCE)",Male,Visual Disability,Moderate,6016,2480466.5,242
National Capital Region (NCR),"NCR, SECOND DISTRICT (NOT A PROVINCE)",Male,Visual Disability,Severe,1089,2480466.5,43
National Capital Region (NCR),"NCR, THIRD DISTRICT (NOT A PROVINCE)",Female,Cognitive Disability,Mild,7524,1470411.0,511
National Capital Region (NCR),"NCR, THIRD DISTRICT (NOT A PROVINCE)",Female,Cognitive Disability,Moderate,1143,1470411.0,77
National Capital Region (NCR),"NCR, THIRD DISTRICT (NOT A PROVINCE)",Female,Cognitive Disability,Severe,463,1470411.0,31
National Capital Region (NCR),"NCR, THIRD DISTRICT (NOT A PROVINCE)",Female,Communication Disability,Mild,3028,1470411.0,205
National Capital Region (NCR),"NCR, THIRD DISTRICT (NOT A PROVINCE)",Female,Communication Disability,Moderate,1219,1470411.0,82
National Capital Region (NCR),"NCR, THIRD DISTRICT (NOT A PROVINCE)",Female,Communication Disability,Severe,1164,1470411.0,79
National Capital Region (NCR),"NCR, THIRD DISTRICT (NOT A PROVINCE)",Female,Hearing Disability,Mild,15247,1470411.0,1036
National Capital Region (NCR),"NCR, THIRD DISTRICT (NOT A PROVINCE)",Female,Hearing Disability,Moderate,1503,1470411.0,102
National Capital Region (NCR),"NCR, THIRD DISTRICT (NOT A PROVINCE)",Female,Hearing Disability,Severe,513,1470411.0,34
National Capital Region (NCR),"NCR, THIRD DISTRICT (NOT A PROVINCE)",Female,Mobility Disability,Mild,14414,1470411.0,980
National Capital Region (NCR),"NCR, THIRD DISTRICT (NOT A PROVINCE)",Female,Mobility Disability,Moderate,2620,1470411.0,178
National Capital Region (NCR),"NCR, THIRD DISTRICT (NOT A PROVINCE)",Female,Mobility Disability,Severe,1106,1470411.0,75
National Capital Region (NCR),"NCR, THIRD DISTRICT (NOT A PROVINCE)",Female,Self-Care Disability,Mild,3321,1470411.0,225
National Capital Region (NCR),"NCR, THIRD DISTRICT (NOT A PROVINCE)",Female,Self-Care Disability,Moderate,1040,1470411.0,70
National Capital Region (NCR),"NCR, THIRD DISTRICT (NOT A PROVINCE)",Female,Self-Care Disability,Severe,1306,1470411.0,88
National Capital Region (NCR),"NCR, THIRD DISTRICT (NOT A PROVINCE)",Female,Visual Disability,Mild,107819,1470411.0,7332
National Capital Region (NCR),"NCR, THIRD DISTRICT (NOT A PROVINCE)",Female,Visual Disability,Moderate,6404,1470411.0,435
National Capital Region (NCR),"NCR, THIRD DISTRICT (NOT A PROVINCE)",Female,Visual Disability,Severe,684,1470411.0,46
National Capital Region (NCR),"NCR, THIRD DISTRICT (NOT A PROVINCE)",Male,Cognitive Disability,Mild,5136,1470411.0,349
National Capital Region (NCR),"NCR, THIRD DISTRICT (NOT A PROVINCE)",Male,Cognitive Disability,Moderate,1024,1470411.0,69
National Capital Region (NCR),"NCR, THIRD DISTRICT (NOT A PROVINCE)",Male,Cognitive Disability,Severe,495,1470411.0,33
National Capital Region (NCR),"NCR, THIRD DISTRICT (NOT A PROVINCE)",Male,Communication Disability,Mild,3179,1470411.0,216
National Capital Region (NCR),"NCR, THIRD DISTRICT (NOT A PROVINCE)",Male,Communication Disability,Moderate,1226,1470411.0,83
National Capital Region (NCR),"NCR, THIRD DISTRICT (NOT A PROVINCE)",Male,Communication Disability,Severe,1222,1470411.0,83
National Capital Region (NCR),"NCR, THIRD DISTRICT (NOT A PROVINCE)",Male,Hearing Disability,Mild,12116,1470411.0,823
National Capital Region (NCR),"NCR, THIRD DISTRICT (NOT A PROVINCE)",Male,Hearing Disability,Moderate,1166,1470411.0,79
National Capital Region (NCR),"NCR, THIRD DISTRICT (NOT A PROVINCE)",Male,Hearing Disability,Severe,502,1470411.0,34
National Capital Region (NCR),"NCR, THIRD DISTRICT (NOT A PROVINCE)",Male,Mobility Disability,Mild,10958,1470411.0,745
National Capital Region (NCR),"NCR, THIRD DISTRICT (NOT A PROVINCE)",Male,Mobility Disability,Moderate,2396,1470411.0,162
National Capital Region (NCR),"NCR, THIRD DISTRICT (NOT A PROVINCE)",Male,Mobility Disability,Severe,1066,1470411.0,72
National Capital Region (NCR),"NCR, THIRD DISTRICT (NOT A PROVINCE)",Male,Self-Care Disability,Mild,2833,1470411.0,192
National Capital Region (NCR),"NCR, THIRD DISTRICT (NOT A PROVINCE)",Male,Self-Care Disability,Moderate,1033,1470411.0,70
National Capital Region (NCR),"NCR, THIRD DISTRICT (NOT A PROVINCE)",Male,Self-Care Disability,Severe,1250,1470411.0,85
National Capital Region (NCR),"NCR, THIRD DISTRICT (NOT A PROVINCE)",Male,Visual Disability,Mild,77027,1470411.0,5238
National Capital Region (NCR),"NCR, THIRD DISTRICT (NOT A PROVINCE)",Male,Visual Disability,Moderate,4327,1470411.0,294
National Capital Region (NCR),"NCR, THIRD DISTRICT (NOT A PROVINCE)",Male,Visual Disability,Severe,629,1470411.0,42
REGION XI (DAVAO REGION),COMPOSTELA VALLEY,Female,Cognitive Disability,Mild,10090,387051.0,2606
REGION XI (DAVAO REGION),COMPOSTELA VALLEY,Female,Cognitive Disability,Moderate,1066,387051.0,275
REGION XI (DAVAO REGION),COMPOSTELA VALLEY,Female,Cognitive Disability,Severe,259,387051.0,66
REGION XI (DAVAO REGION),COMPOSTELA VALLEY,Female,Communication Disability,Mild,1315,387051.0,339
REGION XI (DAVAO REGION),COMPOSTELA VALLEY,Female,Communication Disability,Moderate,570,387051.0,147
REGION XI (DAVAO REGION),COMPOSTELA VALLEY,Female,Communication Disability,Severe,514,387051.0,132
REGION XI (DAVAO REGION),COMPOSTELA VALLEY,Female,Hearing Disability,Mild,6766,387051.0,1748
REGION XI (DAVAO REGION),COMPOSTELA VALLEY,Female,Hearing Disability,Moderate,945,387051.0,244
REGION XI (DAVAO REGION),COMPOSTELA VALLEY,Female,Hearing Disability,Severe,237,387051.0,61
REGION XI (DAVAO REGION),COMPOSTELA VALLEY,Female,Mobility Disability,Mild,6288,387051.0,1624
REGION XI (DAVAO REGION),COMPOSTELA VALLEY,Female,Mobility Disability,Moderate,1178,387051.0,304
REGION XI (DAVAO REGION),COMPOSTELA VALLEY,Female,Mobility Disability,Severe,594,387051.0,153
REGION XI (DAVAO REGION),COMPOSTELA VALLEY,Female,Self-Care Disability,Mild,1351,387051.0,349
REGION XI (DAVAO REGION),COMPOSTELA VALLEY,Female,Self-Care Disability,Moderate,495,387051.0,127
REGION XI (DAVAO REGION),COMPOSTELA VALLEY,Female,Self-Care Disability,Severe,663,387051.0,171
REGION XI (DAVAO REGION),COMPOSTELA VALLEY,Female,Visual Disability,Mild,28675,387051.0,7408
REGION XI (DAVAO REGION),COMPOSTELA VALLEY,Female,Visual Disability,Moderate,2365,387051.0,611
REGION XI (DAVAO REGION),COMPOSTELA VALLEY,Female,Visual Disability,Severe,278,387051.0,71
REGION XI (DAVAO REGION),COMPOSTELA VALLEY,Male,Cognitive Disability,Mild,8255,387051.0,2132
REGION XI (DAVAO REGION),COMPOSTELA VALLEY,Male,Cognitive Disability,Moderate,884,387051.0,228
REGION XI (DAVAO REGION),COMPOSTELA VALLEY,Male,Cognitive Disability,Severe,251,387051.0,64
REGION XI (DAVAO REGION),COMPOSTELA VALLEY,Male,Communication Disability,Mild,1536,387051.0,396
REGION XI (DAVAO REGION),COMPOSTELA VALLEY,Male,Communication Disability,Moderate,673,387051.0,173
REGION XI (DAVAO REGION),COMPOSTELA VALLEY,Male,Communication Disability,Severe,572,387051.0,147
REGION XI (DAVAO REGION),COMPOSTELA VALLEY,Male,Hearing Disability,Mild,6847,387051.0,1769
REGION XI (DAVAO REGION),COMPOSTELA VALLEY,Male,Hearing Disability,Moderate,985,387051.0,254
REGION XI (DAVAO REGION),COMPOSTELA VALLEY,Male,Hearing Disability,Severe,305,387051.0,78
REGION XI (DAVAO REGION),COMPOSTELA VALLEY,Male,Mobility Disability,Mild,6621,387051.0,1710
REGION XI (DAVAO REGION),COMPOSTELA VALLEY,Male,Mobility Disability,Moderate,1355,387051.0,350
REGION XI (DAVAO REGION),COMPOSTELA VALLEY,Male,Mobility Disability,Severe,555,387051.0,143
REGION XI (DAVAO REGION),COMPOSTELA VALLEY,Male,Self-Care Disability,Mild,1356,387051.0,350
REGION XI (DAVAO REGION),COMPOSTELA VALLEY,Male,Self-Care Disability,Moderate,527,387051.0,136
REGION XI (DAVAO REGION),COMPOSTELA VALLEY,Male,Self-Care Disability,Severe,628,387051.0,162
REGION XI (DAVAO REGION),COMPOSTELA VALLEY,Male,Visual Disability,Mild,23571,387051.0,6089
REGION XI (DAVAO REGION),COMPOSTELA VALLEY,Male,Visual Disability,Moderate,2031,387051.0,524
REGION XI (DAVAO REGION),COMPOSTELA VALLEY,Male,Visual Disability,Severe,253,387051.0,65
REGION XI (DAVAO REGION),DAVAO DEL NORTE,Female,Cognitive Disability,Mild,7510,528228.5,1421
REGION XI (DAVAO REGION),DAVAO DEL NORTE,Female,Cognitive Disability,Moderate,906,528228.5,171
REGION XI (DAVAO REGION),DAVAO DEL NORTE,Female,Cognitive Disability,Severe,246,528228.5,46
REGION XI (DAVAO REGION),DAVAO DEL NORTE,Female,Communication Disability,Mild,1695,528228.5,320
REGION XI (DAVAO REGION),DAVAO DEL NORTE,Female,Communication Disability,Moderate,709,528228.5,134
REGION XI (DAVAO REGION),DAVAO DEL NORTE,Female,Communication Disability,Severe,527,528228.5,99
REGION XI (DAVAO REGION),DAVAO DEL NORTE,Female,Hearing Disability,Mild,7810,528228.5,1478
REGION XI (DAVAO REGION),DAVAO DEL NORTE,Female,Hearing Disability,Moderate,935,528228.5,177
REGION XI (DAVAO REGION),DAVAO DEL NORTE,Female,Hearing Disability,Severe,241,528228.5,45
REGION XI (DAVAO REGION),DAVAO DEL NORTE,Female,Mobility Disability,Mild,7161,528228.5,1355
REGION XI (DAVAO REGION),DAVAO DEL NORTE,Female,Mobility Disability,Moderate,1373,528228.5,259
REGION XI (DAVAO REGION),DAVAO DEL NORTE,Female,Mobility Disability,Severe,634,528228.5,120
REGION XI (DAVAO REGION),DAVAO DEL NORTE,Female,Self-Care Disability,Mild,2042,528228.5,386
REGION XI (DAVAO REGION),DAVAO DEL NORTE,Female,Self-Care Disability,Moderate,621,528228.5,117
REGION XI (DAVAO REGION),DAVAO DEL NORTE,Female,Self-Care Disability,Severe,735,528228.5,139
REGION XI (DAVAO REGION),DAVAO DEL NORTE,Female,Visual Disability,Mild,36276,528228.5,6867
REGION XI (DAVAO REGION),DAVAO DEL NORTE,Female,Visual Disability,Moderate,2272,528228.5,430
REGION XI (DAVAO REGION),DAVAO DEL NORTE,Female,Visual Disability,Severe,321,528228.5,60
REGION XI (DAVAO REGION),DAVAO DEL NORTE,Male,Cognitive Disability,Mild,6187,528228.5,1171
REGION XI (DAVAO REGION),DAVAO DEL NORTE,Male,Cognitive Disability,Moderate,804,528228.5,152
REGION XI (DAVAO REGION),DAVAO DEL NORTE,Male,Cognitive Disability,Severe,324,528228.5,61
REGION XI (DAVAO REGION),DAVAO DEL NORTE,Male,Communication Disability,Mild,1845,528228.5,349
REGION XI (DAVAO REGION),DAVAO DEL NORTE,Male,Communication Disability,Moderate,701,528228.5,132
REGION XI (DAVAO REGION),DAVAO DEL NORTE,Male,Communication Disability,Severe,631,528228.5,119
REGION XI (DAVAO REGION),DAVAO DEL NORTE,Male,Hearing Disability,Mild,7898,528228.5,1495
REGION XI (DAVAO REGION),DAVAO DEL NORTE,Male,Hearing Disability,Moderate,988,528228.5,187
REGION XI (DAVAO REGION),DAVAO DEL NORTE,Male,Hearing Disability,Severe,251,528228.5,47
REGION XI (DAVAO REGION),DAVAO DEL NORTE,Male,Mobility Disability,Mild,7123,528228.5,1348
REGION XI (DAVAO REGION),DAVAO DEL NORTE,Male,Mobility Disability,Moderate,1497,528228.5,283
REGION XI (DAVAO REGION),DAVAO DEL NORTE,Male,Mobility Disability,Severe,635,528228.5,120
REGION XI (DAVAO REGION),DAVAO DEL NORTE,Male,Self-Care Disability,Mild,2061,528228.5,390
REGION XI (DAVAO REGION),DAVAO DEL NORTE,Male,Self-Care Disability,Moderate,682,528228.5,129
REGION XI (DAVAO REGION),DAVAO DEL NORTE,Male,Self-Care Disability,Severe,758,528228.5,143
REGION XI (DAVAO REGION),DAVAO DEL NORTE,Male,Visual Disability,Mild,29250,528228.5,5537
REGION XI (DAVAO REGION),DAVAO DEL NORTE,Male,Visual Disability,Moderate,1898,528228.5,359
REGION XI (DAVAO REGION),DAVAO DEL NORTE,Male,Visual Disability,Severe,296,528228.5,56
REGION XI (DAVAO REGION),DAVAO DEL SUR,Female,Cognitive Disability,Mild,11850,1260426.0,940
REGION XI (DAVAO REGION),DAVAO DEL SUR,Female,Cognitive Disability,Moderate,1728,1260426.0,137
REGION XI (DAVAO REGION),DAVAO DEL SUR,Female,Cognitive Disability,Severe,565,1260426.0,44
REGION XI (DAVAO REGION),DAVAO DEL SUR,Female,Communication Disability,Mild,3480,1260426.0,276
REGION XI (DAVAO REGION),DAVAO DEL SUR,Female,Communication Disability,Moderate,1624,1260426.0,128
REGION XI (DAVAO REGION),DAVAO DEL SUR,Female,Communication Disability,Severe,1401,1260426.0,111
REGION XI (DAVAO REGION),DAVAO DEL SUR,Female,Hearing Disability,Mild,13609,1260426.0,1079
REGION XI (DAVAO REGION),DAVAO DEL SUR,Female,Hearing Disability,Moderate,1689,1260426.0,134
REGION XI (DAVAO REGION),DAVAO DEL SUR,Female,Hearing Disability,Severe,483,1260426.0,38
REGION XI (DAVAO REGION),DAVAO DEL SUR,Female,Mobility Disability,Mild,12478,1260426.0,989
REGION XI (DAVAO REGION),DAVAO DEL SUR,Female,Mobility Disability,Moderate,2575,1260426.0,204
REGION XI (DAVAO REGION),DAVAO DEL SUR,Female,Mobility Disability,Severe,1310,1260426.0,103
REGION XI (DAVAO REGION),DAVAO DEL SUR,Female,Self-Care Disability,Mild,3786,1260426.0,300
REGION XI (DAVAO REGION),DAVAO DEL SUR,Female,Self-Care Disability,Moderate,1343,1260426.0,106
REGION XI (DAVAO REGION),DAVAO DEL SUR,Female,Self-Care Disability,Severe,1513,1260426.0,120
REGION XI (DAVAO REGION),DAVAO DEL SUR,Female,Visual Disability,Mild,68695,1260426.0,5450
REGION XI (DAVAO REGION),DAVAO DEL SUR,Female,Visual Disability,Moderate,4374,1260426.0,347
REGION XI (DAVAO REGION),DAVAO DEL SUR,Female,Visual Disability,Severe,692,1260426.0,54
REGION XI (DAVAO REGION),DAVAO DEL SUR,Male,Cognitive Disability,Mild,9533,1260426.0,756
REGION XI (DAVAO REGION),DAVAO DEL SUR,Male,Cognitive Disability,Moderate,1437,1260426.0,114
REGION XI (DAVAO REGION),DAVAO DEL SUR,Male,Cognitive Disability,Severe,595,1260426.0,47
REGION XI (DAVAO REGION),DAVAO DEL SUR,Male,Communication Disability,Mild,4159,1260426.0,329
REGION XI (DAVAO REGION),DAVAO DEL SUR,Male,Communication Disability,Moderate,1528,1260426.0,121
REGION XI (DAVAO REGION),DAVAO DEL SUR,Male,Communication Disability,Severe,1335,1260426.0,105
REGION XI (DAVAO REGION),DAVAO DEL SUR,Male,Hearing Disability,Mild,12204,1260426.0,968
REGION XI (DAVAO REGION),DAVAO DEL SUR,Male,Hearing Disability,Moderate,1602,1260426.0,127
REGION XI (DAVAO REGION),DAVAO DEL SUR,Male,Hearing Disability,Severe,552,1260426.0,43
REGION XI (DAVAO REGION),DAVAO DEL SUR,Male,Mobility Disability,Mild,11938,1260426.0,947
REGION XI (DAVAO REGION),DAVAO DEL SUR,Male,Mobility Disability,Moderate,2642,1260426.0,209
REGION XI (DAVAO REGION),DAVAO DEL SUR,Male,Mobility Disability,Severe,1260,1260426.0,99
REGION XI (DAVAO REGION),DAVAO DEL SUR,Male,Self-Care Disability,Mild,3702,1260426.0,293
REGION XI (DAVAO REGION),DAVAO DEL SUR,Male,Self-Care Disability,Moderate,1354,1260426.0,107
REGION XI (DAVAO REGION),DAVAO DEL SUR,Male,Self-Care Disability,Severe,1532,1260426.0,121
REGION XI (DAVAO REGION),DAVAO DEL SUR,Male,Visual Disability,Mild,52434,1260426.0,4160
REGION XI (DAVAO REGION),DAVAO DEL SUR,Male,Visual Disability,Moderate,3318,1260426.0,263
REGION XI (DAVAO REGION),DAVAO DEL SUR,Male,Visual Disability,Severe,626,1260426.0,49
REGION XI (DAVAO REGION),DAVAO OCCIDENTAL,Female,Cognitive Disability,Mild,3541,169462.5,2089
REGION XI (DAVAO REGION),DAVAO OCCIDENTAL,Female,Cognitive Disability,Moderate,340,169462.5,200
REGION XI (DAVAO REGION),DAVAO OCCIDENTAL,Female,Cognitive Disability,Severe,66,169462.5,38
REGION XI (DAVAO REGION),DAVAO OCCIDENTAL,Female,Communication Disability,Mild,636,169462.5,375
REGION XI (DAVAO REGION),DAVAO OCCIDENTAL,Female,Communication Disability,Moderate,235,169462.5,138
REGION XI (DAVAO REGION),DAVAO OCCIDENTAL,Female,Communication Disability,Severe,177,169462.5,104
REGION XI (DAVAO REGION),DAVAO OCCIDENTAL,Female,Hearing Disability,Mild,2202,169462.5,1299
REGION XI (DAVAO REGION),DAVAO OCCIDENTAL,Female,Hearing Disability,Moderate,236,169462.5,139
REGION XI (DAVAO REGION),DAVAO OCCIDENTAL,Female,Hearing Disability,Severe,59,169462.5,34
REGION XI (DAVAO REGION),DAVAO OCCIDENTAL,Female,Mobility Disability,Mild,2055,169462.5,1212
REGION XI (DAVAO REGION),DAVAO OCCIDENTAL,Female,Mobility Disability,Moderate,349,169462.5,205
REGION XI (DAVAO REGION),DAVAO OCCIDENTAL,Female,Mobility Disability,Severe,159,169462.5,93
REGION XI (DAVAO REGION),DAVAO OCCIDENTAL,Female,Self-Care Disability,Mild,718,169462.5,423
REGION XI (DAVAO REGION),DAVAO OCCIDENTAL,Female,Self-Care Disability,Moderate,173,169462.5,102
REGION XI (DAVAO REGION),DAVAO OCCIDENTAL,Female,Self-Care Disability,Severe,154,169462.5,90
REGION XI (DAVAO REGION),DAVAO OCCIDENTAL,Female,Visual Disability,Mild,7641,169462.5,4508
REGION XI (DAVAO REGION),DAVAO OCCIDENTAL,Female,Visual Disability,Moderate,588,169462.5,346
REGION XI (DAVAO REGION),DAVAO OCCIDENTAL,Female,Visual Disability,Severe,86,169462.5,50
REGION XI (DAVAO REGION),DAVAO OCCIDENTAL,Male,Cognitive Disability,Mild,3012,169462.5,1777
REGION XI (DAVAO REGION),DAVAO OCCIDENTAL,Male,Cognitive Disability,Moderate,294,169462.5,173
REGION XI (DAVAO REGION),DAVAO OCCIDENTAL,Male,Cognitive Disability,Severe,72,169462.5,42
REGION XI (DAVAO REGION),DAVAO OCCIDENTAL,Male,Communication Disability,Mild,715,169462.5,421
REGION XI (DAVAO REGION),DAVAO OCCIDENTAL,Male,Communication Disability,Moderate,207,169462.5,122
REGION XI (DAVAO REGION),DAVAO OCCIDENTAL,Male,Communication Disability,Severe,176,169462.5,103
REGION XI (DAVAO REGION),DAVAO OCCIDENTAL,Male,Hearing Disability,Mild,2238,169462.5,1320
REGION XI (DAVAO REGION),DAVAO OCCIDENTAL,Male,Hearing Disability,Moderate,298,169462.5,175
REGION XI (DAVAO REGION),DAVAO OCCIDENTAL,Male,Hearing Disability,Severe,79,169462.5,46
REGION XI (DAVAO REGION),DAVAO OCCIDENTAL,Male,Mobility Disability,Mild,2054,169462.5,1212
REGION XI (DAVAO REGION),DAVAO OCCIDENTAL,Male,Mobility Disability,Moderate,420,169462.5,247
REGION XI (DAVAO REGION),DAVAO OCCIDENTAL,Male,Mobility Disability,Severe,155,169462.5,91
REGION XI (DAVAO REGION),DAVAO OCCIDENTAL,Male,Self-Care Disability,Mild,702,169462.5,414
REGION XI (DAVAO REGION),DAVAO OCCIDENTAL,Male,Self-Care Disability,Moderate,168,169462.5,99
REGION XI (DAVAO REGION),DAVAO OCCIDENTAL,Male,Self-Care Disability,Severe,158,169462.5,93
REGION XI (DAVAO REGION),DAVAO OCCIDENTAL,Male,Visual Disability,Mild,6641,169462.5,3918
REGION XI (DAVAO REGION),DAVAO OCCIDENTAL,Male,Visual Disability,Moderate,549,169462.5,323
REGION XI (DAVAO REGION),DAVAO OCCIDENTAL,Male,Visual Disability,Severe,72,169462.5,42
REGION XI (DAVAO REGION),DAVAO ORIENTAL,Female,Cognitive Disability,Mild,4494,300265.5,1496
REGION XI (DAVAO REGION),DAVAO ORIENTAL,Female,Cognitive Disability,Moderate,560,300265.5,186
REGION XI (DAVAO REGION),DAVAO ORIENTAL,Female,Cognitive Disability,Severe,150,300265.5,49
REGION XI (DAVAO REGION),DAVAO ORIENTAL,Female,Communication Disability,Mild,1053,300265.5,350
REGION XI (DAVAO REGION),DAVAO ORIENTAL,Female,Communication Disability,Moderate,391,300265.5,130
REGION XI (DAVAO REGION),DAVAO ORIENTAL,Female,Communication Disability,Severe,309,300265.5,102
REGION XI (DAVAO REGION),DAVAO ORIENTAL,Female,Hearing Disability,Mild,4329,300265.5,1441
REGION XI (DAVAO REGION),DAVAO ORIENTAL,Female,Hearing Disability,Moderate,605,300265.5,201
REGION XI (DAVAO REGION),DAVAO ORIENTAL,Female,Hearing Disability,Severe,150,300265.5,49
REGION XI (DAVAO REGION),DAVAO ORIENTAL,Female,Mobility Disability,Mild,4189,300265.5,1395
REGION XI (DAVAO REGION),DAVAO ORIENTAL,Female,Mobility Disability,Moderate,851,300265.5,283
REGION XI (DAVAO REGION),DAVAO ORIENTAL,Female,Mobility Disability,Severe,391,300265.5,130
REGION XI (DAVAO REGION),DAVAO ORIENTAL,Female,Self-Care Disability,Mild,1204,300265.5,400
REGION XI (DAVAO REGION),DAVAO ORIENTAL,Female,Self-Care Disability,Moderate,372,300265.5,123
REGION XI (DAVAO REGION),DAVAO ORIENTAL,Female,Self-Care Disability,Severe,398,300265.5,132
REGION XI (DAVAO REGION),DAVAO ORIENTAL,Female,Visual Disability,Mild,15966,300265.5,5317
REGION XI (DAVAO REGION),DAVAO ORIENTAL,Female,Visual Disability,Moderate,1486,300265.5,494
REGION XI (DAVAO REGION),DAVAO ORIENTAL,Female,Visual Disability,Severe,185,300265.5,61
REGION XI (DAVAO REGION),DAVAO ORIENTAL,Male,Cognitive Disability,Mild,3508,300265.5,1168
REGION XI (DAVAO REGION),DAVAO ORIENTAL,Male,Cognitive Disability,Moderate,435,300265.5,144
REGION XI (DAVAO REGION),DAVAO ORIENTAL,Male,Cognitive Disability,Severe,148,300265.5,49
REGION XI (DAVAO REGION),DAVAO ORIENTAL,Male,Communication Disability,Mild,972,300265.5,323
REGION XI (DAVAO REGION),DAVAO ORIENTAL,Male,Communication Disability,Moderate,373,300265.5,124
REGION XI (DAVAO REGION),DAVAO ORIENTAL,Male,Communication Disability,Severe,301,300265.5,100
REGION XI (DAVAO REGION),DAVAO ORIENTAL,Male,Hearing Disability,Mild,4148,300265.5,1381
REGION XI (DAVAO REGION),DAVAO ORIENTAL,Male,Hearing Disability,Moderate,577,300265.5,192
REGION XI (DAVAO REGION),DAVAO ORIENTAL,Male,Hearing Disability,Severe,159,300265.5,52
REGION XI (DAVAO REGION),DAVAO ORIENTAL,Male,Mobility Disability,Mild,3949,300265.5,1315
REGION XI (DAVAO REGION),DAVAO ORIENTAL,Male,Mobility Disability,Moderate,827,300265.5,275
REGION XI (DAVAO REGION),DAVAO ORIENTAL,Male,Mobility Disability,Severe,328,300265.5,109
REGION XI (DAVAO REGION),DAVAO ORIENTAL,Male,Self-Care Disability,Mild,979,300265.5,326
REGION XI (DAVAO REGION),DAVAO ORIENTAL,Male,Self-Care Disability,Moderate,298,300265.5,99
REGION XI (DAVAO REGION),DAVAO ORIENTAL,Male,Self-Care Disability,Severe,338,300265.5,112
REGION XI (DAVAO REGION),DAVAO ORIENTAL,Male,Visual Disability,Mild,13398,300265.5,4462
REGION XI (DAVAO REGION),DAVAO ORIENTAL,Male,Visual Disability,Moderate,1144,300265.5,380
REGION XI (DAVAO REGION),DAVAO ORIENTAL,Male,Visual Disability,Severe,169,300265.5,56
REGION XII (SOCCSKSARGEN),COTABATO (NORTH COTABATO),Female,Cognitive Disability,Mild,9397,763574.5,1230
REGION XII (SOCCSKSARGEN),COTABATO (NORTH COTABATO),Female,Cognitive Disability,Moderate,1189,763574.5,155
REGION XII (SOCCSKSARGEN),COTABATO (NORTH COTABATO),Female,Cognitive Disability,Severe,347,763574.5,45
REGION XII (SOCCSKSARGEN),COTABATO (NORTH COTABATO),Female,Communication Disability,Mild,2401,763574.5,314
REGION XII (SOCCSKSARGEN),COTABATO (NORTH COTABATO),Female,Communication Disability,Moderate,885,763574.5,115
REGION XII (SOCCSKSARGEN),COTABATO (NORTH COTABATO),Female,Communication Disability,Severe,655,763574.5,85
REGION XII (SOCCSKSARGEN),COTABATO (NORTH COTABATO),Female,Hearing Disability,Mild,9063,763574.5,1186
REGION XII (SOCCSKSARGEN),COTABATO (NORTH COTABATO),Female,Hearing Disability,Moderate,1166,763574.5,152
REGION XII (SOCCSKSARGEN),COTABATO (NORTH COTABATO),Female,Hearing Disability,Severe,273,763574.5,35
REGION XII (SOCCSKSARGEN),COTABATO (NORTH COTABATO),Female,Mobility Disability,Mild,8416,763574.5,1102
REGION XII (SOCCSKSARGEN),COTABATO (NORTH COTABATO),Female,Mobility Disability,Moderate,1446,763574.5,189
REGION XII (SOCCSKSARGEN),COTABATO (NORTH COTABATO),Female,Mobility Disability,Severe,762,763574.5,99
REGION XII (SOCCSKSARGEN),COTABATO (NORTH COTABATO),Female,Self-Care Disability,Mild,2639,763574.5,345
REGION XII (SOCCSKSARGEN),COTABATO (NORTH COTABATO),Female,Self-Care Disability,Moderate,801,763574.5,104
REGION XII (SOCCSKSARGEN),COTABATO (NORTH COTABATO),Female,Self-Care Disability,Severe,842,763574.5,110
REGION XII (SOCCSKSARGEN),COTABATO (NORTH COTABATO),Female,Visual Disability,Mild,34295,763574.5,4491
REGION XII (SOCCSKSARGEN),COTABATO (NORTH COTABATO),Female,Visual Disability,Moderate,2399,763574.5,314
REGION XII (SOCCSKSARGEN),COTABATO (NORTH COTABATO),Female,Visual Disability,Severe,382,763574.5,50
REGION XII (SOCCSKSARGEN),COTABATO (NORTH COTABATO),Male,Cognitive Disability,Mild,7275,763574.5,952
REGION XII (SOCCSKSARGEN),COTABATO (NORTH COTABATO),Male,Cognitive Disability,Moderate,987,763574.5,129
REGION XII (SOCCSKSARGEN),COTABATO (NORTH COTABATO),Male,Cognitive Disability,Severe,367,763574.5,48
REGION XII (SOCCSKSARGEN),COTABATO (NORTH COTABATO),Male,Communication Disability,Mild,2442,763574.5,319
REGION XII (SOCCSKSARGEN),COTABATO (NORTH COTABATO),Male,Communication Disability,Moderate,856,763574.5,112
REGION XII (SOCCSKSARGEN),COTABATO (NORTH COTABATO),Male,Communication Disability,Severe,753,763574.5,98
REGION XII (SOCCSKSARGEN),COTABATO (NORTH COTABATO),Male,Hearing Disability,Mild,8293,763574.5,1086
REGION XII (SOCCSKSARGEN),COTABATO (NORTH COTABATO),Male,Hearing Disability,Moderate,1073,763574.5,140
REGION XII (SOCCSKSARGEN),COTABATO (NORTH COTABATO),Male,Hearing Disability,Severe,322,763574.5,42
REGION XII (SOCCSKSARGEN),COTABATO (NORTH COTABATO),Male,Mobility Disability,Mild,8189,763574.5,1072
REGION XII (SOCCSKSARGEN),COTABATO (NORTH COTABATO),Male,Mobility Disability,Moderate,1638,763574.5,214
REGION XII (SOCCSKSARGEN),COTABATO (NORTH COTABATO),Male,Mobility Disability,Severe,765,763574.5,100
REGION XII (SOCCSKSARGEN),COTABATO (NORTH COTABATO),Male,Self-Care Disability,Mild,2457,763574.5,321
REGION XII (SOCCSKSARGEN),COTABATO (NORTH COTABATO),Male,Self-Care Disability,Moderate,776,763574.5,101
REGION XII (SOCCSKSARGEN),COTABATO (NORTH COTABATO),Male,Self-Care Disability,Severe,887,763574.5,116
REGION XII (SOCCSKSARGEN),COTABATO (NORTH COTABATO),Male,Visual Disability,Mild,27524,763574.5,3604
REGION XII (SOCCSKSARGEN),COTABATO (NORTH COTABATO),Male,Visual Disability,Moderate,1874,763574.5,245
REGION XII (SOCCSKSARGEN),COTABATO (NORTH COTABATO),Male,Visual Disability,Severe,376,763574.5,49
REGION XII (SOCCSKSARGEN),SARANGANI,Female,Cognitive Disability,Mild,29879,291895.5,10236
REGION XII (SOCCSKSARGEN),SARANGANI,Female,Cognitive Disability,Moderate,3476,291895.5,1190
REGION XII (SOCCSKSARGEN),SARANGANI,Female,Cognitive Disability,Severe,1048,291895.5,359
REGION XII (SOCCSKSARGEN),SARANGANI,Female,Communication Disability,Mild,5867,291895.5,2009
REGION XII (SOCCSKSARGEN),SARANGANI,Female,Communication Disability,Moderate,2484,291895.5,850
REGION XII (SOCCSKSARGEN),SARANGANI,Female,Communication Disability,Severe,2043,291895.5,699
REGION XII (SOCCSKSARGEN),SARANGANI,Female,Hearing Disability,Mild,25753,291895.5,8822
REGION XII (SOCCSKSARGEN),SARANGANI,Female,Hearing Disability,Moderate,3560,291895.5,1219
REGION XII (SOCCSKSARGEN),SARANGANI,Female,Hearing Disability,Severe,983,291895.5,336
REGION XII (SOCCSKSARGEN),SARANGANI,Female,Mobility Disability,Mild,22070,291895.5,7560
REGION XII (SOCCSKSARGEN),SARANGANI,Female,Mobility Disability,Moderate,4586,291895.5,1571
REGION XII (SOCCSKSARGEN),SARANGANI,Female,Mobility Disability,Severe,2434,291895.5,833
REGION XII (SOCCSKSARGEN),SARANGANI,Female,Self-Care Disability,Mild,6074,291895.5,2080
REGION XII (SOCCSKSARGEN),SARANGANI,Female,Self-Care Disability,Moderate,2151,291895.5,736
REGION XII (SOCCSKSARGEN),SARANGANI,Female,Self-Care Disability,Severe,2684,291895.5,919
REGION XII (SOCCSKSARGEN),SARANGANI,Female,Visual Disability,Mild,93685,291895.5,32095
REGION XII (SOCCSKSARGEN),SARANGANI,Female,Visual Disability,Moderate,6989,291895.5,2394
REGION XII (SOCCSKSARGEN),SARANGANI,Female,Visual Disability,Severe,1101,291895.5,377
REGION XII (SOCCSKSARGEN),SARANGANI,Male,Cognitive Disability,Mild,23030,291895.5,7889
REGION XII (SOCCSKSARGEN),SARANGANI,Male,Cognitive Disability,Moderate,2854,291895.5,977
REGION XII (SOCCSKSARGEN),SARANGANI,Male,Cognitive Disability,Severe,941,291895.5,322
REGION XII (SOCCSKSARGEN),SARANGANI,Male,Communication Disability,Mild,6116,291895.5,2095
REGION XII (SOCCSKSARGEN),SARANGANI,Male,Communication Disability,Moderate,2590,291895.5,887
REGION XII (SOCCSKSARGEN),SARANGANI,Male,Communication Disability,Severe,2171,291895.5,743
REGION XII (SOCCSKSARGEN),SARANGANI,Male,Hearing Disability,Mild,25296,291895.5,8666
REGION XII (SOCCSKSARGEN),SARANGANI,Male,Hearing Disability,Moderate,3663,291895.5,1254
REGION XII (SOCCSKSARGEN),SARANGANI,Male,Hearing Disability,Severe,1091,291895.5,373
REGION XII (SOCCSKSARGEN),SARANGANI,Male,Mobility Disability,Mild,20962,291895.5,7181
REGION XII (SOCCSKSARGEN),SARANGANI,Male,Mobility Disability,Moderate,4848,291895.5,1660
REGION XII (SOCCSKSARGEN),SARANGANI,Male,Mobility Disability,Severe,2214,291895.5,758
REGION XII (SOCCSKSARGEN),SARANGANI,Male,Self-Care Disability,Mild,5635,291895.5,1930
REGION XII (SOCCSKSARGEN),SARANGANI,Male,Self-Care Disability,Moderate,2049,291895.5,701
REGION XII (SOCCSKSARGEN),SARANGANI,Male,Self-Care Disability,Severe,2525,291895.5,865
REGION XII (SOCCSKSARGEN),SARANGANI,Male,Visual Disability,Mild,75303,291895.5,25797
REGION XII (SOCCSKSARGEN),SARANGANI,Male,Visual Disability,Moderate,5639,291895.5,1931
REGION XII (SOCCSKSARGEN),SARANGANI,Male,Visual Disability,Severe,915,291895.5,313
REGION XII (SOCCSKSARGEN),SOUTH COTABATO,Female,Cognitive Disability,Mild,10245,822128.0,1246
REGION XII (SOCCSKSARGEN),SOUTH COTABATO,Female,Cognitive Disability,Moderate,1320,822128.0,160
REGION XII (SOCCSKSARGEN),SOUTH COTABATO,Female,Cognitive Disability,Severe,463,822128.0,56
REGION XII (SOCCSKSARGEN),SOUTH COTABATO,Female,Communication Disability,Mild,2381,822128.0,289
REGION XII (SOCCSKSARGEN),SOUTH COTABATO,Female,Communication Disability,Moderate,904,822128.0,109
REGION XII (SOCCSKSARGEN),SOUTH COTABATO,Female,Communication Disability,Severe,855,822128.0,103
REGION XII (SOCCSKSARGEN),SOUTH COTABATO,Female,Hearing Disability,Mild,9627,822128.0,1170
REGION XII (SOCCSKSARGEN),SOUTH COTABATO,Female,Hearing Disability,Moderate,1172,822128.0,142
REGION XII (SOCCSKSARGEN),SOUTH COTABATO,Female,Hearing Disability,Severe,380,822128.0,46
REGION XII (SOCCSKSARGEN),SOUTH COTABATO,Female,Mobility Disability,Mild,8609,822128.0,1047
REGION XII (SOCCSKSARGEN),SOUTH COTABATO,Female,Mobility Disability,Moderate,1774,822128.0,215
REGION XII (SOCCSKSARGEN),SOUTH COTABATO,Female,Mobility Disability,Severe,1064,822128.0,129
REGION XII (SOCCSKSARGEN),SOUTH COTABATO,Female,Self-Care Disability,Mild,2755,822128.0,335
REGION XII (SOCCSKSARGEN),SOUTH COTABATO,Female,Self-Care Disability,Moderate,913,822128.0,111
REGION XII (SOCCSKSARGEN),SOUTH COTABATO,Female,Self-Care Disability,Severe,1184,822128.0,144
REGION XII (SOCCSKSARGEN),SOUTH COTABATO,Female,Visual Disability,Mild,45904,822128.0,5583
REGION XII (SOCCSKSARGEN),SOUTH COTABATO,Female,Visual Disability,Moderate,2996,822128.0,364
REGION XII (SOCCSKSARGEN),SOUTH COTABATO,Female,Visual Disability,Severe,457,822128.0,55
REGION XII (SOCCSKSARGEN),SOUTH COTABATO,Male,Cognitive Disability,Mild,7514,822128.0,913
REGION XII (SOCCSKSARGEN),SOUTH COTABATO,Male,Cognitive Disability,Moderate,1058,822128.0,128
REGION XII (SOCCSKSARGEN),SOUTH COTABATO,Male,Cognitive Disability,Severe,425,822128.0,51
REGION XII (SOCCSKSARGEN),SOUTH COTABATO,Male,Communication Disability,Mild,2432,822128.0,295
REGION XII (SOCCSKSARGEN),SOUTH COTABATO,Male,Communication Disability,Moderate,973,822128.0,118
REGION XII (SOCCSKSARGEN),SOUTH COTABATO,Male,Communication Disability,Severe,890,822128.0,108
REGION XII (SOCCSKSARGEN),SOUTH COTABATO,Male,Hearing Disability,Mild,8189,822128.0,996
REGION XII (SOCCSKSARGEN),SOUTH COTABATO,Male,Hearing Disability,Moderate,1094,822128.0,133
REGION XII (SOCCSKSARGEN),SOUTH COTABATO,Male,Hearing Disability,Severe,380,822128.0,46
REGION XII (SOCCSKSARGEN),SOUTH COTABATO,Male,Mobility Disability,Mild,8460,822128.0,1029
REGION XII (SOCCSKSARGEN),SOUTH COTABATO,Male,Mobility Disability,Moderate,1911,822128.0,232
REGION XII (SOCCSKSARGEN),SOUTH COTABATO,Male,Mobility Disability,Severe,907,822128.0,110
REGION XII (SOCCSKSARGEN),SOUTH COTABATO,Male,Self-Care Disability,Mild,2581,822128.0,313
REGION XII (SOCCSKSARGEN),SOUTH COTABATO,Male,Self-Care Disability,Moderate,858,822128.0,104
REGION XII (SOCCSKSARGEN),SOUTH COTABATO,Male,Self-Care Disability,Severe,1132,822128.0,137
REGION XII (SOCCSKSARGEN),SOUTH COTABATO,Male,Visual Disability,Mild,33665,822128.0,4094
REGION XII (SOCCSKSARGEN),SOUTH COTABATO,Male,Visual Disability,Moderate,2186,822128.0,265
REGION XII (SOCCSKSARGEN),SOUTH COTABATO,Male,Visual Disability,Severe,376,822128.0,45
REGION XII (SOCCSKSARGEN),SULTAN KUDARAT,Female,Cognitive Disability,Mild,8146,427620.5,1904
REGION XII (SOCCSKSARGEN),SULTAN KUDARAT,Female,Cognitive Disability,Moderate,650,427620.5,152
REGION XII (SOCCSKSARGEN),SULTAN KUDARAT,Female,Cognitive Disability,Severe,126,427620.5,29
REGION XII (SOCCSKSARGEN),SULTAN KUDARAT,Female,Communication Disability,Mild,1706,427620.5,398
REGION XII (SOCCSKSARGEN),SULTAN KUDARAT,Female,Communication Disability,Moderate,374,427620.5,87
REGION XII (SOCCSKSARGEN),SULTAN KUDARAT,Female,Communication Disability,Severe,293,427620.5,68
REGION XII (SOCCSKSARGEN),SULTAN KUDARAT,Female,Hearing Disability,Mild,6068,427620.5,1419
REGION XII (SOCCSKSARGEN),SULTAN KUDARAT,Female,Hearing Disability,Moderate,583,427620.5,136
REGION XII (SOCCSKSARGEN),SULTAN KUDARAT,Female,Hearing Disability,Severe,129,427620.5,30
REGION XII (SOCCSKSARGEN),SULTAN KUDARAT,Female,Mobility Disability,Mild,5553,427620.5,1298
REGION XII (SOCCSKSARGEN),SULTAN KUDARAT,Female,Mobility Disability,Moderate,837,427620.5,195
REGION XII (SOCCSKSARGEN),SULTAN KUDARAT,Female,Mobility Disability,Severe,408,427620.5,95
REGION XII (SOCCSKSARGEN),SULTAN KUDARAT,Female,Self-Care Disability,Mild,1987,427620.5,464
REGION XII (SOCCSKSARGEN),SULTAN KUDARAT,Female,Self-Care Disability,Moderate,454,427620.5,106
REGION XII (SOCCSKSARGEN),SULTAN KUDARAT,Female,Self-Care Disability,Severe,417,427620.5,97
REGION XII (SOCCSKSARGEN),SULTAN KUDARAT,Female,Visual Disability,Mild,19534,427620.5,4568
REGION XII (SOCCSKSARGEN),SULTAN KUDARAT,Female,Visual Disability,Moderate,1143,427620.5,267
REGION XII (SOCCSKSARGEN),SULTAN KUDARAT,Female,Visual Disability,Severe,175,427620.5,40
REGION XII (SOCCSKSARGEN),SULTAN KUDARAT,Male,Cognitive Disability,Mild,6504,427620.5,1520
REGION XII (SOCCSKSARGEN),SULTAN KUDARAT,Male,Cognitive Disability,Moderate,507,427620.5,118
REGION XII (SOCCSKSARGEN),SULTAN KUDARAT,Male,Cognitive Disability,Severe,143,427620.5,33
REGION XII (SOCCSKSARGEN),SULTAN KUDARAT,Male,Communication Disability,Mild,1571,427620.5,367
REGION XII (SOCCSKSARGEN),SULTAN KUDARAT,Male,Communication Disability,Moderate,402,427620.5,94
REGION XII (SOCCSKSARGEN),SULTAN KUDARAT,Male,Communication Disability,Severe,303,427620.5,70
REGION XII (SOCCSKSARGEN),SULTAN KUDARAT,Male,Hearing Disability,Mild,5469,427620.5,1278
REGION XII (SOCCSKSARGEN),SULTAN KUDARAT,Male,Hearing Disability,Moderate,527,427620.5,123
REGION XII (SOCCSKSARGEN),SULTAN KUDARAT,Male,Hearing Disability,Severe,151,427620.5,35
REGION XII (SOCCSKSARGEN),SULTAN KUDARAT,Male,Mobility Disability,Mild,5604,427620.5,1310
REGION XII (SOCCSKSARGEN),SULTAN KUDARAT,Male,Mobility Disability,Moderate,921,427620.5,215
REGION XII (SOCCSKSARGEN),SULTAN KUDARAT,Male,Mobility Disability,Severe,347,427620.5,81
REGION XII (SOCCSKSARGEN),SULTAN KUDARAT,Male,Self-Care Disability,Mild,1842,427620.5,430
REGION XII (SOCCSKSARGEN),SULTAN KUDARAT,Male,Self-Care Disability,Moderate,416,427620.5,97
REGION XII (SOCCSKSARGEN),SULTAN KUDARAT,Male,Self-Care Disability,Severe,361,427620.5,84
REGION XII (SOCCSKSARGEN),SULTAN KUDARAT,Male,Visual Disability,Mild,16867,427620.5,3944
REGION XII (SOCCSKSARGEN),SULTAN KUDARAT,Male,Visual Disability,Moderate,938,427620.5,219
REGION XII (SOCCSKSARGEN),SULTAN KUDARAT,Male,Visual Disability,Severe,159,427620.5,37
Region I (Ilocos Region),ILOCOS NORTE,Female,Cognitive Disability,Mild,4044,306710.5,1318
Region I (Ilocos Region),ILOCOS NORTE,Female,Cognitive Disability,Moderate,695,306710.5,226
Region I (Ilocos Region),ILOCOS NORTE,Female,Cognitive Disability,Severe,239,306710.5,77
Region I (Ilocos Region),ILOCOS NORTE,Female,Communication Disability,Mild,1284,306710.5,418
Region I (Ilocos Region),ILOCOS NORTE,Female,Communication Disability,Moderate,495,306710.5,161
Region I (Ilocos Region),ILOCOS NORTE,Female,Communication Disability,Severe,374,306710.5,121
Region I (Ilocos Region),ILOCOS NORTE,Female,Hearing Disability,Mild,5982,306710.5,1950
Region I (Ilocos Region),ILOCOS NORTE,Female,Hearing Disability,Moderate,975,306710.5,317
Region I (Ilocos Region),ILOCOS NORTE,Female,Hearing Disability,Severe,198,306710.5,64
Region I (Ilocos Region),ILOCOS NORTE,Female,Mobility Disability,Mild,5830,306710.5,1900
Region I (Ilocos Region),ILOCOS NORTE,Female,Mobility Disability,Moderate,1247,306710.5,406
Region I (Ilocos Region),ILOCOS NORTE,Female,Mobility Disability,Severe,752,306710.5,245
Region I (Ilocos Region),ILOCOS NORTE,Female,Self-Care Disability,Mild,1271,306710.5,414
Region I (Ilocos Region),ILOCOS NORTE,Female,Self-Care Disability,Moderate,513,306710.5,167
Region I (Ilocos Region),ILOCOS NORTE,Female,Self-Care Disability,Severe,838,306710.5,273
Region I (Ilocos Region),ILOCOS NORTE,Female,Visual Disability,Mild,17191,306710.5,5604
Region I (Ilocos Region),ILOCOS NORTE,Female,Visual Disability,Moderate,1379,306710.5,449
Region I (Ilocos Region),ILOCOS NORTE,Female,Visual Disability,Severe,371,306710.5,120
Region I (Ilocos Region),ILOCOS NORTE,Male,Cognitive Disability,Mild,2520,306710.5,821
Region I (Ilocos Region),ILOCOS NORTE,Male,Cognitive Disability,Moderate,414,306710.5,134
Region I (Ilocos Region),ILOCOS NORTE,Male,Cognitive Disability,Severe,175,306710.5,57
Region I (Ilocos Region),ILOCOS NORTE,Male,Communication Disability,Mild,1022,306710.5,333
Region I (Ilocos Region),ILOCOS NORTE,Male,Communication Disability,Moderate,435,306710.5,141
Region I (Ilocos Region),ILOCOS NORTE,Male,Communication Disability,Severe,371,306710.5,120
Region I (Ilocos Region),ILOCOS NORTE,Male,Hearing Disability,Mild,4478,306710.5,1460
Region I (Ilocos Region),ILOCOS NORTE,Male,Hearing Disability,Moderate,760,306710.5,247
Region I (Ilocos Region),ILOCOS NORTE,Male,Hearing Disability,Severe,245,306710.5,79
Region I (Ilocos Region),ILOCOS NORTE,Male,Mobility Disability,Mild,4113,306710.5,1341
Region I (Ilocos Region),ILOCOS NORTE,Male,Mobility Disability,Moderate,1002,306710.5,326
Region I (Ilocos Region),ILOCOS NORTE,Male,Mobility Disability,Severe,559,306710.5,182
Region I (Ilocos Region),ILOCOS NORTE,Male,Self-Care Disability,Mild,871,306710.5,283
Region I (Ilocos Region),ILOCOS NORTE,Male,Self-Care Disability,Moderate,417,306710.5,135
Region I (Ilocos Region),ILOCOS NORTE,Male,Self-Care Disability,Severe,630,306710.5,205
Region I (Ilocos Region),ILOCOS NORTE,Male,Visual Disability,Mild,11883,306710.5,3874
Region I (Ilocos Region),ILOCOS NORTE,Male,Visual Disability,Moderate,938,306710.5,305
Region I (Ilocos Region),ILOCOS NORTE,Male,Visual Disability,Severe,302,306710.5,98
Region I (Ilocos Region),ILOCOS SUR,Female,Cognitive Disability,Mild,5974,357905.0,1669
Region I (Ilocos Region),ILOCOS SUR,Female,Cognitive Disability,Moderate,936,357905.0,261
Region I (Ilocos Region),ILOCOS SUR,Female,Cognitive Disability,Severe,309,357905.0,86
Region I (Ilocos Region),ILOCOS SUR,Female,Communication Disability,Mild,1551,357905.0,433
Region I (Ilocos Region),ILOCOS SUR,Female,Communication Disability,Moderate,631,357905.0,176
Region I (Ilocos Region),ILOCOS SUR,Female,Communication Disability,Severe,442,357905.0,123
Region I (Ilocos Region),ILOCOS SUR,Female,Hearing Disability,Mild,9881,357905.0,2760
Region I (Ilocos Region),ILOCOS SUR,Female,Hearing Disability,Moderate,1565,357905.0,437
Region I (Ilocos Region),ILOCOS SUR,Female,Hearing Disability,Severe,256,357905.0,71
Region I (Ilocos Region),ILOCOS SUR,Female,Mobility Disability,Mild,9070,357905.0,2534
Region I (Ilocos Region),ILOCOS SUR,Female,Mobility Disability,Moderate,1742,357905.0,486
Region I (Ilocos Region),ILOCOS SUR,Female,Mobility Disability,Severe,896,357905.0,250
Region I (Ilocos Region),ILOCOS SUR,Female,Self-Care Disability,Mild,1749,357905.0,488
Region I (Ilocos Region),ILOCOS SUR,Female,Self-Care Disability,Moderate,636,357905.0,177
Region I (Ilocos Region),ILOCOS SUR,Female,Self-Care Disability,Severe,1031,357905.0,288
Region I (Ilocos Region),ILOCOS SUR,Female,Visual Disability,Mild,32724,357905.0,9143
Region I (Ilocos Region),ILOCOS SUR,Female,Visual Disability,Moderate,2421,357905.0,676
Region I (Ilocos Region),ILOCOS SUR,Female,Visual Disability,Severe,441,357905.0,123
Region I (Ilocos Region),ILOCOS SUR,Male,Cognitive Disability,Mild,3822,357905.0,1067
Region I (Ilocos Region),ILOCOS SUR,Male,Cognitive Disability,Moderate,632,357905.0,176
Region I (Ilocos Region),ILOCOS SUR,Male,Cognitive Disability,Severe,223,357905.0,62
Region I (Ilocos Region),ILOCOS SUR,Male,Communication Disability,Mild,1170,357905.0,326
Region I (Ilocos Region),ILOCOS SUR,Male,Communication Disability,Moderate,547,357905.0,152
Region I (Ilocos Region),ILOCOS SUR,Male,Communication Disability,Severe,472,357905.0,131
Region I (Ilocos Region),ILOCOS SUR,Male,Hearing Disability,Mild,7730,357905.0,2159
Region I (Ilocos Region),ILOCOS SUR,Male,Hearing Disability,Moderate,1169,357905.0,326
Region I (Ilocos Region),ILOCOS SUR,Male,Hearing Disability,Severe,243,357905.0,67
Region I (Ilocos Region),ILOCOS SUR,Male,Mobility Disability,Mild,6824,357905.0,1906
Region I (Ilocos Region),ILOCOS SUR,Male,Mobility Disability,Moderate,1405,357905.0,392
Region I (Ilocos Region),ILOCOS SUR,Male,Mobility Disability,Severe,642,357905.0,179
Region I (Ilocos Region),ILOCOS SUR,Male,Self-Care Disability,Mild,1253,357905.0,350
Region I (Ilocos Region),ILOCOS SUR,Male,Self-Care Disability,Moderate,537,357905.0,150
Region I (Ilocos Region),ILOCOS SUR,Male,Self-Care Disability,Severe,728,357905.0,203
Region I (Ilocos Region),ILOCOS SUR,Male,Visual Disability,Mild,24085,357905.0,6729
Region I (Ilocos Region),ILOCOS SUR,Male,Visual Disability,Moderate,1714,357905.0,478
Region I (Ilocos Region),ILOCOS SUR,Male,Visual Disability,Severe,341,357905.0,95
Region I (Ilocos Region),LA UNION,Female,Cognitive Disability,Mild,5515,414097.0,1331
Region I (Ilocos Region),LA UNION,Female,Cognitive Disability,Moderate,968,414097.0,233
Region I (Ilocos Region),LA UNION,Female,Cognitive Disability,Severe,363,414097.0,87
Region I (Ilocos Region),LA UNION,Female,Communication Disability,Mild,1387,414097.0,334
Region I (Ilocos Region),LA UNION,Female,Communication Disability,Moderate,709,414097.0,171
Region I (Ilocos Region),LA UNION,Female,Communication Disability,Severe,626,414097.0,151
Region I (Ilocos Region),LA UNION,Female,Hearing Disability,Mild,8747,414097.0,2112
Region I (Ilocos Region),LA UNION,Female,Hearing Disability,Moderate,1402,414097.0,338
Region I (Ilocos Region),LA UNION,Female,Hearing Disability,Severe,364,414097.0,87
Region I (Ilocos Region),LA UNION,Female,Mobility Disability,Mild,7731,414097.0,1866
Region I (Ilocos Region),LA UNION,Female,Mobility Disability,Moderate,1564,414097.0,377
Region I (Ilocos Region),LA UNION,Female,Mobility Disability,Severe,928,414097.0,224
Region I (Ilocos Region),LA UNION,Female,Self-Care Disability,Mild,1550,414097.0,374
Region I (Ilocos Region),LA UNION,Female,Self-Care Disability,Moderate,660,414097.0,159
Region I (Ilocos Region),LA UNION,Female,Self-Care Disability,Severe,1095,414097.0,264
Region I (Ilocos Region),LA UNION,Female,Visual Disability,Mild,30745,414097.0,7424
Region I (Ilocos Region),LA UNION,Female,Visual Disability,Moderate,2198,414097.0,530
Region I (Ilocos Region),LA UNION,Female,Visual Disability,Severe,494,414097.0,119
Region I (Ilocos Region),LA UNION,Male,Cognitive Disability,Mild,3571,414097.0,862
Region I (Ilocos Region),LA UNION,Male,Cognitive Disability,Moderate,577,414097.0,139
Region I (Ilocos Region),LA UNION,Male,Cognitive Disability,Severe,281,414097.0,67
Region I (Ilocos Region),LA UNION,Male,Communication Disability,Mild,1273,414097.0,307
Region I (Ilocos Region),LA UNION,Male,Communication Disability,Moderate,570,414097.0,137
Region I (Ilocos Region),LA UNION,Male,Communication Disability,Severe,605,414097.0,146
Region I (Ilocos Region),LA UNION,Male,Hearing Disability,Mild,6975,414097.0,1684
Region I (Ilocos Region),LA UNION,Male,Hearing Disability,Moderate,1047,414097.0,252
Region I (Ilocos Region),LA UNION,Male,Hearing Disability,Severe,334,414097.0,80
Region I (Ilocos Region),LA UNION,Male,Mobility Disability,Mild,6191,414097.0,1495
Region I (Ilocos Region),LA UNION,Male,Mobility Disability,Moderate,1366,414097.0,329
Region I (Ilocos Region),LA UNION,Male,Mobility Disability,Severe,723,414097.0,174
Region I (Ilocos Region),LA UNION,Male,Self-Care Disability,Mild,1194,414097.0,288
Region I (Ilocos Region),LA UNION,Male,Self-Care Disability,Moderate,504,414097.0,121
Region I (Ilocos Region),LA UNION,Male,Self-Care Disability,Severe,777,414097.0,187
Region I (Ilocos Region),LA UNION,Male,Visual Disability,Mild,22371,414097.0,5402
Region I (Ilocos Region),LA UNION,Male,Visual Disability,Moderate,1545,414097.0,373
Region I (Ilocos Region),LA UNION,Male,Visual Disability,Severe,383,414097.0,92
Region I (Ilocos Region),PANGASINAN,Female,Cognitive Disability,Mild,19088,1556691.0,1226
Region I (Ilocos Region),PANGASINAN,Female,Cognitive Disability,Moderate,2829,1556691.0,181
Region I (Ilocos Region),PANGASINAN,Female,Cognitive Disability,Severe,967,1556691.0,62
Region I (Ilocos Region),PANGASINAN,Female,Communication Disability,Mild,5741,1556691.0,368
Region I (Ilocos Region),PANGASINAN,Female,Communication Disability,Moderate,2373,1556691.0,152
Region I (Ilocos Region),PANGASINAN,Female,Communication Disability,Severe,2033,1556691.0,130
Region I (Ilocos Region),PANGASINAN,Female,Hearing Disability,Mild,31439,1556691.0,2019
Region I (Ilocos Region),PANGASINAN,Female,Hearing Disability,Moderate,4247,1556691.0,272
Region I (Ilocos Region),PANGASINAN,Female,Hearing Disability,Severe,915,1556691.0,58
Region I (Ilocos Region),PANGASINAN,Female,Mobility Disability,Mild,27740,1556691.0,1781
Region I (Ilocos Region),PANGASINAN,Female,Mobility Disability,Moderate,5221,1556691.0,335
Region I (Ilocos Region),PANGASINAN,Female,Mobility Disability,Severe,2641,1556691.0,169
Region I (Ilocos Region),PANGASINAN,Female,Self-Care Disability,Mild,6542,1556691.0,420
Region I (Ilocos Region),PANGASINAN,Female,Self-Care Disability,Moderate,2211,1556691.0,142
Region I (Ilocos Region),PANGASINAN,Female,Self-Care Disability,Severe,2944,1556691.0,189
Region I (Ilocos Region),PANGASINAN,Female,Visual Disability,Mild,125784,1556691.0,8080
Region I (Ilocos Region),PANGASINAN,Female,Visual Disability,Moderate,7561,1556691.0,485
Region I (Ilocos Region),PANGASINAN,Female,Visual Disability,Severe,1564,1556691.0,100
Region I (Ilocos Region),PANGASINAN,Male,Cognitive Disability,Mild,12087,1556691.0,776
Region I (Ilocos Region),PANGASINAN,Male,Cognitive Disability,Moderate,1952,1556691.0,125
Region I (Ilocos Region),PANGASINAN,Male,Cognitive Disability,Severe,839,1556691.0,53
Region I (Ilocos Region),PANGASINAN,Male,Communication Disability,Mild,5403,1556691.0,347
Region I (Ilocos Region),PANGASINAN,Male,Communication Disability,Moderate,2134,1556691.0,137
Region I (Ilocos Region),PANGASINAN,Male,Communication Disability,Severe,1962,1556691.0,126
Region I (Ilocos Region),PANGASINAN,Male,Hearing Disability,Mild,24635,1556691.0,1582
Region I (Ilocos Region),PANGASINAN,Male,Hearing Disability,Moderate,3248,1556691.0,208
Region I (Ilocos Region),PANGASINAN,Male,Hearing Disability,Severe,927,1556691.0,59
Region I (Ilocos Region),PANGASINAN,Male,Mobility Disability,Mild,21495,1556691.0,1380
Region I (Ilocos Region),PANGASINAN,Male,Mobility Disability,Moderate,4347,1556691.0,279
Region I (Ilocos Region),PANGASINAN,Male,Mobility Disability,Severe,2096,1556691.0,134
Region I (Ilocos Region),PANGASINAN,Male,Self-Care Disability,Mild,4946,1556691.0,317
Region I (Ilocos Region),PANGASINAN,Male,Self-Care Disability,Moderate,1764,1556691.0,113
Region I (Ilocos Region),PANGASINAN,Male,Self-Care Disability,Severe,2307,1556691.0,148
Region I (Ilocos Region),PANGASINAN,Male,Visual Disability,Mild,93475,1556691.0,6004
Region I (Ilocos Region),PANGASINAN,Male,Visual Disability,Moderate,5304,1556691.0,340
Region I (Ilocos Region),PANGASINAN,Male,Visual Disability,Severe,1197,1556691.0,76
Region II (Cagayan Valley),BATANES,Female,Cognitive Disability,Mild,124,8937.0,1387
Region II (Cagayan Valley),BATANES,Female,Cognitive Disability,Moderate,26,8937.0,290
Region II (Cagayan Valley),BATANES,Female,Cognitive Disability,Severe,3,8937.0,33
Region II (Cagayan Valley),BATANES,Female,Communication Disability,Mild,35,8937.0,391
Region II (Cagayan Valley),BATANES,Female,Communication Disability,Moderate,18,8937.0,201
Region II (Cagayan Valley),BATANES,Female,Communication Disability,Severe,7,8937.0,78
Region II (Cagayan Valley),BATANES,Female,Hearing Disability,Mild,200,8937.0,2237
Region II (Cagayan Valley),BATANES,Female,Hearing Disability,Moderate,48,8937.0,537
Region II (Cagayan Valley),BATANES,Female,Hearing Disability,Severe,9,8937.0,100
Region II (Cagayan Valley),BATANES,Female,Mobility Disability,Mild,214,8937.0,2394
Region II (Cagayan Valley),BATANES,Female,Mobility Disability,Moderate,53,8937.0,593
Region II (Cagayan Valley),BATANES,Female,Mobility Disability,Severe,31,8937.0,346
Region II (Cagayan Valley),BATANES,Female,Self-Care Disability,Mild,34,8937.0,380
Region II (Cagayan Valley),BATANES,Female,Self-Care Disability,Moderate,12,8937.0,134
Region II (Cagayan Valley),BATANES,Female,Self-Care Disability,Severe,21,8937.0,234
Region II (Cagayan Valley),BATANES,Female,Visual Disability,Mild,479,8937.0,5359
Region II (Cagayan Valley),BATANES,Female,Visual Disability,Moderate,51,8937.0,570
Region II (Cagayan Valley),BATANES,Female,Visual Disability,Severe,13,8937.0,145
Region II (Cagayan Valley),BATANES,Male,Cognitive Disability,Mild,80,8937.0,895
Region II (Cagayan Valley),BATANES,Male,Cognitive Disability,Moderate,19,8937.0,212
Region II (Cagayan Valley),BATANES,Male,Cognitive Disability,Severe,11,8937.0,123
Region II (Cagayan Valley),BATANES,Male,Communication Disability,Mild,49,8937.0,548
Region II (Cagayan Valley),BATANES,Male,Communication Disability,Moderate,22,8937.0,246
Region II (Cagayan Valley),BATANES,Male,Communication Disability,Severe,15,8937.0,167
Region II (Cagayan Valley),BATANES,Male,Hearing Disability,Mild,186,8937.0,2081
Region II (Cagayan Valley),BATANES,Male,Hearing Disability,Moderate,32,8937.0,358
Region II (Cagayan Valley),BATANES,Male,Hearing Disability,Severe,10,8937.0,111
Region II (Cagayan Valley),BATANES,Male,Mobility Disability,Mild,159,8937.0,1779
Region II (Cagayan Valley),BATANES,Male,Mobility Disability,Moderate,34,8937.0,380
Region II (Cagayan Valley),BATANES,Male,Mobility Disability,Severe,26,8937.0,290
Region II (Cagayan Valley),BATANES,Male,Self-Care Disability,Mild,39,8937.0,436
Region II (Cagayan Valley),BATANES,Male,Self-Care Disability,Moderate,8,8937.0,89
Region II (Cagayan Valley),BATANES,Male,Self-Care Disability,Severe,20,8937.0,223
Region II (Cagayan Valley),BATANES,Male,Visual Disability,Mild,378,8937.0,4229
Region II (Cagayan Valley),BATANES,Male,Visual Disability,Moderate,26,8937.0,290
Region II (Cagayan Valley),BATANES,Male,Visual Disability,Severe,3,8937.0,33
Region II (Cagayan Valley),CAGAYAN,Female,Cognitive Disability,Mild,10764,636661.0,1690
Region II (Cagayan Valley),CAGAYAN,Female,Cognitive Disability,Moderate,1483,636661.0,232
Region II (Cagayan Valley),CAGAYAN,Female,Cognitive Disability,Severe,499,636661.0,78
Region II (Cagayan Valley),CAGAYAN,Female,Communication Disability,Mild,2620,636661.0,411
Region II (Cagayan Valley),CAGAYAN,Female,Communication Disability,Moderate,994,636661.0,156
Region II (Cagayan Valley),CAGAYAN,Female,Communication Disability,Severe,885,636661.0,139
Region II (Cagayan Valley),CAGAYAN,Female,Hearing Disability,Mild,14827,636661.0,2328
Region II (Cagayan Valley),CAGAYAN,Female,Hearing Disability,Moderate,2194,636661.0,344
Region II (Cagayan Valley),CAGAYAN,Female,Hearing Disability,Severe,513,636661.0,80
Region II (Cagayan Valley),CAGAYAN,Female,Mobility Disability,Mild,13118,636661.0,2060
Region II (Cagayan Valley),CAGAYAN,Female,Mobility Disability,Moderate,2409,636661.0,378
Region II (Cagayan Valley),CAGAYAN,Female,Mobility Disability,Severe,1168,636661.0,183
Region II (Cagayan Valley),CAGAYAN,Female,Self-Care Disability,Mild,3090,636661.0,485
Region II (Cagayan Valley),CAGAYAN,Female,Self-Care Disability,Moderate,984,636661.0,154
Region II (Cagayan Valley),CAGAYAN,Female,Self-Care Disability,Severe,1311,636661.0,205
Region II (Cagayan Valley),CAGAYAN,Female,Visual Disability,Mild,53819,636661.0,8453
Region II (Cagayan Valley),CAGAYAN,Female,Visual Disability,Moderate,3769,636661.0,591
Region II (Cagayan Valley),CAGAYAN,Female,Visual Disability,Severe,802,636661.0,125
Region II (Cagayan Valley),CAGAYAN,Male,Cognitive Disability,Mild,7288,636661.0,1144
Region II (Cagayan Valley),CAGAYAN,Male,Cognitive Disability,Moderate,976,636661.0,153
Region II (Cagayan Valley),CAGAYAN,Male,Cognitive Disability,Severe,353,636661.0,55
Region II (Cagayan Valley),CAGAYAN,Male,Communication Disability,Mild,2170,636661.0,340
Region II (Cagayan Valley),CAGAYAN,Male,Communication Disability,Moderate,775,636661.0,121
Region II (Cagayan Valley),CAGAYAN,Male,Communication Disability,Severe,834,636661.0,130
Region II (Cagayan Valley),CAGAYAN,Male,Hearing Disability,Mild,12435,636661.0,1953
Region II (Cagayan Valley),CAGAYAN,Male,Hearing Disability,Moderate,1829,636661.0,287
Region II (Cagayan Valley),CAGAYAN,Male,Hearing Disability,Severe,503,636661.0,79
Region II (Cagayan Valley),CAGAYAN,Male,Mobility Disability,Mild,10398,636661.0,1633
Region II (Cagayan Valley),CAGAYAN,Male,Mobility Disability,Moderate,2074,636661.0,325
Region II (Cagayan Valley),CAGAYAN,Male,Mobility Disability,Severe,865,636661.0,135
Region II (Cagayan Valley),CAGAYAN,Male,Self-Care Disability,Mild,2472,636661.0,388
Region II (Cagayan Valley),CAGAYAN,Male,Self-Care Disability,Moderate,738,636661.0,115
Region II (Cagayan Valley),CAGAYAN,Male,Self-Care Disability,Severe,1023,636661.0,160
Region II (Cagayan Valley),CAGAYAN,Male,Visual Disability,Mild,39465,636661.0,6198
Region II (Cagayan Valley),CAGAYAN,Male,Visual Disability,Moderate,2578,636661.0,404
Region II (Cagayan Valley),CAGAYAN,Male,Visual Disability,Severe,563,636661.0,88
Region II (Cagayan Valley),ISABELA,Female,Cognitive Disability,Mild,14390,842869.5,1707
Region II (Cagayan Valley),ISABELA,Female,Cognitive Disability,Moderate,1815,842869.5,215
Region II (Cagayan Valley),ISABELA,Female,Cognitive Disability,Severe,493,842869.5,58
Region II (Cagayan Valley),ISABELA,Female,Communication Disability,Mild,3266,842869.5,387
Region II (Cagayan Valley),ISABELA,Female,Communication Disability,Moderate,1338,842869.5,158
Region II (Cagayan Valley),ISABELA,Female,Communication Disability,Severe,1145,842869.5,135
Region II (Cagayan Valley),ISABELA,Female,Hearing Disability,Mild,19058,842869.5,2261
Region II (Cagayan Valley),ISABELA,Female,Hearing Disability,Moderate,2641,842869.5,313
Region II (Cagayan Valley),ISABELA,Female,Hearing Disability,Severe,518,842869.5,61
Region II (Cagayan Valley),ISABELA,Female,Mobility Disability,Mild,17394,842869.5,2063
Region II (Cagayan Valley),ISABELA,Female,Mobility Disability,Moderate,3012,842869.5,357
Region II (Cagayan Valley),ISABELA,Female,Mobility Disability,Severe,1282,842869.5,152
Region II (Cagayan Valley),ISABELA,Female,Self-Care Disability,Mild,3305,842869.5,392
Region II (Cagayan Valley),ISABELA,Female,Self-Care Disability,Moderate,1005,842869.5,119
Region II (Cagayan Valley),ISABELA,Female,Self-Care Disability,Severe,1349,842869.5,160
Region II (Cagayan Valley),ISABELA,Female,Visual Disability,Mild,79501,842869.5,9432
Region II (Cagayan Valley),ISABELA,Female,Visual Disability,Moderate,5314,842869.5,630
Region II (Cagayan Valley),ISABELA,Female,Visual Disability,Severe,920,842869.5,109
Region II (Cagayan Valley),ISABELA,Male,Cognitive Disability,Mild,9721,842869.5,1153
Region II (Cagayan Valley),ISABELA,Male,Cognitive Disability,Moderate,1221,842869.5,144
Region II (Cagayan Valley),ISABELA,Male,Cognitive Disability,Severe,473,842869.5,56
Region II (Cagayan Valley),ISABELA,Male,Communication Disability,Mild,3163,842869.5,375
Region II (Cagayan Valley),ISABELA,Male,Communication Disability,Moderate,1171,842869.5,138
Region II (Cagayan Valley),ISABELA,Male,Communication Disability,Severe,1139,842869.5,135
Region II (Cagayan Valley),ISABELA,Male,Hearing Disability,Mild,15793,842869.5,1873
Region II (Cagayan Valley),ISABELA,Male,Hearing Disability,Moderate,2258,842869.5,267
Region II (Cagayan Valley),ISABELA,Male,Hearing Disability,Severe,604,842869.5,71
Region II (Cagayan Valley),ISABELA,Male,Mobility Disability,Mild,14317,842869.5,1698
Region II (Cagayan Valley),ISABELA,Male,Mobility Disability,Moderate,2784,842869.5,330
Region II (Cagayan Valley),ISABELA,Male,Mobility Disability,Severe,1198,842869.5,142
Region II (Cagayan Valley),ISABELA,Male,Self-Care Disability,Mild,2604,842869.5,308
Region II (Cagayan Valley),ISABELA,Male,Self-Care Disability,Moderate,956,842869.5,113
Region II (Cagayan Valley),ISABELA,Male,Self-Care Disability,Severe,1233,842869.5,146
Region II (Cagayan Valley),ISABELA,Male,Visual Disability,Mild,62288,842869.5,7389
Region II (Cagayan Valley),ISABELA,Male,Visual Disability,Moderate,3697,842869.5,438
Region II (Cagayan Valley),ISABELA,Male,Visual Disability,Severe,756,842869.5,89
Region II (Cagayan Valley),NUEVA VIZCAYA,Female,Cognitive Disability,Mild,4109,241447.0,1701
Region II (Cagayan Valley),NUEVA VIZCAYA,Female,Cognitive Disability,Moderate,624,241447.0,258
Region II (Cagayan Valley),NUEVA VIZCAYA,Female,Cognitive Disability,Severe,167,241447.0,69
Region II (Cagayan Valley),NUEVA VIZCAYA,Female,Communication Disability,Mild,957,241447.0,396
Region II (Cagayan Valley),NUEVA VIZCAYA,Female,Communication Disability,Moderate,408,241447.0,168
Region II (Cagayan Valley),NUEVA VIZCAYA,Female,Communication Disability,Severe,287,241447.0,118
Region II (Cagayan Valley),NUEVA VIZCAYA,Female,Hearing Disability,Mild,5768,241447.0,2388
Region II (Cagayan Valley),NUEVA VIZCAYA,Female,Hearing Disability,Moderate,832,241447.0,344
Region II (Cagayan Valley),NUEVA VIZCAYA,Female,Hearing Disability,Severe,145,241447.0,60
Region II (Cagayan Valley),NUEVA VIZCAYA,Female,Mobility Disability,Mild,5699,241447.0,2360
Region II (Cagayan Valley),NUEVA VIZCAYA,Female,Mobility Disability,Moderate,1032,241447.0,427
Region II (Cagayan Valley),NUEVA VIZCAYA,Female,Mobility Disability,Severe,439,241447.0,181
Region II (Cagayan Valley),NUEVA VIZCAYA,Female,Self-Care Disability,Mild,1166,241447.0,482
Region II (Cagayan Valley),NUEVA VIZCAYA,Female,Self-Care Disability,Moderate,384,241447.0,159
Region II (Cagayan Valley),NUEVA VIZCAYA,Female,Self-Care Disability,Severe,537,241447.0,222
Region II (Cagayan Valley),NUEVA VIZCAYA,Female,Visual Disability,Mild,18832,241447.0,7799
Region II (Cagayan Valley),NUEVA VIZCAYA,Female,Visual Disability,Moderate,1401,241447.0,580
Region II (Cagayan Valley),NUEVA VIZCAYA,Female,Visual Disability,Severe,220,241447.0,91
Region II (Cagayan Valley),NUEVA VIZCAYA,Male,Cognitive Disability,Mild,3105,241447.0,1285
Region II (Cagayan Valley),NUEVA VIZCAYA,Male,Cognitive Disability,Moderate,479,241447.0,198
Region II (Cagayan Valley),NUEVA VIZCAYA,Male,Cognitive Disability,Severe,135,241447.0,55
Region II (Cagayan Valley),NUEVA VIZCAYA,Male,Communication Disability,Mild,935,241447.0,387
Region II (Cagayan Valley),NUEVA VIZCAYA,Male,Communication Disability,Moderate,368,241447.0,152
Region II (Cagayan Valley),NUEVA VIZCAYA,Male,Communication Disability,Severe,316,241447.0,130
Region II (Cagayan Valley),NUEVA VIZCAYA,Male,Hearing Disability,Mild,4870,241447.0,2017
Region II (Cagayan Valley),NUEVA VIZCAYA,Male,Hearing Disability,Moderate,692,241447.0,286
Region II (Cagayan Valley),NUEVA VIZCAYA,Male,Hearing Disability,Severe,175,241447.0,72
Region II (Cagayan Valley),NUEVA VIZCAYA,Male,Mobility Disability,Mild,4675,241447.0,1936
Region II (Cagayan Valley),NUEVA VIZCAYA,Male,Mobility Disability,Moderate,925,241447.0,383
Region II (Cagayan Valley),NUEVA VIZCAYA,Male,Mobility Disability,Severe,387,241447.0,160
Region II (Cagayan Valley),NUEVA VIZCAYA,Male,Self-Care Disability,Mild,963,241447.0,398
Region II (Cagayan Valley),NUEVA VIZCAYA,Male,Self-Care Disability,Moderate,363,241447.0,150
Region II (Cagayan Valley),NUEVA VIZCAYA,Male,Self-Care Disability,Severe,498,241447.0,206
Region II (Cagayan Valley),NUEVA VIZCAYA,Male,Visual Disability,Mild,14467,241447.0,5991
Region II (Cagayan Valley),NUEVA VIZCAYA,Male,Visual Disability,Moderate,961,241447.0,398
Region II (Cagayan Valley),NUEVA VIZCAYA,Male,Visual Disability,Severe,160,241447.0,66
Region II (Cagayan Valley),QUIRINO,Female,Cognitive Disability,Mild,1461,98958.5,1476
Region II (Cagayan Valley),QUIRINO,Female,Cognitive Disability,Moderate,177,98958.5,178
Region II (Cagayan Valley),QUIRINO,Female,Cognitive Disability,Severe,41,98958.5,41
Region II (Cagayan Valley),QUIRINO,Female,Communication Disability,Mild,286,98958.5,289
Region II (Cagayan Valley),QUIRINO,Female,Communication Disability,Moderate,129,98958.5,130
Region II (Cagayan Valley),QUIRINO,Female,Communication Disability,Severe,87,98958.5,87
Region II (Cagayan Valley),QUIRINO,Female,Hearing Disability,Mild,1909,98958.5,1929
Region II (Cagayan Valley),QUIRINO,Female,Hearing Disability,Moderate,270,98958.5,272
Region II (Cagayan Valley),QUIRINO,Female,Hearing Disability,Severe,64,98958.5,64
Region II (Cagayan Valley),QUIRINO,Female,Mobility Disability,Mild,1822,98958.5,1841
Region II (Cagayan Valley),QUIRINO,Female,Mobility Disability,Moderate,284,98958.5,286
Region II (Cagayan Valley),QUIRINO,Female,Mobility Disability,Severe,125,98958.5,126
Region II (Cagayan Valley),QUIRINO,Female,Self-Care Disability,Mild,274,98958.5,276
Region II (Cagayan Valley),QUIRINO,Female,Self-Care Disability,Moderate,110,98958.5,111
Region II (Cagayan Valley),QUIRINO,Female,Self-Care Disability,Severe,142,98958.5,143
Region II (Cagayan Valley),QUIRINO,Female,Visual Disability,Mild,5347,98958.5,5403
Region II (Cagayan Valley),QUIRINO,Female,Visual Disability,Moderate,320,98958.5,323
Region II (Cagayan Valley),QUIRINO,Female,Visual Disability,Severe,75,98958.5,75
Region II (Cagayan Valley),QUIRINO,Male,Cognitive Disability,Mild,1056,98958.5,1067
Region II (Cagayan Valley),QUIRINO,Male,Cognitive Disability,Moderate,178,98958.5,179
Region II (Cagayan Valley),QUIRINO,Male,Cognitive Disability,Severe,44,98958.5,44
Region II (Cagayan Valley),QUIRINO,Male,Communication Disability,Mild,276,98958.5,278
Region II (Cagayan Valley),QUIRINO,Male,Communication Disability,Moderate,162,98958.5,163
Region II (Cagayan Valley),QUIRINO,Male,Communication Disability,Severe,124,98958.5,125
Region II (Cagayan Valley),QUIRINO,Male,Hearing Disability,Mild,1765,98958.5,1783
Region II (Cagayan Valley),QUIRINO,Male,Hearing Disability,Moderate,282,98958.5,284
Region II (Cagayan Valley),QUIRINO,Male,Hearing Disability,Severe,58,98958.5,58
Region II (Cagayan Valley),QUIRINO,Male,Mobility Disability,Mild,1601,98958.5,1617
Region II (Cagayan Valley),QUIRINO,Male,Mobility Disability,Moderate,334,98958.5,337
Region II (Cagayan Valley),QUIRINO,Male,Mobility Disability,Severe,147,98958.5,148
Region II (Cagayan Valley),QUIRINO,Male,Self-Care Disability,Mild,260,98958.5,262
Region II (Cagayan Valley),QUIRINO,Male,Self-Care Disability,Moderate,132,98958.5,133
Region II (Cagayan Valley),QUIRINO,Male,Self-Care Disability,Severe,151,98958.5,152
Region II (Cagayan Valley),QUIRINO,Male,Visual Disability,Mild,4498,98958.5,4545
Region II (Cagayan Valley),QUIRINO,Male,Visual Disability,Moderate,292,98958.5,295
Region II (Cagayan Valley),QUIRINO,Male,Visual Disability,Severe,60,98958.5,60
Region III (Central Luzon),AURORA,Female,Cognitive Disability,Mild,1287,113765.0,1131
Region III (Central Luzon),AURORA,Female,Cognitive Disability,Moderate,192,113765.0,168
Region III (Central Luzon),AURORA,Female,Cognitive Disability,Severe,69,113765.0,60
Region III (Central Luzon),AURORA,Female,Communication Disability,Mild,339,113765.0,297
Region III (Central Luzon),AURORA,Female,Communication Disability,Moderate,143,113765.0,125
Region III (Central Luzon),AURORA,Female,Communication Disability,Severe,141,113765.0,123
Region III (Central Luzon),AURORA,Female,Hearing Disability,Mild,1678,113765.0,1474
Region III (Central Luzon),AURORA,Female,Hearing Disability,Moderate,206,113765.0,181
Region III (Central Luzon),AURORA,Female,Hearing Disability,Severe,64,113765.0,56
Region III (Central Luzon),AURORA,Female,Mobility Disability,Mild,1540,113765.0,1353
Region III (Central Luzon),AURORA,Female,Mobility Disability,Moderate,309,113765.0,271
Region III (Central Luzon),AURORA,Female,Mobility Disability,Severe,182,113765.0,159
Region III (Central Luzon),AURORA,Female,Self-Care Disability,Mild,345,113765.0,303
Region III (Central Luzon),AURORA,Female,Self-Care Disability,Moderate,124,113765.0,108
Region III (Central Luzon),AURORA,Female,Self-Care Disability,Severe,175,113765.0,153
Region III (Central Luzon),AURORA,Female,Visual Disability,Mild,5189,113765.0,4561
Region III (Central Luzon),AURORA,Female,Visual Disability,Moderate,340,113765.0,298
Region III (Central Luzon),AURORA,Female,Visual Disability,Severe,81,113765.0,71
Region III (Central Luzon),AURORA,Male,Cognitive Disability,Mild,936,113765.0,822
Region III (Central Luzon),AURORA,Male,Cognitive Disability,Moderate,150,113765.0,131
Region III (Central Luzon),AURORA,Male,Cognitive Disability,Severe,66,113765.0,58
Region III (Central Luzon),AURORA,Male,Communication Disability,Mild,372,113765.0,326
Region III (Central Luzon),AURORA,Male,Communication Disability,Moderate,154,113765.0,135
Region III (Central Luzon),AURORA,Male,Communication Disability,Severe,137,113765.0,120
Region III (Central Luzon),AURORA,Male,Hearing Disability,Mild,1491,113765.0,1310
Region III (Central Luzon),AURORA,Male,Hearing Disability,Moderate,190,113765.0,167
Region III (Central Luzon),AURORA,Male,Hearing Disability,Severe,65,113765.0,57
Region III (Central Luzon),AURORA,Male,Mobility Disability,Mild,1421,113765.0,1249
Region III (Central Luzon),AURORA,Male,Mobility Disability,Moderate,311,113765.0,273
Region III (Central Luzon),AURORA,Male,Mobility Disability,Severe,154,113765.0,135
Region III (Central Luzon),AURORA,Male,Self-Care Disability,Mild,314,113765.0,276
Region III (Central Luzon),AURORA,Male,Self-Care Disability,Moderate,120,113765.0,105
Region III (Central Luzon),AURORA,Male,Self-Care Disability,Severe,163,113765.0,143
Region III (Central Luzon),AURORA,Male,Visual Disability,Mild,4191,113765.0,3683
Region III (Central Luzon),AURORA,Male,Visual Disability,Moderate,263,113765.0,231
Region III (Central Luzon),AURORA,Male,Visual Disability,Severe,61,113765.0,53
Region III (Central Luzon),BATAAN,Female,Cognitive Disability,Mild,4345,418038.0,1039
Region III (Central Luzon),BATAAN,Female,Cognitive Disability,Moderate,536,418038.0,128
Region III (Central Luzon),BATAAN,Female,Cognitive Disability,Severe,166,418038.0,39
Region III (Central Luzon),BATAAN,Female,Communication Disability,Mild,1031,418038.0,246
Region III (Central Luzon),BATAAN,Female,Communication Disability,Moderate,498,418038.0,119
Region III (Central Luzon),BATAAN,Female,Communication Disability,Severe,414,418038.0,99
Region III (Central Luzon),BATAAN,Female,Hearing Disability,Mild,6088,418038.0,1456
Region III (Central Luzon),BATAAN,Female,Hearing Disability,Moderate,714,418038.0,170
Region III (Central Luzon),BATAAN,Female,Hearing Disability,Severe,228,418038.0,54
Region III (Central Luzon),BATAAN,Female,Mobility Disability,Mild,6287,418038.0,1503
Region III (Central Luzon),BATAAN,Female,Mobility Disability,Moderate,1307,418038.0,312
Region III (Central Luzon),BATAAN,Female,Mobility Disability,Severe,586,418038.0,140
Region III (Central Luzon),BATAAN,Female,Self-Care Disability,Mild,1340,418038.0,320
Region III (Central Luzon),BATAAN,Female,Self-Care Disability,Moderate,451,418038.0,107
Region III (Central Luzon),BATAAN,Female,Self-Care Disability,Severe,543,418038.0,129
Region III (Central Luzon),BATAAN,Female,Visual Disability,Mild,36427,418038.0,8713
Region III (Central Luzon),BATAAN,Female,Visual Disability,Moderate,2564,418038.0,613
Region III (Central Luzon),BATAAN,Female,Visual Disability,Severe,221,418038.0,52
Region III (Central Luzon),BATAAN,Male,Cognitive Disability,Mild,2449,418038.0,585
Region III (Central Luzon),BATAAN,Male,Cognitive Disability,Moderate,420,418038.0,100
Region III (Central Luzon),BATAAN,Male,Cognitive Disability,Severe,177,418038.0,42
Region III (Central Luzon),BATAAN,Male,Communication Disability,Mild,1011,418038.0,241
Region III (Central Luzon),BATAAN,Male,Communication Disability,Moderate,462,418038.0,110
Region III (Central Luzon),BATAAN,Male,Communication Disability,Severe,416,418038.0,99
Region III (Central Luzon),BATAAN,Male,Hearing Disability,Mild,4897,418038.0,1171
Region III (Central Luzon),BATAAN,Male,Hearing Disability,Moderate,593,418038.0,141
Region III (Central Luzon),BATAAN,Male,Hearing Disability,Severe,234,418038.0,55
Region III (Central Luzon),BATAAN,Male,Mobility Disability,Mild,5024,418038.0,1201
Region III (Central Luzon),BATAAN,Male,Mobility Disability,Moderate,1247,418038.0,298
Region III (Central Luzon),BATAAN,Male,Mobility Disability,Severe,495,418038.0,118
Region III (Central Luzon),BATAAN,Male,Self-Care Disability,Mild,991,418038.0,237
Region III (Central Luzon),BATAAN,Male,Self-Care Disability,Moderate,390,418038.0,93
Region III (Central Luzon),BATAAN,Male,Self-Care Disability,Severe,497,418038.0,118
Region III (Central Luzon),BATAAN,Male,Visual Disability,Mild,25478,418038.0,6094
Region III (Central Luzon),BATAAN,Male,Visual Disability,Moderate,1665,418038.0,398
Region III (Central Luzon),BATAAN,Male,Visual Disability,Severe,180,418038.0,43
Region III (Central Luzon),BULACAN,Female,Cognitive Disability,Mild,16317,1823339.5,894
Region III (Central Luzon),BULACAN,Female,Cognitive Disability,Moderate,2257,1823339.5,123
Region III (Central Luzon),BULACAN,Female,Cognitive Disability,Severe,747,1823339.5,40
Region III (Central Luzon),BULACAN,Female,Communication Disability,Mild,5322,1823339.5,291
Region III (Central Luzon),BULACAN,Female,Communication Disability,Moderate,2284,1823339.5,125
Region III (Central Luzon),BULACAN,Female,Communication Disability,Severe,1943,1823339.5,106
Region III (Central Luzon),BULACAN,Female,Hearing Disability,Mild,26029,1823339.5,1427
Region III (Central Luzon),BULACAN,Female,Hearing Disability,Moderate,2758,1823339.5,151
Region III (Central Luzon),BULACAN,Female,Hearing Disability,Severe,851,1823339.5,46
Region III (Central Luzon),BULACAN,Female,Mobility Disability,Mild,26572,1823339.5,1457
Region III (Central Luzon),BULACAN,Female,Mobility Disability,Moderate,5070,1823339.5,278
Region III (Central Luzon),BULACAN,Female,Mobility Disability,Severe,2363,1823339.5,129
Region III (Central Luzon),BULACAN,Female,Self-Care Disability,Mild,6019,1823339.5,330
Region III (Central Luzon),BULACAN,Female,Self-Care Disability,Moderate,1980,1823339.5,108
Region III (Central Luzon),BULACAN,Female,Self-Care Disability,Severe,2305,1823339.5,126
Region III (Central Luzon),BULACAN,Female,Visual Disability,Mild,163228,1823339.5,8952
Region III (Central Luzon),BULACAN,Female,Visual Disability,Moderate,10363,1823339.5,568
Region III (Central Luzon),BULACAN,Female,Visual Disability,Severe,1226,1823339.5,67
Region III (Central Luzon),BULACAN,Male,Cognitive Disability,Mild,10289,1823339.5,564
Region III (Central Luzon),BULACAN,Male,Cognitive Disability,Moderate,1792,1823339.5,98
Region III (Central Luzon),BULACAN,Male,Cognitive Disability,Severe,746,1823339.5,40
Region III (Central Luzon),BULACAN,Male,Communication Disability,Mild,5420,1823339.5,297
Region III (Central Luzon),BULACAN,Male,Communication Disability,Moderate,2217,1823339.5,121
Region III (Central Luzon),BULACAN,Male,Communication Disability,Severe,1929,1823339.5,105
Region III (Central Luzon),BULACAN,Male,Hearing Disability,Mild,21056,1823339.5,1154
Region III (Central Luzon),BULACAN,Male,Hearing Disability,Moderate,2257,1823339.5,123
Region III (Central Luzon),BULACAN,Male,Hearing Disability,Severe,837,1823339.5,45
Region III (Central Luzon),BULACAN,Male,Mobility Disability,Mild,20130,1823339.5,1104
Region III (Central Luzon),BULACAN,Male,Mobility Disability,Moderate,4603,1823339.5,252
Region III (Central Luzon),BULACAN,Male,Mobility Disability,Severe,1943,1823339.5,106
Region III (Central Luzon),BULACAN,Male,Self-Care Disability,Mild,4993,1823339.5,273
Region III (Central Luzon),BULACAN,Male,Self-Care Disability,Moderate,1678,1823339.5,92
Region III (Central Luzon),BULACAN,Male,Self-Care Disability,Severe,2014,1823339.5,110
Region III (Central Luzon),BULACAN,Male,Visual Disability,Mild,117298,1823339.5,6433
Region III (Central Luzon),BULACAN,Male,Visual Disability,Moderate,7130,1823339.5,391
Region III (Central Luzon),BULACAN,Male,Visual Disability,Severe,1014,1823339.5,55
Region III (Central Luzon),NUEVA ECIJA,Female,Cognitive Disability,Mild,12119,1177707.0,1029
Region III (Central Luzon),NUEVA ECIJA,Female,Cognitive Disability,Moderate,1584,1177707.0,134
Region III (Central Luzon),NUEVA ECIJA,Female,Cognitive Disability,Severe,563,1177707.0,47
Region III (Central Luzon),NUEVA ECIJA,Female,Communication Disability,Mild,4159,1177707.0,353
Region III (Central Luzon),NUEVA ECIJA,Female,Communication Disability,Moderate,1509,1177707.0,128
Region III (Central Luzon),NUEVA ECIJA,Female,Communication Disability,Severe,1282,1177707.0,108
Region III (Central Luzon),NUEVA ECIJA,Female,Hearing Disability,Mild,22521,1177707.0,1912
Region III (Central Luzon),NUEVA ECIJA,Female,Hearing Disability,Moderate,2323,1177707.0,197
Region III (Central Luzon),NUEVA ECIJA,Female,Hearing Disability,Severe,532,1177707.0,45
Region III (Central Luzon),NUEVA ECIJA,Female,Mobility Disability,Mild,21213,1177707.0,1801
Region III (Central Luzon),NUEVA ECIJA,Female,Mobility Disability,Moderate,3518,1177707.0,298
Region III (Central Luzon),NUEVA ECIJA,Female,Mobility Disability,Severe,1487,1177707.0,126
Region III (Central Luzon),NUEVA ECIJA,Female,Self-Care Disability,Mild,4907,1177707.0,416
Region III (Central Luzon),NUEVA ECIJA,Female,Self-Care Disability,Moderate,1478,1177707.0,125
Region III (Central Luzon),NUEVA ECIJA,Female,Self-Care Disability,Severe,1534,1177707.0,130
Region III (Central Luzon),NUEVA ECIJA,Female,Visual Disability,Mild,113012,1177707.0,9595
Region III (Central Luzon),NUEVA ECIJA,Female,Visual Disability,Moderate,5785,1177707.0,491
Region III (Central Luzon),NUEVA ECIJA,Female,Visual Disability,Severe,883,1177707.0,74
Region III (Central Luzon),NUEVA ECIJA,Male,Cognitive Disability,Mild,7434,1177707.0,631
Region III (Central Luzon),NUEVA ECIJA,Male,Cognitive Disability,Moderate,1206,1177707.0,102
Region III (Central Luzon),NUEVA ECIJA,Male,Cognitive Disability,Severe,493,1177707.0,41
Region III (Central Luzon),NUEVA ECIJA,Male,Communication Disability,Mild,3871,1177707.0,328
Region III (Central Luzon),NUEVA ECIJA,Male,Communication Disability,Moderate,1393,1177707.0,118
Region III (Central Luzon),NUEVA ECIJA,Male,Communication Disability,Severe,1215,1177707.0,103
Region III (Central Luzon),NUEVA ECIJA,Male,Hearing Disability,Mild,17537,1177707.0,1489
Region III (Central Luzon),NUEVA ECIJA,Male,Hearing Disability,Moderate,1810,1177707.0,153
Region III (Central Luzon),NUEVA ECIJA,Male,Hearing Disability,Severe,593,1177707.0,50
Region III (Central Luzon),NUEVA ECIJA,Male,Mobility Disability,Mild,15855,1177707.0,1346
Region III (Central Luzon),NUEVA ECIJA,Male,Mobility Disability,Moderate,3089,1177707.0,262
Region III (Central Luzon),NUEVA ECIJA,Male,Mobility Disability,Severe,1271,1177707.0,107
Region III (Central Luzon),NUEVA ECIJA,Male,Self-Care Disability,Mild,3995,1177707.0,339
Region III (Central Luzon),NUEVA ECIJA,Male,Self-Care Disability,Moderate,1243,1177707.0,105
Region III (Central Luzon),NUEVA ECIJA,Male,Self-Care Disability,Severe,1320,1177707.0,112
Region III (Central Luzon),NUEVA ECIJA,Male,Visual Disability,Mild,85439,1177707.0,7254
Region III (Central Luzon),NUEVA ECIJA,Male,Visual Disability,Moderate,4197,1177707.0,356
Region III (Central Luzon),NUEVA ECIJA,Male,Visual Disability,Severe,701,1177707.0,59
Region III (Central Luzon),PAMPANGA,Female,Cognitive Disability,Mild,8056,1446812.0,556
Region III (Central Luzon),PAMPANGA,Female,Cognitive Disability,Moderate,1082,1446812.0,74
Region III (Central Luzon),PAMPANGA,Female,Cognitive Disability,Severe,432,1446812.0,29
Region III (Central Luzon),PAMPANGA,Female,Communication Disability,Mild,3317,1446812.0,229
Region III (Central Luzon),PAMPANGA,Female,Communication Disability,Moderate,1335,1446812.0,92
Region III (Central Luzon),PAMPANGA,Female,Communication Disability,Severe,1367,1446812.0,94
Region III (Central Luzon),PAMPANGA,Female,Hearing Disability,Mild,13027,1446812.0,900
Region III (Central Luzon),PAMPANGA,Female,Hearing Disability,Moderate,1340,1446812.0,92
Region III (Central Luzon),PAMPANGA,Female,Hearing Disability,Severe,447,1446812.0,30
Region III (Central Luzon),PAMPANGA,Female,Mobility Disability,Mild,14290,1446812.0,987
Region III (Central Luzon),PAMPANGA,Female,Mobility Disability,Moderate,2249,1446812.0,155
Region III (Central Luzon),PAMPANGA,Female,Mobility Disability,Severe,1296,1446812.0,89
Region III (Central Luzon),PAMPANGA,Female,Self-Care Disability,Mild,3654,1446812.0,252
Region III (Central Luzon),PAMPANGA,Female,Self-Care Disability,Moderate,998,1446812.0,68
Region III (Central Luzon),PAMPANGA,Female,Self-Care Disability,Severe,1286,1446812.0,88
Region III (Central Luzon),PAMPANGA,Female,Visual Disability,Mild,69674,1446812.0,4815
Region III (Central Luzon),PAMPANGA,Female,Visual Disability,Moderate,3371,1446812.0,232
Region III (Central Luzon),PAMPANGA,Female,Visual Disability,Severe,1356,1446812.0,93
Region III (Central Luzon),PAMPANGA,Male,Cognitive Disability,Mild,5254,1446812.0,363
Region III (Central Luzon),PAMPANGA,Male,Cognitive Disability,Moderate,792,1446812.0,54
Region III (Central Luzon),PAMPANGA,Male,Cognitive Disability,Severe,390,1446812.0,26
Region III (Central Luzon),PAMPANGA,Male,Communication Disability,Mild,3541,1446812.0,244
Region III (Central Luzon),PAMPANGA,Male,Communication Disability,Moderate,1124,1446812.0,77
Region III (Central Luzon),PAMPANGA,Male,Communication Disability,Severe,1158,1446812.0,80
Region III (Central Luzon),PAMPANGA,Male,Hearing Disability,Mild,10043,1446812.0,694
Region III (Central Luzon),PAMPANGA,Male,Hearing Disability,Moderate,1023,1446812.0,70
Region III (Central Luzon),PAMPANGA,Male,Hearing Disability,Severe,450,1446812.0,31
Region III (Central Luzon),PAMPANGA,Male,Mobility Disability,Mild,11209,1446812.0,774
Region III (Central Luzon),PAMPANGA,Male,Mobility Disability,Moderate,2044,1446812.0,141
Region III (Central Luzon),PAMPANGA,Male,Mobility Disability,Severe,1061,1446812.0,73
Region III (Central Luzon),PAMPANGA,Male,Self-Care Disability,Mild,2965,1446812.0,204
Region III (Central Luzon),PAMPANGA,Male,Self-Care Disability,Moderate,830,1446812.0,57
Region III (Central Luzon),PAMPANGA,Male,Self-Care Disability,Severe,1057,1446812.0,73
Region III (Central Luzon),PAMPANGA,Male,Visual Disability,Mild,51545,1446812.0,3562
Region III (Central Luzon),PAMPANGA,Male,Visual Disability,Moderate,2465,1446812.0,170
Region III (Central Luzon),PAMPANGA,Male,Visual Disability,Severe,1264,1446812.0,87
Region III (Central Luzon),TARLAC,Female,Cognitive Disability,Mild,6248,730068.5,855
Region III (Central Luzon),TARLAC,Female,Cognitive Disability,Moderate,918,730068.5,125
Region III (Central Luzon),TARLAC,Female,Cognitive Disability,Severe,350,730068.5,47
Region III (Central Luzon),TARLAC,Female,Communication Disability,Mild,1942,730068.5,266
Region III (Central Luzon),TARLAC,Female,Communication Disability,Moderate,835,730068.5,114
Region III (Central Luzon),TARLAC,Female,Communication Disability,Severe,878,730068.5,120
Region III (Central Luzon),TARLAC,Female,Hearing Disability,Mild,10512,730068.5,1439
Region III (Central Luzon),TARLAC,Female,Hearing Disability,Moderate,1309,730068.5,179
Region III (Central Luzon),TARLAC,Female,Hearing Disability,Severe,361,730068.5,49
Region III (Central Luzon),TARLAC,Female,Mobility Disability,Mild,10092,730068.5,1382
Region III (Central Luzon),TARLAC,Female,Mobility Disability,Moderate,1631,730068.5,223
Region III (Central Luzon),TARLAC,Female,Mobility Disability,Severe,1000,730068.5,136
Region III (Central Luzon),TARLAC,Female,Self-Care Disability,Mild,2351,730068.5,322
Region III (Central Luzon),TARLAC,Female,Self-Care Disability,Moderate,774,730068.5,106
Region III (Central Luzon),TARLAC,Female,Self-Care Disability,Severe,1037,730068.5,142
Region III (Central Luzon),TARLAC,Female,Visual Disability,Mild,41794,730068.5,5724
Region III (Central Luzon),TARLAC,Female,Visual Disability,Moderate,2325,730068.5,318
Region III (Central Luzon),TARLAC,Female,Visual Disability,Severe,846,730068.5,115
Region III (Central Luzon),TARLAC,Male,Cognitive Disability,Mild,3826,730068.5,524
Region III (Central Luzon),TARLAC,Male,Cognitive Disability,Moderate,578,730068.5,79
Region III (Central Luzon),TARLAC,Male,Cognitive Disability,Severe,297,730068.5,40
Region III (Central Luzon),TARLAC,Male,Communication Disability,Mild,1962,730068.5,268
Region III (Central Luzon),TARLAC,Male,Communication Disability,Moderate,694,730068.5,95
Region III (Central Luzon),TARLAC,Male,Communication Disability,Severe,739,730068.5,101
Region III (Central Luzon),TARLAC,Male,Hearing Disability,Mild,8351,730068.5,1143
Region III (Central Luzon),TARLAC,Male,Hearing Disability,Moderate,1003,730068.5,137
Region III (Central Luzon),TARLAC,Male,Hearing Disability,Severe,314,730068.5,43
Region III (Central Luzon),TARLAC,Male,Mobility Disability,Mild,7982,730068.5,1093
Region III (Central Luzon),TARLAC,Male,Mobility Disability,Moderate,1526,730068.5,209
Region III (Central Luzon),TARLAC,Male,Mobility Disability,Severe,820,730068.5,112
Region III (Central Luzon),TARLAC,Male,Self-Care Disability,Mild,1817,730068.5,248
Region III (Central Luzon),TARLAC,Male,Self-Care Disability,Moderate,690,730068.5,94
Region III (Central Luzon),TARLAC,Male,Self-Care Disability,Severe,860,730068.5,117
Region III (Central Luzon),TARLAC,Male,Visual Disability,Mild,31343,730068.5,4293
Region III (Central Luzon),TARLAC,Male,Visual Disability,Moderate,1635,730068.5,223
Region III (Central Luzon),TARLAC,Male,Visual Disability,Severe,659,730068.5,90
Region III (Central Luzon),ZAMBALES,Female,Cognitive Disability,Mild,5630,447127.0,1259
Region III (Central Luzon),ZAMBALES,Female,Cognitive Disability,Moderate,782,447127.0,174
Region III (Central Luzon),ZAMBALES,Female,Cognitive Disability,Severe,267,447127.0,59
Region III (Central Luzon),ZAMBALES,Female,Communication Disability,Mild,1355,447127.0,303
Region III (Central Luzon),ZAMBALES,Female,Communication Disability,Moderate,593,447127.0,132
Region III (Central Luzon),ZAMBALES,Female,Communication Disability,Severe,478,447127.0,106
Region III (Central Luzon),ZAMBALES,Female,Hearing Disability,Mild,8558,447127.0,1913
Region III (Central Luzon),ZAMBALES,Female,Hearing Disability,Moderate,1088,447127.0,243
Region III (Central Luzon),ZAMBALES,Female,Hearing Disability,Severe,299,447127.0,66
Region III (Central Luzon),ZAMBALES,Female,Mobility Disability,Mild,8151,447127.0,1822
Region III (Central Luzon),ZAMBALES,Female,Mobility Disability,Moderate,1548,447127.0,346
Region III (Central Luzon),ZAMBALES,Female,Mobility Disability,Severe,815,447127.0,182
Region III (Central Luzon),ZAMBALES,Female,Self-Care Disability,Mild,1460,447127.0,326
Region III (Central Luzon),ZAMBALES,Female,Self-Care Disability,Moderate,612,447127.0,136
Region III (Central Luzon),ZAMBALES,Female,Self-Care Disability,Severe,862,447127.0,192
Region III (Central Luzon),ZAMBALES,Female,Visual Disability,Mild,41336,447127.0,9244
Region III (Central Luzon),ZAMBALES,Female,Visual Disability,Moderate,2678,447127.0,598
Region III (Central Luzon),ZAMBALES,Female,Visual Disability,Severe,284,447127.0,63
Region III (Central Luzon),ZAMBALES,Male,Cognitive Disability,Mild,3475,447127.0,777
Region III (Central Luzon),ZAMBALES,Male,Cognitive Disability,Moderate,585,447127.0,130
Region III (Central Luzon),ZAMBALES,Male,Cognitive Disability,Severe,220,447127.0,49
Region III (Central Luzon),ZAMBALES,Male,Communication Disability,Mild,1304,447127.0,291
Region III (Central Luzon),ZAMBALES,Male,Communication Disability,Moderate,606,447127.0,135
Region III (Central Luzon),ZAMBALES,Male,Communication Disability,Severe,515,447127.0,115
Region III (Central Luzon),ZAMBALES,Male,Hearing Disability,Mild,6928,447127.0,1549
Region III (Central Luzon),ZAMBALES,Male,Hearing Disability,Moderate,893,447127.0,199
Region III (Central Luzon),ZAMBALES,Male,Hearing Disability,Severe,281,447127.0,62
Region III (Central Luzon),ZAMBALES,Male,Mobility Disability,Mild,6109,447127.0,1366
Region III (Central Luzon),ZAMBALES,Male,Mobility Disability,Moderate,1415,447127.0,316
Region III (Central Luzon),ZAMBALES,Male,Mobility Disability,Severe,683,447127.0,152
Region III (Central Luzon),ZAMBALES,Male,Self-Care Disability,Mild,1210,447127.0,270
Region III (Central Luzon),ZAMBALES,Male,Self-Care Disability,Moderate,538,447127.0,120
Region III (Central Luzon),ZAMBALES,Male,Self-Care Disability,Severe,705,447127.0,157
Region III (Central Luzon),ZAMBALES,Male,Visual Disability,Mild,29867,447127.0,6679
Region III (Central Luzon),ZAMBALES,Male,Visual Disability,Moderate,1912,447127.0,427
Region III (Central Luzon),ZAMBALES,Male,Visual Disability,Severe,271,447127.0,60
Region IV-A (CALABARZON),BATANGAS,Female,Cognitive Disability,Mild,9761,1516865.0,643
Region IV-A (CALABARZON),BATANGAS,Female,Cognitive Disability,Moderate,1726,1516865.0,113
Region IV-A (CALABARZON),BATANGAS,Female,Cognitive Disability,Severe,741,1516865.0,48
Region IV-A (CALABARZON),BATANGAS,Female,Communication Disability,Mild,3983,1516865.0,262
Region IV-A (CALABARZON),BATANGAS,Female,Communication Disability,Moderate,1582,1516865.0,104
Region IV-A (CALABARZON),BATANGAS,Female,Communication Disability,Severe,1445,1516865.0,95
Region IV-A (CALABARZON),BATANGAS,Female,Hearing Disability,Mild,17643,1516865.0,1163
Region IV-A (CALABARZON),BATANGAS,Female,Hearing Disability,Moderate,2193,1516865.0,144
Region IV-A (CALABARZON),BATANGAS,Female,Hearing Disability,Severe,596,1516865.0,39
Region IV-A (CALABARZON),BATANGAS,Female,Mobility Disability,Mild,19804,1516865.0,1305
Region IV-A (CALABARZON),BATANGAS,Female,Mobility Disability,Moderate,3736,1516865.0,246
Region IV-A (CALABARZON),BATANGAS,Female,Mobility Disability,Severe,1956,1516865.0,128
Region IV-A (CALABARZON),BATANGAS,Female,Self-Care Disability,Mild,4193,1516865.0,276
Region IV-A (CALABARZON),BATANGAS,Female,Self-Care Disability,Moderate,1631,1516865.0,107
Region IV-A (CALABARZON),BATANGAS,Female,Self-Care Disability,Severe,2231,1516865.0,147
Region IV-A (CALABARZON),BATANGAS,Female,Visual Disability,Mild,89218,1516865.0,5881
Region IV-A (CALABARZON),BATANGAS,Female,Visual Disability,Moderate,5670,1516865.0,373
Region IV-A (CALABARZON),BATANGAS,Female,Visual Disability,Severe,936,1516865.0,61
Region IV-A (CALABARZON),BATANGAS,Male,Cognitive Disability,Mild,5938,1516865.0,391
Region IV-A (CALABARZON),BATANGAS,Male,Cognitive Disability,Moderate,1299,1516865.0,85
Region IV-A (CALABARZON),BATANGAS,Male,Cognitive Disability,Severe,671,1516865.0,44
Region IV-A (CALABARZON),BATANGAS,Male,Communication Disability,Mild,3864,1516865.0,254
Region IV-A (CALABARZON),BATANGAS,Male,Communication Disability,Moderate,1528,1516865.0,100
Region IV-A (CALABARZON),BATANGAS,Male,Communication Disability,Severe,1442,1516865.0,95
Region IV-A (CALABARZON),BATANGAS,Male,Hearing Disability,Mild,13464,1516865.0,887
Region IV-A (CALABARZON),BATANGAS,Male,Hearing Disability,Moderate,1708,1516865.0,112
Region IV-A (CALABARZON),BATANGAS,Male,Hearing Disability,Severe,625,1516865.0,41
Region IV-A (CALABARZON),BATANGAS,Male,Mobility Disability,Mild,15294,1516865.0,1008
Region IV-A (CALABARZON),BATANGAS,Male,Mobility Disability,Moderate,3359,1516865.0,221
Region IV-A (CALABARZON),BATANGAS,Male,Mobility Disability,Severe,1636,1516865.0,107
Region IV-A (CALABARZON),BATANGAS,Male,Self-Care Disability,Mild,3350,1516865.0,220
Region IV-A (CALABARZON),BATANGAS,Male,Self-Care Disability,Moderate,1539,1516865.0,101
Region IV-A (CALABARZON),BATANGAS,Male,Self-Care Disability,Severe,1994,1516865.0,131
Region IV-A (CALABARZON),BATANGAS,Male,Visual Disability,Mild,58757,1516865.0,3873
Region IV-A (CALABARZON),BATANGAS,Male,Visual Disability,Moderate,3547,1516865.0,233
Region IV-A (CALABARZON),BATANGAS,Male,Visual Disability,Severe,727,1516865.0,47
Region IV-A (CALABARZON),CAVITE,Female,Cognitive Disability,Mild,12632,2105433.0,599
Region IV-A (CALABARZON),CAVITE,Female,Cognitive Disability,Moderate,2170,2105433.0,103
Region IV-A (CALABARZON),CAVITE,Female,Cognitive Disability,Severe,859,2105433.0,40
Region IV-A (CALABARZON),CAVITE,Female,Communication Disability,Mild,5020,2105433.0,238
Region IV-A (CALABARZON),CAVITE,Female,Communication Disability,Moderate,2180,2105433.0,103
Region IV-A (CALABARZON),CAVITE,Female,Communication Disability,Severe,2134,2105433.0,101
Region IV-A (CALABARZON),CAVITE,Female,Hearing Disability,Mild,23066,2105433.0,1095
Region IV-A (CALABARZON),CAVITE,Female,Hearing Disability,Moderate,2596,2105433.0,123
Region IV-A (CALABARZON),CAVITE,Female,Hearing Disability,Severe,869,2105433.0,41
Region IV-A (CALABARZON),CAVITE,Female,Mobility Disability,Mild,23258,2105433.0,1104
Region IV-A (CALABARZON),CAVITE,Female,Mobility Disability,Moderate,4375,2105433.0,207
Region IV-A (CALABARZON),CAVITE,Female,Mobility Disability,Severe,2163,2105433.0,102
Region IV-A (CALABARZON),CAVITE,Female,Self-Care Disability,Mild,5446,2105433.0,258
Region IV-A (CALABARZON),CAVITE,Female,Self-Care Disability,Moderate,1916,2105433.0,91
Region IV-A (CALABARZON),CAVITE,Female,Self-Care Disability,Severe,2233,2105433.0,106
Region IV-A (CALABARZON),CAVITE,Female,Visual Disability,Mild,128364,2105433.0,6096
Region IV-A (CALABARZON),CAVITE,Female,Visual Disability,Moderate,7504,2105433.0,356
Region IV-A (CALABARZON),CAVITE,Female,Visual Disability,Severe,1133,2105433.0,53
Region IV-A (CALABARZON),CAVITE,Male,Cognitive Disability,Mild,7845,2105433.0,372
Region IV-A (CALABARZON),CAVITE,Male,Cognitive Disability,Moderate,1699,2105433.0,80
Region IV-A (CALABARZON),CAVITE,Male,Cognitive Disability,Severe,807,2105433.0,38
Region IV-A (CALABARZON),CAVITE,Male,Communication Disability,Mild,5129,2105433.0,243
Region IV-A (CALABARZON),CAVITE,Male,Communication Disability,Moderate,2199,2105433.0,104
Region IV-A (CALABARZON),CAVITE,Male,Communication Disability,Severe,2116,2105433.0,100
Region IV-A (CALABARZON),CAVITE,Male,Hearing Disability,Mild,17527,2105433.0,832
Region IV-A (CALABARZON),CAVITE,Male,Hearing Disability,Moderate,1921,2105433.0,91
Region IV-A (CALABARZON),CAVITE,Male,Hearing Disability,Severe,920,2105433.0,43
Region IV-A (CALABARZON),CAVITE,Male,Mobility Disability,Mild,17275,2105433.0,820
Region IV-A (CALABARZON),CAVITE,Male,Mobility Disability,Moderate,3937,2105433.0,186
Region IV-A (CALABARZON),CAVITE,Male,Mobility Disability,Severe,1837,2105433.0,87
Region IV-A (CALABARZON),CAVITE,Male,Self-Care Disability,Mild,4294,2105433.0,203
Region IV-A (CALABARZON),CAVITE,Male,Self-Care Disability,Moderate,1777,2105433.0,84
Region IV-A (CALABARZON),CAVITE,Male,Self-Care Disability,Severe,1979,2105433.0,93
Region IV-A (CALABARZON),CAVITE,Male,Visual Disability,Mild,88406,2105433.0,4198
Region IV-A (CALABARZON),CAVITE,Male,Visual Disability,Moderate,4903,2105433.0,232
Region IV-A (CALABARZON),CAVITE,Male,Visual Disability,Severe,1048,2105433.0,49
Region IV-A (CALABARZON),LAGUNA,Female,Cognitive Disability,Mild,12360,1671851.5,739
Region IV-A (CALABARZON),LAGUNA,Female,Cognitive Disability,Moderate,1627,1671851.5,97
Region IV-A (CALABARZON),LAGUNA,Female,Cognitive Disability,Severe,590,1671851.5,35
Region IV-A (CALABARZON),LAGUNA,Female,Communication Disability,Mild,4527,1671851.5,270
Region IV-A (CALABARZON),LAGUNA,Female,Communication Disability,Moderate,1720,1671851.5,102
Region IV-A (CALABARZON),LAGUNA,Female,Communication Disability,Severe,1515,1671851.5,90
Region IV-A (CALABARZON),LAGUNA,Female,Hearing Disability,Mild,19469,1671851.5,1164
Region IV-A (CALABARZON),LAGUNA,Female,Hearing Disability,Moderate,2011,1671851.5,120
Region IV-A (CALABARZON),LAGUNA,Female,Hearing Disability,Severe,639,1671851.5,38
Region IV-A (CALABARZON),LAGUNA,Female,Mobility Disability,Mild,19040,1671851.5,1138
Region IV-A (CALABARZON),LAGUNA,Female,Mobility Disability,Moderate,3306,1671851.5,197
Region IV-A (CALABARZON),LAGUNA,Female,Mobility Disability,Severe,1607,1671851.5,96
Region IV-A (CALABARZON),LAGUNA,Female,Self-Care Disability,Mild,5215,1671851.5,311
Region IV-A (CALABARZON),LAGUNA,Female,Self-Care Disability,Moderate,1485,1671851.5,88
Region IV-A (CALABARZON),LAGUNA,Female,Self-Care Disability,Severe,1672,1671851.5,100
Region IV-A (CALABARZON),LAGUNA,Female,Visual Disability,Mild,102578,1671851.5,6135
Region IV-A (CALABARZON),LAGUNA,Female,Visual Disability,Moderate,5472,1671851.5,327
Region IV-A (CALABARZON),LAGUNA,Female,Visual Disability,Severe,871,1671851.5,52
Region IV-A (CALABARZON),LAGUNA,Male,Cognitive Disability,Mild,8018,1671851.5,479
Region IV-A (CALABARZON),LAGUNA,Male,Cognitive Disability,Moderate,1235,1671851.5,73
Region IV-A (CALABARZON),LAGUNA,Male,Cognitive Disability,Severe,591,1671851.5,35
Region IV-A (CALABARZON),LAGUNA,Male,Communication Disability,Mild,4649,1671851.5,278
Region IV-A (CALABARZON),LAGUNA,Male,Communication Disability,Moderate,1554,1671851.5,92
Region IV-A (CALABARZON),LAGUNA,Male,Communication Disability,Severe,1408,1671851.5,84
Region IV-A (CALABARZON),LAGUNA,Male,Hearing Disability,Mild,14874,1671851.5,889
Region IV-A (CALABARZON),LAGUNA,Male,Hearing Disability,Moderate,1514,1671851.5,90
Region IV-A (CALABARZON),LAGUNA,Male,Hearing Disability,Severe,612,1671851.5,36
Region IV-A (CALABARZON),LAGUNA,Male,Mobility Disability,Mild,14884,1671851.5,890
Region IV-A (CALABARZON),LAGUNA,Male,Mobility Disability,Moderate,2986,1671851.5,178
Region IV-A (CALABARZON),LAGUNA,Male,Mobility Disability,Severe,1342,1671851.5,80
Region IV-A (CALABARZON),LAGUNA,Male,Self-Care Disability,Mild,4354,1671851.5,260
Region IV-A (CALABARZON),LAGUNA,Male,Self-Care Disability,Moderate,1267,1671851.5,75
Region IV-A (CALABARZON),LAGUNA,Male,Self-Care Disability,Severe,1491,1671851.5,89
Region IV-A (CALABARZON),LAGUNA,Male,Visual Disability,Mild,72256,1671851.5,4321
Region IV-A (CALABARZON),LAGUNA,Male,Visual Disability,Moderate,3632,1671851.5,217
Region IV-A (CALABARZON),LAGUNA,Male,Visual Disability,Severe,708,1671851.5,42
Region IV-A (CALABARZON),QUEZON,Female,Cognitive Disability,Mild,20337,1130016.5,1799
Region IV-A (CALABARZON),QUEZON,Female,Cognitive Disability,Moderate,2328,1130016.5,206
Region IV-A (CALABARZON),QUEZON,Female,Cognitive Disability,Severe,594,1130016.5,52
Region IV-A (CALABARZON),QUEZON,Female,Communication Disability,Mild,4193,1130016.5,371
Region IV-A (CALABARZON),QUEZON,Female,Communication Disability,Moderate,1791,1130016.5,158
Region IV-A (CALABARZON),QUEZON,Female,Communication Disability,Severe,1308,1130016.5,115
Region IV-A (CALABARZON),QUEZON,Female,Hearing Disability,Mild,21047,1130016.5,1862
Region IV-A (CALABARZON),QUEZON,Female,Hearing Disability,Moderate,2640,1130016.5,233
Region IV-A (CALABARZON),QUEZON,Female,Hearing Disability,Severe,660,1130016.5,58
Region IV-A (CALABARZON),QUEZON,Female,Mobility Disability,Mild,20891,1130016.5,1848
Region IV-A (CALABARZON),QUEZON,Female,Mobility Disability,Moderate,3834,1130016.5,339
Region IV-A (CALABARZON),QUEZON,Female,Mobility Disability,Severe,1711,1130016.5,151
Region IV-A (CALABARZON),QUEZON,Female,Self-Care Disability,Mild,4094,1130016.5,362
Region IV-A (CALABARZON),QUEZON,Female,Self-Care Disability,Moderate,1453,1130016.5,128
Region IV-A (CALABARZON),QUEZON,Female,Self-Care Disability,Severe,1797,1130016.5,159
Region IV-A (CALABARZON),QUEZON,Female,Visual Disability,Mild,91893,1130016.5,8132
Region IV-A (CALABARZON),QUEZON,Female,Visual Disability,Moderate,6254,1130016.5,553
Region IV-A (CALABARZON),QUEZON,Female,Visual Disability,Severe,736,1130016.5,65
Region IV-A (CALABARZON),QUEZON,Male,Cognitive Disability,Mild,12732,1130016.5,1126
Region IV-A (CALABARZON),QUEZON,Male,Cognitive Disability,Moderate,1621,1130016.5,143
Region IV-A (CALABARZON),QUEZON,Male,Cognitive Disability,Severe,594,1130016.5,52
Region IV-A (CALABARZON),QUEZON,Male,Communication Disability,Mild,4041,1130016.5,357
Region IV-A (CALABARZON),QUEZON,Male,Communication Disability,Moderate,1773,1130016.5,156
Region IV-A (CALABARZON),QUEZON,Male,Communication Disability,Severe,1355,1130016.5,119
Region IV-A (CALABARZON),QUEZON,Male,Hearing Disability,Mild,18071,1130016.5,1599
Region IV-A (CALABARZON),QUEZON,Male,Hearing Disability,Moderate,2357,1130016.5,208
Region IV-A (CALABARZON),QUEZON,Male,Hearing Disability,Severe,693,1130016.5,61
Region IV-A (CALABARZON),QUEZON,Male,Mobility Disability,Mild,17574,1130016.5,1555
Region IV-A (CALABARZON),QUEZON,Male,Mobility Disability,Moderate,3563,1130016.5,315
Region IV-A (CALABARZON),QUEZON,Male,Mobility Disability,Severe,1524,1130016.5,134
Region IV-A (CALABARZON),QUEZON,Male,Self-Care Disability,Mild,3286,1130016.5,290
Region IV-A (CALABARZON),QUEZON,Male,Self-Care Disability,Moderate,1310,1130016.5,115
Region IV-A (CALABARZON),QUEZON,Male,Self-Care Disability,Severe,1548,1130016.5,136
Region IV-A (CALABARZON),QUEZON,Male,Visual Disability,Mild,68259,1130016.5,6040
Region IV-A (CALABARZON),QUEZON,Male,Visual Disability,Moderate,4513,1130016.5,399
Region IV-A (CALABARZON),QUEZON,Male,Visual Disability,Severe,610,1130016.5,53
Region IV-A (CALABARZON),RIZAL,Female,Cognitive Disability,Mild,11675,1604479.5,727
Region IV-A (CALABARZON),RIZAL,Female,Cognitive Disability,Moderate,1645,1604479.5,102
Region IV-A (CALABARZON),RIZAL,Female,Cognitive Disability,Severe,646,1604479.5,40
Region IV-A (CALABARZON),RIZAL,Female,Communication Disability,Mild,3960,1604479.5,246
Region IV-A (CALABARZON),RIZAL,Female,Communication Disability,Moderate,1538,1604479.5,95
Region IV-A (CALABARZON),RIZAL,Female,Communication Disability,Severe,1470,1604479.5,91
Region IV-A (CALABARZON),RIZAL,Female,Hearing Disability,Mild,17160,1604479.5,1069
Region IV-A (CALABARZON),RIZAL,Female,Hearing Disability,Moderate,1873,1604479.5,116
Region IV-A (CALABARZON),RIZAL,Female,Hearing Disability,Severe,608,1604479.5,37
Region IV-A (CALABARZON),RIZAL,Female,Mobility Disability,Mild,16241,1604479.5,1012
Region IV-A (CALABARZON),RIZAL,Female,Mobility Disability,Moderate,2972,1604479.5,185
Region IV-A (CALABARZON),RIZAL,Female,Mobility Disability,Severe,1411,1604479.5,87
Region IV-A (CALABARZON),RIZAL,Female,Self-Care Disability,Mild,4375,1604479.5,272
Region IV-A (CALABARZON),RIZAL,Female,Self-Care Disability,Moderate,1348,1604479.5,84
Region IV-A (CALABARZON),RIZAL,Female,Self-Care Disability,Severe,1571,1604479.5,97
Region IV-A (CALABARZON),RIZAL,Female,Visual Disability,Mild,100901,1604479.5,6288
Region IV-A (CALABARZON),RIZAL,Female,Visual Disability,Moderate,6039,1604479.5,376
Region IV-A (CALABARZON),RIZAL,Female,Visual Disability,Severe,879,1604479.5,54
Region IV-A (CALABARZON),RIZAL,Male,Cognitive Disability,Mild,7468,1604479.5,465
Region IV-A (CALABARZON),RIZAL,Male,Cognitive Disability,Moderate,1324,1604479.5,82
Region IV-A (CALABARZON),RIZAL,Male,Cognitive Disability,Severe,605,1604479.5,37
Region IV-A (CALABARZON),RIZAL,Male,Communication Disability,Mild,4098,1604479.5,255
Region IV-A (CALABARZON),RIZAL,Male,Communication Disability,Moderate,1575,1604479.5,98
Region IV-A (CALABARZON),RIZAL,Male,Communication Disability,Severe,1330,1604479.5,82
Region IV-A (CALABARZON),RIZAL,Male,Hearing Disability,Mild,13792,1604479.5,859
Region IV-A (CALABARZON),RIZAL,Male,Hearing Disability,Moderate,1562,1604479.5,97
Region IV-A (CALABARZON),RIZAL,Male,Hearing Disability,Severe,573,1604479.5,35
Region IV-A (CALABARZON),RIZAL,Male,Mobility Disability,Mild,12890,1604479.5,803
Region IV-A (CALABARZON),RIZAL,Male,Mobility Disability,Moderate,2824,1604479.5,176
Region IV-A (CALABARZON),RIZAL,Male,Mobility Disability,Severe,1327,1604479.5,82
Region IV-A (CALABARZON),RIZAL,Male,Self-Care Disability,Mild,3537,1604479.5,220
Region IV-A (CALABARZON),RIZAL,Male,Self-Care Disability,Moderate,1301,1604479.5,81
Region IV-A (CALABARZON),RIZAL,Male,Self-Care Disability,Severe,1396,1604479.5,87
Region IV-A (CALABARZON),RIZAL,Male,Visual Disability,Mild,73420,1604479.5,4575
Region IV-A (CALABARZON),RIZAL,Male,Visual Disability,Moderate,4260,1604479.5,265
Region IV-A (CALABARZON),RIZAL,Male,Visual Disability,Severe,807,1604479.5,50
Region IX (Zamboanga Peninsula),CITY OF ISABELA (NOT A PROVINCE),Female,Cognitive Disability,Mild,478,63864.0,748
Region IX (Zamboanga Peninsula),CITY OF ISABELA (NOT A PROVINCE),Female,Cognitive Disability,Moderate,60,63864.0,93
Region IX (Zamboanga Peninsula),CITY OF ISABELA (NOT A PROVINCE),Female,Cognitive Disability,Severe,21,63864.0,32
Region IX (Zamboanga Peninsula),CITY OF ISABELA (NOT A PROVINCE),Female,Communication Disability,Mild,188,63864.0,294
Region IX (Zamboanga Peninsula),CITY OF ISABELA (NOT A PROVINCE),Female,Communication Disability,Moderate,71,63864.0,111
Region IX (Zamboanga Peninsula),CITY OF ISABELA (NOT A PROVINCE),Female,Communication Disability,Severe,64,63864.0,100
Region IX (Zamboanga Peninsula),CITY OF ISABELA (NOT A PROVINCE),Female,Hearing Disability,Mild,601,63864.0,941
Region IX (Zamboanga Peninsula),CITY OF ISABELA (NOT A PROVINCE),Female,Hearing Disability,Moderate,51,63864.0,79
Region IX (Zamboanga Peninsula),CITY OF ISABELA (NOT A PROVINCE),Female,Hearing Disability,Severe,15,63864.0,23
Region IX (Zamboanga Peninsula),CITY OF ISABELA (NOT A PROVINCE),Female,Mobility Disability,Mild,719,63864.0,1125
Region IX (Zamboanga Peninsula),CITY OF ISABELA (NOT A PROVINCE),Female,Mobility Disability,Moderate,99,63864.0,155
Region IX (Zamboanga Peninsula),CITY OF ISABELA (NOT A PROVINCE),Female,Mobility Disability,Severe,35,63864.0,54
Region IX (Zamboanga Peninsula),CITY OF ISABELA (NOT A PROVINCE),Female,Self-Care Disability,Mild,265,63864.0,414
Region IX (Zamboanga Peninsula),CITY OF ISABELA (NOT A PROVINCE),Female,Self-Care Disability,Moderate,60,63864.0,93
Region IX (Zamboanga Peninsula),CITY OF ISABELA (NOT A PROVINCE),Female,Self-Care Disability,Severe,118,63864.0,184
Region IX (Zamboanga Peninsula),CITY OF ISABELA (NOT A PROVINCE),Female,Visual Disability,Mild,1895,63864.0,2967
Region IX (Zamboanga Peninsula),CITY OF ISABELA (NOT A PROVINCE),Female,Visual Disability,Moderate,92,63864.0,144
Region IX (Zamboanga Peninsula),CITY OF ISABELA (NOT A PROVINCE),Female,Visual Disability,Severe,79,63864.0,123
Region IX (Zamboanga Peninsula),CITY OF ISABELA (NOT A PROVINCE),Male,Cognitive Disability,Mild,366,63864.0,573
Region IX (Zamboanga Peninsula),CITY OF ISABELA (NOT A PROVINCE),Male,Cognitive Disability,Moderate,44,63864.0,68
Region IX (Zamboanga Peninsula),CITY OF ISABELA (NOT A PROVINCE),Male,Cognitive Disability,Severe,22,63864.0,34
Region IX (Zamboanga Peninsula),CITY OF ISABELA (NOT A PROVINCE),Male,Communication Disability,Mild,184,63864.0,288
Region IX (Zamboanga Peninsula),CITY OF ISABELA (NOT A PROVINCE),Male,Communication Disability,Moderate,69,63864.0,108
Region IX (Zamboanga Peninsula),CITY OF ISABELA (NOT A PROVINCE),Male,Communication Disability,Severe,59,63864.0,92
Region IX (Zamboanga Peninsula),CITY OF ISABELA (NOT A PROVINCE),Male,Hearing Disability,Mild,458,63864.0,717
Region IX (Zamboanga Peninsula),CITY OF ISABELA (NOT A PROVINCE),Male,Hearing Disability,Moderate,37,63864.0,57
Region IX (Zamboanga Peninsula),CITY OF ISABELA (NOT A PROVINCE),Male,Hearing Disability,Severe,16,63864.0,25
Region IX (Zamboanga Peninsula),CITY OF ISABELA (NOT A PROVINCE),Male,Mobility Disability,Mild,565,63864.0,884
Region IX (Zamboanga Peninsula),CITY OF ISABELA (NOT A PROVINCE),Male,Mobility Disability,Moderate,77,63864.0,120
Region IX (Zamboanga Peninsula),CITY OF ISABELA (NOT A PROVINCE),Male,Mobility Disability,Severe,30,63864.0,46
Region IX (Zamboanga Peninsula),CITY OF ISABELA (NOT A PROVINCE),Male,Self-Care Disability,Mild,264,63864.0,413
Region IX (Zamboanga Peninsula),CITY OF ISABELA (NOT A PROVINCE),Male,Self-Care Disability,Moderate,67,63864.0,104
Region IX (Zamboanga Peninsula),CITY OF ISABELA (NOT A PROVINCE),Male,Self-Care Disability,Severe,196,63864.0,306
Region IX (Zamboanga Peninsula),CITY OF ISABELA (NOT A PROVINCE),Male,Visual Disability,Mild,1537,63864.0,2406
Region IX (Zamboanga Peninsula),CITY OF ISABELA (NOT A PROVINCE),Male,Visual Disability,Moderate,58,63864.0,90
Region IX (Zamboanga Peninsula),CITY OF ISABELA (NOT A PROVINCE),Male,Visual Disability,Severe,60,63864.0,93
Region IX (Zamboanga Peninsula),ZAMBOANGA DEL NORTE,Female,Cognitive Disability,Mild,9139,523646.0,1745
Region IX (Zamboanga Peninsula),ZAMBOANGA DEL NORTE,Female,Cognitive Disability,Moderate,1124,523646.0,214
Region IX (Zamboanga Peninsula),ZAMBOANGA DEL NORTE,Female,Cognitive Disability,Severe,340,523646.0,64
Region IX (Zamboanga Peninsula),ZAMBOANGA DEL NORTE,Female,Communication Disability,Mild,2268,523646.0,433
Region IX (Zamboanga Peninsula),ZAMBOANGA DEL NORTE,Female,Communication Disability,Moderate,775,523646.0,148
Region IX (Zamboanga Peninsula),ZAMBOANGA DEL NORTE,Female,Communication Disability,Severe,632,523646.0,120
Region IX (Zamboanga Peninsula),ZAMBOANGA DEL NORTE,Female,Hearing Disability,Mild,9681,523646.0,1848
Region IX (Zamboanga Peninsula),ZAMBOANGA DEL NORTE,Female,Hearing Disability,Moderate,1198,523646.0,228
Region IX (Zamboanga Peninsula),ZAMBOANGA DEL NORTE,Female,Hearing Disability,Severe,308,523646.0,58
Region IX (Zamboanga Peninsula),ZAMBOANGA DEL NORTE,Female,Mobility Disability,Mild,9183,523646.0,1753
Region IX (Zamboanga Peninsula),ZAMBOANGA DEL NORTE,Female,Mobility Disability,Moderate,1515,523646.0,289
Region IX (Zamboanga Peninsula),ZAMBOANGA DEL NORTE,Female,Mobility Disability,Severe,667,523646.0,127
Region IX (Zamboanga Peninsula),ZAMBOANGA DEL NORTE,Female,Self-Care Disability,Mild,2424,523646.0,462
Region IX (Zamboanga Peninsula),ZAMBOANGA DEL NORTE,Female,Self-Care Disability,Moderate,669,523646.0,127
Region IX (Zamboanga Peninsula),ZAMBOANGA DEL NORTE,Female,Self-Care Disability,Severe,763,523646.0,145
Region IX (Zamboanga Peninsula),ZAMBOANGA DEL NORTE,Female,Visual Disability,Mild,33867,523646.0,6467
Region IX (Zamboanga Peninsula),ZAMBOANGA DEL NORTE,Female,Visual Disability,Moderate,2478,523646.0,473
Region IX (Zamboanga Peninsula),ZAMBOANGA DEL NORTE,Female,Visual Disability,Severe,409,523646.0,78
Region IX (Zamboanga Peninsula),ZAMBOANGA DEL NORTE,Male,Cognitive Disability,Mild,7287,523646.0,1391
Region IX (Zamboanga Peninsula),ZAMBOANGA DEL NORTE,Male,Cognitive Disability,Moderate,941,523646.0,179
Region IX (Zamboanga Peninsula),ZAMBOANGA DEL NORTE,Male,Cognitive Disability,Severe,306,523646.0,58
Region IX (Zamboanga Peninsula),ZAMBOANGA DEL NORTE,Male,Communication Disability,Mild,2234,523646.0,426
Region IX (Zamboanga Peninsula),ZAMBOANGA DEL NORTE,Male,Communication Disability,Moderate,818,523646.0,156
Region IX (Zamboanga Peninsula),ZAMBOANGA DEL NORTE,Male,Communication Disability,Severe,635,523646.0,121
Region IX (Zamboanga Peninsula),ZAMBOANGA DEL NORTE,Male,Hearing Disability,Mild,9161,523646.0,1749
Region IX (Zamboanga Peninsula),ZAMBOANGA DEL NORTE,Male,Hearing Disability,Moderate,1240,523646.0,236
Region IX (Zamboanga Peninsula),ZAMBOANGA DEL NORTE,Male,Hearing Disability,Severe,310,523646.0,59
Region IX (Zamboanga Peninsula),ZAMBOANGA DEL NORTE,Male,Mobility Disability,Mild,8438,523646.0,1611
Region IX (Zamboanga Peninsula),ZAMBOANGA DEL NORTE,Male,Mobility Disability,Moderate,1576,523646.0,300
Region IX (Zamboanga Peninsula),ZAMBOANGA DEL NORTE,Male,Mobility Disability,Severe,621,523646.0,118
Region IX (Zamboanga Peninsula),ZAMBOANGA DEL NORTE,Male,Self-Care Disability,Mild,2207,523646.0,421
Region IX (Zamboanga Peninsula),ZAMBOANGA DEL NORTE,Male,Self-Care Disability,Moderate,666,523646.0,127
Region IX (Zamboanga Peninsula),ZAMBOANGA DEL NORTE,Male,Self-Care Disability,Severe,758,523646.0,144
Region IX (Zamboanga Peninsula),ZAMBOANGA DEL NORTE,Male,Visual Disability,Mild,27155,523646.0,5185
Region IX (Zamboanga Peninsula),ZAMBOANGA DEL NORTE,Male,Visual Disability,Moderate,1943,523646.0,371
Region IX (Zamboanga Peninsula),ZAMBOANGA DEL NORTE,Male,Visual Disability,Severe,327,523646.0,62
Region IX (Zamboanga Peninsula),ZAMBOANGA DEL SUR,Female,Cognitive Disability,Mild,12767,964168.5,1324
Region IX (Zamboanga Peninsula),ZAMBOANGA DEL SUR,Female,Cognitive Disability,Moderate,1676,964168.5,173
Region IX (Zamboanga Peninsula),ZAMBOANGA DEL SUR,Female,Cognitive Disability,Severe,558,964168.5,57
Region IX (Zamboanga Peninsula),ZAMBOANGA DEL SUR,Female,Communication Disability,Mild,3659,964168.5,379
Region IX (Zamboanga Peninsula),ZAMBOANGA DEL SUR,Female,Communication Disability,Moderate,1391,964168.5,144
Region IX (Zamboanga Peninsula),ZAMBOANGA DEL SUR,Female,Communication Disability,Severe,1209,964168.5,125
Region IX (Zamboanga Peninsula),ZAMBOANGA DEL SUR,Female,Hearing Disability,Mild,13244,964168.5,1373
Region IX (Zamboanga Peninsula),ZAMBOANGA DEL SUR,Female,Hearing Disability,Moderate,1563,964168.5,162
Region IX (Zamboanga Peninsula),ZAMBOANGA DEL SUR,Female,Hearing Disability,Severe,433,964168.5,44
Region IX (Zamboanga Peninsula),ZAMBOANGA DEL SUR,Female,Mobility Disability,Mild,13318,964168.5,1381
Region IX (Zamboanga Peninsula),ZAMBOANGA DEL SUR,Female,Mobility Disability,Moderate,2457,964168.5,254
Region IX (Zamboanga Peninsula),ZAMBOANGA DEL SUR,Female,Mobility Disability,Severe,1158,964168.5,120
Region IX (Zamboanga Peninsula),ZAMBOANGA DEL SUR,Female,Self-Care Disability,Mild,4780,964168.5,495
Region IX (Zamboanga Peninsula),ZAMBOANGA DEL SUR,Female,Self-Care Disability,Moderate,1241,964168.5,128
Region IX (Zamboanga Peninsula),ZAMBOANGA DEL SUR,Female,Self-Care Disability,Severe,1379,964168.5,143
Region IX (Zamboanga Peninsula),ZAMBOANGA DEL SUR,Female,Visual Disability,Mild,51864,964168.5,5379
Region IX (Zamboanga Peninsula),ZAMBOANGA DEL SUR,Female,Visual Disability,Moderate,3805,964168.5,394
Region IX (Zamboanga Peninsula),ZAMBOANGA DEL SUR,Female,Visual Disability,Severe,689,964168.5,71
Region IX (Zamboanga Peninsula),ZAMBOANGA DEL SUR,Male,Cognitive Disability,Mild,10118,964168.5,1049
Region IX (Zamboanga Peninsula),ZAMBOANGA DEL SUR,Male,Cognitive Disability,Moderate,1372,964168.5,142
Region IX (Zamboanga Peninsula),ZAMBOANGA DEL SUR,Male,Cognitive Disability,Severe,517,964168.5,53
Region IX (Zamboanga Peninsula),ZAMBOANGA DEL SUR,Male,Communication Disability,Mild,3535,964168.5,366
Region IX (Zamboanga Peninsula),ZAMBOANGA DEL SUR,Male,Communication Disability,Moderate,1290,964168.5,133
Region IX (Zamboanga Peninsula),ZAMBOANGA DEL SUR,Male,Communication Disability,Severe,1157,964168.5,119
Region IX (Zamboanga Peninsula),ZAMBOANGA DEL SUR,Male,Hearing Disability,Mild,11944,964168.5,1238
Region IX (Zamboanga Peninsula),ZAMBOANGA DEL SUR,Male,Hearing Disability,Moderate,1523,964168.5,157
Region IX (Zamboanga Peninsula),ZAMBOANGA DEL SUR,Male,Hearing Disability,Severe,457,964168.5,47
Region IX (Zamboanga Peninsula),ZAMBOANGA DEL SUR,Male,Mobility Disability,Mild,11311,964168.5,1173
Region IX (Zamboanga Peninsula),ZAMBOANGA DEL SUR,Male,Mobility Disability,Moderate,2229,964168.5,231
Region IX (Zamboanga Peninsula),ZAMBOANGA DEL SUR,Male,Mobility Disability,Severe,999,964168.5,103
Region IX (Zamboanga Peninsula),ZAMBOANGA DEL SUR,Male,Self-Care Disability,Mild,4287,964168.5,444
Region IX (Zamboanga Peninsula),ZAMBOANGA DEL SUR,Male,Self-Care Disability,Moderate,1109,964168.5,115
Region IX (Zamboanga Peninsula),ZAMBOANGA DEL SUR,Male,Self-Care Disability,Severe,1230,964168.5,127
Region IX (Zamboanga Peninsula),ZAMBOANGA DEL SUR,Male,Visual Disability,Mild,40427,964168.5,4192
Region IX (Zamboanga Peninsula),ZAMBOANGA DEL SUR,Male,Visual Disability,Moderate,2534,964168.5,262
Region IX (Zamboanga Peninsula),ZAMBOANGA DEL SUR,Male,Visual Disability,Severe,500,964168.5,51
Region IX (Zamboanga Peninsula),ZAMBOANGA SIBUGAY,Female,Cognitive Disability,Mild,7350,339702.0,2163
Region IX (Zamboanga Peninsula),ZAMBOANGA SIBUGAY,Female,Cognitive Disability,Moderate,738,339702.0,217
Region IX (Zamboanga Peninsula),ZAMBOANGA SIBUGAY,Female,Cognitive Disability,Severe,227,339702.0,66
Region IX (Zamboanga Peninsula),ZAMBOANGA SIBUGAY,Female,Communication Disability,Mild,1251,339702.0,368
Region IX (Zamboanga Peninsula),ZAMBOANGA SIBUGAY,Female,Communication Disability,Moderate,476,339702.0,140
Region IX (Zamboanga Peninsula),ZAMBOANGA SIBUGAY,Female,Communication Disability,Severe,370,339702.0,108
Region IX (Zamboanga Peninsula),ZAMBOANGA SIBUGAY,Female,Hearing Disability,Mild,6015,339702.0,1770
Region IX (Zamboanga Peninsula),ZAMBOANGA SIBUGAY,Female,Hearing Disability,Moderate,760,339702.0,223
Region IX (Zamboanga Peninsula),ZAMBOANGA SIBUGAY,Female,Hearing Disability,Severe,195,339702.0,57
Region IX (Zamboanga Peninsula),ZAMBOANGA SIBUGAY,Female,Mobility Disability,Mild,5315,339702.0,1564
Region IX (Zamboanga Peninsula),ZAMBOANGA SIBUGAY,Female,Mobility Disability,Moderate,935,339702.0,275
Region IX (Zamboanga Peninsula),ZAMBOANGA SIBUGAY,Female,Mobility Disability,Severe,405,339702.0,119
Region IX (Zamboanga Peninsula),ZAMBOANGA SIBUGAY,Female,Self-Care Disability,Mild,1258,339702.0,370
Region IX (Zamboanga Peninsula),ZAMBOANGA SIBUGAY,Female,Self-Care Disability,Moderate,380,339702.0,111
Region IX (Zamboanga Peninsula),ZAMBOANGA SIBUGAY,Female,Self-Care Disability,Severe,445,339702.0,130
Region IX (Zamboanga Peninsula),ZAMBOANGA SIBUGAY,Female,Visual Disability,Mild,25291,339702.0,7445
Region IX (Zamboanga Peninsula),ZAMBOANGA SIBUGAY,Female,Visual Disability,Moderate,1756,339702.0,516
Region IX (Zamboanga Peninsula),ZAMBOANGA SIBUGAY,Female,Visual Disability,Severe,250,339702.0,73
Region IX (Zamboanga Peninsula),ZAMBOANGA SIBUGAY,Male,Cognitive Disability,Mild,6013,339702.0,1770
Region IX (Zamboanga Peninsula),ZAMBOANGA SIBUGAY,Male,Cognitive Disability,Moderate,694,339702.0,204
Region IX (Zamboanga Peninsula),ZAMBOANGA SIBUGAY,Male,Cognitive Disability,Severe,233,339702.0,68
Region IX (Zamboanga Peninsula),ZAMBOANGA SIBUGAY,Male,Communication Disability,Mild,1301,339702.0,382
Region IX (Zamboanga Peninsula),ZAMBOANGA SIBUGAY,Male,Communication Disability,Moderate,514,339702.0,151
Region IX (Zamboanga Peninsula),ZAMBOANGA SIBUGAY,Male,Communication Disability,Severe,462,339702.0,136
Region IX (Zamboanga Peninsula),ZAMBOANGA SIBUGAY,Male,Hearing Disability,Mild,6015,339702.0,1770
Region IX (Zamboanga Peninsula),ZAMBOANGA SIBUGAY,Male,Hearing Disability,Moderate,828,339702.0,243
Region IX (Zamboanga Peninsula),ZAMBOANGA SIBUGAY,Male,Hearing Disability,Severe,202,339702.0,59
Region IX (Zamboanga Peninsula),ZAMBOANGA SIBUGAY,Male,Mobility Disability,Mild,4986,339702.0,1467
Region IX (Zamboanga Peninsula),ZAMBOANGA SIBUGAY,Male,Mobility Disability,Moderate,987,339702.0,290
Region IX (Zamboanga Peninsula),ZAMBOANGA SIBUGAY,Male,Mobility Disability,Severe,409,339702.0,120
Region IX (Zamboanga Peninsula),ZAMBOANGA SIBUGAY,Male,Self-Care Disability,Mild,1200,339702.0,353
Region IX (Zamboanga Peninsula),ZAMBOANGA SIBUGAY,Male,Self-Care Disability,Moderate,427,339702.0,125
Region IX (Zamboanga Peninsula),ZAMBOANGA SIBUGAY,Male,Self-Care Disability,Severe,460,339702.0,135
Region IX (Zamboanga Peninsula),ZAMBOANGA SIBUGAY,Male,Visual Disability,Mild,20804,339702.0,6124
Region IX (Zamboanga Peninsula),ZAMBOANGA SIBUGAY,Male,Visual Disability,Moderate,1340,339702.0,394
Region IX (Zamboanga Peninsula),ZAMBOANGA SIBUGAY,Male,Visual Disability,Severe,205,339702.0,60
Region V (Bicol Region),ALBAY,Female,Cognitive Disability,Mild,8818,698044.0,1263
Region V (Bicol Region),ALBAY,Female,Cognitive Disability,Moderate,1390,698044.0,199
Region V (Bicol Region),ALBAY,Female,Cognitive Disability,Severe,476,698044.0,68
Region V (Bicol Region),ALBAY,Female,Communication Disability,Mild,2730,698044.0,391
Region V (Bicol Region),ALBAY,Female,Communication Disability,Moderate,1146,698044.0,164
Region V (Bicol Region),ALBAY,Female,Communication Disability,Severe,906,698044.0,129
Region V (Bicol Region),ALBAY,Female,Hearing Disability,Mild,12319,698044.0,1764
Region V (Bicol Region),ALBAY,Female,Hearing Disability,Moderate,1819,698044.0,260
Region V (Bicol Region),ALBAY,Female,Hearing Disability,Severe,434,698044.0,62
Region V (Bicol Region),ALBAY,Female,Mobility Disability,Mild,13452,698044.0,1927
Region V (Bicol Region),ALBAY,Female,Mobility Disability,Moderate,2468,698044.0,353
Region V (Bicol Region),ALBAY,Female,Mobility Disability,Severe,1364,698044.0,195
Region V (Bicol Region),ALBAY,Female,Self-Care Disability,Mild,2603,698044.0,372
Region V (Bicol Region),ALBAY,Female,Self-Care Disability,Moderate,971,698044.0,139
Region V (Bicol Region),ALBAY,Female,Self-Care Disability,Severe,1358,698044.0,194
Region V (Bicol Region),ALBAY,Female,Visual Disability,Mild,49621,698044.0,7108
Region V (Bicol Region),ALBAY,Female,Visual Disability,Moderate,3204,698044.0,458
Region V (Bicol Region),ALBAY,Female,Visual Disability,Severe,532,698044.0,76
Region V (Bicol Region),ALBAY,Male,Cognitive Disability,Mild,5821,698044.0,833
Region V (Bicol Region),ALBAY,Male,Cognitive Disability,Moderate,1077,698044.0,154
Region V (Bicol Region),ALBAY,Male,Cognitive Disability,Severe,383,698044.0,54
Region V (Bicol Region),ALBAY,Male,Communication Disability,Mild,2517,698044.0,360
Region V (Bicol Region),ALBAY,Male,Communication Disability,Moderate,1181,698044.0,169
Region V (Bicol Region),ALBAY,Male,Communication Disability,Severe,951,698044.0,136
Region V (Bicol Region),ALBAY,Male,Hearing Disability,Mild,10884,698044.0,1559
Region V (Bicol Region),ALBAY,Male,Hearing Disability,Moderate,1437,698044.0,205
Region V (Bicol Region),ALBAY,Male,Hearing Disability,Severe,453,698044.0,64
Region V (Bicol Region),ALBAY,Male,Mobility Disability,Mild,11290,698044.0,1617
Region V (Bicol Region),ALBAY,Male,Mobility Disability,Moderate,2274,698044.0,325
Region V (Bicol Region),ALBAY,Male,Mobility Disability,Severe,1059,698044.0,151
Region V (Bicol Region),ALBAY,Male,Self-Care Disability,Mild,2133,698044.0,305
Region V (Bicol Region),ALBAY,Male,Self-Care Disability,Moderate,891,698044.0,127
Region V (Bicol Region),ALBAY,Male,Self-Care Disability,Severe,1057,698044.0,151
Region V (Bicol Region),ALBAY,Male,Visual Disability,Mild,35305,698044.0,5057
Region V (Bicol Region),ALBAY,Male,Visual Disability,Moderate,2238,698044.0,320
Region V (Bicol Region),ALBAY,Male,Visual Disability,Severe,412,698044.0,59
Region V (Bicol Region),CAMARINES NORTE,Female,Cognitive Disability,Mild,6096,311257.0,1958
Region V (Bicol Region),CAMARINES NORTE,Female,Cognitive Disability,Moderate,817,311257.0,262
Region V (Bicol Region),CAMARINES NORTE,Female,Cognitive Disability,Severe,251,311257.0,80
Region V (Bicol Region),CAMARINES NORTE,Female,Communication Disability,Mild,1304,311257.0,418
Region V (Bicol Region),CAMARINES NORTE,Female,Communication Disability,Moderate,635,311257.0,204
Region V (Bicol Region),CAMARINES NORTE,Female,Communication Disability,Severe,493,311257.0,158
Region V (Bicol Region),CAMARINES NORTE,Female,Hearing Disability,Mild,6206,311257.0,1993
Region V (Bicol Region),CAMARINES NORTE,Female,Hearing Disability,Moderate,898,311257.0,288
Region V (Bicol Region),CAMARINES NORTE,Female,Hearing Disability,Severe,213,311257.0,68
Region V (Bicol Region),CAMARINES NORTE,Female,Mobility Disability,Mild,6423,311257.0,2063
Region V (Bicol Region),CAMARINES NORTE,Female,Mobility Disability,Moderate,1333,311257.0,428
Region V (Bicol Region),CAMARINES NORTE,Female,Mobility Disability,Severe,614,311257.0,197
Region V (Bicol Region),CAMARINES NORTE,Female,Self-Care Disability,Mild,1112,311257.0,357
Region V (Bicol Region),CAMARINES NORTE,Female,Self-Care Disability,Moderate,467,311257.0,150
Region V (Bicol Region),CAMARINES NORTE,Female,Self-Care Disability,Severe,716,311257.0,230
Region V (Bicol Region),CAMARINES NORTE,Female,Visual Disability,Mild,23449,311257.0,7533
Region V (Bicol Region),CAMARINES NORTE,Female,Visual Disability,Moderate,1971,311257.0,633
Region V (Bicol Region),CAMARINES NORTE,Female,Visual Disability,Severe,292,311257.0,93
Region V (Bicol Region),CAMARINES NORTE,Male,Cognitive Disability,Mild,3838,311257.0,1233
Region V (Bicol Region),CAMARINES NORTE,Male,Cognitive Disability,Moderate,593,311257.0,190
Region V (Bicol Region),CAMARINES NORTE,Male,Cognitive Disability,Severe,201,311257.0,64
Region V (Bicol Region),CAMARINES NORTE,Male,Communication Disability,Mild,1297,311257.0,416
Region V (Bicol Region),CAMARINES NORTE,Male,Communication Disability,Moderate,652,311257.0,209
Region V (Bicol Region),CAMARINES NORTE,Male,Communication Disability,Severe,495,311257.0,159
Region V (Bicol Region),CAMARINES NORTE,Male,Hearing Disability,Mild,5827,311257.0,1872
Region V (Bicol Region),CAMARINES NORTE,Male,Hearing Disability,Moderate,763,311257.0,245
Region V (Bicol Region),CAMARINES NORTE,Male,Hearing Disability,Severe,237,311257.0,76
Region V (Bicol Region),CAMARINES NORTE,Male,Mobility Disability,Mild,5651,311257.0,1815
Region V (Bicol Region),CAMARINES NORTE,Male,Mobility Disability,Moderate,1307,311257.0,419
Region V (Bicol Region),CAMARINES NORTE,Male,Mobility Disability,Severe,524,311257.0,168
Region V (Bicol Region),CAMARINES NORTE,Male,Self-Care Disability,Mild,957,311257.0,307
Region V (Bicol Region),CAMARINES NORTE,Male,Self-Care Disability,Moderate,492,311257.0,158
Region V (Bicol Region),CAMARINES NORTE,Male,Self-Care Disability,Severe,588,311257.0,188
Region V (Bicol Region),CAMARINES NORTE,Male,Visual Disability,Mild,17779,311257.0,5712
Region V (Bicol Region),CAMARINES NORTE,Male,Visual Disability,Moderate,1359,311257.0,436
Region V (Bicol Region),CAMARINES NORTE,Male,Visual Disability,Severe,198,311257.0,63
Region V (Bicol Region),CAMARINES SUR,Female,Cognitive Disability,Mild,21278,1029747.5,2066
Region V (Bicol Region),CAMARINES SUR,Female,Cognitive Disability,Moderate,2879,1029747.5,279
Region V (Bicol Region),CAMARINES SUR,Female,Cognitive Disability,Severe,811,1029747.5,78
Region V (Bicol Region),CAMARINES SUR,Female,Communication Disability,Mild,4178,1029747.5,405
Region V (Bicol Region),CAMARINES SUR,Female,Communication Disability,Moderate,1950,1029747.5,189
Region V (Bicol Region),CAMARINES SUR,Female,Communication Disability,Severe,1601,1029747.5,155
Region V (Bicol Region),CAMARINES SUR,Female,Hearing Disability,Mild,22007,1029747.5,2137
Region V (Bicol Region),CAMARINES SUR,Female,Hearing Disability,Moderate,3661,1029747.5,355
Region V (Bicol Region),CAMARINES SUR,Female,Hearing Disability,Severe,795,1029747.5,77
Region V (Bicol Region),CAMARINES SUR,Female,Mobility Disability,Mild,21375,1029747.5,2075
Region V (Bicol Region),CAMARINES SUR,Female,Mobility Disability,Moderate,4202,1029747.5,408
Region V (Bicol Region),CAMARINES SUR,Female,Mobility Disability,Severe,2216,1029747.5,215
Region V (Bicol Region),CAMARINES SUR,Female,Self-Care Disability,Mild,4059,1029747.5,394
Region V (Bicol Region),CAMARINES SUR,Female,Self-Care Disability,Moderate,1556,1029747.5,151
Region V (Bicol Region),CAMARINES SUR,Female,Self-Care Disability,Severe,2363,1029747.5,229
Region V (Bicol Region),CAMARINES SUR,Female,Visual Disability,Mild,86159,1029747.5,8367
Region V (Bicol Region),CAMARINES SUR,Female,Visual Disability,Moderate,7683,1029747.5,746
Region V (Bicol Region),CAMARINES SUR,Female,Visual Disability,Severe,960,1029747.5,93
Region V (Bicol Region),CAMARINES SUR,Male,Cognitive Disability,Mild,13695,1029747.5,1329
Region V (Bicol Region),CAMARINES SUR,Male,Cognitive Disability,Moderate,2039,1029747.5,198
Region V (Bicol Region),CAMARINES SUR,Male,Cognitive Disability,Severe,634,1029747.5,61
Region V (Bicol Region),CAMARINES SUR,Male,Communication Disability,Mild,4220,1029747.5,409
Region V (Bicol Region),CAMARINES SUR,Male,Communication Disability,Moderate,1962,1029747.5,190
Region V (Bicol Region),CAMARINES SUR,Male,Communication Disability,Severe,1657,1029747.5,160
Region V (Bicol Region),CAMARINES SUR,Male,Hearing Disability,Mild,20858,1029747.5,2025
Region V (Bicol Region),CAMARINES SUR,Male,Hearing Disability,Moderate,3275,1029747.5,318
Region V (Bicol Region),CAMARINES SUR,Male,Hearing Disability,Severe,808,1029747.5,78
Region V (Bicol Region),CAMARINES SUR,Male,Mobility Disability,Mild,19160,1029747.5,1860
Region V (Bicol Region),CAMARINES SUR,Male,Mobility Disability,Moderate,4172,1029747.5,405
Region V (Bicol Region),CAMARINES SUR,Male,Mobility Disability,Severe,1843,1029747.5,178
Region V (Bicol Region),CAMARINES SUR,Male,Self-Care Disability,Mild,3545,1029747.5,344
Region V (Bicol Region),CAMARINES SUR,Male,Self-Care Disability,Moderate,1404,1029747.5,136
Region V (Bicol Region),CAMARINES SUR,Male,Self-Care Disability,Severe,2079,1029747.5,201
Region V (Bicol Region),CAMARINES SUR,Male,Visual Disability,Mild,63659,1029747.5,6182
Region V (Bicol Region),CAMARINES SUR,Male,Visual Disability,Moderate,5341,1029747.5,518
Region V (Bicol Region),CAMARINES SUR,Male,Visual Disability,Severe,773,1029747.5,75
Region V (Bicol Region),CATANDUANES,Female,Cognitive Disability,Mild,3311,136470.5,2426
Region V (Bicol Region),CATANDUANES,Female,Cognitive Disability,Moderate,388,136470.5,284
Region V (Bicol Region),CATANDUANES,Female,Cognitive Disability,Severe,121,136470.5,88
Region V (Bicol Region),CATANDUANES,Female,Communication Disability,Mild,671,136470.5,491
Region V (Bicol Region),CATANDUANES,Female,Communication Disability,Moderate,309,136470.5,226
Region V (Bicol Region),CATANDUANES,Female,Communication Disability,Severe,216,136470.5,158
Region V (Bicol Region),CATANDUANES,Female,Hearing Disability,Mild,2891,136470.5,2118
Region V (Bicol Region),CATANDUANES,Female,Hearing Disability,Moderate,398,136470.5,291
Region V (Bicol Region),CATANDUANES,Female,Hearing Disability,Severe,96,136470.5,70
Region V (Bicol Region),CATANDUANES,Female,Mobility Disability,Mild,3395,136470.5,2487
Region V (Bicol Region),CATANDUANES,Female,Mobility Disability,Moderate,651,136470.5,477
Region V (Bicol Region),CATANDUANES,Female,Mobility Disability,Severe,396,136470.5,290
Region V (Bicol Region),CATANDUANES,Female,Self-Care Disability,Mild,525,136470.5,384
Region V (Bicol Region),CATANDUANES,Female,Self-Care Disability,Moderate,235,136470.5,172
Region V (Bicol Region),CATANDUANES,Female,Self-Care Disability,Severe,439,136470.5,321
Region V (Bicol Region),CATANDUANES,Female,Visual Disability,Mild,8767,136470.5,6424
Region V (Bicol Region),CATANDUANES,Female,Visual Disability,Moderate,698,136470.5,511
Region V (Bicol Region),CATANDUANES,Female,Visual Disability,Severe,111,136470.5,81
Region V (Bicol Region),CATANDUANES,Male,Cognitive Disability,Mild,1995,136470.5,1461
Region V (Bicol Region),CATANDUANES,Male,Cognitive Disability,Moderate,293,136470.5,214
Region V (Bicol Region),CATANDUANES,Male,Cognitive Disability,Severe,96,136470.5,70
Region V (Bicol Region),CATANDUANES,Male,Communication Disability,Mild,648,136470.5,474
Region V (Bicol Region),CATANDUANES,Male,Communication Disability,Moderate,330,136470.5,241
Region V (Bicol Region),CATANDUANES,Male,Communication Disability,Severe,268,136470.5,196
Region V (Bicol Region),CATANDUANES,Male,Hearing Disability,Mild,2766,136470.5,2026
Region V (Bicol Region),CATANDUANES,Male,Hearing Disability,Moderate,399,136470.5,292
Region V (Bicol Region),CATANDUANES,Male,Hearing Disability,Severe,115,136470.5,84
Region V (Bicol Region),CATANDUANES,Male,Mobility Disability,Mild,2820,136470.5,2066
Region V (Bicol Region),CATANDUANES,Male,Mobility Disability,Moderate,578,136470.5,423
Region V (Bicol Region),CATANDUANES,Male,Mobility Disability,Severe,296,136470.5,216
Region V (Bicol Region),CATANDUANES,Male,Self-Care Disability,Mild,439,136470.5,321
Region V (Bicol Region),CATANDUANES,Male,Self-Care Disability,Moderate,192,136470.5,140
Region V (Bicol Region),CATANDUANES,Male,Self-Care Disability,Severe,344,136470.5,252
Region V (Bicol Region),CATANDUANES,Male,Visual Disability,Mild,6769,136470.5,4960
Region V (Bicol Region),CATANDUANES,Male,Visual Disability,Moderate,541,136470.5,396
Region V (Bicol Region),CATANDUANES,Male,Visual Disability,Severe,92,136470.5,67
Region V (Bicol Region),MASBATE,Female,Cognitive Disability,Mild,5168,468539.5,1103
Region V (Bicol Region),MASBATE,Female,Cognitive Disability,Moderate,698,468539.5,148
Region V (Bicol Region),MASBATE,Female,Cognitive Disability,Severe,248,468539.5,52
Region V (Bicol Region),MASBATE,Female,Communication Disability,Mild,1576,468539.5,336
Region V (Bicol Region),MASBATE,Female,Communication Disability,Moderate,597,468539.5,127
Region V (Bicol Region),MASBATE,Female,Communication Disability,Severe,571,468539.5,121
Region V (Bicol Region),MASBATE,Female,Hearing Disability,Mild,6460,468539.5,1378
Region V (Bicol Region),MASBATE,Female,Hearing Disability,Moderate,827,468539.5,176
Region V (Bicol Region),MASBATE,Female,Hearing Disability,Severe,248,468539.5,52
Region V (Bicol Region),MASBATE,Female,Mobility Disability,Mild,7341,468539.5,1566
Region V (Bicol Region),MASBATE,Female,Mobility Disability,Moderate,1132,468539.5,241
Region V (Bicol Region),MASBATE,Female,Mobility Disability,Severe,615,468539.5,131
Region V (Bicol Region),MASBATE,Female,Self-Care Disability,Mild,1515,468539.5,323
Region V (Bicol Region),MASBATE,Female,Self-Care Disability,Moderate,443,468539.5,94
Region V (Bicol Region),MASBATE,Female,Self-Care Disability,Severe,644,468539.5,137
Region V (Bicol Region),MASBATE,Female,Visual Disability,Mild,27147,468539.5,5793
Region V (Bicol Region),MASBATE,Female,Visual Disability,Moderate,1845,468539.5,393
Region V (Bicol Region),MASBATE,Female,Visual Disability,Severe,337,468539.5,71
Region V (Bicol Region),MASBATE,Male,Cognitive Disability,Mild,3519,468539.5,751
Region V (Bicol Region),MASBATE,Male,Cognitive Disability,Moderate,528,468539.5,112
Region V (Bicol Region),MASBATE,Male,Cognitive Disability,Severe,206,468539.5,43
Region V (Bicol Region),MASBATE,Male,Communication Disability,Mild,1497,468539.5,319
Region V (Bicol Region),MASBATE,Male,Communication Disability,Moderate,586,468539.5,125
Region V (Bicol Region),MASBATE,Male,Communication Disability,Severe,534,468539.5,113
Region V (Bicol Region),MASBATE,Male,Hearing Disability,Mild,5765,468539.5,1230
Region V (Bicol Region),MASBATE,Male,Hearing Disability,Moderate,782,468539.5,166
Region V (Bicol Region),MASBATE,Male,Hearing Disability,Severe,265,468539.5,56
Region V (Bicol Region),MASBATE,Male,Mobility Disability,Mild,6027,468539.5,1286
Region V (Bicol Region),MASBATE,Male,Mobility Disability,Moderate,1152,468539.5,245
Region V (Bicol Region),MASBATE,Male,Mobility Disability,Severe,510,468539.5,108
Region V (Bicol Region),MASBATE,Male,Self-Care Disability,Mild,1181,468539.5,252
Region V (Bicol Region),MASBATE,Male,Self-Care Disability,Moderate,402,468539.5,85
Region V (Bicol Region),MASBATE,Male,Self-Care Disability,Severe,547,468539.5,116
Region V (Bicol Region),MASBATE,Male,Visual Disability,Mild,20448,468539.5,4364
Region V (Bicol Region),MASBATE,Male,Visual Disability,Moderate,1374,468539.5,293
Region V (Bicol Region),MASBATE,Male,Visual Disability,Severe,324,468539.5,69
Region V (Bicol Region),SORSOGON,Female,Cognitive Disability,Mild,6917,422859.0,1635
Region V (Bicol Region),SORSOGON,Female,Cognitive Disability,Moderate,1037,422859.0,245
Region V (Bicol Region),SORSOGON,Female,Cognitive Disability,Severe,323,422859.0,76
Region V (Bicol Region),SORSOGON,Female,Communication Disability,Mild,2028,422859.0,479
Region V (Bicol Region),SORSOGON,Female,Communication Disability,Moderate,840,422859.0,198
Region V (Bicol Region),SORSOGON,Female,Communication Disability,Severe,639,422859.0,151
Region V (Bicol Region),SORSOGON,Female,Hearing Disability,Mild,8951,422859.0,2116
Region V (Bicol Region),SORSOGON,Female,Hearing Disability,Moderate,1354,422859.0,320
Region V (Bicol Region),SORSOGON,Female,Hearing Disability,Severe,265,422859.0,62
Region V (Bicol Region),SORSOGON,Female,Mobility Disability,Mild,8865,422859.0,2096
Region V (Bicol Region),SORSOGON,Female,Mobility Disability,Moderate,1727,422859.0,408
Region V (Bicol Region),SORSOGON,Female,Mobility Disability,Severe,896,422859.0,211
Region V (Bicol Region),SORSOGON,Female,Self-Care Disability,Mild,1794,422859.0,424
Region V (Bicol Region),SORSOGON,Female,Self-Care Disability,Moderate,673,422859.0,159
Region V (Bicol Region),SORSOGON,Female,Self-Care Disability,Severe,1031,422859.0,243
Region V (Bicol Region),SORSOGON,Female,Visual Disability,Mild,36382,422859.0,8603
Region V (Bicol Region),SORSOGON,Female,Visual Disability,Moderate,2335,422859.0,552
Region V (Bicol Region),SORSOGON,Female,Visual Disability,Severe,419,422859.0,99
Region V (Bicol Region),SORSOGON,Male,Cognitive Disability,Mild,4450,422859.0,1052
Region V (Bicol Region),SORSOGON,Male,Cognitive Disability,Moderate,752,422859.0,177
Region V (Bicol Region),SORSOGON,Male,Cognitive Disability,Severe,229,422859.0,54
Region V (Bicol Region),SORSOGON,Male,Communication Disability,Mild,1899,422859.0,449
Region V (Bicol Region),SORSOGON,Male,Communication Disability,Moderate,848,422859.0,200
Region V (Bicol Region),SORSOGON,Male,Communication Disability,Severe,684,422859.0,161
Region V (Bicol Region),SORSOGON,Male,Hearing Disability,Mild,8355,422859.0,1975
Region V (Bicol Region),SORSOGON,Male,Hearing Disability,Moderate,1199,422859.0,283
Region V (Bicol Region),SORSOGON,Male,Hearing Disability,Severe,344,422859.0,81
Region V (Bicol Region),SORSOGON,Male,Mobility Disability,Mild,8201,422859.0,1939
Region V (Bicol Region),SORSOGON,Male,Mobility Disability,Moderate,1622,422859.0,383
Region V (Bicol Region),SORSOGON,Male,Mobility Disability,Severe,731,422859.0,172
Region V (Bicol Region),SORSOGON,Male,Self-Care Disability,Mild,1432,422859.0,338
Region V (Bicol Region),SORSOGON,Male,Self-Care Disability,Moderate,574,422859.0,135
Region V (Bicol Region),SORSOGON,Male,Self-Care Disability,Severe,834,422859.0,197
Region V (Bicol Region),SORSOGON,Male,Visual Disability,Mild,26869,422859.0,6354
Region V (Bicol Region),SORSOGON,Male,Visual Disability,Moderate,1635,422859.0,386
Region V (Bicol Region),SORSOGON,Male,Visual Disability,Severe,271,422859.0,64
Region VI (Western Visayas),AKLAN,Female,Cognitive Disability,Mild,8043,302792.0,2656
Region VI (Western Visayas),AKLAN,Female,Cognitive Disability,Moderate,1023,302792.0,337
Region VI (Western Visayas),AKLAN,Female,Cognitive Disability,Severe,360,302792.0,118
Region VI (Western Visayas),AKLAN,Female,Communication Disability,Mild,1528,302792.0,504
Region VI (Western Visayas),AKLAN,Female,Communication Disability,Moderate,608,302792.0,200
Region VI (Western Visayas),AKLAN,Female,Communication Disability,Severe,495,302792.0,163
Region VI (Western Visayas),AKLAN,Female,Hearing Disability,Mild,7353,302792.0,2428
Region VI (Western Visayas),AKLAN,Female,Hearing Disability,Moderate,1095,302792.0,361
Region VI (Western Visayas),AKLAN,Female,Hearing Disability,Severe,254,302792.0,83
Region VI (Western Visayas),AKLAN,Female,Mobility Disability,Mild,6854,302792.0,2263
Region VI (Western Visayas),AKLAN,Female,Mobility Disability,Moderate,1385,302792.0,457
Region VI (Western Visayas),AKLAN,Female,Mobility Disability,Severe,764,302792.0,252
Region VI (Western Visayas),AKLAN,Female,Self-Care Disability,Mild,1786,302792.0,589
Region VI (Western Visayas),AKLAN,Female,Self-Care Disability,Moderate,655,302792.0,216
Region VI (Western Visayas),AKLAN,Female,Self-Care Disability,Severe,860,302792.0,284
Region VI (Western Visayas),AKLAN,Female,Visual Disability,Mild,29294,302792.0,9674
Region VI (Western Visayas),AKLAN,Female,Visual Disability,Moderate,2187,302792.0,722
Region VI (Western Visayas),AKLAN,Female,Visual Disability,Severe,389,302792.0,128
Region VI (Western Visayas),AKLAN,Male,Cognitive Disability,Mild,5062,302792.0,1671
Region VI (Western Visayas),AKLAN,Male,Cognitive Disability,Moderate,697,302792.0,230
Region VI (Western Visayas),AKLAN,Male,Cognitive Disability,Severe,244,302792.0,80
Region VI (Western Visayas),AKLAN,Male,Communication Disability,Mild,1316,302792.0,434
Region VI (Western Visayas),AKLAN,Male,Communication Disability,Moderate,587,302792.0,193
Region VI (Western Visayas),AKLAN,Male,Communication Disability,Severe,493,302792.0,162
Region VI (Western Visayas),AKLAN,Male,Hearing Disability,Mild,5595,302792.0,1847
Region VI (Western Visayas),AKLAN,Male,Hearing Disability,Moderate,775,302792.0,255
Region VI (Western Visayas),AKLAN,Male,Hearing Disability,Severe,195,302792.0,64
Region VI (Western Visayas),AKLAN,Male,Mobility Disability,Mild,5793,302792.0,1913
Region VI (Western Visayas),AKLAN,Male,Mobility Disability,Moderate,1255,302792.0,414
Region VI (Western Visayas),AKLAN,Male,Mobility Disability,Severe,566,302792.0,186
Region VI (Western Visayas),AKLAN,Male,Self-Care Disability,Mild,1408,302792.0,465
Region VI (Western Visayas),AKLAN,Male,Self-Care Disability,Moderate,559,302792.0,184
Region VI (Western Visayas),AKLAN,Male,Self-Care Disability,Severe,645,302792.0,213
Region VI (Western Visayas),AKLAN,Male,Visual Disability,Mild,20226,302792.0,6679
Region VI (Western Visayas),AKLAN,Male,Visual Disability,Moderate,1437,302792.0,474
Region VI (Western Visayas),AKLAN,Male,Visual Disability,Severe,245,302792.0,80
Region VI (Western Visayas),ANTIQUE,Female,Cognitive Disability,Mild,10280,306227.0,3356
Region VI (Western Visayas),ANTIQUE,Female,Cognitive Disability,Moderate,1323,306227.0,432
Region VI (Western Visayas),ANTIQUE,Female,Cognitive Disability,Severe,344,306227.0,112
Region VI (Western Visayas),ANTIQUE,Female,Communication Disability,Mild,1722,306227.0,562
Region VI (Western Visayas),ANTIQUE,Female,Communication Disability,Moderate,665,306227.0,217
Region VI (Western Visayas),ANTIQUE,Female,Communication Disability,Severe,549,306227.0,179
Region VI (Western Visayas),ANTIQUE,Female,Hearing Disability,Mild,8465,306227.0,2764
Region VI (Western Visayas),ANTIQUE,Female,Hearing Disability,Moderate,1274,306227.0,416
Region VI (Western Visayas),ANTIQUE,Female,Hearing Disability,Severe,246,306227.0,80
Region VI (Western Visayas),ANTIQUE,Female,Mobility Disability,Mild,8340,306227.0,2723
Region VI (Western Visayas),ANTIQUE,Female,Mobility Disability,Moderate,1788,306227.0,583
Region VI (Western Visayas),ANTIQUE,Female,Mobility Disability,Severe,890,306227.0,290
Region VI (Western Visayas),ANTIQUE,Female,Self-Care Disability,Mild,1887,306227.0,616
Region VI (Western Visayas),ANTIQUE,Female,Self-Care Disability,Moderate,663,306227.0,216
Region VI (Western Visayas),ANTIQUE,Female,Self-Care Disability,Severe,1037,306227.0,338
Region VI (Western Visayas),ANTIQUE,Female,Visual Disability,Mild,27065,306227.0,8838
Region VI (Western Visayas),ANTIQUE,Female,Visual Disability,Moderate,2527,306227.0,825
Region VI (Western Visayas),ANTIQUE,Female,Visual Disability,Severe,458,306227.0,149
Region VI (Western Visayas),ANTIQUE,Male,Cognitive Disability,Mild,6627,306227.0,2164
Region VI (Western Visayas),ANTIQUE,Male,Cognitive Disability,Moderate,938,306227.0,306
Region VI (Western Visayas),ANTIQUE,Male,Cognitive Disability,Severe,262,306227.0,85
Region VI (Western Visayas),ANTIQUE,Male,Communication Disability,Mild,1551,306227.0,506
Region VI (Western Visayas),ANTIQUE,Male,Communication Disability,Moderate,679,306227.0,221
Region VI (Western Visayas),ANTIQUE,Male,Communication Disability,Severe,521,306227.0,170
Region VI (Western Visayas),ANTIQUE,Male,Hearing Disability,Mild,6713,306227.0,2192
Region VI (Western Visayas),ANTIQUE,Male,Hearing Disability,Moderate,1018,306227.0,332
Region VI (Western Visayas),ANTIQUE,Male,Hearing Disability,Severe,258,306227.0,84
Region VI (Western Visayas),ANTIQUE,Male,Mobility Disability,Mild,7193,306227.0,2348
Region VI (Western Visayas),ANTIQUE,Male,Mobility Disability,Moderate,1723,306227.0,562
Region VI (Western Visayas),ANTIQUE,Male,Mobility Disability,Severe,640,306227.0,208
Region VI (Western Visayas),ANTIQUE,Male,Self-Care Disability,Mild,1701,306227.0,555
Region VI (Western Visayas),ANTIQUE,Male,Self-Care Disability,Moderate,626,306227.0,204
Region VI (Western Visayas),ANTIQUE,Male,Self-Care Disability,Severe,822,306227.0,268
Region VI (Western Visayas),ANTIQUE,Male,Visual Disability,Mild,19685,306227.0,6428
Region VI (Western Visayas),ANTIQUE,Male,Visual Disability,Moderate,1739,306227.0,567
Region VI (Western Visayas),ANTIQUE,Male,Visual Disability,Severe,326,306227.0,106
Region VI (Western Visayas),CAPIZ,Female,Cognitive Disability,Mild,9908,401541.5,2467
Region VI (Western Visayas),CAPIZ,Female,Cognitive Disability,Moderate,1157,401541.5,288
Region VI (Western Visayas),CAPIZ,Female,Cognitive Disability,Severe,323,401541.5,80
Region VI (Western Visayas),CAPIZ,Female,Communication Disability,Mild,2120,401541.5,527
Region VI (Western Visayas),CAPIZ,Female,Communication Disability,Moderate,660,401541.5,164
Region VI (Western Visayas),CAPIZ,Female,Communication Disability,Severe,539,401541.5,134
Region VI (Western Visayas),CAPIZ,Female,Hearing Disability,Mild,8629,401541.5,2148
Region VI (Western Visayas),CAPIZ,Female,Hearing Disability,Moderate,1025,401541.5,255
Region VI (Western Visayas),CAPIZ,Female,Hearing Disability,Severe,257,401541.5,64
Region VI (Western Visayas),CAPIZ,Female,Mobility Disability,Mild,7942,401541.5,1977
Region VI (Western Visayas),CAPIZ,Female,Mobility Disability,Moderate,1346,401541.5,335
Region VI (Western Visayas),CAPIZ,Female,Mobility Disability,Severe,632,401541.5,157
Region VI (Western Visayas),CAPIZ,Female,Self-Care Disability,Mild,2321,401541.5,578
Region VI (Western Visayas),CAPIZ,Female,Self-Care Disability,Moderate,630,401541.5,156
Region VI (Western Visayas),CAPIZ,Female,Self-Care Disability,Severe,683,401541.5,170
Region VI (Western Visayas),CAPIZ,Female,Visual Disability,Mild,31205,401541.5,7771
Region VI (Western Visayas),CAPIZ,Female,Visual Disability,Moderate,2191,401541.5,545
Region VI (Western Visayas),CAPIZ,Female,Visual Disability,Severe,393,401541.5,97
Region VI (Western Visayas),CAPIZ,Male,Cognitive Disability,Mild,6327,401541.5,1575
Region VI (Western Visayas),CAPIZ,Male,Cognitive Disability,Moderate,754,401541.5,187
Region VI (Western Visayas),CAPIZ,Male,Cognitive Disability,Severe,301,401541.5,74
Region VI (Western Visayas),CAPIZ,Male,Communication Disability,Mild,1784,401541.5,444
Region VI (Western Visayas),CAPIZ,Male,Communication Disability,Moderate,646,401541.5,160
Region VI (Western Visayas),CAPIZ,Male,Communication Disability,Severe,506,401541.5,126
Region VI (Western Visayas),CAPIZ,Male,Hearing Disability,Mild,6683,401541.5,1664
Region VI (Western Visayas),CAPIZ,Male,Hearing Disability,Moderate,776,401541.5,193
Region VI (Western Visayas),CAPIZ,Male,Hearing Disability,Severe,223,401541.5,55
Region VI (Western Visayas),CAPIZ,Male,Mobility Disability,Mild,6384,401541.5,1589
Region VI (Western Visayas),CAPIZ,Male,Mobility Disability,Moderate,1236,401541.5,307
Region VI (Western Visayas),CAPIZ,Male,Mobility Disability,Severe,565,401541.5,140
Region VI (Western Visayas),CAPIZ,Male,Self-Care Disability,Mild,1752,401541.5,436
Region VI (Western Visayas),CAPIZ,Male,Self-Care Disability,Moderate,474,401541.5,118
Region VI (Western Visayas),CAPIZ,Male,Self-Care Disability,Severe,595,401541.5,148
Region VI (Western Visayas),CAPIZ,Male,Visual Disability,Mild,22424,401541.5,5584
Region VI (Western Visayas),CAPIZ,Male,Visual Disability,Moderate,1372,401541.5,341
Region VI (Western Visayas),CAPIZ,Male,Visual Disability,Severe,276,401541.5,68
Region VI (Western Visayas),GUIMARAS,Female,Cognitive Disability,Mild,1576,92587.0,1702
Region VI (Western Visayas),GUIMARAS,Female,Cognitive Disability,Moderate,215,92587.0,232
Region VI (Western Visayas),GUIMARAS,Female,Cognitive Disability,Severe,80,92587.0,86
Region VI (Western Visayas),GUIMARAS,Female,Communication Disability,Mild,338,92587.0,365
Region VI (Western Visayas),GUIMARAS,Female,Communication Disability,Moderate,157,92587.0,169
Region VI (Western Visayas),GUIMARAS,Female,Communication Disability,Severe,132,92587.0,142
Region VI (Western Visayas),GUIMARAS,Female,Hearing Disability,Mild,1451,92587.0,1567
Region VI (Western Visayas),GUIMARAS,Female,Hearing Disability,Moderate,170,92587.0,183
Region VI (Western Visayas),GUIMARAS,Female,Hearing Disability,Severe,58,92587.0,62
Region VI (Western Visayas),GUIMARAS,Female,Mobility Disability,Mild,1403,92587.0,1515
Region VI (Western Visayas),GUIMARAS,Female,Mobility Disability,Moderate,293,92587.0,316
Region VI (Western Visayas),GUIMARAS,Female,Mobility Disability,Severe,188,92587.0,203
Region VI (Western Visayas),GUIMARAS,Female,Self-Care Disability,Mild,347,92587.0,374
Region VI (Western Visayas),GUIMARAS,Female,Self-Care Disability,Moderate,140,92587.0,151
Region VI (Western Visayas),GUIMARAS,Female,Self-Care Disability,Severe,210,92587.0,226
Region VI (Western Visayas),GUIMARAS,Female,Visual Disability,Mild,4919,92587.0,5312
Region VI (Western Visayas),GUIMARAS,Female,Visual Disability,Moderate,533,92587.0,575
Region VI (Western Visayas),GUIMARAS,Female,Visual Disability,Severe,92,92587.0,99
Region VI (Western Visayas),GUIMARAS,Male,Cognitive Disability,Mild,1078,92587.0,1164
Region VI (Western Visayas),GUIMARAS,Male,Cognitive Disability,Moderate,174,92587.0,187
Region VI (Western Visayas),GUIMARAS,Male,Cognitive Disability,Severe,69,92587.0,74
Region VI (Western Visayas),GUIMARAS,Male,Communication Disability,Mild,362,92587.0,390
Region VI (Western Visayas),GUIMARAS,Male,Communication Disability,Moderate,153,92587.0,165
Region VI (Western Visayas),GUIMARAS,Male,Communication Disability,Severe,147,92587.0,158
Region VI (Western Visayas),GUIMARAS,Male,Hearing Disability,Mild,1235,92587.0,1333
Region VI (Western Visayas),GUIMARAS,Male,Hearing Disability,Moderate,178,92587.0,192
Region VI (Western Visayas),GUIMARAS,Male,Hearing Disability,Severe,58,92587.0,62
Region VI (Western Visayas),GUIMARAS,Male,Mobility Disability,Mild,1240,92587.0,1339
Region VI (Western Visayas),GUIMARAS,Male,Mobility Disability,Moderate,273,92587.0,294
Region VI (Western Visayas),GUIMARAS,Male,Mobility Disability,Severe,160,92587.0,172
Region VI (Western Visayas),GUIMARAS,Male,Self-Care Disability,Mild,319,92587.0,344
Region VI (Western Visayas),GUIMARAS,Male,Self-Care Disability,Moderate,141,92587.0,152
Region VI (Western Visayas),GUIMARAS,Male,Self-Care Disability,Severe,175,92587.0,189
Region VI (Western Visayas),GUIMARAS,Male,Visual Disability,Mild,3601,92587.0,3889
Region VI (Western Visayas),GUIMARAS,Male,Visual Disability,Moderate,399,92587.0,430
Region VI (Western Visayas),GUIMARAS,Male,Visual Disability,Severe,66,92587.0,71
Region VI (Western Visayas),ILOILO,Female,Cognitive Disability,Mild,29266,1262105.5,2318
Region VI (Western Visayas),ILOILO,Female,Cognitive Disability,Moderate,4220,1262105.5,334
Region VI (Western Visayas),ILOILO,Female,Cognitive Disability,Severe,1257,1262105.5,99
Region VI (Western Visayas),ILOILO,Female,Communication Disability,Mild,6353,1262105.5,503
Region VI (Western Visayas),ILOILO,Female,Communication Disability,Moderate,2350,1262105.5,186
Region VI (Western Visayas),ILOILO,Female,Communication Disability,Severe,1929,1262105.5,152
Region VI (Western Visayas),ILOILO,Female,Hearing Disability,Mild,28194,1262105.5,2233
Region VI (Western Visayas),ILOILO,Female,Hearing Disability,Moderate,4088,1262105.5,323
Region VI (Western Visayas),ILOILO,Female,Hearing Disability,Severe,920,1262105.5,72
Region VI (Western Visayas),ILOILO,Female,Mobility Disability,Mild,26832,1262105.5,2125
Region VI (Western Visayas),ILOILO,Female,Mobility Disability,Moderate,5458,1262105.5,432
Region VI (Western Visayas),ILOILO,Female,Mobility Disability,Severe,3098,1262105.5,245
Region VI (Western Visayas),ILOILO,Female,Self-Care Disability,Mild,6824,1262105.5,540
Region VI (Western Visayas),ILOILO,Female,Self-Care Disability,Moderate,2344,1262105.5,185
Region VI (Western Visayas),ILOILO,Female,Self-Care Disability,Severe,3363,1262105.5,266
Region VI (Western Visayas),ILOILO,Female,Visual Disability,Mild,99560,1262105.5,7888
Region VI (Western Visayas),ILOILO,Female,Visual Disability,Moderate,8164,1262105.5,646
Region VI (Western Visayas),ILOILO,Female,Visual Disability,Severe,1549,1262105.5,122
Region VI (Western Visayas),ILOILO,Male,Cognitive Disability,Mild,18521,1262105.5,1467
Region VI (Western Visayas),ILOILO,Male,Cognitive Disability,Moderate,2748,1262105.5,217
Region VI (Western Visayas),ILOILO,Male,Cognitive Disability,Severe,949,1262105.5,75
Region VI (Western Visayas),ILOILO,Male,Communication Disability,Mild,5485,1262105.5,434
Region VI (Western Visayas),ILOILO,Male,Communication Disability,Moderate,2263,1262105.5,179
Region VI (Western Visayas),ILOILO,Male,Communication Disability,Severe,1769,1262105.5,140
Region VI (Western Visayas),ILOILO,Male,Hearing Disability,Mild,21812,1262105.5,1728
Region VI (Western Visayas),ILOILO,Male,Hearing Disability,Moderate,3131,1262105.5,248
Region VI (Western Visayas),ILOILO,Male,Hearing Disability,Severe,812,1262105.5,64
Region VI (Western Visayas),ILOILO,Male,Mobility Disability,Mild,21535,1262105.5,1706
Region VI (Western Visayas),ILOILO,Male,Mobility Disability,Moderate,4981,1262105.5,394
Region VI (Western Visayas),ILOILO,Male,Mobility Disability,Severe,2256,1262105.5,178
Region VI (Western Visayas),ILOILO,Male,Self-Care Disability,Mild,5284,1262105.5,418
Region VI (Western Visayas),ILOILO,Male,Self-Care Disability,Moderate,1935,1262105.5,153
Region VI (Western Visayas),ILOILO,Male,Self-Care Disability,Severe,2495,1262105.5,197
Region VI (Western Visayas),ILOILO,Male,Visual Disability,Mild,68943,1262105.5,5462
Region VI (Western Visayas),ILOILO,Male,Visual Disability,Moderate,5349,1262105.5,423
Region VI (Western Visayas),ILOILO,Male,Visual Disability,Severe,1185,1262105.5,93
Region VI (Western Visayas),NEGROS OCCIDENTAL,Female,Cognitive Disability,Mild,19916,1587194.5,1254
Region VI (Western Visayas),NEGROS OCCIDENTAL,Female,Cognitive Disability,Moderate,2722,1587194.5,171
Region VI (Western Visayas),NEGROS OCCIDENTAL,Female,Cognitive Disability,Severe,969,1587194.5,61
Region VI (Western Visayas),NEGROS OCCIDENTAL,Female,Communication Disability,Mild,5622,1587194.5,354
Region VI (Western Visayas),NEGROS OCCIDENTAL,Female,Communication Disability,Moderate,2224,1587194.5,140
Region VI (Western Visayas),NEGROS OCCIDENTAL,Female,Communication Disability,Severe,2061,1587194.5,129
Region VI (Western Visayas),NEGROS OCCIDENTAL,Female,Hearing Disability,Mild,24718,1587194.5,1557
Region VI (Western Visayas),NEGROS OCCIDENTAL,Female,Hearing Disability,Moderate,3083,1587194.5,194
Region VI (Western Visayas),NEGROS OCCIDENTAL,Female,Hearing Disability,Severe,813,1587194.5,51
Region VI (Western Visayas),NEGROS OCCIDENTAL,Female,Mobility Disability,Mild,21114,1587194.5,1330
Region VI (Western Visayas),NEGROS OCCIDENTAL,Female,Mobility Disability,Moderate,3883,1587194.5,244
Region VI (Western Visayas),NEGROS OCCIDENTAL,Female,Mobility Disability,Severe,2005,1587194.5,126
Region VI (Western Visayas),NEGROS OCCIDENTAL,Female,Self-Care Disability,Mild,6226,1587194.5,392
Region VI (Western Visayas),NEGROS OCCIDENTAL,Female,Self-Care Disability,Moderate,1869,1587194.5,117
Region VI (Western Visayas),NEGROS OCCIDENTAL,Female,Self-Care Disability,Severe,2125,1587194.5,133
Region VI (Western Visayas),NEGROS OCCIDENTAL,Female,Visual Disability,Mild,90173,1587194.5,5681
Region VI (Western Visayas),NEGROS OCCIDENTAL,Female,Visual Disability,Moderate,6105,1587194.5,384
Region VI (Western Visayas),NEGROS OCCIDENTAL,Female,Visual Disability,Severe,1098,1587194.5,69
Region VI (Western Visayas),NEGROS OCCIDENTAL,Male,Cognitive Disability,Mild,13463,1587194.5,848
Region VI (Western Visayas),NEGROS OCCIDENTAL,Male,Cognitive Disability,Moderate,2099,1587194.5,132
Region VI (Western Visayas),NEGROS OCCIDENTAL,Male,Cognitive Disability,Severe,811,1587194.5,51
Region VI (Western Visayas),NEGROS OCCIDENTAL,Male,Communication Disability,Mild,5451,1587194.5,343
Region VI (Western Visayas),NEGROS OCCIDENTAL,Male,Communication Disability,Moderate,2071,1587194.5,130
Region VI (Western Visayas),NEGROS OCCIDENTAL,Male,Communication Disability,Severe,1849,1587194.5,116
Region VI (Western Visayas),NEGROS OCCIDENTAL,Male,Hearing Disability,Mild,19672,1587194.5,1239
Region VI (Western Visayas),NEGROS OCCIDENTAL,Male,Hearing Disability,Moderate,2498,1587194.5,157
Region VI (Western Visayas),NEGROS OCCIDENTAL,Male,Hearing Disability,Severe,795,1587194.5,50
Region VI (Western Visayas),NEGROS OCCIDENTAL,Male,Mobility Disability,Mild,17794,1587194.5,1121
Region VI (Western Visayas),NEGROS OCCIDENTAL,Male,Mobility Disability,Moderate,3727,1587194.5,234
Region VI (Western Visayas),NEGROS OCCIDENTAL,Male,Mobility Disability,Severe,1711,1587194.5,107
Region VI (Western Visayas),NEGROS OCCIDENTAL,Male,Self-Care Disability,Mild,5328,1587194.5,335
Region VI (Western Visayas),NEGROS OCCIDENTAL,Male,Self-Care Disability,Moderate,1647,1587194.5,103
Region VI (Western Visayas),NEGROS OCCIDENTAL,Male,Self-Care Disability,Severe,1892,1587194.5,119
Region VI (Western Visayas),NEGROS OCCIDENTAL,Male,Visual Disability,Mild,66393,1587194.5,4183
Region VI (Western Visayas),NEGROS OCCIDENTAL,Male,Visual Disability,Moderate,4172,1587194.5,262
Region VI (Western Visayas),NEGROS OCCIDENTAL,Male,Visual Disability,Severe,851,1587194.5,53
Region VII (Central Visayas),BOHOL,Female,Cognitive Disability,Mild,16314,682553.5,2390
Region VII (Central Visayas),BOHOL,Female,Cognitive Disability,Moderate,2320,682553.5,339
Region VII (Central Visayas),BOHOL,Female,Cognitive Disability,Severe,671,682553.5,98
Region VII (Central Visayas),BOHOL,Female,Communication Disability,Mild,3119,682553.5,456
Region VII (Central Visayas),BOHOL,Female,Communication Disability,Moderate,1423,682553.5,208
Region VII (Central Visayas),BOHOL,Female,Communication Disability,Severe,1132,682553.5,165
Region VII (Central Visayas),BOHOL,Female,Hearing Disability,Mild,15771,682553.5,2310
Region VII (Central Visayas),BOHOL,Female,Hearing Disability,Moderate,2617,682553.5,383
Region VII (Central Visayas),BOHOL,Female,Hearing Disability,Severe,566,682553.5,82
Region VII (Central Visayas),BOHOL,Female,Mobility Disability,Mild,14796,682553.5,2167
Region VII (Central Visayas),BOHOL,Female,Mobility Disability,Moderate,2963,682553.5,434
Region VII (Central Visayas),BOHOL,Female,Mobility Disability,Severe,1665,682553.5,243
Region VII (Central Visayas),BOHOL,Female,Self-Care Disability,Mild,3189,682553.5,467
Region VII (Central Visayas),BOHOL,Female,Self-Care Disability,Moderate,1245,682553.5,182
Region VII (Central Visayas),BOHOL,Female,Self-Care Disability,Severe,1861,682553.5,272
Region VII (Central Visayas),BOHOL,Female,Visual Disability,Mild,44700,682553.5,6548
Region VII (Central Visayas),BOHOL,Female,Visual Disability,Moderate,4019,682553.5,588
Region VII (Central Visayas),BOHOL,Female,Visual Disability,Severe,794,682553.5,116
Region VII (Central Visayas),BOHOL,Male,Cognitive Disability,Mild,12055,682553.5,1766
Region VII (Central Visayas),BOHOL,Male,Cognitive Disability,Moderate,1666,682553.5,244
Region VII (Central Visayas),BOHOL,Male,Cognitive Disability,Severe,595,682553.5,87
Region VII (Central Visayas),BOHOL,Male,Communication Disability,Mild,3017,682553.5,442
Region VII (Central Visayas),BOHOL,Male,Communication Disability,Moderate,1356,682553.5,198
Region VII (Central Visayas),BOHOL,Male,Communication Disability,Severe,1154,682553.5,169
Region VII (Central Visayas),BOHOL,Male,Hearing Disability,Mild,13744,682553.5,2013
Region VII (Central Visayas),BOHOL,Male,Hearing Disability,Moderate,2238,682553.5,327
Region VII (Central Visayas),BOHOL,Male,Hearing Disability,Severe,578,682553.5,84
Region VII (Central Visayas),BOHOL,Male,Mobility Disability,Mild,12957,682553.5,1898
Region VII (Central Visayas),BOHOL,Male,Mobility Disability,Moderate,2775,682553.5,406
Region VII (Central Visayas),BOHOL,Male,Mobility Disability,Severe,1295,682553.5,189
Region VII (Central Visayas),BOHOL,Male,Self-Care Disability,Mild,2711,682553.5,397
Region VII (Central Visayas),BOHOL,Male,Self-Care Disability,Moderate,1060,682553.5,155
Region VII (Central Visayas),BOHOL,Male,Self-Care Disability,Severe,1529,682553.5,224
Region VII (Central Visayas),BOHOL,Male,Visual Disability,Mild,33586,682553.5,4920
Region VII (Central Visayas),BOHOL,Male,Visual Disability,Moderate,3032,682553.5,444
Region VII (Central Visayas),BOHOL,Male,Visual Disability,Severe,591,682553.5,86
Region VII (Central Visayas),CEBU,Female,Cognitive Disability,Mild,30238,2542603.5,1189
Region VII (Central Visayas),CEBU,Female,Cognitive Disability,Moderate,4478,2542603.5,176
Region VII (Central Visayas),CEBU,Female,Cognitive Disability,Severe,1565,2542603.5,61
Region VII (Central Visayas),CEBU,Female,Communication Disability,Mild,8197,2542603.5,322
Region VII (Central Visayas),CEBU,Female,Communication Disability,Moderate,3408,2542603.5,134
Region VII (Central Visayas),CEBU,Female,Communication Disability,Severe,2982,2542603.5,117
Region VII (Central Visayas),CEBU,Female,Hearing Disability,Mild,33061,2542603.5,1300
Region VII (Central Visayas),CEBU,Female,Hearing Disability,Moderate,4767,2542603.5,187
Region VII (Central Visayas),CEBU,Female,Hearing Disability,Severe,1382,2542603.5,54
Region VII (Central Visayas),CEBU,Female,Mobility Disability,Mild,34622,2542603.5,1361
Region VII (Central Visayas),CEBU,Female,Mobility Disability,Moderate,7080,2542603.5,278
Region VII (Central Visayas),CEBU,Female,Mobility Disability,Severe,3769,2542603.5,148
Region VII (Central Visayas),CEBU,Female,Self-Care Disability,Mild,8240,2542603.5,324
Region VII (Central Visayas),CEBU,Female,Self-Care Disability,Moderate,3028,2542603.5,119
Region VII (Central Visayas),CEBU,Female,Self-Care Disability,Severe,3748,2542603.5,147
Region VII (Central Visayas),CEBU,Female,Visual Disability,Mild,124031,2542603.5,4878
Region VII (Central Visayas),CEBU,Female,Visual Disability,Moderate,9762,2542603.5,383
Region VII (Central Visayas),CEBU,Female,Visual Disability,Severe,1968,2542603.5,77
Region VII (Central Visayas),CEBU,Male,Cognitive Disability,Mild,21897,2542603.5,861
Region VII (Central Visayas),CEBU,Male,Cognitive Disability,Moderate,3759,2542603.5,147
Region VII (Central Visayas),CEBU,Male,Cognitive Disability,Severe,1496,2542603.5,58
Region VII (Central Visayas),CEBU,Male,Communication Disability,Mild,8127,2542603.5,319
Region VII (Central Visayas),CEBU,Male,Communication Disability,Moderate,3458,2542603.5,136
Region VII (Central Visayas),CEBU,Male,Communication Disability,Severe,3009,2542603.5,118
Region VII (Central Visayas),CEBU,Male,Hearing Disability,Mild,28147,2542603.5,1107
Region VII (Central Visayas),CEBU,Male,Hearing Disability,Moderate,4260,2542603.5,167
Region VII (Central Visayas),CEBU,Male,Hearing Disability,Severe,1448,2542603.5,56
Region VII (Central Visayas),CEBU,Male,Mobility Disability,Mild,27564,2542603.5,1084
Region VII (Central Visayas),CEBU,Male,Mobility Disability,Moderate,6449,2542603.5,253
Region VII (Central Visayas),CEBU,Male,Mobility Disability,Severe,3215,2542603.5,126
Region VII (Central Visayas),CEBU,Male,Self-Care Disability,Mild,7012,2542603.5,275
Region VII (Central Visayas),CEBU,Male,Self-Care Disability,Moderate,2715,2542603.5,106
Region VII (Central Visayas),CEBU,Male,Self-Care Disability,Severe,3437,2542603.5,135
Region VII (Central Visayas),CEBU,Male,Visual Disability,Mild,91306,2542603.5,3591
Region VII (Central Visayas),CEBU,Male,Visual Disability,Moderate,6944,2542603.5,273
Region VII (Central Visayas),CEBU,Male,Visual Disability,Severe,1707,2542603.5,67
Region VII (Central Visayas),NEGROS ORIENTAL,Female,Cognitive Disability,Mild,12876,703137.0,1831
Region VII (Central Visayas),NEGROS ORIENTAL,Female,Cognitive Disability,Moderate,1927,703137.0,274
Region VII (Central Visayas),NEGROS ORIENTAL,Female,Cognitive Disability,Severe,598,703137.0,85
Region VII (Central Visayas),NEGROS ORIENTAL,Female,Communication Disability,Mild,3060,703137.0,435
Region VII (Central Visayas),NEGROS ORIENTAL,Female,Communication Disability,Moderate,1253,703137.0,178
Region VII (Central Visayas),NEGROS ORIENTAL,Female,Communication Disability,Severe,1000,703137.0,142
Region VII (Central Visayas),NEGROS ORIENTAL,Female,Hearing Disability,Mild,12112,703137.0,1722
Region VII (Central Visayas),NEGROS ORIENTAL,Female,Hearing Disability,Moderate,1776,703137.0,252
Region VII (Central Visayas),NEGROS ORIENTAL,Female,Hearing Disability,Severe,479,703137.0,68
Region VII (Central Visayas),NEGROS ORIENTAL,Female,Mobility Disability,Mild,13206,703137.0,1878
Region VII (Central Visayas),NEGROS ORIENTAL,Female,Mobility Disability,Moderate,2464,703137.0,350
Region VII (Central Visayas),NEGROS ORIENTAL,Female,Mobility Disability,Severe,1354,703137.0,192
Region VII (Central Visayas),NEGROS ORIENTAL,Female,Self-Care Disability,Mild,3295,703137.0,468
Region VII (Central Visayas),NEGROS ORIENTAL,Female,Self-Care Disability,Moderate,1172,703137.0,166
Region VII (Central Visayas),NEGROS ORIENTAL,Female,Self-Care Disability,Severe,1397,703137.0,198
Region VII (Central Visayas),NEGROS ORIENTAL,Female,Visual Disability,Mild,41859,703137.0,5953
Region VII (Central Visayas),NEGROS ORIENTAL,Female,Visual Disability,Moderate,3178,703137.0,451
Region VII (Central Visayas),NEGROS ORIENTAL,Female,Visual Disability,Severe,668,703137.0,95
Region VII (Central Visayas),NEGROS ORIENTAL,Male,Cognitive Disability,Mild,9968,703137.0,1417
Region VII (Central Visayas),NEGROS ORIENTAL,Male,Cognitive Disability,Moderate,1554,703137.0,221
Region VII (Central Visayas),NEGROS ORIENTAL,Male,Cognitive Disability,Severe,563,703137.0,80
Region VII (Central Visayas),NEGROS ORIENTAL,Male,Communication Disability,Mild,2930,703137.0,416
Region VII (Central Visayas),NEGROS ORIENTAL,Male,Communication Disability,Moderate,1254,703137.0,178
Region VII (Central Visayas),NEGROS ORIENTAL,Male,Communication Disability,Severe,1064,703137.0,151
Region VII (Central Visayas),NEGROS ORIENTAL,Male,Hearing Disability,Mild,11250,703137.0,1599
Region VII (Central Visayas),NEGROS ORIENTAL,Male,Hearing Disability,Moderate,1739,703137.0,247
Region VII (Central Visayas),NEGROS ORIENTAL,Male,Hearing Disability,Severe,515,703137.0,73
Region VII (Central Visayas),NEGROS ORIENTAL,Male,Mobility Disability,Mild,11907,703137.0,1693
Region VII (Central Visayas),NEGROS ORIENTAL,Male,Mobility Disability,Moderate,2242,703137.0,318
Region VII (Central Visayas),NEGROS ORIENTAL,Male,Mobility Disability,Severe,1188,703137.0,168
Region VII (Central Visayas),NEGROS ORIENTAL,Male,Self-Care Disability,Mild,3108,703137.0,442
Region VII (Central Visayas),NEGROS ORIENTAL,Male,Self-Care Disability,Moderate,1061,703137.0,150
Region VII (Central Visayas),NEGROS ORIENTAL,Male,Self-Care Disability,Severe,1288,703137.0,183
Region VII (Central Visayas),NEGROS ORIENTAL,Male,Visual Disability,Mild,32267,703137.0,4589
Region VII (Central Visayas),NEGROS ORIENTAL,Male,Visual Disability,Moderate,2408,703137.0,342
Region VII (Central Visayas),NEGROS ORIENTAL,Male,Visual Disability,Severe,546,703137.0,77
Region VII (Central Visayas),SIQUIJOR,Female,Cognitive Disability,Mild,976,50228.5,1943
Region VII (Central Visayas),SIQUIJOR,Female,Cognitive Disability,Moderate,162,50228.5,322
Region VII (Central Visayas),SIQUIJOR,Female,Cognitive Disability,Severe,66,50228.5,131
Region VII (Central Visayas),SIQUIJOR,Female,Communication Disability,Mild,263,50228.5,523
Region VII (Central Visayas),SIQUIJOR,Female,Communication Disability,Moderate,103,50228.5,205
Region VII (Central Visayas),SIQUIJOR,Female,Communication Disability,Severe,92,50228.5,183
Region VII (Central Visayas),SIQUIJOR,Female,Hearing Disability,Mild,1266,50228.5,2520
Region VII (Central Visayas),SIQUIJOR,Female,Hearing Disability,Moderate,150,50228.5,298
Region VII (Central Visayas),SIQUIJOR,Female,Hearing Disability,Severe,44,50228.5,87
Region VII (Central Visayas),SIQUIJOR,Female,Mobility Disability,Mild,1330,50228.5,2647
Region VII (Central Visayas),SIQUIJOR,Female,Mobility Disability,Moderate,293,50228.5,583
Region VII (Central Visayas),SIQUIJOR,Female,Mobility Disability,Severe,166,50228.5,330
Region VII (Central Visayas),SIQUIJOR,Female,Self-Care Disability,Mild,244,50228.5,485
Region VII (Central Visayas),SIQUIJOR,Female,Self-Care Disability,Moderate,121,50228.5,240
Region VII (Central Visayas),SIQUIJOR,Female,Self-Care Disability,Severe,171,50228.5,340
Region VII (Central Visayas),SIQUIJOR,Female,Visual Disability,Mild,3220,50228.5,6410
Region VII (Central Visayas),SIQUIJOR,Female,Visual Disability,Moderate,288,50228.5,573
Region VII (Central Visayas),SIQUIJOR,Female,Visual Disability,Severe,83,50228.5,165
Region VII (Central Visayas),SIQUIJOR,Male,Cognitive Disability,Mild,755,50228.5,1503
Region VII (Central Visayas),SIQUIJOR,Male,Cognitive Disability,Moderate,120,50228.5,238
Region VII (Central Visayas),SIQUIJOR,Male,Cognitive Disability,Severe,64,50228.5,127
Region VII (Central Visayas),SIQUIJOR,Male,Communication Disability,Mild,244,50228.5,485
Region VII (Central Visayas),SIQUIJOR,Male,Communication Disability,Moderate,111,50228.5,220
Region VII (Central Visayas),SIQUIJOR,Male,Communication Disability,Severe,90,50228.5,179
Region VII (Central Visayas),SIQUIJOR,Male,Hearing Disability,Mild,1177,50228.5,2343
Region VII (Central Visayas),SIQUIJOR,Male,Hearing Disability,Moderate,165,50228.5,328
Region VII (Central Visayas),SIQUIJOR,Male,Hearing Disability,Severe,38,50228.5,75
Region VII (Central Visayas),SIQUIJOR,Male,Mobility Disability,Mild,1154,50228.5,2297
Region VII (Central Visayas),SIQUIJOR,Male,Mobility Disability,Moderate,228,50228.5,453
Region VII (Central Visayas),SIQUIJOR,Male,Mobility Disability,Severe,109,50228.5,217
Region VII (Central Visayas),SIQUIJOR,Male,Self-Care Disability,Mild,206,50228.5,410
Region VII (Central Visayas),SIQUIJOR,Male,Self-Care Disability,Moderate,98,50228.5,195
Region VII (Central Visayas),SIQUIJOR,Male,Self-Care Disability,Severe,134,50228.5,266
Region VII (Central Visayas),SIQUIJOR,Male,Visual Disability,Mild,2523,50228.5,5023
Region VII (Central Visayas),SIQUIJOR,Male,Visual Disability,Moderate,219,50228.5,436
Region VII (Central Visayas),SIQUIJOR,Male,Visual Disability,Severe,50,50228.5,99
Region VIII (Eastern Visayas),BILIRAN,Female,Cognitive Disability,Mild,1660,89681.0,1851
Region VIII (Eastern Visayas),BILIRAN,Female,Cognitive Disability,Moderate,213,89681.0,237
Region VIII (Eastern Visayas),BILIRAN,Female,Cognitive Disability,Severe,78,89681.0,86
Region VIII (Eastern Visayas),BILIRAN,Female,Communication Disability,Mild,343,89681.0,382
Region VIII (Eastern Visayas),BILIRAN,Female,Communication Disability,Moderate,165,89681.0,183
Region VIII (Eastern Visayas),BILIRAN,Female,Communication Disability,Severe,146,89681.0,162
Region VIII (Eastern Visayas),BILIRAN,Female,Hearing Disability,Mild,1584,89681.0,1766
Region VIII (Eastern Visayas),BILIRAN,Female,Hearing Disability,Moderate,242,89681.0,269
Region VIII (Eastern Visayas),BILIRAN,Female,Hearing Disability,Severe,65,89681.0,72
Region VIII (Eastern Visayas),BILIRAN,Female,Mobility Disability,Mild,1883,89681.0,2099
Region VIII (Eastern Visayas),BILIRAN,Female,Mobility Disability,Moderate,316,89681.0,352
Region VIII (Eastern Visayas),BILIRAN,Female,Mobility Disability,Severe,216,89681.0,240
Region VIII (Eastern Visayas),BILIRAN,Female,Self-Care Disability,Mild,340,89681.0,379
Region VIII (Eastern Visayas),BILIRAN,Female,Self-Care Disability,Moderate,148,89681.0,165
Region VIII (Eastern Visayas),BILIRAN,Female,Self-Care Disability,Severe,239,89681.0,266
Region VIII (Eastern Visayas),BILIRAN,Female,Visual Disability,Mild,4466,89681.0,4979
Region VIII (Eastern Visayas),BILIRAN,Female,Visual Disability,Moderate,339,89681.0,378
Region VIII (Eastern Visayas),BILIRAN,Female,Visual Disability,Severe,76,89681.0,84
Region VIII (Eastern Visayas),BILIRAN,Male,Cognitive Disability,Mild,1151,89681.0,1283
Region VIII (Eastern Visayas),BILIRAN,Male,Cognitive Disability,Moderate,155,89681.0,172
Region VIII (Eastern Visayas),BILIRAN,Male,Cognitive Disability,Severe,49,89681.0,54
Region VIII (Eastern Visayas),BILIRAN,Male,Communication Disability,Mild,357,89681.0,398
Region VIII (Eastern Visayas),BILIRAN,Male,Communication Disability,Moderate,162,89681.0,180
Region VIII (Eastern Visayas),BILIRAN,Male,Communication Disability,Severe,126,89681.0,140
Region VIII (Eastern Visayas),BILIRAN,Male,Hearing Disability,Mild,1500,89681.0,1672
Region VIII (Eastern Visayas),BILIRAN,Male,Hearing Disability,Moderate,208,89681.0,231
Region VIII (Eastern Visayas),BILIRAN,Male,Hearing Disability,Severe,67,89681.0,74
Region VIII (Eastern Visayas),BILIRAN,Male,Mobility Disability,Mild,1626,89681.0,1813
Region VIII (Eastern Visayas),BILIRAN,Male,Mobility Disability,Moderate,289,89681.0,322
Region VIII (Eastern Visayas),BILIRAN,Male,Mobility Disability,Severe,153,89681.0,170
Region VIII (Eastern Visayas),BILIRAN,Male,Self-Care Disability,Mild,277,89681.0,308
Region VIII (Eastern Visayas),BILIRAN,Male,Self-Care Disability,Moderate,93,89681.0,103
Region VIII (Eastern Visayas),BILIRAN,Male,Self-Care Disability,Severe,176,89681.0,196
Region VIII (Eastern Visayas),BILIRAN,Male,Visual Disability,Mild,3617,89681.0,4033
Region VIII (Eastern Visayas),BILIRAN,Male,Visual Disability,Moderate,210,89681.0,234
Region VIII (Eastern Visayas),BILIRAN,Male,Visual Disability,Severe,70,89681.0,78
Region VIII (Eastern Visayas),EASTERN SAMAR,Female,Cognitive Disability,Mild,5012,251747.5,1990
Region VIII (Eastern Visayas),EASTERN SAMAR,Female,Cognitive Disability,Moderate,642,251747.5,255
Region VIII (Eastern Visayas),EASTERN SAMAR,Female,Cognitive Disability,Severe,184,251747.5,73
Region VIII (Eastern Visayas),EASTERN SAMAR,Female,Communication Disability,Mild,1086,251747.5,431
Region VIII (Eastern Visayas),EASTERN SAMAR,Female,Communication Disability,Moderate,439,251747.5,174
Region VIII (Eastern Visayas),EASTERN SAMAR,Female,Communication Disability,Severe,369,251747.5,146
Region VIII (Eastern Visayas),EASTERN SAMAR,Female,Hearing Disability,Mild,6466,251747.5,2568
Region VIII (Eastern Visayas),EASTERN SAMAR,Female,Hearing Disability,Moderate,1043,251747.5,414
Region VIII (Eastern Visayas),EASTERN SAMAR,Female,Hearing Disability,Severe,174,251747.5,69
Region VIII (Eastern Visayas),EASTERN SAMAR,Female,Mobility Disability,Mild,6953,251747.5,2761
Region VIII (Eastern Visayas),EASTERN SAMAR,Female,Mobility Disability,Moderate,1378,251747.5,547
Region VIII (Eastern Visayas),EASTERN SAMAR,Female,Mobility Disability,Severe,554,251747.5,220
Region VIII (Eastern Visayas),EASTERN SAMAR,Female,Self-Care Disability,Mild,995,251747.5,395
Region VIII (Eastern Visayas),EASTERN SAMAR,Female,Self-Care Disability,Moderate,376,251747.5,149
Region VIII (Eastern Visayas),EASTERN SAMAR,Female,Self-Care Disability,Severe,532,251747.5,211
Region VIII (Eastern Visayas),EASTERN SAMAR,Female,Visual Disability,Mild,21358,251747.5,8483
Region VIII (Eastern Visayas),EASTERN SAMAR,Female,Visual Disability,Moderate,1811,251747.5,719
Region VIII (Eastern Visayas),EASTERN SAMAR,Female,Visual Disability,Severe,251,251747.5,99
Region VIII (Eastern Visayas),EASTERN SAMAR,Male,Cognitive Disability,Mild,3585,251747.5,1424
Region VIII (Eastern Visayas),EASTERN SAMAR,Male,Cognitive Disability,Moderate,475,251747.5,188
Region VIII (Eastern Visayas),EASTERN SAMAR,Male,Cognitive Disability,Severe,148,251747.5,58
Region VIII (Eastern Visayas),EASTERN SAMAR,Male,Communication Disability,Mild,1115,251747.5,442
Region VIII (Eastern Visayas),EASTERN SAMAR,Male,Communication Disability,Moderate,445,251747.5,176
Region VIII (Eastern Visayas),EASTERN SAMAR,Male,Communication Disability,Severe,323,251747.5,128
Region VIII (Eastern Visayas),EASTERN SAMAR,Male,Hearing Disability,Mild,6325,251747.5,2512
Region VIII (Eastern Visayas),EASTERN SAMAR,Male,Hearing Disability,Moderate,1100,251747.5,436
Region VIII (Eastern Visayas),EASTERN SAMAR,Male,Hearing Disability,Severe,184,251747.5,73
Region VIII (Eastern Visayas),EASTERN SAMAR,Male,Mobility Disability,Mild,6675,251747.5,2651
Region VIII (Eastern Visayas),EASTERN SAMAR,Male,Mobility Disability,Moderate,1206,251747.5,479
Region VIII (Eastern Visayas),EASTERN SAMAR,Male,Mobility Disability,Severe,412,251747.5,163
Region VIII (Eastern Visayas),EASTERN SAMAR,Male,Self-Care Disability,Mild,812,251747.5,322
Region VIII (Eastern Visayas),EASTERN SAMAR,Male,Self-Care Disability,Moderate,327,251747.5,129
Region VIII (Eastern Visayas),EASTERN SAMAR,Male,Self-Care Disability,Severe,401,251747.5,159
Region VIII (Eastern Visayas),EASTERN SAMAR,Male,Visual Disability,Mild,18161,251747.5,7213
Region VIII (Eastern Visayas),EASTERN SAMAR,Male,Visual Disability,Moderate,1507,251747.5,598
Region VIII (Eastern Visayas),EASTERN SAMAR,Male,Visual Disability,Severe,203,251747.5,80
Region VIII (Eastern Visayas),LEYTE,Female,Cognitive Disability,Mild,18533,1062134.5,1744
Region VIII (Eastern Visayas),LEYTE,Female,Cognitive Disability,Moderate,2258,1062134.5,212
Region VIII (Eastern Visayas),LEYTE,Female,Cognitive Disability,Severe,696,1062134.5,65
Region VIII (Eastern Visayas),LEYTE,Female,Communication Disability,Mild,3765,1062134.5,354
Region VIII (Eastern Visayas),LEYTE,Female,Communication Disability,Moderate,1633,1062134.5,153
Region VIII (Eastern Visayas),LEYTE,Female,Communication Disability,Severe,1384,1062134.5,130
Region VIII (Eastern Visayas),LEYTE,Female,Hearing Disability,Mild,19412,1062134.5,1827
Region VIII (Eastern Visayas),LEYTE,Female,Hearing Disability,Moderate,2729,1062134.5,256
Region VIII (Eastern Visayas),LEYTE,Female,Hearing Disability,Severe,660,1062134.5,62
Region VIII (Eastern Visayas),LEYTE,Female,Mobility Disability,Mild,18983,1062134.5,1787
Region VIII (Eastern Visayas),LEYTE,Female,Mobility Disability,Moderate,3509,1062134.5,330
Region VIII (Eastern Visayas),LEYTE,Female,Mobility Disability,Severe,1893,1062134.5,178
Region VIII (Eastern Visayas),LEYTE,Female,Self-Care Disability,Mild,3877,1062134.5,365
Region VIII (Eastern Visayas),LEYTE,Female,Self-Care Disability,Moderate,1445,1062134.5,136
Region VIII (Eastern Visayas),LEYTE,Female,Self-Care Disability,Severe,2150,1062134.5,202
Region VIII (Eastern Visayas),LEYTE,Female,Visual Disability,Mild,74110,1062134.5,6977
Region VIII (Eastern Visayas),LEYTE,Female,Visual Disability,Moderate,5143,1062134.5,484
Region VIII (Eastern Visayas),LEYTE,Female,Visual Disability,Severe,949,1062134.5,89
Region VIII (Eastern Visayas),LEYTE,Male,Cognitive Disability,Mild,13461,1062134.5,1267
Region VIII (Eastern Visayas),LEYTE,Male,Cognitive Disability,Moderate,1692,1062134.5,159
Region VIII (Eastern Visayas),LEYTE,Male,Cognitive Disability,Severe,596,1062134.5,56
Region VIII (Eastern Visayas),LEYTE,Male,Communication Disability,Mild,3808,1062134.5,358
Region VIII (Eastern Visayas),LEYTE,Male,Communication Disability,Moderate,1693,1062134.5,159
Region VIII (Eastern Visayas),LEYTE,Male,Communication Disability,Severe,1383,1062134.5,130
Region VIII (Eastern Visayas),LEYTE,Male,Hearing Disability,Mild,17878,1062134.5,1683
Region VIII (Eastern Visayas),LEYTE,Male,Hearing Disability,Moderate,2574,1062134.5,242
Region VIII (Eastern Visayas),LEYTE,Male,Hearing Disability,Severe,758,1062134.5,71
Region VIII (Eastern Visayas),LEYTE,Male,Mobility Disability,Mild,16887,1062134.5,1589
Region VIII (Eastern Visayas),LEYTE,Male,Mobility Disability,Moderate,3486,1062134.5,328
Region VIII (Eastern Visayas),LEYTE,Male,Mobility Disability,Severe,1570,1062134.5,147
Region VIII (Eastern Visayas),LEYTE,Male,Self-Care Disability,Mild,3416,1062134.5,321
Region VIII (Eastern Visayas),LEYTE,Male,Self-Care Disability,Moderate,1280,1062134.5,120
Region VIII (Eastern Visayas),LEYTE,Male,Self-Care Disability,Severe,1855,1062134.5,174
Region VIII (Eastern Visayas),LEYTE,Male,Visual Disability,Mild,58271,1062134.5,5486
Region VIII (Eastern Visayas),LEYTE,Male,Visual Disability,Moderate,3835,1062134.5,361
Region VIII (Eastern Visayas),LEYTE,Male,Visual Disability,Severe,775,1062134.5,72
Region VIII (Eastern Visayas),NORTHERN SAMAR,Female,Cognitive Disability,Mild,7221,334383.0,2159
Region VIII (Eastern Visayas),NORTHERN SAMAR,Female,Cognitive Disability,Moderate,801,334383.0,239
Region VIII (Eastern Visayas),NORTHERN SAMAR,Female,Cognitive Disability,Severe,220,334383.0,65
Region VIII (Eastern Visayas),NORTHERN SAMAR,Female,Communication Disability,Mild,1323,334383.0,395
Region VIII (Eastern Visayas),NORTHERN SAMAR,Female,Communication Disability,Moderate,493,334383.0,147
Region VIII (Eastern Visayas),NORTHERN SAMAR,Female,Communication Disability,Severe,424,334383.0,126
Region VIII (Eastern Visayas),NORTHERN SAMAR,Female,Hearing Disability,Mild,8411,334383.0,2515
Region VIII (Eastern Visayas),NORTHERN SAMAR,Female,Hearing Disability,Moderate,1251,334383.0,374
Region VIII (Eastern Visayas),NORTHERN SAMAR,Female,Hearing Disability,Severe,223,334383.0,66
Region VIII (Eastern Visayas),NORTHERN SAMAR,Female,Mobility Disability,Mild,7729,334383.0,2311
Region VIII (Eastern Visayas),NORTHERN SAMAR,Female,Mobility Disability,Moderate,1382,334383.0,413
Region VIII (Eastern Visayas),NORTHERN SAMAR,Female,Mobility Disability,Severe,582,334383.0,174
Region VIII (Eastern Visayas),NORTHERN SAMAR,Female,Self-Care Disability,Mild,1594,334383.0,476
Region VIII (Eastern Visayas),NORTHERN SAMAR,Female,Self-Care Disability,Moderate,426,334383.0,127
Region VIII (Eastern Visayas),NORTHERN SAMAR,Female,Self-Care Disability,Severe,657,334383.0,196
Region VIII (Eastern Visayas),NORTHERN SAMAR,Female,Visual Disability,Mild,31169,334383.0,9321
Region VIII (Eastern Visayas),NORTHERN SAMAR,Female,Visual Disability,Moderate,2565,334383.0,767
Region VIII (Eastern Visayas),NORTHERN SAMAR,Female,Visual Disability,Severe,348,334383.0,104
Region VIII (Eastern Visayas),NORTHERN SAMAR,Male,Cognitive Disability,Mild,5056,334383.0,1512
Region VIII (Eastern Visayas),NORTHERN SAMAR,Male,Cognitive Disability,Moderate,630,334383.0,188
Region VIII (Eastern Visayas),NORTHERN SAMAR,Male,Cognitive Disability,Severe,182,334383.0,54
Region VIII (Eastern Visayas),NORTHERN SAMAR,Male,Communication Disability,Mild,1270,334383.0,379
Region VIII (Eastern Visayas),NORTHERN SAMAR,Male,Communication Disability,Moderate,528,334383.0,157
Region VIII (Eastern Visayas),NORTHERN SAMAR,Male,Communication Disability,Severe,468,334383.0,139
Region VIII (Eastern Visayas),NORTHERN SAMAR,Male,Hearing Disability,Mild,7897,334383.0,2361
Region VIII (Eastern Visayas),NORTHERN SAMAR,Male,Hearing Disability,Moderate,1257,334383.0,375
Region VIII (Eastern Visayas),NORTHERN SAMAR,Male,Hearing Disability,Severe,288,334383.0,86
Region VIII (Eastern Visayas),NORTHERN SAMAR,Male,Mobility Disability,Mild,6971,334383.0,2084
Region VIII (Eastern Visayas),NORTHERN SAMAR,Male,Mobility Disability,Moderate,1303,334383.0,389
Region VIII (Eastern Visayas),NORTHERN SAMAR,Male,Mobility Disability,Severe,500,334383.0,149
Region VIII (Eastern Visayas),NORTHERN SAMAR,Male,Self-Care Disability,Mild,1489,334383.0,445
Region VIII (Eastern Visayas),NORTHERN SAMAR,Male,Self-Care Disability,Moderate,388,334383.0,116
Region VIII (Eastern Visayas),NORTHERN SAMAR,Male,Self-Care Disability,Severe,539,334383.0,161
Region VIII (Eastern Visayas),NORTHERN SAMAR,Male,Visual Disability,Mild,24673,334383.0,7378
Region VIII (Eastern Visayas),NORTHERN SAMAR,Male,Visual Disability,Moderate,2067,334383.0,618
Region VIII (Eastern Visayas),NORTHERN SAMAR,Male,Visual Disability,Severe,251,334383.0,75
Region VIII (Eastern Visayas),SAMAR (WESTERN SAMAR),Female,Cognitive Disability,Mild,4294,411047.5,1044
Region VIII (Eastern Visayas),SAMAR (WESTERN SAMAR),Female,Cognitive Disability,Moderate,578,411047.5,140
Region VIII (Eastern Visayas),SAMAR (WESTERN SAMAR),Female,Cognitive Disability,Severe,149,411047.5,36
Region VIII (Eastern Visayas),SAMAR (WESTERN SAMAR),Female,Communication Disability,Mild,1168,411047.5,284
Region VIII (Eastern Visayas),SAMAR (WESTERN SAMAR),Female,Communication Disability,Moderate,454,411047.5,110
Region VIII (Eastern Visayas),SAMAR (WESTERN SAMAR),Female,Communication Disability,Severe,396,411047.5,96
Region VIII (Eastern Visayas),SAMAR (WESTERN SAMAR),Female,Hearing Disability,Mild,6215,411047.5,1511
Region VIII (Eastern Visayas),SAMAR (WESTERN SAMAR),Female,Hearing Disability,Moderate,892,411047.5,217
Region VIII (Eastern Visayas),SAMAR (WESTERN SAMAR),Female,Hearing Disability,Severe,183,411047.5,44
Region VIII (Eastern Visayas),SAMAR (WESTERN SAMAR),Female,Mobility Disability,Mild,6244,411047.5,1519
Region VIII (Eastern Visayas),SAMAR (WESTERN SAMAR),Female,Mobility Disability,Moderate,997,411047.5,242
Region VIII (Eastern Visayas),SAMAR (WESTERN SAMAR),Female,Mobility Disability,Severe,482,411047.5,117
Region VIII (Eastern Visayas),SAMAR (WESTERN SAMAR),Female,Self-Care Disability,Mild,1162,411047.5,282
Region VIII (Eastern Visayas),SAMAR (WESTERN SAMAR),Female,Self-Care Disability,Moderate,371,411047.5,90
Region VIII (Eastern Visayas),SAMAR (WESTERN SAMAR),Female,Self-Care Disability,Severe,520,411047.5,126
Region VIII (Eastern Visayas),SAMAR (WESTERN SAMAR),Female,Visual Disability,Mild,23701,411047.5,5766
Region VIII (Eastern Visayas),SAMAR (WESTERN SAMAR),Female,Visual Disability,Moderate,1523,411047.5,370
Region VIII (Eastern Visayas),SAMAR (WESTERN SAMAR),Female,Visual Disability,Severe,305,411047.5,74
Region VIII (Eastern Visayas),SAMAR (WESTERN SAMAR),Male,Cognitive Disability,Mild,3047,411047.5,741
Region VIII (Eastern Visayas),SAMAR (WESTERN SAMAR),Male,Cognitive Disability,Moderate,432,411047.5,105
Region VIII (Eastern Visayas),SAMAR (WESTERN SAMAR),Male,Cognitive Disability,Severe,132,411047.5,32
Region VIII (Eastern Visayas),SAMAR (WESTERN SAMAR),Male,Communication Disability,Mild,1206,411047.5,293
Region VIII (Eastern Visayas),SAMAR (WESTERN SAMAR),Male,Communication Disability,Moderate,444,411047.5,108
Region VIII (Eastern Visayas),SAMAR (WESTERN SAMAR),Male,Communication Disability,Severe,360,411047.5,87
Region VIII (Eastern Visayas),SAMAR (WESTERN SAMAR),Male,Hearing Disability,Mild,5802,411047.5,1411
Region VIII (Eastern Visayas),SAMAR (WESTERN SAMAR),Male,Hearing Disability,Moderate,874,411047.5,212
Region VIII (Eastern Visayas),SAMAR (WESTERN SAMAR),Male,Hearing Disability,Severe,211,411047.5,51
Region VIII (Eastern Visayas),SAMAR (WESTERN SAMAR),Male,Mobility Disability,Mild,5827,411047.5,1417
Region VIII (Eastern Visayas),SAMAR (WESTERN SAMAR),Male,Mobility Disability,Moderate,1040,411047.5,253
Region VIII (Eastern Visayas),SAMAR (WESTERN SAMAR),Male,Mobility Disability,Severe,403,411047.5,98
Region VIII (Eastern Visayas),SAMAR (WESTERN SAMAR),Male,Self-Care Disability,Mild,1028,411047.5,250
Region VIII (Eastern Visayas),SAMAR (WESTERN SAMAR),Male,Self-Care Disability,Moderate,339,411047.5,82
Region VIII (Eastern Visayas),SAMAR (WESTERN SAMAR),Male,Self-Care Disability,Severe,424,411047.5,103
Region VIII (Eastern Visayas),SAMAR (WESTERN SAMAR),Male,Visual Disability,Mild,19171,411047.5,4663
Region VIII (Eastern Visayas),SAMAR (WESTERN SAMAR),Male,Visual Disability,Moderate,1202,411047.5,292
Region VIII (Eastern Visayas),SAMAR (WESTERN SAMAR),Male,Visual Disability,Severe,247,411047.5,60
Region VIII (Eastern Visayas),SOUTHERN LEYTE,Female,Cognitive Disability,Mild,6036,222177.5,2716
Region VIII (Eastern Visayas),SOUTHERN LEYTE,Female,Cognitive Disability,Moderate,715,222177.5,321
Region VIII (Eastern Visayas),SOUTHERN LEYTE,Female,Cognitive Disability,Severe,219,222177.5,98
Region VIII (Eastern Visayas),SOUTHERN LEYTE,Female,Communication Disability,Mild,1085,222177.5,488
Region VIII (Eastern Visayas),SOUTHERN LEYTE,Female,Communication Disability,Moderate,506,222177.5,227
Region VIII (Eastern Visayas),SOUTHERN LEYTE,Female,Communication Disability,Severe,362,222177.5,162
Region VIII (Eastern Visayas),SOUTHERN LEYTE,Female,Hearing Disability,Mild,5155,222177.5,2320
Region VIII (Eastern Visayas),SOUTHERN LEYTE,Female,Hearing Disability,Moderate,724,222177.5,325
Region VIII (Eastern Visayas),SOUTHERN LEYTE,Female,Hearing Disability,Severe,154,222177.5,69
Region VIII (Eastern Visayas),SOUTHERN LEYTE,Female,Mobility Disability,Mild,4183,222177.5,1882
Region VIII (Eastern Visayas),SOUTHERN LEYTE,Female,Mobility Disability,Moderate,935,222177.5,420
Region VIII (Eastern Visayas),SOUTHERN LEYTE,Female,Mobility Disability,Severe,511,222177.5,229
Region VIII (Eastern Visayas),SOUTHERN LEYTE,Female,Self-Care Disability,Mild,1431,222177.5,644
Region VIII (Eastern Visayas),SOUTHERN LEYTE,Female,Self-Care Disability,Moderate,452,222177.5,203
Region VIII (Eastern Visayas),SOUTHERN LEYTE,Female,Self-Care Disability,Severe,630,222177.5,283
Region VIII (Eastern Visayas),SOUTHERN LEYTE,Female,Visual Disability,Mild,17487,222177.5,7870
Region VIII (Eastern Visayas),SOUTHERN LEYTE,Female,Visual Disability,Moderate,1406,222177.5,632
Region VIII (Eastern Visayas),SOUTHERN LEYTE,Female,Visual Disability,Severe,213,222177.5,95
Region VIII (Eastern Visayas),SOUTHERN LEYTE,Male,Cognitive Disability,Mild,4346,222177.5,1956
Region VIII (Eastern Visayas),SOUTHERN LEYTE,Male,Cognitive Disability,Moderate,519,222177.5,233
Region VIII (Eastern Visayas),SOUTHERN LEYTE,Male,Cognitive Disability,Severe,179,222177.5,80
Region VIII (Eastern Visayas),SOUTHERN LEYTE,Male,Communication Disability,Mild,1033,222177.5,464
Region VIII (Eastern Visayas),SOUTHERN LEYTE,Male,Communication Disability,Moderate,440,222177.5,198
Region VIII (Eastern Visayas),SOUTHERN LEYTE,Male,Communication Disability,Severe,354,222177.5,159
Region VIII (Eastern Visayas),SOUTHERN LEYTE,Male,Hearing Disability,Mild,4697,222177.5,2114
Region VIII (Eastern Visayas),SOUTHERN LEYTE,Male,Hearing Disability,Moderate,732,222177.5,329
Region VIII (Eastern Visayas),SOUTHERN LEYTE,Male,Hearing Disability,Severe,168,222177.5,75
Region VIII (Eastern Visayas),SOUTHERN LEYTE,Male,Mobility Disability,Mild,3949,222177.5,1777
Region VIII (Eastern Visayas),SOUTHERN LEYTE,Male,Mobility Disability,Moderate,924,222177.5,415
Region VIII (Eastern Visayas),SOUTHERN LEYTE,Male,Mobility Disability,Severe,397,222177.5,178
Region VIII (Eastern Visayas),SOUTHERN LEYTE,Male,Self-Care Disability,Mild,1314,222177.5,591
Region VIII (Eastern Visayas),SOUTHERN LEYTE,Male,Self-Care Disability,Moderate,372,222177.5,167
Region VIII (Eastern Visayas),SOUTHERN LEYTE,Male,Self-Care Disability,Severe,485,222177.5,218
Region VIII (Eastern Visayas),SOUTHERN LEYTE,Male,Visual Disability,Mild,13537,222177.5,6092
Region VIII (Eastern Visayas),SOUTHERN LEYTE,Male,Visual Disability,Moderate,1074,222177.5,483
Region VIII (Eastern Visayas),SOUTHERN LEYTE,Male,Visual Disability,Severe,172,222177.5,77
Region X (Northern Mindanao),BUKIDNON,Female,Cognitive Disability,Mild,11816,755094.5,1564
Region X (Northern Mindanao),BUKIDNON,Female,Cognitive Disability,Moderate,1406,755094.5,186
Region X (Northern Mindanao),BUKIDNON,Female,Cognitive Disability,Severe,415,755094.5,54
Region X (Northern Mindanao),BUKIDNON,Female,Communication Disability,Mild,3010,755094.5,398
Region X (Northern Mindanao),BUKIDNON,Female,Communication Disability,Moderate,1109,755094.5,146
Region X (Northern Mindanao),BUKIDNON,Female,Communication Disability,Severe,1012,755094.5,134
Region X (Northern Mindanao),BUKIDNON,Female,Hearing Disability,Mild,10814,755094.5,1432
Region X (Northern Mindanao),BUKIDNON,Female,Hearing Disability,Moderate,1471,755094.5,194
Region X (Northern Mindanao),BUKIDNON,Female,Hearing Disability,Severe,357,755094.5,47
Region X (Northern Mindanao),BUKIDNON,Female,Mobility Disability,Mild,8726,755094.5,1155
Region X (Northern Mindanao),BUKIDNON,Female,Mobility Disability,Moderate,1772,755094.5,234
Region X (Northern Mindanao),BUKIDNON,Female,Mobility Disability,Severe,820,755094.5,108
Region X (Northern Mindanao),BUKIDNON,Female,Self-Care Disability,Mild,3312,755094.5,438
Region X (Northern Mindanao),BUKIDNON,Female,Self-Care Disability,Moderate,991,755094.5,131
Region X (Northern Mindanao),BUKIDNON,Female,Self-Care Disability,Severe,1040,755094.5,137
Region X (Northern Mindanao),BUKIDNON,Female,Visual Disability,Mild,37942,755094.5,5024
Region X (Northern Mindanao),BUKIDNON,Female,Visual Disability,Moderate,2799,755094.5,370
Region X (Northern Mindanao),BUKIDNON,Female,Visual Disability,Severe,475,755094.5,62
Region X (Northern Mindanao),BUKIDNON,Male,Cognitive Disability,Mild,10141,755094.5,1343
Region X (Northern Mindanao),BUKIDNON,Male,Cognitive Disability,Moderate,1263,755094.5,167
Region X (Northern Mindanao),BUKIDNON,Male,Cognitive Disability,Severe,537,755094.5,71
Region X (Northern Mindanao),BUKIDNON,Male,Communication Disability,Mild,3476,755094.5,460
Region X (Northern Mindanao),BUKIDNON,Male,Communication Disability,Moderate,1242,755094.5,164
Region X (Northern Mindanao),BUKIDNON,Male,Communication Disability,Severe,1091,755094.5,144
Region X (Northern Mindanao),BUKIDNON,Male,Hearing Disability,Mild,10524,755094.5,1393
Region X (Northern Mindanao),BUKIDNON,Male,Hearing Disability,Moderate,1426,755094.5,188
Region X (Northern Mindanao),BUKIDNON,Male,Hearing Disability,Severe,492,755094.5,65
Region X (Northern Mindanao),BUKIDNON,Male,Mobility Disability,Mild,9025,755094.5,1195
Region X (Northern Mindanao),BUKIDNON,Male,Mobility Disability,Moderate,2162,755094.5,286
Region X (Northern Mindanao),BUKIDNON,Male,Mobility Disability,Severe,978,755094.5,129
Region X (Northern Mindanao),BUKIDNON,Male,Self-Care Disability,Mild,3337,755094.5,441
Region X (Northern Mindanao),BUKIDNON,Male,Self-Care Disability,Moderate,1094,755094.5,144
Region X (Northern Mindanao),BUKIDNON,Male,Self-Care Disability,Severe,1257,755094.5,166
Region X (Northern Mindanao),BUKIDNON,Male,Visual Disability,Mild,31241,755094.5,4137
Region X (Northern Mindanao),BUKIDNON,Male,Visual Disability,Moderate,2436,755094.5,322
Region X (Northern Mindanao),BUKIDNON,Male,Visual Disability,Severe,471,755094.5,62
Region X (Northern Mindanao),CAMIGUIN,Female,Cognitive Disability,Mild,1151,46215.5,2490
Region X (Northern Mindanao),CAMIGUIN,Female,Cognitive Disability,Moderate,134,46215.5,289
Region X (Northern Mindanao),CAMIGUIN,Female,Cognitive Disability,Severe,52,46215.5,112
Region X (Northern Mindanao),CAMIGUIN,Female,Communication Disability,Mild,153,46215.5,331
Region X (Northern Mindanao),CAMIGUIN,Female,Communication Disability,Moderate,83,46215.5,179
Region X (Northern Mindanao),CAMIGUIN,Female,Communication Disability,Severe,93,46215.5,201
Region X (Northern Mindanao),CAMIGUIN,Female,Hearing Disability,Mild,996,46215.5,2155
Region X (Northern Mindanao),CAMIGUIN,Female,Hearing Disability,Moderate,129,46215.5,279
Region X (Northern Mindanao),CAMIGUIN,Female,Hearing Disability,Severe,40,46215.5,86
Region X (Northern Mindanao),CAMIGUIN,Female,Mobility Disability,Mild,786,46215.5,1700
Region X (Northern Mindanao),CAMIGUIN,Female,Mobility Disability,Moderate,190,46215.5,411
Region X (Northern Mindanao),CAMIGUIN,Female,Mobility Disability,Severe,146,46215.5,315
Region X (Northern Mindanao),CAMIGUIN,Female,Self-Care Disability,Mild,176,46215.5,380
Region X (Northern Mindanao),CAMIGUIN,Female,Self-Care Disability,Moderate,94,46215.5,203
Region X (Northern Mindanao),CAMIGUIN,Female,Self-Care Disability,Severe,166,46215.5,359
Region X (Northern Mindanao),CAMIGUIN,Female,Visual Disability,Mild,2850,46215.5,6166
Region X (Northern Mindanao),CAMIGUIN,Female,Visual Disability,Moderate,205,46215.5,443
Region X (Northern Mindanao),CAMIGUIN,Female,Visual Disability,Severe,55,46215.5,119
Region X (Northern Mindanao),CAMIGUIN,Male,Cognitive Disability,Mild,815,46215.5,1763
Region X (Northern Mindanao),CAMIGUIN,Male,Cognitive Disability,Moderate,101,46215.5,218
Region X (Northern Mindanao),CAMIGUIN,Male,Cognitive Disability,Severe,37,46215.5,80
Region X (Northern Mindanao),CAMIGUIN,Male,Communication Disability,Mild,174,46215.5,376
Region X (Northern Mindanao),CAMIGUIN,Male,Communication Disability,Moderate,114,46215.5,246
Region X (Northern Mindanao),CAMIGUIN,Male,Communication Disability,Severe,94,46215.5,203
Region X (Northern Mindanao),CAMIGUIN,Male,Hearing Disability,Mild,890,46215.5,1925
Region X (Northern Mindanao),CAMIGUIN,Male,Hearing Disability,Moderate,124,46215.5,268
Region X (Northern Mindanao),CAMIGUIN,Male,Hearing Disability,Severe,43,46215.5,93
Region X (Northern Mindanao),CAMIGUIN,Male,Mobility Disability,Mild,766,46215.5,1657
Region X (Northern Mindanao),CAMIGUIN,Male,Mobility Disability,Moderate,189,46215.5,408
Region X (Northern Mindanao),CAMIGUIN,Male,Mobility Disability,Severe,117,46215.5,253
Region X (Northern Mindanao),CAMIGUIN,Male,Self-Care Disability,Mild,161,46215.5,348
Region X (Northern Mindanao),CAMIGUIN,Male,Self-Care Disability,Moderate,80,46215.5,173
Region X (Northern Mindanao),CAMIGUIN,Male,Self-Care Disability,Severe,133,46215.5,287
Region X (Northern Mindanao),CAMIGUIN,Male,Visual Disability,Mild,2296,46215.5,4968
Region X (Northern Mindanao),CAMIGUIN,Male,Visual Disability,Moderate,152,46215.5,328
Region X (Northern Mindanao),CAMIGUIN,Male,Visual Disability,Severe,40,46215.5,86
Region X (Northern Mindanao),LANAO DEL NORTE,Female,Cognitive Disability,Mild,5370,547635.0,980
Region X (Northern Mindanao),LANAO DEL NORTE,Female,Cognitive Disability,Moderate,681,547635.0,124
Region X (Northern Mindanao),LANAO DEL NORTE,Female,Cognitive Disability,Severe,222,547635.0,40
Region X (Northern Mindanao),LANAO DEL NORTE,Female,Communication Disability,Mild,1599,547635.0,291
Region X (Northern Mindanao),LANAO DEL NORTE,Female,Communication Disability,Moderate,586,547635.0,107
Region X (Northern Mindanao),LANAO DEL NORTE,Female,Communication Disability,Severe,532,547635.0,97
Region X (Northern Mindanao),LANAO DEL NORTE,Female,Hearing Disability,Mild,5910,547635.0,1079
Region X (Northern Mindanao),LANAO DEL NORTE,Female,Hearing Disability,Moderate,667,547635.0,121
Region X (Northern Mindanao),LANAO DEL NORTE,Female,Hearing Disability,Severe,204,547635.0,37
Region X (Northern Mindanao),LANAO DEL NORTE,Female,Mobility Disability,Mild,4850,547635.0,885
Region X (Northern Mindanao),LANAO DEL NORTE,Female,Mobility Disability,Moderate,887,547635.0,161
Region X (Northern Mindanao),LANAO DEL NORTE,Female,Mobility Disability,Severe,435,547635.0,79
Region X (Northern Mindanao),LANAO DEL NORTE,Female,Self-Care Disability,Mild,1971,547635.0,359
Region X (Northern Mindanao),LANAO DEL NORTE,Female,Self-Care Disability,Moderate,532,547635.0,97
Region X (Northern Mindanao),LANAO DEL NORTE,Female,Self-Care Disability,Severe,545,547635.0,99
Region X (Northern Mindanao),LANAO DEL NORTE,Female,Visual Disability,Mild,18648,547635.0,3405
Region X (Northern Mindanao),LANAO DEL NORTE,Female,Visual Disability,Moderate,1544,547635.0,281
Region X (Northern Mindanao),LANAO DEL NORTE,Female,Visual Disability,Severe,266,547635.0,48
Region X (Northern Mindanao),LANAO DEL NORTE,Male,Cognitive Disability,Mild,4244,547635.0,774
Region X (Northern Mindanao),LANAO DEL NORTE,Male,Cognitive Disability,Moderate,588,547635.0,107
Region X (Northern Mindanao),LANAO DEL NORTE,Male,Cognitive Disability,Severe,253,547635.0,46
Region X (Northern Mindanao),LANAO DEL NORTE,Male,Communication Disability,Mild,1828,547635.0,333
Region X (Northern Mindanao),LANAO DEL NORTE,Male,Communication Disability,Moderate,563,547635.0,102
Region X (Northern Mindanao),LANAO DEL NORTE,Male,Communication Disability,Severe,514,547635.0,93
Region X (Northern Mindanao),LANAO DEL NORTE,Male,Hearing Disability,Mild,5546,547635.0,1012
Region X (Northern Mindanao),LANAO DEL NORTE,Male,Hearing Disability,Moderate,658,547635.0,120
Region X (Northern Mindanao),LANAO DEL NORTE,Male,Hearing Disability,Severe,221,547635.0,40
Region X (Northern Mindanao),LANAO DEL NORTE,Male,Mobility Disability,Mild,4464,547635.0,815
Region X (Northern Mindanao),LANAO DEL NORTE,Male,Mobility Disability,Moderate,916,547635.0,167
Region X (Northern Mindanao),LANAO DEL NORTE,Male,Mobility Disability,Severe,445,547635.0,81
Region X (Northern Mindanao),LANAO DEL NORTE,Male,Self-Care Disability,Mild,1925,547635.0,351
Region X (Northern Mindanao),LANAO DEL NORTE,Male,Self-Care Disability,Moderate,516,547635.0,94
Region X (Northern Mindanao),LANAO DEL NORTE,Male,Self-Care Disability,Severe,596,547635.0,108
Region X (Northern Mindanao),LANAO DEL NORTE,Male,Visual Disability,Mild,14964,547635.0,2732
Region X (Northern Mindanao),LANAO DEL NORTE,Male,Visual Disability,Moderate,1216,547635.0,222
Region X (Northern Mindanao),LANAO DEL NORTE,Male,Visual Disability,Severe,225,547635.0,41
Region X (Northern Mindanao),MISAMIS OCCIDENTAL,Female,Cognitive Disability,Mild,5601,313579.0,1786
Region X (Northern Mindanao),MISAMIS OCCIDENTAL,Female,Cognitive Disability,Moderate,814,313579.0,259
Region X (Northern Mindanao),MISAMIS OCCIDENTAL,Female,Cognitive Disability,Severe,259,313579.0,82
Region X (Northern Mindanao),MISAMIS OCCIDENTAL,Female,Communication Disability,Mild,1344,313579.0,428
Region X (Northern Mindanao),MISAMIS OCCIDENTAL,Female,Communication Disability,Moderate,537,313579.0,171
Region X (Northern Mindanao),MISAMIS OCCIDENTAL,Female,Communication Disability,Severe,435,313579.0,138
Region X (Northern Mindanao),MISAMIS OCCIDENTAL,Female,Hearing Disability,Mild,6311,313579.0,2012
Region X (Northern Mindanao),MISAMIS OCCIDENTAL,Female,Hearing Disability,Moderate,910,313579.0,290
Region X (Northern Mindanao),MISAMIS OCCIDENTAL,Female,Hearing Disability,Severe,197,313579.0,62
Region X (Northern Mindanao),MISAMIS OCCIDENTAL,Female,Mobility Disability,Mild,4902,313579.0,1563
Region X (Northern Mindanao),MISAMIS OCCIDENTAL,Female,Mobility Disability,Moderate,1048,313579.0,334
Region X (Northern Mindanao),MISAMIS OCCIDENTAL,Female,Mobility Disability,Severe,544,313579.0,173
Region X (Northern Mindanao),MISAMIS OCCIDENTAL,Female,Self-Care Disability,Mild,1391,313579.0,443
Region X (Northern Mindanao),MISAMIS OCCIDENTAL,Female,Self-Care Disability,Moderate,503,313579.0,160
Region X (Northern Mindanao),MISAMIS OCCIDENTAL,Female,Self-Care Disability,Severe,620,313579.0,197
Region X (Northern Mindanao),MISAMIS OCCIDENTAL,Female,Visual Disability,Mild,21668,313579.0,6909
Region X (Northern Mindanao),MISAMIS OCCIDENTAL,Female,Visual Disability,Moderate,1626,313579.0,518
Region X (Northern Mindanao),MISAMIS OCCIDENTAL,Female,Visual Disability,Severe,271,313579.0,86
Region X (Northern Mindanao),MISAMIS OCCIDENTAL,Male,Cognitive Disability,Mild,3867,313579.0,1233
Region X (Northern Mindanao),MISAMIS OCCIDENTAL,Male,Cognitive Disability,Moderate,625,313579.0,199
Region X (Northern Mindanao),MISAMIS OCCIDENTAL,Male,Cognitive Disability,Severe,250,313579.0,79
Region X (Northern Mindanao),MISAMIS OCCIDENTAL,Male,Communication Disability,Mild,1199,313579.0,382
Region X (Northern Mindanao),MISAMIS OCCIDENTAL,Male,Communication Disability,Moderate,530,313579.0,169
Region X (Northern Mindanao),MISAMIS OCCIDENTAL,Male,Communication Disability,Severe,422,313579.0,134
Region X (Northern Mindanao),MISAMIS OCCIDENTAL,Male,Hearing Disability,Mild,5331,313579.0,1700
Region X (Northern Mindanao),MISAMIS OCCIDENTAL,Male,Hearing Disability,Moderate,833,313579.0,265
Region X (Northern Mindanao),MISAMIS OCCIDENTAL,Male,Hearing Disability,Severe,216,313579.0,68
Region X (Northern Mindanao),MISAMIS OCCIDENTAL,Male,Mobility Disability,Mild,4441,313579.0,1416
Region X (Northern Mindanao),MISAMIS OCCIDENTAL,Male,Mobility Disability,Moderate,1077,313579.0,343
Region X (Northern Mindanao),MISAMIS OCCIDENTAL,Male,Mobility Disability,Severe,501,313579.0,159
Region X (Northern Mindanao),MISAMIS OCCIDENTAL,Male,Self-Care Disability,Mild,1175,313579.0,374
Region X (Northern Mindanao),MISAMIS OCCIDENTAL,Male,Self-Care Disability,Moderate,443,313579.0,141
Region X (Northern Mindanao),MISAMIS OCCIDENTAL,Male,Self-Care Disability,Severe,572,313579.0,182
Region X (Northern Mindanao),MISAMIS OCCIDENTAL,Male,Visual Disability,Mild,16231,313579.0,5176
Region X (Northern Mindanao),MISAMIS OCCIDENTAL,Male,Visual Disability,Moderate,1206,313579.0,384
Region X (Northern Mindanao),MISAMIS OCCIDENTAL,Male,Visual Disability,Severe,207,313579.0,66
Region X (Northern Mindanao),MISAMIS ORIENTAL,Female,Cognitive Disability,Mild,10058,846001.0,1188
Region X (Northern Mindanao),MISAMIS ORIENTAL,Female,Cognitive Disability,Moderate,1410,846001.0,166
Region X (Northern Mindanao),MISAMIS ORIENTAL,Female,Cognitive Disability,Severe,499,846001.0,58
Region X (Northern Mindanao),MISAMIS ORIENTAL,Female,Communication Disability,Mild,2512,846001.0,296
Region X (Northern Mindanao),MISAMIS ORIENTAL,Female,Communication Disability,Moderate,1135,846001.0,134
Region X (Northern Mindanao),MISAMIS ORIENTAL,Female,Communication Disability,Severe,953,846001.0,112
Region X (Northern Mindanao),MISAMIS ORIENTAL,Female,Hearing Disability,Mild,11309,846001.0,1336
Region X (Northern Mindanao),MISAMIS ORIENTAL,Female,Hearing Disability,Moderate,1514,846001.0,178
Region X (Northern Mindanao),MISAMIS ORIENTAL,Female,Hearing Disability,Severe,459,846001.0,54
Region X (Northern Mindanao),MISAMIS ORIENTAL,Female,Mobility Disability,Mild,9599,846001.0,1134
Region X (Northern Mindanao),MISAMIS ORIENTAL,Female,Mobility Disability,Moderate,2071,846001.0,244
Region X (Northern Mindanao),MISAMIS ORIENTAL,Female,Mobility Disability,Severe,1176,846001.0,139
Region X (Northern Mindanao),MISAMIS ORIENTAL,Female,Self-Care Disability,Mild,2759,846001.0,326
Region X (Northern Mindanao),MISAMIS ORIENTAL,Female,Self-Care Disability,Moderate,990,846001.0,117
Region X (Northern Mindanao),MISAMIS ORIENTAL,Female,Self-Care Disability,Severe,1320,846001.0,156
Region X (Northern Mindanao),MISAMIS ORIENTAL,Female,Visual Disability,Mild,43200,846001.0,5106
Region X (Northern Mindanao),MISAMIS ORIENTAL,Female,Visual Disability,Moderate,3166,846001.0,374
Region X (Northern Mindanao),MISAMIS ORIENTAL,Female,Visual Disability,Severe,540,846001.0,63
Region X (Northern Mindanao),MISAMIS ORIENTAL,Male,Cognitive Disability,Mild,7369,846001.0,871
Region X (Northern Mindanao),MISAMIS ORIENTAL,Male,Cognitive Disability,Moderate,1174,846001.0,138
Region X (Northern Mindanao),MISAMIS ORIENTAL,Male,Cognitive Disability,Severe,489,846001.0,57
Region X (Northern Mindanao),MISAMIS ORIENTAL,Male,Communication Disability,Mild,2615,846001.0,309
Region X (Northern Mindanao),MISAMIS ORIENTAL,Male,Communication Disability,Moderate,1208,846001.0,142
Region X (Northern Mindanao),MISAMIS ORIENTAL,Male,Communication Disability,Severe,1012,846001.0,119
Region X (Northern Mindanao),MISAMIS ORIENTAL,Male,Hearing Disability,Mild,10308,846001.0,1218
Region X (Northern Mindanao),MISAMIS ORIENTAL,Male,Hearing Disability,Moderate,1393,846001.0,164
Region X (Northern Mindanao),MISAMIS ORIENTAL,Male,Hearing Disability,Severe,492,846001.0,58
Region X (Northern Mindanao),MISAMIS ORIENTAL,Male,Mobility Disability,Mild,8891,846001.0,1050
Region X (Northern Mindanao),MISAMIS ORIENTAL,Male,Mobility Disability,Moderate,2156,846001.0,254
Region X (Northern Mindanao),MISAMIS ORIENTAL,Male,Mobility Disability,Severe,1029,846001.0,121
Region X (Northern Mindanao),MISAMIS ORIENTAL,Male,Self-Care Disability,Mild,2651,846001.0,313
Region X (Northern Mindanao),MISAMIS ORIENTAL,Male,Self-Care Disability,Moderate,1047,846001.0,123
Region X (Northern Mindanao),MISAMIS ORIENTAL,Male,Self-Care Disability,Severe,1213,846001.0,143
Region X (Northern Mindanao),MISAMIS ORIENTAL,Male,Visual Disability,Mild,33061,846001.0,3907
Region X (Northern Mindanao),MISAMIS ORIENTAL,Male,Visual Disability,Moderate,2337,846001.0,276
Region X (Northern Mindanao),MISAMIS ORIENTAL,Male,Visual Disability,Severe,435,846001.0,51
Region XIII (Caraga),AGUSAN DEL NORTE,Female,Cognitive Disability,Mild,5175,369387.5,1400
Region XIII (Caraga),AGUSAN DEL NORTE,Female,Cognitive Disability,Moderate,649,369387.5,175
Region XIII (Caraga),AGUSAN DEL NORTE,Female,Cognitive Disability,Severe,217,369387.5,58
Region XIII (Caraga),AGUSAN DEL NORTE,Female,Communication Disability,Mild,1166,369387.5,315
Region XIII (Caraga),AGUSAN DEL NORTE,Female,Communication Disability,Moderate,557,369387.5,150
Region XIII (Caraga),AGUSAN DEL NORTE,Female,Communication Disability,Severe,444,369387.5,120
Region XIII (Caraga),AGUSAN DEL NORTE,Female,Hearing Disability,Mild,5022,369387.5,1359
Region XIII (Caraga),AGUSAN DEL NORTE,Female,Hearing Disability,Moderate,683,369387.5,184
Region XIII (Caraga),AGUSAN DEL NORTE,Female,Hearing Disability,Severe,211,369387.5,57
Region XIII (Caraga),AGUSAN DEL NORTE,Female,Mobility Disability,Mild,4248,369387.5,1150
Region XIII (Caraga),AGUSAN DEL NORTE,Female,Mobility Disability,Moderate,928,369387.5,251
Region XIII (Caraga),AGUSAN DEL NORTE,Female,Mobility Disability,Severe,497,369387.5,134
Region XIII (Caraga),AGUSAN DEL NORTE,Female,Self-Care Disability,Mild,1307,369387.5,353
Region XIII (Caraga),AGUSAN DEL NORTE,Female,Self-Care Disability,Moderate,532,369387.5,144
Region XIII (Caraga),AGUSAN DEL NORTE,Female,Self-Care Disability,Severe,598,369387.5,161
Region XIII (Caraga),AGUSAN DEL NORTE,Female,Visual Disability,Mild,18834,369387.5,5098
Region XIII (Caraga),AGUSAN DEL NORTE,Female,Visual Disability,Moderate,1103,369387.5,298
Region XIII (Caraga),AGUSAN DEL NORTE,Female,Visual Disability,Severe,220,369387.5,59
Region XIII (Caraga),AGUSAN DEL NORTE,Male,Cognitive Disability,Mild,3844,369387.5,1040
Region XIII (Caraga),AGUSAN DEL NORTE,Male,Cognitive Disability,Moderate,572,369387.5,154
Region XIII (Caraga),AGUSAN DEL NORTE,Male,Cognitive Disability,Severe,213,369387.5,57
Region XIII (Caraga),AGUSAN DEL NORTE,Male,Communication Disability,Mild,1279,369387.5,346
Region XIII (Caraga),AGUSAN DEL NORTE,Male,Communication Disability,Moderate,598,369387.5,161
Region XIII (Caraga),AGUSAN DEL NORTE,Male,Communication Disability,Severe,470,369387.5,127
Region XIII (Caraga),AGUSAN DEL NORTE,Male,Hearing Disability,Mild,4768,369387.5,1290
Region XIII (Caraga),AGUSAN DEL NORTE,Male,Hearing Disability,Moderate,666,369387.5,180
Region XIII (Caraga),AGUSAN DEL NORTE,Male,Hearing Disability,Severe,221,369387.5,59
Region XIII (Caraga),AGUSAN DEL NORTE,Male,Mobility Disability,Mild,3969,369387.5,1074
Region XIII (Caraga),AGUSAN DEL NORTE,Male,Mobility Disability,Moderate,974,369387.5,263
Region XIII (Caraga),AGUSAN DEL NORTE,Male,Mobility Disability,Severe,496,369387.5,134
Region XIII (Caraga),AGUSAN DEL NORTE,Male,Self-Care Disability,Mild,1255,369387.5,339
Region XIII (Caraga),AGUSAN DEL NORTE,Male,Self-Care Disability,Moderate,455,369387.5,123
Region XIII (Caraga),AGUSAN DEL NORTE,Male,Self-Care Disability,Severe,584,369387.5,158
Region XIII (Caraga),AGUSAN DEL NORTE,Male,Visual Disability,Mild,14255,369387.5,3859
Region XIII (Caraga),AGUSAN DEL NORTE,Male,Visual Disability,Moderate,890,369387.5,240
Region XIII (Caraga),AGUSAN DEL NORTE,Male,Visual Disability,Severe,194,369387.5,52
Region XIII (Caraga),AGUSAN DEL SUR,Female,Cognitive Disability,Mild,6961,367491.0,1894
Region XIII (Caraga),AGUSAN DEL SUR,Female,Cognitive Disability,Moderate,802,367491.0,218
Region XIII (Caraga),AGUSAN DEL SUR,Female,Cognitive Disability,Severe,256,367491.0,69
Region XIII (Caraga),AGUSAN DEL SUR,Female,Communication Disability,Mild,1200,367491.0,326
Region XIII (Caraga),AGUSAN DEL SUR,Female,Communication Disability,Moderate,575,367491.0,156
Region XIII (Caraga),AGUSAN DEL SUR,Female,Communication Disability,Severe,501,367491.0,136
Region XIII (Caraga),AGUSAN DEL SUR,Female,Hearing Disability,Mild,5712,367491.0,1554
Region XIII (Caraga),AGUSAN DEL SUR,Female,Hearing Disability,Moderate,795,367491.0,216
Region XIII (Caraga),AGUSAN DEL SUR,Female,Hearing Disability,Severe,237,367491.0,64
Region XIII (Caraga),AGUSAN DEL SUR,Female,Mobility Disability,Mild,4461,367491.0,1213
Region XIII (Caraga),AGUSAN DEL SUR,Female,Mobility Disability,Moderate,987,367491.0,268
Region XIII (Caraga),AGUSAN DEL SUR,Female,Mobility Disability,Severe,499,367491.0,135
Region XIII (Caraga),AGUSAN DEL SUR,Female,Self-Care Disability,Mild,1090,367491.0,296
Region XIII (Caraga),AGUSAN DEL SUR,Female,Self-Care Disability,Moderate,455,367491.0,123
Region XIII (Caraga),AGUSAN DEL SUR,Female,Self-Care Disability,Severe,568,367491.0,154
Region XIII (Caraga),AGUSAN DEL SUR,Female,Visual Disability,Mild,18174,367491.0,4945
Region XIII (Caraga),AGUSAN DEL SUR,Female,Visual Disability,Moderate,1516,367491.0,412
Region XIII (Caraga),AGUSAN DEL SUR,Female,Visual Disability,Severe,258,367491.0,70
Region XIII (Caraga),AGUSAN DEL SUR,Male,Cognitive Disability,Mild,5659,367491.0,1539
Region XIII (Caraga),AGUSAN DEL SUR,Male,Cognitive Disability,Moderate,636,367491.0,173
Region XIII (Caraga),AGUSAN DEL SUR,Male,Cognitive Disability,Severe,225,367491.0,61
Region XIII (Caraga),AGUSAN DEL SUR,Male,Communication Disability,Mild,1318,367491.0,358
Region XIII (Caraga),AGUSAN DEL SUR,Male,Communication Disability,Moderate,682,367491.0,185
Region XIII (Caraga),AGUSAN DEL SUR,Male,Communication Disability,Severe,535,367491.0,145
Region XIII (Caraga),AGUSAN DEL SUR,Male,Hearing Disability,Mild,5927,367491.0,1612
Region XIII (Caraga),AGUSAN DEL SUR,Male,Hearing Disability,Moderate,880,367491.0,239
Region XIII (Caraga),AGUSAN DEL SUR,Male,Hearing Disability,Severe,277,367491.0,75
Region XIII (Caraga),AGUSAN DEL SUR,Male,Mobility Disability,Mild,4518,367491.0,1229
Region XIII (Caraga),AGUSAN DEL SUR,Male,Mobility Disability,Moderate,1164,367491.0,316
Region XIII (Caraga),AGUSAN DEL SUR,Male,Mobility Disability,Severe,515,367491.0,140
Region XIII (Caraga),AGUSAN DEL SUR,Male,Self-Care Disability,Mild,1091,367491.0,296
Region XIII (Caraga),AGUSAN DEL SUR,Male,Self-Care Disability,Moderate,492,367491.0,133
Region XIII (Caraga),AGUSAN DEL SUR,Male,Self-Care Disability,Severe,593,367491.0,161
Region XIII (Caraga),AGUSAN DEL SUR,Male,Visual Disability,Mild,15489,367491.0,4214
Region XIII (Caraga),AGUSAN DEL SUR,Male,Visual Disability,Moderate,1372,367491.0,373
Region XIII (Caraga),AGUSAN DEL SUR,Male,Visual Disability,Severe,225,367491.0,61
Region XIII (Caraga),DINAGAT ISLANDS,Female,Cognitive Disability,Mild,1261,65335.5,1930
Region XIII (Caraga),DINAGAT ISLANDS,Female,Cognitive Disability,Moderate,127,65335.5,194
Region XIII (Caraga),DINAGAT ISLANDS,Female,Cognitive Disability,Severe,40,65335.5,61
Region XIII (Caraga),DINAGAT ISLANDS,Female,Communication Disability,Mild,260,65335.5,397
Region XIII (Caraga),DINAGAT ISLANDS,Female,Communication Disability,Moderate,97,65335.5,148
Region XIII (Caraga),DINAGAT ISLANDS,Female,Communication Disability,Severe,72,65335.5,110
Region XIII (Caraga),DINAGAT ISLANDS,Female,Hearing Disability,Mild,1233,65335.5,1887
Region XIII (Caraga),DINAGAT ISLANDS,Female,Hearing Disability,Moderate,173,65335.5,264
Region XIII (Caraga),DINAGAT ISLANDS,Female,Hearing Disability,Severe,35,65335.5,53
Region XIII (Caraga),DINAGAT ISLANDS,Female,Mobility Disability,Mild,1228,65335.5,1879
Region XIII (Caraga),DINAGAT ISLANDS,Female,Mobility Disability,Moderate,236,65335.5,361
Region XIII (Caraga),DINAGAT ISLANDS,Female,Mobility Disability,Severe,103,65335.5,157
Region XIII (Caraga),DINAGAT ISLANDS,Female,Self-Care Disability,Mild,264,65335.5,404
Region XIII (Caraga),DINAGAT ISLANDS,Female,Self-Care Disability,Moderate,77,65335.5,117
Region XIII (Caraga),DINAGAT ISLANDS,Female,Self-Care Disability,Severe,114,65335.5,174
Region XIII (Caraga),DINAGAT ISLANDS,Female,Visual Disability,Mild,4037,65335.5,6178
Region XIII (Caraga),DINAGAT ISLANDS,Female,Visual Disability,Moderate,317,65335.5,485
Region XIII (Caraga),DINAGAT ISLANDS,Female,Visual Disability,Severe,42,65335.5,64
Region XIII (Caraga),DINAGAT ISLANDS,Male,Cognitive Disability,Mild,953,65335.5,1458
Region XIII (Caraga),DINAGAT ISLANDS,Male,Cognitive Disability,Moderate,132,65335.5,202
Region XIII (Caraga),DINAGAT ISLANDS,Male,Cognitive Disability,Severe,26,65335.5,39
Region XIII (Caraga),DINAGAT ISLANDS,Male,Communication Disability,Mild,300,65335.5,459
Region XIII (Caraga),DINAGAT ISLANDS,Male,Communication Disability,Moderate,105,65335.5,160
Region XIII (Caraga),DINAGAT ISLANDS,Male,Communication Disability,Severe,72,65335.5,110
Region XIII (Caraga),DINAGAT ISLANDS,Male,Hearing Disability,Mild,1269,65335.5,1942
Region XIII (Caraga),DINAGAT ISLANDS,Male,Hearing Disability,Moderate,218,65335.5,333
Region XIII (Caraga),DINAGAT ISLANDS,Male,Hearing Disability,Severe,41,65335.5,62
Region XIII (Caraga),DINAGAT ISLANDS,Male,Mobility Disability,Mild,1144,65335.5,1750
Region XIII (Caraga),DINAGAT ISLANDS,Male,Mobility Disability,Moderate,231,65335.5,353
Region XIII (Caraga),DINAGAT ISLANDS,Male,Mobility Disability,Severe,78,65335.5,119
Region XIII (Caraga),DINAGAT ISLANDS,Male,Self-Care Disability,Mild,274,65335.5,419
Region XIII (Caraga),DINAGAT ISLANDS,Male,Self-Care Disability,Moderate,108,65335.5,165
Region XIII (Caraga),DINAGAT ISLANDS,Male,Self-Care Disability,Severe,101,65335.5,154
Region XIII (Caraga),DINAGAT ISLANDS,Male,Visual Disability,Mild,3187,65335.5,4877
Region XIII (Caraga),DINAGAT ISLANDS,Male,Visual Disability,Moderate,272,65335.5,416
Region XIII (Caraga),DINAGAT ISLANDS,Male,Visual Disability,Severe,30,65335.5,45
Region XIII (Caraga),SURIGAO DEL NORTE,Female,Cognitive Disability,Mild,5626,264074.0,2130
Region XIII (Caraga),SURIGAO DEL NORTE,Female,Cognitive Disability,Moderate,608,264074.0,230
Region XIII (Caraga),SURIGAO DEL NORTE,Female,Cognitive Disability,Severe,161,264074.0,60
Region XIII (Caraga),SURIGAO DEL NORTE,Female,Communication Disability,Mild,946,264074.0,358
Region XIII (Caraga),SURIGAO DEL NORTE,Female,Communication Disability,Moderate,415,264074.0,157
Region XIII (Caraga),SURIGAO DEL NORTE,Female,Communication Disability,Severe,319,264074.0,120
Region XIII (Caraga),SURIGAO DEL NORTE,Female,Hearing Disability,Mild,4505,264074.0,1705
Region XIII (Caraga),SURIGAO DEL NORTE,Female,Hearing Disability,Moderate,644,264074.0,243
Region XIII (Caraga),SURIGAO DEL NORTE,Female,Hearing Disability,Severe,162,264074.0,61
Region XIII (Caraga),SURIGAO DEL NORTE,Female,Mobility Disability,Mild,4098,264074.0,1551
Region XIII (Caraga),SURIGAO DEL NORTE,Female,Mobility Disability,Moderate,820,264074.0,310
Region XIII (Caraga),SURIGAO DEL NORTE,Female,Mobility Disability,Severe,480,264074.0,181
Region XIII (Caraga),SURIGAO DEL NORTE,Female,Self-Care Disability,Mild,1067,264074.0,404
Region XIII (Caraga),SURIGAO DEL NORTE,Female,Self-Care Disability,Moderate,413,264074.0,156
Region XIII (Caraga),SURIGAO DEL NORTE,Female,Self-Care Disability,Severe,500,264074.0,189
Region XIII (Caraga),SURIGAO DEL NORTE,Female,Visual Disability,Mild,17064,264074.0,6461
Region XIII (Caraga),SURIGAO DEL NORTE,Female,Visual Disability,Moderate,1418,264074.0,536
Region XIII (Caraga),SURIGAO DEL NORTE,Female,Visual Disability,Severe,205,264074.0,77
Region XIII (Caraga),SURIGAO DEL NORTE,Male,Cognitive Disability,Mild,3856,264074.0,1460
Region XIII (Caraga),SURIGAO DEL NORTE,Male,Cognitive Disability,Moderate,442,264074.0,167
Region XIII (Caraga),SURIGAO DEL NORTE,Male,Cognitive Disability,Severe,144,264074.0,54
Region XIII (Caraga),SURIGAO DEL NORTE,Male,Communication Disability,Mild,899,264074.0,340
Region XIII (Caraga),SURIGAO DEL NORTE,Male,Communication Disability,Moderate,360,264074.0,136
Region XIII (Caraga),SURIGAO DEL NORTE,Male,Communication Disability,Severe,360,264074.0,136
Region XIII (Caraga),SURIGAO DEL NORTE,Male,Hearing Disability,Mild,4104,264074.0,1554
Region XIII (Caraga),SURIGAO DEL NORTE,Male,Hearing Disability,Moderate,639,264074.0,241
Region XIII (Caraga),SURIGAO DEL NORTE,Male,Hearing Disability,Severe,204,264074.0,77
Region XIII (Caraga),SURIGAO DEL NORTE,Male,Mobility Disability,Mild,3508,264074.0,1328
Region XIII (Caraga),SURIGAO DEL NORTE,Male,Mobility Disability,Moderate,780,264074.0,295
Region XIII (Caraga),SURIGAO DEL NORTE,Male,Mobility Disability,Severe,385,264074.0,145
Region XIII (Caraga),SURIGAO DEL NORTE,Male,Self-Care Disability,Mild,899,264074.0,340
Region XIII (Caraga),SURIGAO DEL NORTE,Male,Self-Care Disability,Moderate,310,264074.0,117
Region XIII (Caraga),SURIGAO DEL NORTE,Male,Self-Care Disability,Severe,415,264074.0,157
Region XIII (Caraga),SURIGAO DEL NORTE,Male,Visual Disability,Mild,12841,264074.0,4862
Region XIII (Caraga),SURIGAO DEL NORTE,Male,Visual Disability,Moderate,1017,264074.0,385
Region XIII (Caraga),SURIGAO DEL NORTE,Male,Visual Disability,Severe,149,264074.0,56
Region XIII (Caraga),SURIGAO DEL SUR,Female,Cognitive Disability,Mild,6627,310265.5,2135
Region XIII (Caraga),SURIGAO DEL SUR,Female,Cognitive Disability,Moderate,826,310265.5,266
Region XIII (Caraga),SURIGAO DEL SUR,Female,Cognitive Disability,Severe,240,310265.5,77
Region XIII (Caraga),SURIGAO DEL SUR,Female,Communication Disability,Mild,1330,310265.5,428
Region XIII (Caraga),SURIGAO DEL SUR,Female,Communication Disability,Moderate,537,310265.5,173
Region XIII (Caraga),SURIGAO DEL SUR,Female,Communication Disability,Severe,459,310265.5,147
Region XIII (Caraga),SURIGAO DEL SUR,Female,Hearing Disability,Mild,5597,310265.5,1803
Region XIII (Caraga),SURIGAO DEL SUR,Female,Hearing Disability,Moderate,838,310265.5,270
Region XIII (Caraga),SURIGAO DEL SUR,Female,Hearing Disability,Severe,220,310265.5,70
Region XIII (Caraga),SURIGAO DEL SUR,Female,Mobility Disability,Mild,4807,310265.5,1549
Region XIII (Caraga),SURIGAO DEL SUR,Female,Mobility Disability,Moderate,1010,310265.5,325
Region XIII (Caraga),SURIGAO DEL SUR,Female,Mobility Disability,Severe,532,310265.5,171
Region XIII (Caraga),SURIGAO DEL SUR,Female,Self-Care Disability,Mild,1248,310265.5,402
Region XIII (Caraga),SURIGAO DEL SUR,Female,Self-Care Disability,Moderate,427,310265.5,137
Region XIII (Caraga),SURIGAO DEL SUR,Female,Self-Care Disability,Severe,579,310265.5,186
Region XIII (Caraga),SURIGAO DEL SUR,Female,Visual Disability,Mild,22933,310265.5,7391
Region XIII (Caraga),SURIGAO DEL SUR,Female,Visual Disability,Moderate,1719,310265.5,554
Region XIII (Caraga),SURIGAO DEL SUR,Female,Visual Disability,Severe,241,310265.5,77
Region XIII (Caraga),SURIGAO DEL SUR,Male,Cognitive Disability,Mild,5311,310265.5,1711
Region XIII (Caraga),SURIGAO DEL SUR,Male,Cognitive Disability,Moderate,661,310265.5,213
Region XIII (Caraga),SURIGAO DEL SUR,Male,Cognitive Disability,Severe,215,310265.5,69
Region XIII (Caraga),SURIGAO DEL SUR,Male,Communication Disability,Mild,1365,310265.5,439
Region XIII (Caraga),SURIGAO DEL SUR,Male,Communication Disability,Moderate,539,310265.5,173
Region XIII (Caraga),SURIGAO DEL SUR,Male,Communication Disability,Severe,476,310265.5,153
Region XIII (Caraga),SURIGAO DEL SUR,Male,Hearing Disability,Mild,5627,310265.5,1813
Region XIII (Caraga),SURIGAO DEL SUR,Male,Hearing Disability,Moderate,829,310265.5,267
Region XIII (Caraga),SURIGAO DEL SUR,Male,Hearing Disability,Severe,220,310265.5,70
Region XIII (Caraga),SURIGAO DEL SUR,Male,Mobility Disability,Mild,4698,310265.5,1514
Region XIII (Caraga),SURIGAO DEL SUR,Male,Mobility Disability,Moderate,1039,310265.5,334
Region XIII (Caraga),SURIGAO DEL SUR,Male,Mobility Disability,Severe,442,310265.5,142
Region XIII (Caraga),SURIGAO DEL SUR,Male,Self-Care Disability,Mild,1130,310265.5,364
Region XIII (Caraga),SURIGAO DEL SUR,Male,Self-Care Disability,Moderate,445,310265.5,143
Region XIII (Caraga),SURIGAO DEL SUR,Male,Self-Care Disability,Severe,536,310265.5,172
Region XIII (Caraga),SURIGAO DEL SUR,Male,Visual Disability,Mild,18933,310265.5,6102
Region XIII (Caraga),SURIGAO DEL SUR,Male,Visual Disability,Moderate,1344,310265.5,433
Region XIII (Caraga),SURIGAO DEL SUR,Male,Visual Disability,Severe,189,310265.5,60
