Disability,Region,Status,RegCode_Old,Province,ProvCode_Old,Household Population 5 Years Old and Over with Functional Difficulty,Population,Person affected by disability per 100k,scale affected
Cognitive Disability,BANGSAMORO AUTONOMOUS REGION IN MUSLIM MINDANAO (BARMM),Mild,PH150000000,BASILAN,PH150700000,1594,386697,413.0,2.615950051656401
Cognitive Disability,BANGSAMORO AUTONOMOUS REGION IN MUSLIM MINDANAO (BARMM),Mild,PH150000000,LANAO DEL SUR,PH153600000,24980,1146287,2180.0,3.3384564936046046
Cognitive Disability,BANGSAMORO AUTONOMOUS REGION IN MUSLIM MINDANAO (BARMM),Mild,PH150000000,MAGUINDANAO,PH153800000,9652,1323051,730.0,2.863322860120456
Cognitive Disability,BANGSAMORO AUTONOMOUS REGION IN MUSLIM MINDANAO (BARMM),Mild,PH150000000,SULU,PH156600000,1800,913590,198.0,2.296665190261531
Cognitive Disability,BANGSAMORO AUTONOMOUS REGION IN MUSLIM MINDANAO (BARMM),Mild,PH150000000,TAWI-TAWI,PH157000000,2255,413690,546.0,2.7371926427047373
Cognitive Disability,BANGSAMORO AUTONOMOUS REGION IN MUSLIM MINDANAO (BARMM),Moderate,PH150000000,BASILAN,PH150700000,174,386697,45.0,1.6532125137753437
Cognitive Disability,BANGSAMORO AUTONOMOUS REGION IN MUSLIM MINDANAO (BARMM),Moderate,PH150000000,LANAO DEL SUR,PH153600000,1962,1146287,172.0,2.2355284469075487
Cognitive Disability,BANGSAMORO AUTONOMOUS REGION IN MUSLIM MINDANAO (BARMM),Moderate,PH150000000,MAGUINDANAO,PH153800000,837,1323051,64.0,1.806179973983887
Cognitive Disability,BANGSAMORO AUTONOMOUS REGION IN MUSLIM MINDANAO (BARMM),Moderate,PH150000000,SULU,PH156600000,151,913590,17.0,1.2304489213782739
Cognitive Disability,BANGSAMORO AUTONOMOUS REGION IN MUSLIM MINDANAO (BARMM),Moderate,PH150000000,TAWI-TAWI,PH157000000,214,413690,52.0,1.7160033436347992
Cognitive Disability,BANGSAMORO AUTONOMOUS REGION IN MUSLIM MINDANAO (BARMM),Severe,PH150000000,BASILAN,PH150700000,52,386697,14.0,1.146128035678238
Cognitive Disability,BANGSAMORO AUTONOMOUS REGION IN MUSLIM MINDANAO (BARMM),Severe,PH150000000,LANAO DEL SUR,PH153600000,393,1146287,35.0,1.5440680443502757
Cognitive Disability,BANGSAMORO AUTONOMOUS REGION IN MUSLIM MINDANAO (BARMM),Severe,PH150000000,MAGUINDANAO,PH153800000,171,1323051,13.0,1.1139433523068367
Cognitive Disability,BANGSAMORO AUTONOMOUS REGION IN MUSLIM MINDANAO (BARMM),Severe,PH150000000,SULU,PH156600000,22,913590,3.0,0.47712125471966244
Cognitive Disability,BANGSAMORO AUTONOMOUS REGION IN MUSLIM MINDANAO (BARMM),Severe,PH150000000,TAWI-TAWI,PH157000000,24,413690,6.0,0.7781512503836436
Cognitive Disability,Cordillera Administrative Region (CAR),Mild,PH140000000,ABRA,PH140100000,5696,247402,2303.0,3.362293937964231
Cognitive Disability,Cordillera Administrative Region (CAR),Mild,PH140000000,APAYAO,PH148100000,3939,123899,3180.0,3.5024271199844326
Cognitive Disability,Cordillera Administrative Region (CAR),Mild,PH140000000,BENGUET,PH141100000,9684,848552,1142.0,3.0576661039098294
Cognitive Disability,Cordillera Administrative Region (CAR),Mild,PH140000000,IFUGAO,PH142700000,2512,210669,1193.0,3.076640443670342
Cognitive Disability,Cordillera Administrative Region (CAR),Mild,PH140000000,KALINGA,PH143200000,3789,220230,1721.0,3.2357808703275603
Cognitive Disability,Cordillera Administrative Region (CAR),Mild,PH140000000,MOUNTAIN PROVINCE,PH144400000,2076,156987,1323.0,3.1215598441875008
Cognitive Disability,Cordillera Administrative Region (CAR),Moderate,PH140000000,ABRA,PH140100000,737,247402,298.0,2.4742162640762553
Cognitive Disability,Cordillera Administrative Region (CAR),Moderate,PH140000000,APAYAO,PH148100000,396,123899,320.0,2.505149978319906
Cognitive Disability,Cordillera Administrative Region (CAR),Moderate,PH140000000,BENGUET,PH141100000,1705,848552,201.0,2.303196057420489
Cognitive Disability,Cordillera Administrative Region (CAR),Moderate,PH140000000,IFUGAO,PH142700000,500,210669,238.0,2.376576957056512
Cognitive Disability,Cordillera Administrative Region (CAR),Moderate,PH140000000,KALINGA,PH143200000,519,220230,236.0,2.3729120029701067
Cognitive Disability,Cordillera Administrative Region (CAR),Moderate,PH140000000,MOUNTAIN PROVINCE,PH144400000,373,156987,238.0,2.376576957056512
Cognitive Disability,Cordillera Administrative Region (CAR),Severe,PH140000000,ABRA,PH140100000,173,247402,70.0,1.845098040014257
Cognitive Disability,Cordillera Administrative Region (CAR),Severe,PH140000000,APAYAO,PH148100000,121,123899,98.0,1.9912260756924949
Cognitive Disability,Cordillera Administrative Region (CAR),Severe,PH140000000,BENGUET,PH141100000,518,848552,62.0,1.792391689498254
Cognitive Disability,Cordillera Administrative Region (CAR),Severe,PH140000000,IFUGAO,PH142700000,135,210669,65.0,1.8129133566428555
Cognitive Disability,Cordillera Administrative Region (CAR),Severe,PH140000000,KALINGA,PH143200000,164,220230,75.0,1.8750612633917
Cognitive Disability,Cordillera Administrative Region (CAR),Severe,PH140000000,MOUNTAIN PROVINCE,PH144400000,76,156987,49.0,1.6901960800285136
Cognitive Disability,MIMAROPA Region,Mild,PH170000000,MARINDUQUE,PH174000000,5111,241036,2121.0,3.3265406685165617
Cognitive Disability,MIMAROPA Region,Mild,PH170000000,OCCIDENTAL MINDORO,PH175100000,6995,515134,1358.0,3.132899769944483
Cognitive Disability,MIMAROPA Region,Mild,PH170000000,ORIENTAL MINDORO,PH175200000,15183,901270,1685.0,3.2265999052073573
Cognitive Disability,MIMAROPA Region,Mild,PH170000000,PALAWAN,PH175300000,20994,1216009,1727.0,3.237292337567459
Cognitive Disability,MIMAROPA Region,Mild,PH170000000,ROMBLON,PH175900000,8419,301407,2794.0,3.446226401778163
Cognitive Disability,MIMAROPA Region,Moderate,PH170000000,MARINDUQUE,PH174000000,716,241036,298.0,2.4742162640762553
Cognitive Disability,MIMAROPA Region,Moderate,PH170000000,OCCIDENTAL MINDORO,PH175100000,820,515134,160.0,2.2041199826559246
Cognitive Disability,MIMAROPA Region,Moderate,PH170000000,ORIENTAL MINDORO,PH175200000,1892,901270,210.0,2.322219294733919
Cognitive Disability,MIMAROPA Region,Moderate,PH170000000,PALAWAN,PH175300000,2442,1216009,201.0,2.303196057420489
Cognitive Disability,MIMAROPA Region,Moderate,PH170000000,ROMBLON,PH175900000,1164,301407,387.0,2.5877109650189114
Cognitive Disability,MIMAROPA Region,Severe,PH170000000,MARINDUQUE,PH174000000,269,241036,112.0,2.0492180226701815
Cognitive Disability,MIMAROPA Region,Severe,PH170000000,OCCIDENTAL MINDORO,PH175100000,250,515134,49.0,1.6901960800285136
Cognitive Disability,MIMAROPA Region,Severe,PH170000000,ORIENTAL MINDORO,PH175200000,594,901270,66.0,1.8195439355418688
Cognitive Disability,MIMAROPA Region,Severe,PH170000000,PALAWAN,PH175300000,611,1216009,51.0,1.7075701760979363
Cognitive Disability,MIMAROPA Region,Severe,PH170000000,ROMBLON,PH175900000,278,301407,93.0,1.968482948553935
Cognitive Disability,National Capital Region (NCR),Mild,PH130000000,"NCR, FIRST DISTRICT (NOT A PROVINCE)",PH133900000,16374,1886920,868.0,2.938519725176492
Cognitive Disability,National Capital Region (NCR),Mild,PH130000000,"NCR, FOURTH DISTRICT (NOT A PROVINCE)",PH137600000,20145,4015981,502.0,2.7007037171450192
Cognitive Disability,National Capital Region (NCR),Mild,PH130000000,"NCR, SECOND DISTRICT (NOT A PROVINCE)",PH137400000,24885,4960933,502.0,2.7007037171450192
Cognitive Disability,National Capital Region (NCR),Mild,PH130000000,"NCR, THIRD DISTRICT (NOT A PROVINCE)",PH137500000,12660,2940822,431.0,2.6344772701607315
Cognitive Disability,National Capital Region (NCR),Moderate,PH130000000,"NCR, FIRST DISTRICT (NOT A PROVINCE)",PH133900000,2117,1886920,113.0,2.0530784434834195
Cognitive Disability,National Capital Region (NCR),Moderate,PH130000000,"NCR, FOURTH DISTRICT (NOT A PROVINCE)",PH137600000,3192,4015981,80.0,1.9030899869919435
Cognitive Disability,National Capital Region (NCR),Moderate,PH130000000,"NCR, SECOND DISTRICT (NOT A PROVINCE)",PH137400000,4347,4960933,88.0,1.9444826721501687
Cognitive Disability,National Capital Region (NCR),Moderate,PH130000000,"NCR, THIRD DISTRICT (NOT A PROVINCE)",PH137500000,2167,2940822,74.0,1.8692317197309762
Cognitive Disability,National Capital Region (NCR),Severe,PH130000000,"NCR, FIRST DISTRICT (NOT A PROVINCE)",PH133900000,877,1886920,47.0,1.6720978579357175
Cognitive Disability,National Capital Region (NCR),Severe,PH130000000,"NCR, FOURTH DISTRICT (NOT A PROVINCE)",PH137600000,1286,4015981,33.0,1.5185139398778875
Cognitive Disability,National Capital Region (NCR),Severe,PH130000000,"NCR, SECOND DISTRICT (NOT A PROVINCE)",PH137400000,1778,4960933,36.0,1.5563025007672873
Cognitive Disability,National Capital Region (NCR),Severe,PH130000000,"NCR, THIRD DISTRICT (NOT A PROVINCE)",PH137500000,958,2940822,33.0,1.5185139398778875
Cognitive Disability,REGION XI (DAVAO REGION),Mild,PH110000000,COMPOSTELA VALLEY,PH118200000,18345,774102,2370.0,3.374748346010104
Cognitive Disability,REGION XI (DAVAO REGION),Mild,PH110000000,DAVAO DEL NORTE,PH112300000,13697,1056457,1297.0,3.11293997608408
Cognitive Disability,REGION XI (DAVAO REGION),Mild,PH110000000,DAVAO DEL SUR,PH112400000,21383,2520852,849.0,2.928907690243953
Cognitive Disability,REGION XI (DAVAO REGION),Mild,PH110000000,DAVAO OCCIDENTAL,PH118600000,6553,338925,1934.0,3.286456469746983
Cognitive Disability,REGION XI (DAVAO REGION),Mild,PH110000000,DAVAO ORIENTAL,PH112500000,8002,600531,1333.0,3.1248301494138593
Cognitive Disability,REGION XI (DAVAO REGION),Moderate,PH110000000,COMPOSTELA VALLEY,PH118200000,1950,774102,252.0,2.401400540781544
Cognitive Disability,REGION XI (DAVAO REGION),Moderate,PH110000000,DAVAO DEL NORTE,PH112300000,1710,1056457,162.0,2.2095150145426308
Cognitive Disability,REGION XI (DAVAO REGION),Moderate,PH110000000,DAVAO DEL SUR,PH112400000,3165,2520852,126.0,2.100370545117563
Cognitive Disability,REGION XI (DAVAO REGION),Moderate,PH110000000,DAVAO OCCIDENTAL,PH118600000,634,338925,188.0,2.27415784926368
Cognitive Disability,REGION XI (DAVAO REGION),Moderate,PH110000000,DAVAO ORIENTAL,PH112500000,995,600531,166.0,2.220108088040055
Cognitive Disability,REGION XI (DAVAO REGION),Severe,PH110000000,COMPOSTELA VALLEY,PH118200000,510,774102,66.0,1.8195439355418688
Cognitive Disability,REGION XI (DAVAO REGION),Severe,PH110000000,DAVAO DEL NORTE,PH112300000,570,1056457,54.0,1.7323937598229686
Cognitive Disability,REGION XI (DAVAO REGION),Severe,PH110000000,DAVAO DEL SUR,PH112400000,1160,2520852,47.0,1.6720978579357175
Cognitive Disability,REGION XI (DAVAO REGION),Severe,PH110000000,DAVAO OCCIDENTAL,PH118600000,138,338925,41.0,1.6127838567197355
Cognitive Disability,REGION XI (DAVAO REGION),Severe,PH110000000,DAVAO ORIENTAL,PH112500000,298,600531,50.0,1.6989700043360187
Cognitive Disability,REGION XII (SOCCSKSARGEN),Mild,PH120000000,COTABATO (NORTH COTABATO),PH124700000,16672,1527149,1092.0,3.0382226383687185
Cognitive Disability,REGION XII (SOCCSKSARGEN),Mild,PH120000000,SARANGANI,PH128000000,52909,583791,9064.0,3.9573198968553407
Cognitive Disability,REGION XII (SOCCSKSARGEN),Mild,PH120000000,SOUTH COTABATO,PH126300000,17759,1644256,1081.0,3.03382569395331
Cognitive Disability,REGION XII (SOCCSKSARGEN),Mild,PH120000000,SULTAN KUDARAT,PH126500000,14650,855241,1713.0,3.2337573629655103
Cognitive Disability,REGION XII (SOCCSKSARGEN),Moderate,PH120000000,COTABATO (NORTH COTABATO),PH124700000,2176,1527149,143.0,2.155336037465062
Cognitive Disability,REGION XII (SOCCSKSARGEN),Moderate,PH120000000,SARANGANI,PH128000000,6330,583791,1085.0,3.0354297381845483
Cognitive Disability,REGION XII (SOCCSKSARGEN),Moderate,PH120000000,SOUTH COTABATO,PH126300000,2378,1644256,145.0,2.161368002234975
Cognitive Disability,REGION XII (SOCCSKSARGEN),Moderate,PH120000000,SULTAN KUDARAT,PH126500000,1157,855241,136.0,2.1335389083702174
Cognitive Disability,REGION XII (SOCCSKSARGEN),Severe,PH120000000,COTABATO (NORTH COTABATO),PH124700000,714,1527149,47.0,1.6720978579357175
Cognitive Disability,REGION XII (SOCCSKSARGEN),Severe,PH120000000,SARANGANI,PH128000000,1989,583791,341.0,2.5327543789924976
Cognitive Disability,REGION XII (SOCCSKSARGEN),Severe,PH120000000,SOUTH COTABATO,PH126300000,888,1644256,55.0,1.7403626894942439
Cognitive Disability,REGION XII (SOCCSKSARGEN),Severe,PH120000000,SULTAN KUDARAT,PH126500000,269,855241,32.0,1.505149978319906
Cognitive Disability,Region I (Ilocos Region),Mild,PH010000000,ILOCOS NORTE,PH012800000,6564,613421,1071.0,3.029789470831856
Cognitive Disability,Region I (Ilocos Region),Mild,PH010000000,ILOCOS SUR,PH012900000,9796,715810,1369.0,3.13640344813399
Cognitive Disability,Region I (Ilocos Region),Mild,PH010000000,LA UNION,PH013300000,9086,828194,1098.0,3.040602340114073
Cognitive Disability,Region I (Ilocos Region),Mild,PH010000000,PANGASINAN,PH015500000,31175,3113382,1002.0,3.0008677215312267
Cognitive Disability,Region I (Ilocos Region),Moderate,PH010000000,ILOCOS NORTE,PH012800000,1109,613421,181.0,2.2576785748691846
Cognitive Disability,Region I (Ilocos Region),Moderate,PH010000000,ILOCOS SUR,PH012900000,1568,715810,220.0,2.342422680822206
Cognitive Disability,Region I (Ilocos Region),Moderate,PH010000000,LA UNION,PH013300000,1545,828194,187.0,2.271841606536499
Cognitive Disability,Region I (Ilocos Region),Moderate,PH010000000,PANGASINAN,PH015500000,4781,3113382,154.0,2.187520720836463
Cognitive Disability,Region I (Ilocos Region),Severe,PH010000000,ILOCOS NORTE,PH012800000,412,613421,68.0,1.8325089127062364
Cognitive Disability,Region I (Ilocos Region),Severe,PH010000000,ILOCOS SUR,PH012900000,532,715810,75.0,1.8750612633917
Cognitive Disability,Region I (Ilocos Region),Severe,PH010000000,LA UNION,PH013300000,644,828194,78.0,1.8920946026904804
Cognitive Disability,Region I (Ilocos Region),Severe,PH010000000,PANGASINAN,PH015500000,1806,3113382,59.0,1.7708520116421442
Cognitive Disability,Region II (Cagayan Valley),Mild,PH020000000,BATANES,PH020900000,204,17874,1142.0,3.0576661039098294
Cognitive Disability,Region II (Cagayan Valley),Mild,PH020000000,CAGAYAN,PH021500000,18052,1273322,1418.0,3.151676230847048
Cognitive Disability,Region II (Cagayan Valley),Mild,PH020000000,ISABELA,PH023100000,24111,1685739,1431.0,3.1556396337597765
Cognitive Disability,Region II (Cagayan Valley),Mild,PH020000000,NUEVA VIZCAYA,PH025000000,7214,482894,1494.0,3.1743505974793798
Cognitive Disability,Region II (Cagayan Valley),Mild,PH020000000,QUIRINO,PH025700000,2517,197917,1272.0,3.104487111312395
Cognitive Disability,Region II (Cagayan Valley),Moderate,PH020000000,BATANES,PH020900000,45,17874,252.0,2.401400540781544
Cognitive Disability,Region II (Cagayan Valley),Moderate,PH020000000,CAGAYAN,PH021500000,2459,1273322,194.0,2.287801729930226
Cognitive Disability,Region II (Cagayan Valley),Moderate,PH020000000,ISABELA,PH023100000,3036,1685739,181.0,2.2576785748691846
Cognitive Disability,Region II (Cagayan Valley),Moderate,PH020000000,NUEVA VIZCAYA,PH025000000,1103,482894,229.0,2.359835482339888
Cognitive Disability,Region II (Cagayan Valley),Moderate,PH020000000,QUIRINO,PH025700000,355,197917,180.0,2.255272505103306
Cognitive Disability,Region II (Cagayan Valley),Severe,PH020000000,BATANES,PH020900000,14,17874,79.0,1.8976270912904414
Cognitive Disability,Region II (Cagayan Valley),Severe,PH020000000,CAGAYAN,PH021500000,852,1273322,67.0,1.8260748027008264
Cognitive Disability,Region II (Cagayan Valley),Severe,PH020000000,ISABELA,PH023100000,966,1685739,58.0,1.7634279935629373
Cognitive Disability,Region II (Cagayan Valley),Severe,PH020000000,NUEVA VIZCAYA,PH025000000,302,482894,63.0,1.7993405494535817
Cognitive Disability,Region II (Cagayan Valley),Severe,PH020000000,QUIRINO,PH025700000,85,197917,43.0,1.6334684555795864
Cognitive Disability,Region III (Central Luzon),Mild,PH030000000,AURORA,PH037700000,2223,227530,978.0,2.9903388547876015
Cognitive Disability,Region III (Central Luzon),Mild,PH030000000,BATAAN,PH030800000,6794,836076,813.0,2.910090545594068
Cognitive Disability,Region III (Central Luzon),Mild,PH030000000,BULACAN,PH031400000,26606,3646679,730.0,2.863322860120456
Cognitive Disability,Region III (Central Luzon),Mild,PH030000000,NUEVA ECIJA,PH034900000,19553,2355414,831.0,2.919601023784111
Cognitive Disability,Region III (Central Luzon),Mild,PH030000000,PAMPANGA,PH035400000,13310,2893624,460.0,2.662757831681574
Cognitive Disability,Region III (Central Luzon),Mild,PH030000000,TARLAC,PH036900000,10074,1460137,690.0,2.838849090737255
Cognitive Disability,Region III (Central Luzon),Mild,PH030000000,ZAMBALES,PH037100000,9105,894254,1019.0,3.0081741840064264
Cognitive Disability,Region III (Central Luzon),Moderate,PH030000000,AURORA,PH037700000,342,227530,151.0,2.1789769472931693
Cognitive Disability,Region III (Central Luzon),Moderate,PH030000000,BATAAN,PH030800000,956,836076,115.0,2.060697840353612
Cognitive Disability,Region III (Central Luzon),Moderate,PH030000000,BULACAN,PH031400000,4049,3646679,112.0,2.0492180226701815
Cognitive Disability,Region III (Central Luzon),Moderate,PH030000000,NUEVA ECIJA,PH034900000,2790,2355414,119.0,2.0755469613925306
Cognitive Disability,Region III (Central Luzon),Moderate,PH030000000,PAMPANGA,PH035400000,1874,2893624,65.0,1.8129133566428555
Cognitive Disability,Region III (Central Luzon),Moderate,PH030000000,TARLAC,PH036900000,1496,1460137,103.0,2.012837224705172
Cognitive Disability,Region III (Central Luzon),Moderate,PH030000000,ZAMBALES,PH037100000,1367,894254,153.0,2.184691430817599
Cognitive Disability,Region III (Central Luzon),Severe,PH030000000,AURORA,PH037700000,135,227530,60.0,1.7781512503836436
Cognitive Disability,Region III (Central Luzon),Severe,PH030000000,BATAAN,PH030800000,343,836076,42.0,1.6232492903979006
Cognitive Disability,Region III (Central Luzon),Severe,PH030000000,BULACAN,PH031400000,1493,3646679,41.0,1.6127838567197355
Cognitive Disability,Region III (Central Luzon),Severe,PH030000000,NUEVA ECIJA,PH034900000,1056,2355414,45.0,1.6532125137753437
Cognitive Disability,Region III (Central Luzon),Severe,PH030000000,PAMPANGA,PH035400000,822,2893624,29.0,1.462397997898956
Cognitive Disability,Region III (Central Luzon),Severe,PH030000000,TARLAC,PH036900000,647,1460137,45.0,1.6532125137753437
Cognitive Disability,Region III (Central Luzon),Severe,PH030000000,ZAMBALES,PH037100000,487,894254,55.0,1.7403626894942439
Cognitive Disability,Region IV-A (CALABARZON),Mild,PH040000000,BATANGAS,PH041000000,15699,3033730,518.0,2.714329759745233
Cognitive Disability,Region IV-A (CALABARZON),Mild,PH040000000,CAVITE,PH042100000,20477,4210866,487.0,2.6875289612146345
Cognitive Disability,Region IV-A (CALABARZON),Mild,PH040000000,LAGUNA,PH043400000,20378,3343703,610.0,2.785329835010767
Cognitive Disability,Region IV-A (CALABARZON),Mild,PH040000000,QUEZON,PH045600000,33069,2260033,1464.0,3.165541076722373
Cognitive Disability,Region IV-A (CALABARZON),Mild,PH040000000,RIZAL,PH045800000,19143,3208959,597.0,2.775974331129369
Cognitive Disability,Region IV-A (CALABARZON),Moderate,PH040000000,BATANGAS,PH041000000,3025,3033730,100.0,2.0
Cognitive Disability,Region IV-A (CALABARZON),Moderate,PH040000000,CAVITE,PH042100000,3869,4210866,92.0,1.9637878273455553
Cognitive Disability,Region IV-A (CALABARZON),Moderate,PH040000000,LAGUNA,PH043400000,2862,3343703,86.0,1.9344984512435677
Cognitive Disability,Region IV-A (CALABARZON),Moderate,PH040000000,QUEZON,PH045600000,3949,2260033,175.0,2.2430380486862944
Cognitive Disability,Region IV-A (CALABARZON),Moderate,PH040000000,RIZAL,PH045800000,2969,3208959,93.0,1.968482948553935
Cognitive Disability,Region IV-A (CALABARZON),Severe,PH040000000,BATANGAS,PH041000000,1412,3033730,47.0,1.6720978579357175
Cognitive Disability,Region IV-A (CALABARZON),Severe,PH040000000,CAVITE,PH042100000,1666,4210866,40.0,1.6020599913279623
Cognitive Disability,Region IV-A (CALABARZON),Severe,PH040000000,LAGUNA,PH043400000,1181,3343703,36.0,1.5563025007672873
Cognitive Disability,Region IV-A (CALABARZON),Severe,PH040000000,QUEZON,PH045600000,1188,2260033,53.0,1.724275869600789
Cognitive Disability,Region IV-A (CALABARZON),Severe,PH040000000,RIZAL,PH045800000,1251,3208959,39.0,1.591064607026499
Cognitive Disability,Region IX (Zamboanga Peninsula),Mild,PH090000000,CITY OF ISABELA (NOT A PROVINCE),PH099700000,844,127728,661.0,2.82020145948564
Cognitive Disability,Region IX (Zamboanga Peninsula),Mild,PH090000000,ZAMBOANGA DEL NORTE,PH097200000,16426,1047292,1569.0,3.1956229435869368
Cognitive Disability,Region IX (Zamboanga Peninsula),Mild,PH090000000,ZAMBOANGA DEL SUR,PH097300000,22885,1928337,1187.0,3.074450718954591
Cognitive Disability,Region IX (Zamboanga Peninsula),Mild,PH090000000,ZAMBOANGA SIBUGAY,PH098300000,13363,679404,1967.0,3.2938043599193367
Cognitive Disability,Region IX (Zamboanga Peninsula),Moderate,PH090000000,CITY OF ISABELA (NOT A PROVINCE),PH099700000,104,127728,82.0,1.9138138523837167
Cognitive Disability,Region IX (Zamboanga Peninsula),Moderate,PH090000000,ZAMBOANGA DEL NORTE,PH097200000,2065,1047292,198.0,2.296665190261531
Cognitive Disability,Region IX (Zamboanga Peninsula),Moderate,PH090000000,ZAMBOANGA DEL SUR,PH097300000,3048,1928337,159.0,2.2013971243204513
Cognitive Disability,Region IX (Zamboanga Peninsula),Moderate,PH090000000,ZAMBOANGA SIBUGAY,PH098300000,1432,679404,211.0,2.3242824552976926
Cognitive Disability,Region IX (Zamboanga Peninsula),Severe,PH090000000,CITY OF ISABELA (NOT A PROVINCE),PH099700000,43,127728,34.0,1.5314789170422551
Cognitive Disability,Region IX (Zamboanga Peninsula),Severe,PH090000000,ZAMBOANGA DEL NORTE,PH097200000,646,1047292,62.0,1.792391689498254
Cognitive Disability,Region IX (Zamboanga Peninsula),Severe,PH090000000,ZAMBOANGA DEL SUR,PH097300000,1075,1928337,56.0,1.7481880270062005
Cognitive Disability,Region IX (Zamboanga Peninsula),Severe,PH090000000,ZAMBOANGA SIBUGAY,PH098300000,460,679404,68.0,1.8325089127062364
Cognitive Disability,Region V (Bicol Region),Mild,PH050000000,ALBAY,PH050500000,14639,1396088,1049.0,3.020775488193558
Cognitive Disability,Region V (Bicol Region),Mild,PH050000000,CAMARINES NORTE,PH051600000,9934,622514,1596.0,3.2030328870147105
Cognitive Disability,Region V (Bicol Region),Mild,PH050000000,CAMARINES SUR,PH051700000,34973,2059495,1699.0,3.230193378869046
Cognitive Disability,Region V (Bicol Region),Mild,PH050000000,CATANDUANES,PH052000000,5306,272941,1945.0,3.2889196056617265
Cognitive Disability,Region V (Bicol Region),Mild,PH050000000,MASBATE,PH054100000,8687,937079,928.0,2.967547976218862
Cognitive Disability,Region V (Bicol Region),Mild,PH050000000,SORSOGON,PH056200000,11367,845718,1345.0,3.128722284338427
Cognitive Disability,Region V (Bicol Region),Moderate,PH050000000,ALBAY,PH050500000,2467,1396088,177.0,2.247973266361807
Cognitive Disability,Region V (Bicol Region),Moderate,PH050000000,CAMARINES NORTE,PH051600000,1410,622514,227.0,2.3560258571931225
Cognitive Disability,Region V (Bicol Region),Moderate,PH050000000,CAMARINES SUR,PH051700000,4918,2059495,239.0,2.3783979009481375
Cognitive Disability,Region V (Bicol Region),Moderate,PH050000000,CATANDUANES,PH052000000,681,272941,250.0,2.3979400086720375
Cognitive Disability,Region V (Bicol Region),Moderate,PH050000000,MASBATE,PH054100000,1226,937079,131.0,2.1172712956557644
Cognitive Disability,Region V (Bicol Region),Moderate,PH050000000,SORSOGON,PH056200000,1789,845718,212.0,2.326335860928751
Cognitive Disability,Region V (Bicol Region),Severe,PH050000000,ALBAY,PH050500000,859,1396088,62.0,1.792391689498254
Cognitive Disability,Region V (Bicol Region),Severe,PH050000000,CAMARINES NORTE,PH051600000,452,622514,73.0,1.863322860120456
Cognitive Disability,Region V (Bicol Region),Severe,PH050000000,CAMARINES SUR,PH051700000,1445,2059495,71.0,1.8512583487190752
Cognitive Disability,Region V (Bicol Region),Severe,PH050000000,CATANDUANES,PH052000000,217,272941,80.0,1.9030899869919435
Cognitive Disability,Region V (Bicol Region),Severe,PH050000000,MASBATE,PH054100000,454,937079,49.0,1.6901960800285136
Cognitive Disability,Region V (Bicol Region),Severe,PH050000000,SORSOGON,PH056200000,552,845718,66.0,1.8195439355418688
Cognitive Disability,Region VI (Western Visayas),Mild,PH060000000,AKLAN,PH060400000,13105,605584,2165.0,3.3354579006893843
Cognitive Disability,Region VI (Western Visayas),Mild,PH060000000,ANTIQUE,PH060600000,16907,612454,2761.0,3.4410664066392633
Cognitive Disability,Region VI (Western Visayas),Mild,PH060000000,CAPIZ,PH061900000,16235,803083,2022.0,3.3057811512549824
Cognitive Disability,Region VI (Western Visayas),Mild,PH060000000,GUIMARAS,PH067900000,2654,185174,1434.0,3.1565491513317814
Cognitive Disability,Region VI (Western Visayas),Mild,PH060000000,ILOILO,PH063000000,47787,2524211,1894.0,3.2773799746672547
Cognitive Disability,Region VI (Western Visayas),Mild,PH060000000,NEGROS OCCIDENTAL,PH064500000,33379,3174389,1052.0,3.02201573981772
Cognitive Disability,Region VI (Western Visayas),Moderate,PH060000000,AKLAN,PH060400000,1720,605584,285.0,2.45484486000851
Cognitive Disability,Region VI (Western Visayas),Moderate,PH060000000,ANTIQUE,PH060600000,2261,612454,370.0,2.568201724066995
Cognitive Disability,Region VI (Western Visayas),Moderate,PH060000000,CAPIZ,PH061900000,1911,803083,238.0,2.376576957056512
Cognitive Disability,Region VI (Western Visayas),Moderate,PH060000000,GUIMARAS,PH067900000,389,185174,211.0,2.3242824552976926
Cognitive Disability,Region VI (Western Visayas),Moderate,PH060000000,ILOILO,PH063000000,6968,2524211,277.0,2.4424797690644486
Cognitive Disability,Region VI (Western Visayas),Moderate,PH060000000,NEGROS OCCIDENTAL,PH064500000,4821,3174389,152.0,2.1818435879447726
Cognitive Disability,Region VI (Western Visayas),Severe,PH060000000,AKLAN,PH060400000,604,605584,100.0,2.0
Cognitive Disability,Region VI (Western Visayas),Severe,PH060000000,ANTIQUE,PH060600000,606,612454,99.0,1.99563519459755
Cognitive Disability,Region VI (Western Visayas),Severe,PH060000000,CAPIZ,PH061900000,624,803083,78.0,1.8920946026904804
Cognitive Disability,Region VI (Western Visayas),Severe,PH060000000,GUIMARAS,PH067900000,149,185174,81.0,1.9084850188786497
Cognitive Disability,Region VI (Western Visayas),Severe,PH060000000,ILOILO,PH063000000,2206,2524211,88.0,1.9444826721501687
Cognitive Disability,Region VI (Western Visayas),Severe,PH060000000,NEGROS OCCIDENTAL,PH064500000,1780,3174389,57.0,1.7558748556724915
Cognitive Disability,Region VII (Central Visayas),Mild,PH070000000,BOHOL,PH071200000,28369,1365107,2079.0,3.317854489331469
Cognitive Disability,Region VII (Central Visayas),Mild,PH070000000,CEBU,PH072200000,52135,5085207,1026.0,3.0111473607757975
Cognitive Disability,Region VII (Central Visayas),Mild,PH070000000,NEGROS ORIENTAL,PH074600000,22844,1406274,1625.0,3.210853365314893
Cognitive Disability,Region VII (Central Visayas),Mild,PH070000000,SIQUIJOR,PH076100000,1731,100457,1724.0,3.236537261488694
Cognitive Disability,Region VII (Central Visayas),Moderate,PH070000000,BOHOL,PH071200000,3986,1365107,292.0,2.4653828514484184
Cognitive Disability,Region VII (Central Visayas),Moderate,PH070000000,CEBU,PH072200000,8237,5085207,162.0,2.2095150145426308
Cognitive Disability,Region VII (Central Visayas),Moderate,PH070000000,NEGROS ORIENTAL,PH074600000,3481,1406274,248.0,2.3944516808262164
Cognitive Disability,Region VII (Central Visayas),Moderate,PH070000000,SIQUIJOR,PH076100000,282,100457,281.0,2.44870631990508
Cognitive Disability,Region VII (Central Visayas),Severe,PH070000000,BOHOL,PH071200000,1266,1365107,93.0,1.968482948553935
Cognitive Disability,Region VII (Central Visayas),Severe,PH070000000,CEBU,PH072200000,3061,5085207,61.0,1.7853298350107671
Cognitive Disability,Region VII (Central Visayas),Severe,PH070000000,NEGROS ORIENTAL,PH074600000,1161,1406274,83.0,1.919078092376074
Cognitive Disability,Region VII (Central Visayas),Severe,PH070000000,SIQUIJOR,PH076100000,130,100457,130.0,2.113943352306837
Cognitive Disability,Region VIII (Eastern Visayas),Mild,PH080000000,BILIRAN,PH087800000,2811,179362,1568.0,3.1953460583484197
Cognitive Disability,Region VIII (Eastern Visayas),Mild,PH080000000,EASTERN SAMAR,PH082600000,8597,503495,1708.0,3.232487866352986
Cognitive Disability,Region VIII (Eastern Visayas),Mild,PH080000000,LEYTE,PH083700000,31994,2124269,1507.0,3.1781132523146316
Cognitive Disability,Region VIII (Eastern Visayas),Mild,PH080000000,NORTHERN SAMAR,PH084800000,12277,668766,1836.0,3.2638726768652235
Cognitive Disability,Region VIII (Eastern Visayas),Mild,PH080000000,SAMAR (WESTERN SAMAR),PH086000000,7341,822095,893.0,2.9508514588885464
Cognitive Disability,Region VIII (Eastern Visayas),Mild,PH080000000,SOUTHERN LEYTE,PH086400000,10382,444355,2337.0,3.368658712392227
Cognitive Disability,Region VIII (Eastern Visayas),Moderate,PH080000000,BILIRAN,PH087800000,368,179362,206.0,2.3138672203691533
Cognitive Disability,Region VIII (Eastern Visayas),Moderate,PH080000000,EASTERN SAMAR,PH082600000,1117,503495,222.0,2.346352974450639
Cognitive Disability,Region VIII (Eastern Visayas),Moderate,PH080000000,LEYTE,PH083700000,3950,2124269,186.0,2.2695129442179165
Cognitive Disability,Region VIII (Eastern Visayas),Moderate,PH080000000,NORTHERN SAMAR,PH084800000,1431,668766,214.0,2.330413773349191
Cognitive Disability,Region VIII (Eastern Visayas),Moderate,PH080000000,SAMAR (WESTERN SAMAR),PH086000000,1010,822095,123.0,2.089905111439398
Cognitive Disability,Region VIII (Eastern Visayas),Moderate,PH080000000,SOUTHERN LEYTE,PH086400000,1234,444355,278.0,2.444044795918076
Cognitive Disability,Region VIII (Eastern Visayas),Severe,PH080000000,BILIRAN,PH087800000,127,179362,71.0,1.8512583487190752
Cognitive Disability,Region VIII (Eastern Visayas),Severe,PH080000000,EASTERN SAMAR,PH082600000,332,503495,66.0,1.8195439355418688
Cognitive Disability,Region VIII (Eastern Visayas),Severe,PH080000000,LEYTE,PH083700000,1292,2124269,61.0,1.7853298350107671
Cognitive Disability,Region VIII (Eastern Visayas),Severe,PH080000000,NORTHERN SAMAR,PH084800000,402,668766,61.0,1.7853298350107671
Cognitive Disability,Region VIII (Eastern Visayas),Severe,PH080000000,SAMAR (WESTERN SAMAR),PH086000000,281,822095,35.0,1.5440680443502757
Cognitive Disability,Region VIII (Eastern Visayas),Severe,PH080000000,SOUTHERN LEYTE,PH086400000,398,444355,90.0,1.954242509439325
Cognitive Disability,Region X (Northern Mindanao),Mild,PH100000000,BUKIDNON,PH101300000,21957,1510189,1454.0,3.162564406523019
Cognitive Disability,Region X (Northern Mindanao),Mild,PH100000000,CAMIGUIN,PH101800000,1966,92431,2127.0,3.327767489902729
Cognitive Disability,Region X (Northern Mindanao),Mild,PH100000000,LANAO DEL NORTE,PH103500000,9614,1095270,878.0,2.9434945159061026
Cognitive Disability,Region X (Northern Mindanao),Mild,PH100000000,MISAMIS OCCIDENTAL,PH104200000,9468,627158,1510.0,3.1789769472931693
Cognitive Disability,Region X (Northern Mindanao),Mild,PH100000000,MISAMIS ORIENTAL,PH104300000,17427,1692002,1030.0,3.012837224705172
Cognitive Disability,Region X (Northern Mindanao),Moderate,PH100000000,BUKIDNON,PH101300000,2669,1510189,177.0,2.247973266361807
Cognitive Disability,Region X (Northern Mindanao),Moderate,PH100000000,CAMIGUIN,PH101800000,235,92431,255.0,2.406540180433955
Cognitive Disability,Region X (Northern Mindanao),Moderate,PH100000000,LANAO DEL NORTE,PH103500000,1269,1095270,116.0,2.0644579892269186
Cognitive Disability,Region X (Northern Mindanao),Moderate,PH100000000,MISAMIS OCCIDENTAL,PH104200000,1439,627158,230.0,2.361727836017593
Cognitive Disability,Region X (Northern Mindanao),Moderate,PH100000000,MISAMIS ORIENTAL,PH104300000,2584,1692002,153.0,2.184691430817599
Cognitive Disability,Region X (Northern Mindanao),Severe,PH100000000,BUKIDNON,PH101300000,952,1510189,64.0,1.806179973983887
Cognitive Disability,Region X (Northern Mindanao),Severe,PH100000000,CAMIGUIN,PH101800000,89,92431,97.0,1.9867717342662448
Cognitive Disability,Region X (Northern Mindanao),Severe,PH100000000,LANAO DEL NORTE,PH103500000,475,1095270,44.0,1.6434526764861874
Cognitive Disability,Region X (Northern Mindanao),Severe,PH100000000,MISAMIS OCCIDENTAL,PH104200000,509,627158,82.0,1.9138138523837167
Cognitive Disability,Region X (Northern Mindanao),Severe,PH100000000,MISAMIS ORIENTAL,PH104300000,988,1692002,59.0,1.7708520116421442
Cognitive Disability,Region XIII (Caraga),Mild,PH160000000,AGUSAN DEL NORTE,PH160200000,9019,738775,1221.0,3.0867156639448825
Cognitive Disability,Region XIII (Caraga),Mild,PH160000000,AGUSAN DEL SUR,PH160300000,12620,734982,1718.0,3.2350231594952237
Cognitive Disability,Region XIII (Caraga),Mild,PH160000000,DINAGAT ISLANDS,PH168500000,2214,130671,1695.0,3.229169702539101
Cognitive Disability,Region XIII (Caraga),Mild,PH160000000,SURIGAO DEL NORTE,PH166700000,9482,528148,1796.0,3.2543063323312857
Cognitive Disability,Region XIII (Caraga),Mild,PH160000000,SURIGAO DEL SUR,PH166800000,11938,620531,1924.0,3.284205067701794
Cognitive Disability,Region XIII (Caraga),Moderate,PH160000000,AGUSAN DEL NORTE,PH160200000,1221,738775,166.0,2.220108088040055
Cognitive Disability,Region XIII (Caraga),Moderate,PH160000000,AGUSAN DEL SUR,PH160300000,1438,734982,196.0,2.292256071356476
Cognitive Disability,Region XIII (Caraga),Moderate,PH160000000,DINAGAT ISLANDS,PH168500000,259,130671,199.0,2.298853076409707
Cognitive Disability,Region XIII (Caraga),Moderate,PH160000000,SURIGAO DEL NORTE,PH166700000,1050,528148,199.0,2.298853076409707
Cognitive Disability,Region XIII (Caraga),Moderate,PH160000000,SURIGAO DEL SUR,PH166800000,1487,620531,240.0,2.380211241711606
Cognitive Disability,Region XIII (Caraga),Severe,PH160000000,AGUSAN DEL NORTE,PH160200000,430,738775,59.0,1.7708520116421442
Cognitive Disability,Region XIII (Caraga),Severe,PH160000000,AGUSAN DEL SUR,PH160300000,481,734982,66.0,1.8195439355418688
Cognitive Disability,Region XIII (Caraga),Severe,PH160000000,DINAGAT ISLANDS,PH168500000,66,130671,51.0,1.7075701760979363
Cognitive Disability,Region XIII (Caraga),Severe,PH160000000,SURIGAO DEL NORTE,PH166700000,305,528148,58.0,1.7634279935629373
Cognitive Disability,Region XIII (Caraga),Severe,PH160000000,SURIGAO DEL SUR,PH166800000,455,620531,74.0,1.8692317197309762
Communication Disability,BANGSAMORO AUTONOMOUS REGION IN MUSLIM MINDANAO (BARMM),Mild,PH150000000,BASILAN,PH150700000,1116,386697,289.0,2.4608978427565478
Communication Disability,BANGSAMORO AUTONOMOUS REGION IN MUSLIM MINDANAO (BARMM),Mild,PH150000000,LANAO DEL SUR,PH153600000,11719,1146287,1023.0,3.00987563371216
Communication Disability,BANGSAMORO AUTONOMOUS REGION IN MUSLIM MINDANAO (BARMM),Mild,PH150000000,MAGUINDANAO,PH153800000,6226,1323051,471.0,2.673020907128896
Communication Disability,BANGSAMORO AUTONOMOUS REGION IN MUSLIM MINDANAO (BARMM),Mild,PH150000000,SULU,PH156600000,1548,913590,170.0,2.230448921378274
Communication Disability,BANGSAMORO AUTONOMOUS REGION IN MUSLIM MINDANAO (BARMM),Mild,PH150000000,TAWI-TAWI,PH157000000,970,413690,235.0,2.3710678622717363
Communication Disability,BANGSAMORO AUTONOMOUS REGION IN MUSLIM MINDANAO (BARMM),Moderate,PH150000000,BASILAN,PH150700000,246,386697,64.0,1.806179973983887
Communication Disability,BANGSAMORO AUTONOMOUS REGION IN MUSLIM MINDANAO (BARMM),Moderate,PH150000000,LANAO DEL SUR,PH153600000,2236,1146287,196.0,2.292256071356476
Communication Disability,BANGSAMORO AUTONOMOUS REGION IN MUSLIM MINDANAO (BARMM),Moderate,PH150000000,MAGUINDANAO,PH153800000,1124,1323051,85.0,1.9294189257142926
Communication Disability,BANGSAMORO AUTONOMOUS REGION IN MUSLIM MINDANAO (BARMM),Moderate,PH150000000,SULU,PH156600000,381,913590,42.0,1.6232492903979006
Communication Disability,BANGSAMORO AUTONOMOUS REGION IN MUSLIM MINDANAO (BARMM),Moderate,PH150000000,TAWI-TAWI,PH157000000,251,413690,61.0,1.7853298350107671
Communication Disability,BANGSAMORO AUTONOMOUS REGION IN MUSLIM MINDANAO (BARMM),Severe,PH150000000,BASILAN,PH150700000,225,386697,59.0,1.7708520116421442
Communication Disability,BANGSAMORO AUTONOMOUS REGION IN MUSLIM MINDANAO (BARMM),Severe,PH150000000,LANAO DEL SUR,PH153600000,1525,1146287,134.0,2.1271047983648077
Communication Disability,BANGSAMORO AUTONOMOUS REGION IN MUSLIM MINDANAO (BARMM),Severe,PH150000000,MAGUINDANAO,PH153800000,810,1323051,62.0,1.792391689498254
Communication Disability,BANGSAMORO AUTONOMOUS REGION IN MUSLIM MINDANAO (BARMM),Severe,PH150000000,SULU,PH156600000,354,913590,39.0,1.591064607026499
Communication Disability,BANGSAMORO AUTONOMOUS REGION IN MUSLIM MINDANAO (BARMM),Severe,PH150000000,TAWI-TAWI,PH157000000,203,413690,50.0,1.6989700043360187
Communication Disability,Cordillera Administrative Region (CAR),Mild,PH140000000,ABRA,PH140100000,1116,247402,452.0,2.655138434811382
Communication Disability,Cordillera Administrative Region (CAR),Mild,PH140000000,APAYAO,PH148100000,683,123899,552.0,2.741939077729199
Communication Disability,Cordillera Administrative Region (CAR),Mild,PH140000000,BENGUET,PH141100000,2604,848552,307.0,2.4871383754771865
Communication Disability,Cordillera Administrative Region (CAR),Mild,PH140000000,IFUGAO,PH142700000,731,210669,347.0,2.5403294747908736
Communication Disability,Cordillera Administrative Region (CAR),Mild,PH140000000,KALINGA,PH143200000,869,220230,395.0,2.59659709562646
Communication Disability,Cordillera Administrative Region (CAR),Mild,PH140000000,MOUNTAIN PROVINCE,PH144400000,593,156987,378.0,2.5774917998372255
Communication Disability,Cordillera Administrative Region (CAR),Moderate,PH140000000,ABRA,PH140100000,446,247402,181.0,2.2576785748691846
Communication Disability,Cordillera Administrative Region (CAR),Moderate,PH140000000,APAYAO,PH148100000,236,123899,191.0,2.2810333672477277
Communication Disability,Cordillera Administrative Region (CAR),Moderate,PH140000000,BENGUET,PH141100000,1280,848552,151.0,2.1789769472931693
Communication Disability,Cordillera Administrative Region (CAR),Moderate,PH140000000,IFUGAO,PH142700000,333,210669,159.0,2.2013971243204513
Communication Disability,Cordillera Administrative Region (CAR),Moderate,PH140000000,KALINGA,PH143200000,378,220230,172.0,2.2355284469075487
Communication Disability,Cordillera Administrative Region (CAR),Moderate,PH140000000,MOUNTAIN PROVINCE,PH144400000,246,156987,157.0,2.1958996524092336
Communication Disability,Cordillera Administrative Region (CAR),Severe,PH140000000,ABRA,PH140100000,338,247402,137.0,2.1367205671564067
Communication Disability,Cordillera Administrative Region (CAR),Severe,PH140000000,APAYAO,PH148100000,216,123899,175.0,2.2430380486862944
Communication Disability,Cordillera Administrative Region (CAR),Severe,PH140000000,BENGUET,PH141100000,1066,848552,126.0,2.100370545117563
Communication Disability,Cordillera Administrative Region (CAR),Severe,PH140000000,IFUGAO,PH142700000,268,210669,128.0,2.1072099696478683
Communication Disability,Cordillera Administrative Region (CAR),Severe,PH140000000,KALINGA,PH143200000,317,220230,144.0,2.1583624920952498
Communication Disability,Cordillera Administrative Region (CAR),Severe,PH140000000,MOUNTAIN PROVINCE,PH144400000,184,156987,118.0,2.0718820073061255
Communication Disability,MIMAROPA Region,Mild,PH170000000,MARINDUQUE,PH174000000,1390,241036,577.0,2.7611758131557314
Communication Disability,MIMAROPA Region,Mild,PH170000000,OCCIDENTAL MINDORO,PH175100000,1830,515134,356.0,2.5514499979728753
Communication Disability,MIMAROPA Region,Mild,PH170000000,ORIENTAL MINDORO,PH175200000,3366,901270,374.0,2.5728716022004803
Communication Disability,MIMAROPA Region,Mild,PH170000000,PALAWAN,PH175300000,5010,1216009,413.0,2.615950051656401
Communication Disability,MIMAROPA Region,Mild,PH170000000,ROMBLON,PH175900000,1537,301407,510.0,2.7075701760979363
Communication Disability,MIMAROPA Region,Moderate,PH170000000,MARINDUQUE,PH174000000,577,241036,240.0,2.380211241711606
Communication Disability,MIMAROPA Region,Moderate,PH170000000,OCCIDENTAL MINDORO,PH175100000,734,515134,143.0,2.155336037465062
Communication Disability,MIMAROPA Region,Moderate,PH170000000,ORIENTAL MINDORO,PH175200000,1639,901270,182.0,2.2600713879850747
Communication Disability,MIMAROPA Region,Moderate,PH170000000,PALAWAN,PH175300000,1704,1216009,141.0,2.1492191126553797
Communication Disability,MIMAROPA Region,Moderate,PH170000000,ROMBLON,PH175900000,789,301407,262.0,2.4183012913197452
Communication Disability,MIMAROPA Region,Severe,PH170000000,MARINDUQUE,PH174000000,444,241036,185.0,2.2671717284030137
Communication Disability,MIMAROPA Region,Severe,PH170000000,OCCIDENTAL MINDORO,PH175100000,597,515134,116.0,2.0644579892269186
Communication Disability,MIMAROPA Region,Severe,PH170000000,ORIENTAL MINDORO,PH175200000,1270,901270,141.0,2.1492191126553797
Communication Disability,MIMAROPA Region,Severe,PH170000000,PALAWAN,PH175300000,1310,1216009,108.0,2.03342375548695
Communication Disability,MIMAROPA Region,Severe,PH170000000,ROMBLON,PH175900000,497,301407,165.0,2.2174839442139063
Communication Disability,National Capital Region (NCR),Mild,PH130000000,"NCR, FIRST DISTRICT (NOT A PROVINCE)",PH133900000,6213,1886920,330.0,2.5185139398778875
Communication Disability,National Capital Region (NCR),Mild,PH130000000,"NCR, FOURTH DISTRICT (NOT A PROVINCE)",PH137600000,10437,4015981,260.0,2.4149733479708178
Communication Disability,National Capital Region (NCR),Mild,PH130000000,"NCR, SECOND DISTRICT (NOT A PROVINCE)",PH137400000,12641,4960933,255.0,2.406540180433955
Communication Disability,National Capital Region (NCR),Mild,PH130000000,"NCR, THIRD DISTRICT (NOT A PROVINCE)",PH137500000,6207,2940822,212.0,2.326335860928751
Communication Disability,National Capital Region (NCR),Moderate,PH130000000,"NCR, FIRST DISTRICT (NOT A PROVINCE)",PH133900000,2033,1886920,108.0,2.03342375548695
Communication Disability,National Capital Region (NCR),Moderate,PH130000000,"NCR, FOURTH DISTRICT (NOT A PROVINCE)",PH137600000,3608,4015981,90.0,1.954242509439325
Communication Disability,National Capital Region (NCR),Moderate,PH130000000,"NCR, SECOND DISTRICT (NOT A PROVINCE)",PH137400000,4680,4960933,95.0,1.9777236052888478
Communication Disability,National Capital Region (NCR),Moderate,PH130000000,"NCR, THIRD DISTRICT (NOT A PROVINCE)",PH137500000,2445,2940822,84.0,1.9242792860618816
Communication Disability,National Capital Region (NCR),Severe,PH130000000,"NCR, FIRST DISTRICT (NOT A PROVINCE)",PH133900000,1917,1886920,102.0,2.0086001717619175
Communication Disability,National Capital Region (NCR),Severe,PH130000000,"NCR, FOURTH DISTRICT (NOT A PROVINCE)",PH137600000,3337,4015981,84.0,1.9242792860618816
Communication Disability,National Capital Region (NCR),Severe,PH130000000,"NCR, SECOND DISTRICT (NOT A PROVINCE)",PH137400000,4160,4960933,84.0,1.9242792860618816
Communication Disability,National Capital Region (NCR),Severe,PH130000000,"NCR, THIRD DISTRICT (NOT A PROVINCE)",PH137500000,2386,2940822,82.0,1.9138138523837167
Communication Disability,REGION XI (DAVAO REGION),Mild,PH110000000,COMPOSTELA VALLEY,PH118200000,2851,774102,369.0,2.56702636615906
Communication Disability,REGION XI (DAVAO REGION),Mild,PH110000000,DAVAO DEL NORTE,PH112300000,3540,1056457,336.0,2.526339277389844
Communication Disability,REGION XI (DAVAO REGION),Mild,PH110000000,DAVAO DEL SUR,PH112400000,7639,2520852,304.0,2.482873583608754
Communication Disability,REGION XI (DAVAO REGION),Mild,PH110000000,DAVAO OCCIDENTAL,PH118600000,1351,338925,399.0,2.6009728956867484
Communication Disability,REGION XI (DAVAO REGION),Mild,PH110000000,DAVAO ORIENTAL,PH112500000,2025,600531,338.0,2.5289167002776547
Communication Disability,REGION XI (DAVAO REGION),Moderate,PH110000000,COMPOSTELA VALLEY,PH118200000,1243,774102,161.0,2.2068258760318495
Communication Disability,REGION XI (DAVAO REGION),Moderate,PH110000000,DAVAO DEL NORTE,PH112300000,1410,1056457,134.0,2.1271047983648077
Communication Disability,REGION XI (DAVAO REGION),Moderate,PH110000000,DAVAO DEL SUR,PH112400000,3152,2520852,126.0,2.100370545117563
Communication Disability,REGION XI (DAVAO REGION),Moderate,PH110000000,DAVAO OCCIDENTAL,PH118600000,442,338925,131.0,2.1172712956557644
Communication Disability,REGION XI (DAVAO REGION),Moderate,PH110000000,DAVAO ORIENTAL,PH112500000,764,600531,128.0,2.1072099696478683
Communication Disability,REGION XI (DAVAO REGION),Severe,PH110000000,COMPOSTELA VALLEY,PH118200000,1086,774102,141.0,2.1492191126553797
Communication Disability,REGION XI (DAVAO REGION),Severe,PH110000000,DAVAO DEL NORTE,PH112300000,1158,1056457,110.0,2.041392685158225
Communication Disability,REGION XI (DAVAO REGION),Severe,PH110000000,DAVAO DEL SUR,PH112400000,2736,2520852,109.0,2.037426497940624
Communication Disability,REGION XI (DAVAO REGION),Severe,PH110000000,DAVAO OCCIDENTAL,PH118600000,353,338925,105.0,2.0211892990699383
Communication Disability,REGION XI (DAVAO REGION),Severe,PH110000000,DAVAO ORIENTAL,PH112500000,610,600531,102.0,2.0086001717619175
Communication Disability,REGION XII (SOCCSKSARGEN),Mild,PH120000000,COTABATO (NORTH COTABATO),PH124700000,4843,1527149,318.0,2.5024271199844326
Communication Disability,REGION XII (SOCCSKSARGEN),Mild,PH120000000,SARANGANI,PH128000000,11983,583791,2053.0,3.312388949370592
Communication Disability,REGION XII (SOCCSKSARGEN),Mild,PH120000000,SOUTH COTABATO,PH126300000,4813,1644256,293.0,2.4668676203541096
Communication Disability,REGION XII (SOCCSKSARGEN),Mild,PH120000000,SULTAN KUDARAT,PH126500000,3277,855241,384.0,2.584331224367531
Communication Disability,REGION XII (SOCCSKSARGEN),Moderate,PH120000000,COTABATO (NORTH COTABATO),PH124700000,1741,1527149,115.0,2.060697840353612
Communication Disability,REGION XII (SOCCSKSARGEN),Moderate,PH120000000,SARANGANI,PH128000000,5074,583791,870.0,2.9395192526186187
Communication Disability,REGION XII (SOCCSKSARGEN),Moderate,PH120000000,SOUTH COTABATO,PH126300000,1877,1644256,115.0,2.060697840353612
Communication Disability,REGION XII (SOCCSKSARGEN),Moderate,PH120000000,SULTAN KUDARAT,PH126500000,776,855241,91.0,1.9590413923210936
Communication Disability,REGION XII (SOCCSKSARGEN),Severe,PH120000000,COTABATO (NORTH COTABATO),PH124700000,1408,1527149,93.0,1.968482948553935
Communication Disability,REGION XII (SOCCSKSARGEN),Severe,PH120000000,SARANGANI,PH128000000,4214,583791,722.0,2.858537197569639
Communication Disability,REGION XII (SOCCSKSARGEN),Severe,PH120000000,SOUTH COTABATO,PH126300000,1745,1644256,107.0,2.0293837776852097
Communication Disability,REGION XII (SOCCSKSARGEN),Severe,PH120000000,SULTAN KUDARAT,PH126500000,596,855241,70.0,1.845098040014257
Communication Disability,Region I (Ilocos Region),Mild,PH010000000,ILOCOS NORTE,PH012800000,2307,613421,377.0,2.576341350205793
Communication Disability,Region I (Ilocos Region),Mild,PH010000000,ILOCOS SUR,PH012900000,2721,715810,381.0,2.5809249756756194
Communication Disability,Region I (Ilocos Region),Mild,PH010000000,LA UNION,PH013300000,2660,828194,322.0,2.507855871695831
Communication Disability,Region I (Ilocos Region),Mild,PH010000000,PANGASINAN,PH015500000,11144,3113382,358.0,2.5538830266438746
Communication Disability,Region I (Ilocos Region),Moderate,PH010000000,ILOCOS NORTE,PH012800000,930,613421,152.0,2.1818435879447726
Communication Disability,Region I (Ilocos Region),Moderate,PH010000000,ILOCOS SUR,PH012900000,1178,715810,165.0,2.2174839442139063
Communication Disability,Region I (Ilocos Region),Moderate,PH010000000,LA UNION,PH013300000,1279,828194,155.0,2.1903316981702914
Communication Disability,Region I (Ilocos Region),Moderate,PH010000000,PANGASINAN,PH015500000,4507,3113382,145.0,2.161368002234975
Communication Disability,Region I (Ilocos Region),Severe,PH010000000,ILOCOS NORTE,PH012800000,746,613421,122.0,2.0863598306747484
Communication Disability,Region I (Ilocos Region),Severe,PH010000000,ILOCOS SUR,PH012900000,914,715810,128.0,2.1072099696478683
Communication Disability,Region I (Ilocos Region),Severe,PH010000000,LA UNION,PH013300000,1231,828194,149.0,2.173186268412274
Communication Disability,Region I (Ilocos Region),Severe,PH010000000,PANGASINAN,PH015500000,3995,3113382,129.0,2.110589710299249
Communication Disability,Region II (Cagayan Valley),Mild,PH020000000,BATANES,PH020900000,84,17874,470.0,2.6720978579357175
Communication Disability,Region II (Cagayan Valley),Mild,PH020000000,CAGAYAN,PH021500000,4790,1273322,377.0,2.576341350205793
Communication Disability,Region II (Cagayan Valley),Mild,PH020000000,ISABELA,PH023100000,6429,1685739,382.0,2.582063362911709
Communication Disability,Region II (Cagayan Valley),Mild,PH020000000,NUEVA VIZCAYA,PH025000000,1892,482894,392.0,2.593286067020457
Communication Disability,Region II (Cagayan Valley),Mild,PH020000000,QUIRINO,PH025700000,562,197917,284.0,2.4533183400470375
Communication Disability,Region II (Cagayan Valley),Moderate,PH020000000,BATANES,PH020900000,40,17874,224.0,2.3502480183341627
Communication Disability,Region II (Cagayan Valley),Moderate,PH020000000,CAGAYAN,PH021500000,1769,1273322,139.0,2.143014800254095
Communication Disability,Region II (Cagayan Valley),Moderate,PH020000000,ISABELA,PH023100000,2509,1685739,149.0,2.173186268412274
Communication Disability,Region II (Cagayan Valley),Moderate,PH020000000,NUEVA VIZCAYA,PH025000000,776,482894,161.0,2.2068258760318495
Communication Disability,Region II (Cagayan Valley),Moderate,PH020000000,QUIRINO,PH025700000,291,197917,148.0,2.1702617153949575
Communication Disability,Region II (Cagayan Valley),Severe,PH020000000,BATANES,PH020900000,22,17874,124.0,2.093421685162235
Communication Disability,Region II (Cagayan Valley),Severe,PH020000000,CAGAYAN,PH021500000,1719,1273322,136.0,2.1335389083702174
Communication Disability,Region II (Cagayan Valley),Severe,PH020000000,ISABELA,PH023100000,2284,1685739,136.0,2.1335389083702174
Communication Disability,Region II (Cagayan Valley),Severe,PH020000000,NUEVA VIZCAYA,PH025000000,603,482894,125.0,2.0969100130080562
Communication Disability,Region II (Cagayan Valley),Severe,PH020000000,QUIRINO,PH025700000,211,197917,107.0,2.0293837776852097
Communication Disability,Region III (Central Luzon),Mild,PH030000000,AURORA,PH037700000,711,227530,313.0,2.4955443375464483
Communication Disability,Region III (Central Luzon),Mild,PH030000000,BATAAN,PH030800000,2042,836076,245.0,2.3891660843645326
Communication Disability,Region III (Central Luzon),Mild,PH030000000,BULACAN,PH031400000,10742,3646679,295.0,2.469822015978163
Communication Disability,Region III (Central Luzon),Mild,PH030000000,NUEVA ECIJA,PH034900000,8030,2355414,341.0,2.5327543789924976
Communication Disability,Region III (Central Luzon),Mild,PH030000000,PAMPANGA,PH035400000,6858,2893624,238.0,2.376576957056512
Communication Disability,Region III (Central Luzon),Mild,PH030000000,TARLAC,PH036900000,3904,1460137,268.0,2.428134794028789
Communication Disability,Region III (Central Luzon),Mild,PH030000000,ZAMBALES,PH037100000,2659,894254,298.0,2.4742162640762553
Communication Disability,Region III (Central Luzon),Moderate,PH030000000,AURORA,PH037700000,297,227530,131.0,2.1172712956557644
Communication Disability,Region III (Central Luzon),Moderate,PH030000000,BATAAN,PH030800000,960,836076,115.0,2.060697840353612
Communication Disability,Region III (Central Luzon),Moderate,PH030000000,BULACAN,PH031400000,4501,3646679,124.0,2.093421685162235
Communication Disability,Region III (Central Luzon),Moderate,PH030000000,NUEVA ECIJA,PH034900000,2902,2355414,124.0,2.093421685162235
Communication Disability,Region III (Central Luzon),Moderate,PH030000000,PAMPANGA,PH035400000,2459,2893624,85.0,1.9294189257142926
Communication Disability,Region III (Central Luzon),Moderate,PH030000000,TARLAC,PH036900000,1529,1460137,105.0,2.0211892990699383
Communication Disability,Region III (Central Luzon),Moderate,PH030000000,ZAMBALES,PH037100000,1199,894254,135.0,2.130333768495006
Communication Disability,Region III (Central Luzon),Severe,PH030000000,AURORA,PH037700000,278,227530,123.0,2.089905111439398
Communication Disability,Region III (Central Luzon),Severe,PH030000000,BATAAN,PH030800000,830,836076,100.0,2.0
Communication Disability,Region III (Central Luzon),Severe,PH030000000,BULACAN,PH031400000,3872,3646679,107.0,2.0293837776852097
Communication Disability,Region III (Central Luzon),Severe,PH030000000,NUEVA ECIJA,PH034900000,2497,2355414,107.0,2.0293837776852097
Communication Disability,Region III (Central Luzon),Severe,PH030000000,PAMPANGA,PH035400000,2525,2893624,88.0,1.9444826721501687
Communication Disability,Region III (Central Luzon),Severe,PH030000000,TARLAC,PH036900000,1617,1460137,111.0,2.0453229787866576
Communication Disability,Region III (Central Luzon),Severe,PH030000000,ZAMBALES,PH037100000,993,894254,112.0,2.0492180226701815
Communication Disability,Region IV-A (CALABARZON),Mild,PH040000000,BATANGAS,PH041000000,7847,3033730,259.0,2.413299764081252
Communication Disability,Region IV-A (CALABARZON),Mild,PH040000000,CAVITE,PH042100000,10149,4210866,242.0,2.383815365980431
Communication Disability,Region IV-A (CALABARZON),Mild,PH040000000,LAGUNA,PH043400000,9176,3343703,275.0,2.439332693830263
Communication Disability,Region IV-A (CALABARZON),Mild,PH040000000,QUEZON,PH045600000,8234,2260033,365.0,2.5622928644564746
Communication Disability,Region IV-A (CALABARZON),Mild,PH040000000,RIZAL,PH045800000,8058,3208959,252.0,2.401400540781544
Communication Disability,Region IV-A (CALABARZON),Moderate,PH040000000,BATANGAS,PH041000000,3110,3033730,103.0,2.012837224705172
Communication Disability,Region IV-A (CALABARZON),Moderate,PH040000000,CAVITE,PH042100000,4379,4210866,104.0,2.0170333392987803
Communication Disability,Region IV-A (CALABARZON),Moderate,PH040000000,LAGUNA,PH043400000,3274,3343703,98.0,1.9912260756924949
Communication Disability,Region IV-A (CALABARZON),Moderate,PH040000000,QUEZON,PH045600000,3564,2260033,158.0,2.1986570869544226
Communication Disability,Region IV-A (CALABARZON),Moderate,PH040000000,RIZAL,PH045800000,3113,3208959,98.0,1.9912260756924949
Communication Disability,Region IV-A (CALABARZON),Severe,PH040000000,BATANGAS,PH041000000,2887,3033730,96.0,1.9822712330395684
Communication Disability,Region IV-A (CALABARZON),Severe,PH040000000,CAVITE,PH042100000,4250,4210866,101.0,2.0043213737826426
Communication Disability,Region IV-A (CALABARZON),Severe,PH040000000,LAGUNA,PH043400000,2923,3343703,88.0,1.9444826721501687
Communication Disability,Region IV-A (CALABARZON),Severe,PH040000000,QUEZON,PH045600000,2663,2260033,118.0,2.0718820073061255
Communication Disability,Region IV-A (CALABARZON),Severe,PH040000000,RIZAL,PH045800000,2800,3208959,88.0,1.9444826721501687
Communication Disability,Region IX (Zamboanga Peninsula),Mild,PH090000000,CITY OF ISABELA (NOT A PROVINCE),PH099700000,372,127728,292.0,2.4653828514484184
Communication Disability,Region IX (Zamboanga Peninsula),Mild,PH090000000,ZAMBOANGA DEL NORTE,PH097200000,4502,1047292,430.0,2.6334684555795866
Communication Disability,Region IX (Zamboanga Peninsula),Mild,PH090000000,ZAMBOANGA DEL SUR,PH097300000,7194,1928337,374.0,2.5728716022004803
Communication Disability,Region IX (Zamboanga Peninsula),Mild,PH090000000,ZAMBOANGA SIBUGAY,PH098300000,2552,679404,376.0,2.575187844927661
Communication Disability,Region IX (Zamboanga Peninsula),Moderate,PH090000000,CITY OF ISABELA (NOT A PROVINCE),PH099700000,140,127728,110.0,2.041392685158225
Communication Disability,Region IX (Zamboanga Peninsula),Moderate,PH090000000,ZAMBOANGA DEL NORTE,PH097200000,1593,1047292,153.0,2.184691430817599
Communication Disability,Region IX (Zamboanga Peninsula),Moderate,PH090000000,ZAMBOANGA DEL SUR,PH097300000,2681,1928337,140.0,2.146128035678238
Communication Disability,Region IX (Zamboanga Peninsula),Moderate,PH090000000,ZAMBOANGA SIBUGAY,PH098300000,990,679404,146.0,2.164352855784437
Communication Disability,Region IX (Zamboanga Peninsula),Severe,PH090000000,CITY OF ISABELA (NOT A PROVINCE),PH099700000,123,127728,97.0,1.9867717342662448
Communication Disability,Region IX (Zamboanga Peninsula),Severe,PH090000000,ZAMBOANGA DEL NORTE,PH097200000,1267,1047292,121.0,2.0827853703164503
Communication Disability,Region IX (Zamboanga Peninsula),Severe,PH090000000,ZAMBOANGA DEL SUR,PH097300000,2366,1928337,123.0,2.089905111439398
Communication Disability,Region IX (Zamboanga Peninsula),Severe,PH090000000,ZAMBOANGA SIBUGAY,PH098300000,832,679404,123.0,2.089905111439398
Communication Disability,Region V (Bicol Region),Mild,PH050000000,ALBAY,PH050500000,5247,1396088,376.0,2.575187844927661
Communication Disability,Region V (Bicol Region),Mild,PH050000000,CAMARINES NORTE,PH051600000,2601,622514,418.0,2.621176281775035
Communication Disability,Region V (Bicol Region),Mild,PH050000000,CAMARINES SUR,PH051700000,8398,2059495,408.0,2.61066016308988
Communication Disability,Region V (Bicol Region),Mild,PH050000000,CATANDUANES,PH052000000,1319,272941,484.0,2.6848453616444123
Communication Disability,Region V (Bicol Region),Mild,PH050000000,MASBATE,PH054100000,3073,937079,328.0,2.515873843711679
Communication Disability,Region V (Bicol Region),Mild,PH050000000,SORSOGON,PH056200000,3927,845718,465.0,2.667452952889954
Communication Disability,Region V (Bicol Region),Moderate,PH050000000,ALBAY,PH050500000,2327,1396088,167.0,2.2227164711475833
Communication Disability,Region V (Bicol Region),Moderate,PH050000000,CAMARINES NORTE,PH051600000,1287,622514,207.0,2.315970345456918
Communication Disability,Region V (Bicol Region),Moderate,PH050000000,CAMARINES SUR,PH051700000,3912,2059495,190.0,2.278753600952829
Communication Disability,Region V (Bicol Region),Moderate,PH050000000,CATANDUANES,PH052000000,639,272941,235.0,2.3710678622717363
Communication Disability,Region V (Bicol Region),Moderate,PH050000000,MASBATE,PH054100000,1183,937079,127.0,2.103803720955957
Communication Disability,Region V (Bicol Region),Moderate,PH050000000,SORSOGON,PH056200000,1688,845718,200.0,2.3010299956639813
Communication Disability,Region V (Bicol Region),Severe,PH050000000,ALBAY,PH050500000,1857,1396088,134.0,2.1271047983648077
Communication Disability,Region V (Bicol Region),Severe,PH050000000,CAMARINES NORTE,PH051600000,988,622514,159.0,2.2013971243204513
Communication Disability,Region V (Bicol Region),Severe,PH050000000,CAMARINES SUR,PH051700000,3258,2059495,159.0,2.2013971243204513
Communication Disability,Region V (Bicol Region),Severe,PH050000000,CATANDUANES,PH052000000,484,272941,178.0,2.250420002308894
Communication Disability,Region V (Bicol Region),Severe,PH050000000,MASBATE,PH054100000,1105,937079,118.0,2.0718820073061255
Communication Disability,Region V (Bicol Region),Severe,PH050000000,SORSOGON,PH056200000,1323,845718,157.0,2.1958996524092336
Communication Disability,Region VI (Western Visayas),Mild,PH060000000,AKLAN,PH060400000,2844,605584,470.0,2.6720978579357175
Communication Disability,Region VI (Western Visayas),Mild,PH060000000,ANTIQUE,PH060600000,3273,612454,535.0,2.7283537820212285
Communication Disability,Region VI (Western Visayas),Mild,PH060000000,CAPIZ,PH061900000,3904,803083,487.0,2.6875289612146345
Communication Disability,Region VI (Western Visayas),Mild,PH060000000,GUIMARAS,PH067900000,700,185174,379.0,2.578639209968072
Communication Disability,Region VI (Western Visayas),Mild,PH060000000,ILOILO,PH063000000,11838,2524211,469.0,2.6711728427150834
Communication Disability,Region VI (Western Visayas),Mild,PH060000000,NEGROS OCCIDENTAL,PH064500000,11073,3174389,349.0,2.5428254269591797
Communication Disability,Region VI (Western Visayas),Moderate,PH060000000,AKLAN,PH060400000,1195,605584,198.0,2.296665190261531
Communication Disability,Region VI (Western Visayas),Moderate,PH060000000,ANTIQUE,PH060600000,1344,612454,220.0,2.342422680822206
Communication Disability,Region VI (Western Visayas),Moderate,PH060000000,CAPIZ,PH061900000,1306,803083,163.0,2.2121876044039577
Communication Disability,Region VI (Western Visayas),Moderate,PH060000000,GUIMARAS,PH067900000,310,185174,168.0,2.225309281725863
Communication Disability,Region VI (Western Visayas),Moderate,PH060000000,ILOILO,PH063000000,4613,2524211,183.0,2.2624510897304293
Communication Disability,Region VI (Western Visayas),Moderate,PH060000000,NEGROS OCCIDENTAL,PH064500000,4295,3174389,136.0,2.1335389083702174
Communication Disability,Region VI (Western Visayas),Severe,PH060000000,AKLAN,PH060400000,988,605584,164.0,2.214843848047698
Communication Disability,Region VI (Western Visayas),Severe,PH060000000,ANTIQUE,PH060600000,1070,612454,175.0,2.2430380486862944
Communication Disability,Region VI (Western Visayas),Severe,PH060000000,CAPIZ,PH061900000,1045,803083,131.0,2.1172712956557644
Communication Disability,Region VI (Western Visayas),Severe,PH060000000,GUIMARAS,PH067900000,279,185174,151.0,2.1789769472931693
Communication Disability,Region VI (Western Visayas),Severe,PH060000000,ILOILO,PH063000000,3698,2524211,147.0,2.167317334748176
Communication Disability,Region VI (Western Visayas),Severe,PH060000000,NEGROS OCCIDENTAL,PH064500000,3910,3174389,124.0,2.093421685162235
Communication Disability,Region VII (Central Visayas),Mild,PH070000000,BOHOL,PH071200000,6136,1365107,450.0,2.6532125137753435
Communication Disability,Region VII (Central Visayas),Mild,PH070000000,CEBU,PH072200000,16324,5085207,322.0,2.507855871695831
Communication Disability,Region VII (Central Visayas),Mild,PH070000000,NEGROS ORIENTAL,PH074600000,5990,1406274,426.0,2.629409599102719
Communication Disability,Region VII (Central Visayas),Mild,PH070000000,SIQUIJOR,PH076100000,507,100457,505.0,2.7032913781186614
Communication Disability,Region VII (Central Visayas),Moderate,PH070000000,BOHOL,PH071200000,2779,1365107,204.0,2.3096301674258988
Communication Disability,Region VII (Central Visayas),Moderate,PH070000000,CEBU,PH072200000,6866,5085207,136.0,2.1335389083702174
Communication Disability,Region VII (Central Visayas),Moderate,PH070000000,NEGROS ORIENTAL,PH074600000,2507,1406274,179.0,2.2528530309798933
Communication Disability,Region VII (Central Visayas),Moderate,PH070000000,SIQUIJOR,PH076100000,214,100457,214.0,2.330413773349191
Communication Disability,Region VII (Central Visayas),Severe,PH070000000,BOHOL,PH071200000,2286,1365107,168.0,2.225309281725863
Communication Disability,Region VII (Central Visayas),Severe,PH070000000,CEBU,PH072200000,5991,5085207,118.0,2.0718820073061255
Communication Disability,Region VII (Central Visayas),Severe,PH070000000,NEGROS ORIENTAL,PH074600000,2064,1406274,147.0,2.167317334748176
Communication Disability,Region VII (Central Visayas),Severe,PH070000000,SIQUIJOR,PH076100000,182,100457,182.0,2.2600713879850747
Communication Disability,Region VIII (Eastern Visayas),Mild,PH080000000,BILIRAN,PH087800000,700,179362,391.0,2.5921767573958667
Communication Disability,Region VIII (Eastern Visayas),Mild,PH080000000,EASTERN SAMAR,PH082600000,2201,503495,438.0,2.6414741105040997
Communication Disability,Region VIII (Eastern Visayas),Mild,PH080000000,LEYTE,PH083700000,7573,2124269,357.0,2.552668216112193
Communication Disability,Region VIII (Eastern Visayas),Mild,PH080000000,NORTHERN SAMAR,PH084800000,2593,668766,388.0,2.5888317255942073
Communication Disability,Region VIII (Eastern Visayas),Mild,PH080000000,SAMAR (WESTERN SAMAR),PH086000000,2374,822095,289.0,2.4608978427565478
Communication Disability,Region VIII (Eastern Visayas),Mild,PH080000000,SOUTHERN LEYTE,PH086400000,2118,444355,477.0,2.678518379040114
Communication Disability,Region VIII (Eastern Visayas),Moderate,PH080000000,BILIRAN,PH087800000,327,179362,183.0,2.2624510897304293
Communication Disability,Region VIII (Eastern Visayas),Moderate,PH080000000,EASTERN SAMAR,PH082600000,884,503495,176.0,2.24551266781415
Communication Disability,Region VIII (Eastern Visayas),Moderate,PH080000000,LEYTE,PH083700000,3326,2124269,157.0,2.1958996524092336
Communication Disability,Region VIII (Eastern Visayas),Moderate,PH080000000,NORTHERN SAMAR,PH084800000,1021,668766,153.0,2.184691430817599
Communication Disability,Region VIII (Eastern Visayas),Moderate,PH080000000,SAMAR (WESTERN SAMAR),PH086000000,898,822095,110.0,2.041392685158225
Communication Disability,Region VIII (Eastern Visayas),Moderate,PH080000000,SOUTHERN LEYTE,PH086400000,946,444355,213.0,2.3283796034387376
Communication Disability,Region VIII (Eastern Visayas),Severe,PH080000000,BILIRAN,PH087800000,272,179362,152.0,2.1818435879447726
Communication Disability,Region VIII (Eastern Visayas),Severe,PH080000000,EASTERN SAMAR,PH082600000,692,503495,138.0,2.1398790864012365
Communication Disability,Region VIII (Eastern Visayas),Severe,PH080000000,LEYTE,PH083700000,2767,2124269,131.0,2.1172712956557644
Communication Disability,Region VIII (Eastern Visayas),Severe,PH080000000,NORTHERN SAMAR,PH084800000,892,668766,134.0,2.1271047983648077
Communication Disability,Region VIII (Eastern Visayas),Severe,PH080000000,SAMAR (WESTERN SAMAR),PH086000000,756,822095,92.0,1.9637878273455553
Communication Disability,Region VIII (Eastern Visayas),Severe,PH080000000,SOUTHERN LEYTE,PH086400000,716,444355,162.0,2.2095150145426308
Communication Disability,Region X (Northern Mindanao),Mild,PH100000000,BUKIDNON,PH101300000,6486,1510189,430.0,2.6334684555795866
Communication Disability,Region X (Northern Mindanao),Mild,PH100000000,CAMIGUIN,PH101800000,327,92431,354.0,2.5490032620257876
Communication Disability,Region X (Northern Mindanao),Mild,PH100000000,LANAO DEL NORTE,PH103500000,3427,1095270,313.0,2.4955443375464483
Communication Disability,Region X (Northern Mindanao),Mild,PH100000000,MISAMIS OCCIDENTAL,PH104200000,2543,627158,406.0,2.6085260335771943
Communication Disability,Region X (Northern Mindanao),Mild,PH100000000,MISAMIS ORIENTAL,PH104300000,5127,1692002,304.0,2.482873583608754
Communication Disability,Region X (Northern Mindanao),Moderate,PH100000000,BUKIDNON,PH101300000,2351,1510189,156.0,2.1931245983544616
Communication Disability,Region X (Northern Mindanao),Moderate,PH100000000,CAMIGUIN,PH101800000,197,92431,214.0,2.330413773349191
Communication Disability,Region X (Northern Mindanao),Moderate,PH100000000,LANAO DEL NORTE,PH103500000,1149,1095270,105.0,2.0211892990699383
Communication Disability,Region X (Northern Mindanao),Moderate,PH100000000,MISAMIS OCCIDENTAL,PH104200000,1067,627158,171.0,2.2329961103921536
Communication Disability,Region X (Northern Mindanao),Moderate,PH100000000,MISAMIS ORIENTAL,PH104300000,2343,1692002,139.0,2.143014800254095
Communication Disability,Region X (Northern Mindanao),Severe,PH100000000,BUKIDNON,PH101300000,2103,1510189,140.0,2.146128035678238
Communication Disability,Region X (Northern Mindanao),Severe,PH100000000,CAMIGUIN,PH101800000,187,92431,203.0,2.307496037913213
Communication Disability,Region X (Northern Mindanao),Severe,PH100000000,LANAO DEL NORTE,PH103500000,1046,1095270,96.0,1.9822712330395684
Communication Disability,Region X (Northern Mindanao),Severe,PH100000000,MISAMIS OCCIDENTAL,PH104200000,857,627158,137.0,2.1367205671564067
Communication Disability,Region X (Northern Mindanao),Severe,PH100000000,MISAMIS ORIENTAL,PH104300000,1965,1692002,117.0,2.0681858617461617
Communication Disability,Region XIII (Caraga),Mild,PH160000000,AGUSAN DEL NORTE,PH160200000,2445,738775,331.0,2.519827993775719
Communication Disability,Region XIII (Caraga),Mild,PH160000000,AGUSAN DEL SUR,PH160300000,2518,734982,343.0,2.5352941200427703
Communication Disability,Region XIII (Caraga),Mild,PH160000000,DINAGAT ISLANDS,PH168500000,560,130671,429.0,2.6324572921847245
Communication Disability,Region XIII (Caraga),Mild,PH160000000,SURIGAO DEL NORTE,PH166700000,1845,528148,350.0,2.5440680443502757
Communication Disability,Region XIII (Caraga),Mild,PH160000000,SURIGAO DEL SUR,PH166800000,2695,620531,435.0,2.6384892569546374
Communication Disability,Region XIII (Caraga),Moderate,PH160000000,AGUSAN DEL NORTE,PH160200000,1155,738775,157.0,2.1958996524092336
Communication Disability,Region XIII (Caraga),Moderate,PH160000000,AGUSAN DEL SUR,PH160300000,1257,734982,172.0,2.2355284469075487
Communication Disability,Region XIII (Caraga),Moderate,PH160000000,DINAGAT ISLANDS,PH168500000,202,130671,155.0,2.1903316981702914
Communication Disability,Region XIII (Caraga),Moderate,PH160000000,SURIGAO DEL NORTE,PH166700000,775,528148,147.0,2.167317334748176
Communication Disability,Region XIII (Caraga),Moderate,PH160000000,SURIGAO DEL SUR,PH166800000,1076,620531,174.0,2.2405492482826
Communication Disability,Region XIII (Caraga),Severe,PH160000000,AGUSAN DEL NORTE,PH160200000,914,738775,124.0,2.093421685162235
Communication Disability,Region XIII (Caraga),Severe,PH160000000,AGUSAN DEL SUR,PH160300000,1036,734982,141.0,2.1492191126553797
Communication Disability,Region XIII (Caraga),Severe,PH160000000,DINAGAT ISLANDS,PH168500000,144,130671,111.0,2.0453229787866576
Communication Disability,Region XIII (Caraga),Severe,PH160000000,SURIGAO DEL NORTE,PH166700000,679,528148,129.0,2.110589710299249
Communication Disability,Region XIII (Caraga),Severe,PH160000000,SURIGAO DEL SUR,PH166800000,935,620531,151.0,2.1789769472931693
Hearing Disability,BANGSAMORO AUTONOMOUS REGION IN MUSLIM MINDANAO (BARMM),Mild,PH150000000,BASILAN,PH150700000,2927,386697,757.0,2.8790958795000727
Hearing Disability,BANGSAMORO AUTONOMOUS REGION IN MUSLIM MINDANAO (BARMM),Mild,PH150000000,LANAO DEL SUR,PH153600000,29056,1146287,2535.0,3.403977963669355
Hearing Disability,BANGSAMORO AUTONOMOUS REGION IN MUSLIM MINDANAO (BARMM),Mild,PH150000000,MAGUINDANAO,PH153800000,13438,1323051,1016.0,3.0068937079479006
Hearing Disability,BANGSAMORO AUTONOMOUS REGION IN MUSLIM MINDANAO (BARMM),Mild,PH150000000,SULU,PH156600000,3067,913590,336.0,2.526339277389844
Hearing Disability,BANGSAMORO AUTONOMOUS REGION IN MUSLIM MINDANAO (BARMM),Mild,PH150000000,TAWI-TAWI,PH157000000,3789,413690,916.0,2.9618954736678504
Hearing Disability,BANGSAMORO AUTONOMOUS REGION IN MUSLIM MINDANAO (BARMM),Moderate,PH150000000,BASILAN,PH150700000,231,386697,60.0,1.7781512503836436
Hearing Disability,BANGSAMORO AUTONOMOUS REGION IN MUSLIM MINDANAO (BARMM),Moderate,PH150000000,LANAO DEL SUR,PH153600000,2077,1146287,182.0,2.2600713879850747
Hearing Disability,BANGSAMORO AUTONOMOUS REGION IN MUSLIM MINDANAO (BARMM),Moderate,PH150000000,MAGUINDANAO,PH153800000,839,1323051,64.0,1.806179973983887
Hearing Disability,BANGSAMORO AUTONOMOUS REGION IN MUSLIM MINDANAO (BARMM),Moderate,PH150000000,SULU,PH156600000,166,913590,19.0,1.2787536009528289
Hearing Disability,BANGSAMORO AUTONOMOUS REGION IN MUSLIM MINDANAO (BARMM),Moderate,PH150000000,TAWI-TAWI,PH157000000,181,413690,44.0,1.6434526764861874
Hearing Disability,BANGSAMORO AUTONOMOUS REGION IN MUSLIM MINDANAO (BARMM),Severe,PH150000000,BASILAN,PH150700000,68,386697,18.0,1.255272505103306
Hearing Disability,BANGSAMORO AUTONOMOUS REGION IN MUSLIM MINDANAO (BARMM),Severe,PH150000000,LANAO DEL SUR,PH153600000,342,1146287,30.0,1.4771212547196624
Hearing Disability,BANGSAMORO AUTONOMOUS REGION IN MUSLIM MINDANAO (BARMM),Severe,PH150000000,MAGUINDANAO,PH153800000,139,1323051,11.0,1.0413926851582251
Hearing Disability,BANGSAMORO AUTONOMOUS REGION IN MUSLIM MINDANAO (BARMM),Severe,PH150000000,SULU,PH156600000,40,913590,5.0,0.6989700043360189
Hearing Disability,BANGSAMORO AUTONOMOUS REGION IN MUSLIM MINDANAO (BARMM),Severe,PH150000000,TAWI-TAWI,PH157000000,36,413690,9.0,0.9542425094393249
Hearing Disability,Cordillera Administrative Region (CAR),Mild,PH140000000,ABRA,PH140100000,6888,247402,2785.0,3.4448251995097476
Hearing Disability,Cordillera Administrative Region (CAR),Mild,PH140000000,APAYAO,PH148100000,3132,123899,2528.0,3.402777069610347
Hearing Disability,Cordillera Administrative Region (CAR),Mild,PH140000000,BENGUET,PH141100000,14689,848552,1732.0,3.2385478876813276
Hearing Disability,Cordillera Administrative Region (CAR),Mild,PH140000000,IFUGAO,PH142700000,3435,210669,1631.0,3.212453961040276
Hearing Disability,Cordillera Administrative Region (CAR),Mild,PH140000000,KALINGA,PH143200000,4359,220230,1980.0,3.296665190261531
Hearing Disability,Cordillera Administrative Region (CAR),Mild,PH140000000,MOUNTAIN PROVINCE,PH144400000,2898,156987,1847.0,3.2664668954402414
Hearing Disability,Cordillera Administrative Region (CAR),Moderate,PH140000000,ABRA,PH140100000,1196,247402,484.0,2.6848453616444123
Hearing Disability,Cordillera Administrative Region (CAR),Moderate,PH140000000,APAYAO,PH148100000,499,123899,403.0,2.6053050461411096
Hearing Disability,Cordillera Administrative Region (CAR),Moderate,PH140000000,BENGUET,PH141100000,1974,848552,233.0,2.367355921026019
Hearing Disability,Cordillera Administrative Region (CAR),Moderate,PH140000000,IFUGAO,PH142700000,641,210669,305.0,2.484299839346786
Hearing Disability,Cordillera Administrative Region (CAR),Moderate,PH140000000,KALINGA,PH143200000,698,220230,317.0,2.5010592622177517
Hearing Disability,Cordillera Administrative Region (CAR),Moderate,PH140000000,MOUNTAIN PROVINCE,PH144400000,514,156987,328.0,2.515873843711679
Hearing Disability,Cordillera Administrative Region (CAR),Severe,PH140000000,ABRA,PH140100000,171,247402,70.0,1.845098040014257
Hearing Disability,Cordillera Administrative Region (CAR),Severe,PH140000000,APAYAO,PH148100000,117,123899,95.0,1.9777236052888478
Hearing Disability,Cordillera Administrative Region (CAR),Severe,PH140000000,BENGUET,PH141100000,600,848552,71.0,1.8512583487190752
Hearing Disability,Cordillera Administrative Region (CAR),Severe,PH140000000,IFUGAO,PH142700000,132,210669,63.0,1.7993405494535817
Hearing Disability,Cordillera Administrative Region (CAR),Severe,PH140000000,KALINGA,PH143200000,166,220230,76.0,1.8808135922807914
Hearing Disability,Cordillera Administrative Region (CAR),Severe,PH140000000,MOUNTAIN PROVINCE,PH144400000,92,156987,59.0,1.7708520116421442
Hearing Disability,MIMAROPA Region,Mild,PH170000000,MARINDUQUE,PH174000000,5491,241036,2279.0,3.3577443251803754
Hearing Disability,MIMAROPA Region,Mild,PH170000000,OCCIDENTAL MINDORO,PH175100000,9711,515134,1886.0,3.2755416884013098
Hearing Disability,MIMAROPA Region,Mild,PH170000000,ORIENTAL MINDORO,PH175200000,15569,901270,1728.0,3.2375437381428744
Hearing Disability,MIMAROPA Region,Mild,PH170000000,PALAWAN,PH175300000,24910,1216009,2049.0,3.311541958401195
Hearing Disability,MIMAROPA Region,Mild,PH170000000,ROMBLON,PH175900000,7770,301407,2578.0,3.4112829130173843
Hearing Disability,MIMAROPA Region,Moderate,PH170000000,MARINDUQUE,PH174000000,833,241036,346.0,2.5390760987927767
Hearing Disability,MIMAROPA Region,Moderate,PH170000000,OCCIDENTAL MINDORO,PH175100000,1145,515134,223.0,2.3483048630481607
Hearing Disability,MIMAROPA Region,Moderate,PH170000000,ORIENTAL MINDORO,PH175200000,2230,901270,248.0,2.3944516808262164
Hearing Disability,MIMAROPA Region,Moderate,PH170000000,PALAWAN,PH175300000,3207,1216009,264.0,2.4216039268698313
Hearing Disability,MIMAROPA Region,Moderate,PH170000000,ROMBLON,PH175900000,1230,301407,409.0,2.611723308007342
Hearing Disability,MIMAROPA Region,Severe,PH170000000,MARINDUQUE,PH174000000,261,241036,109.0,2.037426497940624
Hearing Disability,MIMAROPA Region,Severe,PH170000000,OCCIDENTAL MINDORO,PH175100000,289,515134,57.0,1.7558748556724915
Hearing Disability,MIMAROPA Region,Severe,PH170000000,ORIENTAL MINDORO,PH175200000,588,901270,66.0,1.8195439355418688
Hearing Disability,MIMAROPA Region,Severe,PH170000000,PALAWAN,PH175300000,682,1216009,57.0,1.7558748556724915
Hearing Disability,MIMAROPA Region,Severe,PH170000000,ROMBLON,PH175900000,238,301407,79.0,1.8976270912904414
Hearing Disability,National Capital Region (NCR),Mild,PH130000000,"NCR, FIRST DISTRICT (NOT A PROVINCE)",PH133900000,26053,1886920,1381.0,3.140193678578631
Hearing Disability,National Capital Region (NCR),Mild,PH130000000,"NCR, FOURTH DISTRICT (NOT A PROVINCE)",PH137600000,33434,4015981,833.0,2.9206450014067875
Hearing Disability,National Capital Region (NCR),Mild,PH130000000,"NCR, SECOND DISTRICT (NOT A PROVINCE)",PH137400000,38889,4960933,784.0,2.8943160626844384
Hearing Disability,National Capital Region (NCR),Mild,PH130000000,"NCR, THIRD DISTRICT (NOT A PROVINCE)",PH137500000,27363,2940822,931.0,2.9689496809813427
Hearing Disability,National Capital Region (NCR),Moderate,PH130000000,"NCR, FIRST DISTRICT (NOT A PROVINCE)",PH133900000,2423,1886920,129.0,2.110589710299249
Hearing Disability,National Capital Region (NCR),Moderate,PH130000000,"NCR, FOURTH DISTRICT (NOT A PROVINCE)",PH137600000,3286,4015981,82.0,1.9138138523837167
Hearing Disability,National Capital Region (NCR),Moderate,PH130000000,"NCR, SECOND DISTRICT (NOT A PROVINCE)",PH137400000,4191,4960933,85.0,1.9294189257142926
Hearing Disability,National Capital Region (NCR),Moderate,PH130000000,"NCR, THIRD DISTRICT (NOT A PROVINCE)",PH137500000,2669,2940822,91.0,1.9590413923210936
Hearing Disability,National Capital Region (NCR),Severe,PH130000000,"NCR, FIRST DISTRICT (NOT A PROVINCE)",PH133900000,933,1886920,50.0,1.6989700043360187
Hearing Disability,National Capital Region (NCR),Severe,PH130000000,"NCR, FOURTH DISTRICT (NOT A PROVINCE)",PH137600000,1436,4015981,36.0,1.5563025007672873
Hearing Disability,National Capital Region (NCR),Severe,PH130000000,"NCR, SECOND DISTRICT (NOT A PROVINCE)",PH137400000,1767,4960933,36.0,1.5563025007672873
Hearing Disability,National Capital Region (NCR),Severe,PH130000000,"NCR, THIRD DISTRICT (NOT A PROVINCE)",PH137500000,1015,2940822,35.0,1.5440680443502757
Hearing Disability,REGION XI (DAVAO REGION),Mild,PH110000000,COMPOSTELA VALLEY,PH118200000,13613,774102,1759.0,3.245265839457461
Hearing Disability,REGION XI (DAVAO REGION),Mild,PH110000000,DAVAO DEL NORTE,PH112300000,15708,1056457,1487.0,3.172310968521954
Hearing Disability,REGION XI (DAVAO REGION),Mild,PH110000000,DAVAO DEL SUR,PH112400000,25813,2520852,1024.0,3.010299956639812
Hearing Disability,REGION XI (DAVAO REGION),Mild,PH110000000,DAVAO OCCIDENTAL,PH118600000,4440,338925,1311.0,3.117602691690084
Hearing Disability,REGION XI (DAVAO REGION),Mild,PH110000000,DAVAO ORIENTAL,PH112500000,8477,600531,1412.0,3.149834696715785
Hearing Disability,REGION XI (DAVAO REGION),Moderate,PH110000000,COMPOSTELA VALLEY,PH118200000,1930,774102,250.0,2.3979400086720375
Hearing Disability,REGION XI (DAVAO REGION),Moderate,PH110000000,DAVAO DEL NORTE,PH112300000,1923,1056457,183.0,2.2624510897304293
Hearing Disability,REGION XI (DAVAO REGION),Moderate,PH110000000,DAVAO DEL SUR,PH112400000,3291,2520852,131.0,2.1172712956557644
Hearing Disability,REGION XI (DAVAO REGION),Moderate,PH110000000,DAVAO OCCIDENTAL,PH118600000,534,338925,158.0,2.1986570869544226
Hearing Disability,REGION XI (DAVAO REGION),Moderate,PH110000000,DAVAO ORIENTAL,PH112500000,1182,600531,197.0,2.294466226161593
Hearing Disability,REGION XI (DAVAO REGION),Severe,PH110000000,COMPOSTELA VALLEY,PH118200000,542,774102,71.0,1.8512583487190752
Hearing Disability,REGION XI (DAVAO REGION),Severe,PH110000000,DAVAO DEL NORTE,PH112300000,492,1056457,47.0,1.6720978579357175
Hearing Disability,REGION XI (DAVAO REGION),Severe,PH110000000,DAVAO DEL SUR,PH112400000,1035,2520852,42.0,1.6232492903979006
Hearing Disability,REGION XI (DAVAO REGION),Severe,PH110000000,DAVAO OCCIDENTAL,PH118600000,138,338925,41.0,1.6127838567197355
Hearing Disability,REGION XI (DAVAO REGION),Severe,PH110000000,DAVAO ORIENTAL,PH112500000,309,600531,52.0,1.7160033436347992
Hearing Disability,REGION XII (SOCCSKSARGEN),Mild,PH120000000,COTABATO (NORTH COTABATO),PH124700000,17356,1527149,1137.0,3.0557604646877348
Hearing Disability,REGION XII (SOCCSKSARGEN),Mild,PH120000000,SARANGANI,PH128000000,51049,583791,8745.0,3.9417598138146954
Hearing Disability,REGION XII (SOCCSKSARGEN),Mild,PH120000000,SOUTH COTABATO,PH126300000,17816,1644256,1084.0,3.0350292822023683
Hearing Disability,REGION XII (SOCCSKSARGEN),Mild,PH120000000,SULTAN KUDARAT,PH126500000,11537,855241,1349.0,3.1300119496719043
Hearing Disability,REGION XII (SOCCSKSARGEN),Moderate,PH120000000,COTABATO (NORTH COTABATO),PH124700000,2239,1527149,147.0,2.167317334748176
Hearing Disability,REGION XII (SOCCSKSARGEN),Moderate,PH120000000,SARANGANI,PH128000000,7223,583791,1238.0,3.0927206446840994
Hearing Disability,REGION XII (SOCCSKSARGEN),Moderate,PH120000000,SOUTH COTABATO,PH126300000,2266,1644256,138.0,2.1398790864012365
Hearing Disability,REGION XII (SOCCSKSARGEN),Moderate,PH120000000,SULTAN KUDARAT,PH126500000,1110,855241,130.0,2.113943352306837
Hearing Disability,REGION XII (SOCCSKSARGEN),Severe,PH120000000,COTABATO (NORTH COTABATO),PH124700000,595,1527149,39.0,1.591064607026499
Hearing Disability,REGION XII (SOCCSKSARGEN),Severe,PH120000000,SARANGANI,PH128000000,2074,583791,356.0,2.5514499979728753
Hearing Disability,REGION XII (SOCCSKSARGEN),Severe,PH120000000,SOUTH COTABATO,PH126300000,760,1644256,47.0,1.6720978579357175
Hearing Disability,REGION XII (SOCCSKSARGEN),Severe,PH120000000,SULTAN KUDARAT,PH126500000,280,855241,33.0,1.5185139398778875
Hearing Disability,Region I (Ilocos Region),Mild,PH010000000,ILOCOS NORTE,PH012800000,10460,613421,1706.0,3.231979026831504
Hearing Disability,Region I (Ilocos Region),Mild,PH010000000,ILOCOS SUR,PH012900000,17611,715810,2461.0,3.3911116137028023
Hearing Disability,Region I (Ilocos Region),Mild,PH010000000,LA UNION,PH013300000,15722,828194,1899.0,3.2785249647370174
Hearing Disability,Region I (Ilocos Region),Mild,PH010000000,PANGASINAN,PH015500000,56074,3113382,1802.0,3.255754786643044
Hearing Disability,Region I (Ilocos Region),Moderate,PH010000000,ILOCOS NORTE,PH012800000,1735,613421,283.0,2.45178643552429
Hearing Disability,Region I (Ilocos Region),Moderate,PH010000000,ILOCOS SUR,PH012900000,2734,715810,382.0,2.582063362911709
Hearing Disability,Region I (Ilocos Region),Moderate,PH010000000,LA UNION,PH013300000,2449,828194,296.0,2.4712917110589387
Hearing Disability,Region I (Ilocos Region),Moderate,PH010000000,PANGASINAN,PH015500000,7495,3113382,241.0,2.3820170425748683
Hearing Disability,Region I (Ilocos Region),Severe,PH010000000,ILOCOS NORTE,PH012800000,443,613421,73.0,1.863322860120456
Hearing Disability,Region I (Ilocos Region),Severe,PH010000000,ILOCOS SUR,PH012900000,499,715810,70.0,1.845098040014257
Hearing Disability,Region I (Ilocos Region),Severe,PH010000000,LA UNION,PH013300000,698,828194,85.0,1.9294189257142926
Hearing Disability,Region I (Ilocos Region),Severe,PH010000000,PANGASINAN,PH015500000,1842,3113382,60.0,1.7781512503836436
Hearing Disability,Region II (Cagayan Valley),Mild,PH020000000,BATANES,PH020900000,386,17874,2160.0,3.3344537511509307
Hearing Disability,Region II (Cagayan Valley),Mild,PH020000000,CAGAYAN,PH021500000,27262,1273322,2142.0,3.330819466495837
Hearing Disability,Region II (Cagayan Valley),Mild,PH020000000,ISABELA,PH023100000,34851,1685739,2068.0,3.315550534421905
Hearing Disability,Region II (Cagayan Valley),Mild,PH020000000,NUEVA VIZCAYA,PH025000000,10638,482894,2203.0,3.343014497150768
Hearing Disability,Region II (Cagayan Valley),Mild,PH020000000,QUIRINO,PH025700000,3674,197917,1857.0,3.2688119037397803
Hearing Disability,Region II (Cagayan Valley),Moderate,PH020000000,BATANES,PH020900000,80,17874,448.0,2.651278013998144
Hearing Disability,Region II (Cagayan Valley),Moderate,PH020000000,CAGAYAN,PH021500000,4023,1273322,316.0,2.499687082618404
Hearing Disability,Region II (Cagayan Valley),Moderate,PH020000000,ISABELA,PH023100000,4899,1685739,291.0,2.4638929889859074
Hearing Disability,Region II (Cagayan Valley),Moderate,PH020000000,NUEVA VIZCAYA,PH025000000,1524,482894,316.0,2.499687082618404
Hearing Disability,Region II (Cagayan Valley),Moderate,PH020000000,QUIRINO,PH025700000,552,197917,279.0,2.4456042032735974
Hearing Disability,Region II (Cagayan Valley),Severe,PH020000000,BATANES,PH020900000,19,17874,107.0,2.0293837776852097
Hearing Disability,Region II (Cagayan Valley),Severe,PH020000000,CAGAYAN,PH021500000,1016,1273322,80.0,1.9030899869919435
Hearing Disability,Region II (Cagayan Valley),Severe,PH020000000,ISABELA,PH023100000,1122,1685739,67.0,1.8260748027008264
Hearing Disability,Region II (Cagayan Valley),Severe,PH020000000,NUEVA VIZCAYA,PH025000000,320,482894,67.0,1.8260748027008264
Hearing Disability,Region II (Cagayan Valley),Severe,PH020000000,QUIRINO,PH025700000,122,197917,62.0,1.792391689498254
Hearing Disability,Region III (Central Luzon),Mild,PH030000000,AURORA,PH037700000,3169,227530,1393.0,3.1439511164239633
Hearing Disability,Region III (Central Luzon),Mild,PH030000000,BATAAN,PH030800000,10985,836076,1314.0,3.118595365223762
Hearing Disability,Region III (Central Luzon),Mild,PH030000000,BULACAN,PH031400000,47085,3646679,1292.0,3.1112625136590655
Hearing Disability,Region III (Central Luzon),Mild,PH030000000,NUEVA ECIJA,PH034900000,40058,2355414,1701.0,3.230704313612569
Hearing Disability,Region III (Central Luzon),Mild,PH030000000,PAMPANGA,PH035400000,23070,2893624,798.0,2.9020028913507296
Hearing Disability,Region III (Central Luzon),Mild,PH030000000,TARLAC,PH036900000,18863,1460137,1292.0,3.1112625136590655
Hearing Disability,Region III (Central Luzon),Mild,PH030000000,ZAMBALES,PH037100000,15486,894254,1732.0,3.2385478876813276
Hearing Disability,Region III (Central Luzon),Moderate,PH030000000,AURORA,PH037700000,396,227530,175.0,2.2430380486862944
Hearing Disability,Region III (Central Luzon),Moderate,PH030000000,BATAAN,PH030800000,1307,836076,157.0,2.1958996524092336
Hearing Disability,Region III (Central Luzon),Moderate,PH030000000,BULACAN,PH031400000,5015,3646679,138.0,2.1398790864012365
Hearing Disability,Region III (Central Luzon),Moderate,PH030000000,NUEVA ECIJA,PH034900000,4133,2355414,176.0,2.24551266781415
Hearing Disability,Region III (Central Luzon),Moderate,PH030000000,PAMPANGA,PH035400000,2363,2893624,82.0,1.9138138523837167
Hearing Disability,Region III (Central Luzon),Moderate,PH030000000,TARLAC,PH036900000,2312,1460137,159.0,2.2013971243204513
Hearing Disability,Region III (Central Luzon),Moderate,PH030000000,ZAMBALES,PH037100000,1981,894254,222.0,2.346352974450639
Hearing Disability,Region III (Central Luzon),Severe,PH030000000,AURORA,PH037700000,129,227530,57.0,1.7558748556724915
Hearing Disability,Region III (Central Luzon),Severe,PH030000000,BATAAN,PH030800000,462,836076,56.0,1.7481880270062005
Hearing Disability,Region III (Central Luzon),Severe,PH030000000,BULACAN,PH031400000,1688,3646679,47.0,1.6720978579357175
Hearing Disability,Region III (Central Luzon),Severe,PH030000000,NUEVA ECIJA,PH034900000,1125,2355414,48.0,1.6812412373755872
Hearing Disability,Region III (Central Luzon),Severe,PH030000000,PAMPANGA,PH035400000,897,2893624,31.0,1.4913616938342726
Hearing Disability,Region III (Central Luzon),Severe,PH030000000,TARLAC,PH036900000,675,1460137,47.0,1.6720978579357175
Hearing Disability,Region III (Central Luzon),Severe,PH030000000,ZAMBALES,PH037100000,580,894254,65.0,1.8129133566428555
Hearing Disability,Region IV-A (CALABARZON),Mild,PH040000000,BATANGAS,PH041000000,31107,3033730,1026.0,3.0111473607757975
Hearing Disability,Region IV-A (CALABARZON),Mild,PH040000000,CAVITE,PH042100000,40593,4210866,965.0,2.9845273133437926
Hearing Disability,Region IV-A (CALABARZON),Mild,PH040000000,LAGUNA,PH043400000,34343,3343703,1028.0,3.011993114659257
Hearing Disability,Region IV-A (CALABARZON),Mild,PH040000000,QUEZON,PH045600000,39118,2260033,1731.0,3.238297067875394
Hearing Disability,Region IV-A (CALABARZON),Mild,PH040000000,RIZAL,PH045800000,30952,3208959,965.0,2.9845273133437926
Hearing Disability,Region IV-A (CALABARZON),Moderate,PH040000000,BATANGAS,PH041000000,3901,3033730,129.0,2.110589710299249
Hearing Disability,Region IV-A (CALABARZON),Moderate,PH040000000,CAVITE,PH042100000,4517,4210866,108.0,2.03342375548695
Hearing Disability,Region IV-A (CALABARZON),Moderate,PH040000000,LAGUNA,PH043400000,3525,3343703,106.0,2.0253058652647704
Hearing Disability,Region IV-A (CALABARZON),Moderate,PH040000000,QUEZON,PH045600000,4997,2260033,222.0,2.346352974450639
Hearing Disability,Region IV-A (CALABARZON),Moderate,PH040000000,RIZAL,PH045800000,3435,3208959,108.0,2.03342375548695
Hearing Disability,Region IV-A (CALABARZON),Severe,PH040000000,BATANGAS,PH041000000,1221,3033730,41.0,1.6127838567197355
Hearing Disability,Region IV-A (CALABARZON),Severe,PH040000000,CAVITE,PH042100000,1789,4210866,43.0,1.6334684555795864
Hearing Disability,Region IV-A (CALABARZON),Severe,PH040000000,LAGUNA,PH043400000,1251,3343703,38.0,1.5797835966168101
Hearing Disability,Region IV-A (CALABARZON),Severe,PH040000000,QUEZON,PH045600000,1353,2260033,60.0,1.7781512503836436
Hearing Disability,Region IV-A (CALABARZON),Severe,PH040000000,RIZAL,PH045800000,1181,3208959,37.0,1.568201724066995
Hearing Disability,Region IX (Zamboanga Peninsula),Mild,PH090000000,CITY OF ISABELA (NOT A PROVINCE),PH099700000,1059,127728,830.0,2.9190780923760737
Hearing Disability,Region IX (Zamboanga Peninsula),Mild,PH090000000,ZAMBOANGA DEL NORTE,PH097200000,18842,1047292,1800.0,3.255272505103306
Hearing Disability,Region IX (Zamboanga Peninsula),Mild,PH090000000,ZAMBOANGA DEL SUR,PH097300000,25188,1928337,1307.0,3.116275587580544
Hearing Disability,Region IX (Zamboanga Peninsula),Mild,PH090000000,ZAMBOANGA SIBUGAY,PH098300000,12030,679404,1771.0,3.248218561190075
Hearing Disability,Region IX (Zamboanga Peninsula),Moderate,PH090000000,CITY OF ISABELA (NOT A PROVINCE),PH099700000,88,127728,69.0,1.8388490907372552
Hearing Disability,Region IX (Zamboanga Peninsula),Moderate,PH090000000,ZAMBOANGA DEL NORTE,PH097200000,2438,1047292,233.0,2.367355921026019
Hearing Disability,Region IX (Zamboanga Peninsula),Moderate,PH090000000,ZAMBOANGA DEL SUR,PH097300000,3086,1928337,161.0,2.2068258760318495
Hearing Disability,Region IX (Zamboanga Peninsula),Moderate,PH090000000,ZAMBOANGA SIBUGAY,PH098300000,1588,679404,234.0,2.369215857410143
Hearing Disability,Region IX (Zamboanga Peninsula),Severe,PH090000000,CITY OF ISABELA (NOT A PROVINCE),PH099700000,31,127728,25.0,1.3979400086720377
Hearing Disability,Region IX (Zamboanga Peninsula),Severe,PH090000000,ZAMBOANGA DEL NORTE,PH097200000,618,1047292,60.0,1.7781512503836436
Hearing Disability,Region IX (Zamboanga Peninsula),Severe,PH090000000,ZAMBOANGA DEL SUR,PH097300000,890,1928337,47.0,1.6720978579357175
Hearing Disability,Region IX (Zamboanga Peninsula),Severe,PH090000000,ZAMBOANGA SIBUGAY,PH098300000,397,679404,59.0,1.7708520116421442
Hearing Disability,Region V (Bicol Region),Mild,PH050000000,ALBAY,PH050500000,23203,1396088,1663.0,3.2208922492195193
Hearing Disability,Region V (Bicol Region),Mild,PH050000000,CAMARINES NORTE,PH051600000,12033,622514,1933.0,3.286231854028553
Hearing Disability,Region V (Bicol Region),Mild,PH050000000,CAMARINES SUR,PH051700000,42865,2059495,2082.0,3.3184807251745174
Hearing Disability,Region V (Bicol Region),Mild,PH050000000,CATANDUANES,PH052000000,5657,272941,2073.0,3.3165993020938607
Hearing Disability,Region V (Bicol Region),Mild,PH050000000,MASBATE,PH054100000,12225,937079,1305.0,3.1156105116742996
Hearing Disability,Region V (Bicol Region),Mild,PH050000000,SORSOGON,PH056200000,17306,845718,2047.0,3.311117842662506
Hearing Disability,Region V (Bicol Region),Moderate,PH050000000,ALBAY,PH050500000,3256,1396088,234.0,2.369215857410143
Hearing Disability,Region V (Bicol Region),Moderate,PH050000000,CAMARINES NORTE,PH051600000,1661,622514,267.0,2.4265112613645754
Hearing Disability,Region V (Bicol Region),Moderate,PH050000000,CAMARINES SUR,PH051700000,6936,2059495,337.0,2.5276299008713385
Hearing Disability,Region V (Bicol Region),Moderate,PH050000000,CATANDUANES,PH052000000,797,272941,293.0,2.4668676203541096
Hearing Disability,Region V (Bicol Region),Moderate,PH050000000,MASBATE,PH054100000,1609,937079,172.0,2.2355284469075487
Hearing Disability,Region V (Bicol Region),Moderate,PH050000000,SORSOGON,PH056200000,2553,845718,302.0,2.4800069429571505
Hearing Disability,Region V (Bicol Region),Severe,PH050000000,ALBAY,PH050500000,887,1396088,64.0,1.806179973983887
Hearing Disability,Region V (Bicol Region),Severe,PH050000000,CAMARINES NORTE,PH051600000,450,622514,73.0,1.863322860120456
Hearing Disability,Region V (Bicol Region),Severe,PH050000000,CAMARINES SUR,PH051700000,1603,2059495,78.0,1.8920946026904804
Hearing Disability,Region V (Bicol Region),Severe,PH050000000,CATANDUANES,PH052000000,211,272941,78.0,1.8920946026904804
Hearing Disability,Region V (Bicol Region),Severe,PH050000000,MASBATE,PH054100000,513,937079,55.0,1.7403626894942439
Hearing Disability,Region V (Bicol Region),Severe,PH050000000,SORSOGON,PH056200000,609,845718,73.0,1.863322860120456
Hearing Disability,Region VI (Western Visayas),Mild,PH060000000,AKLAN,PH060400000,12948,605584,2139.0,3.330210784571528
Hearing Disability,Region VI (Western Visayas),Mild,PH060000000,ANTIQUE,PH060600000,15178,612454,2479.0,3.3942765267678214
Hearing Disability,Region VI (Western Visayas),Mild,PH060000000,CAPIZ,PH061900000,15312,803083,1907.0,3.280350693046006
Hearing Disability,Region VI (Western Visayas),Mild,PH060000000,GUIMARAS,PH067900000,2686,185174,1451.0,3.161667412437736
Hearing Disability,Region VI (Western Visayas),Mild,PH060000000,ILOILO,PH063000000,50006,2524211,1982.0,3.2971036501492565
Hearing Disability,Region VI (Western Visayas),Mild,PH060000000,NEGROS OCCIDENTAL,PH064500000,44390,3174389,1399.0,3.1458177144918276
Hearing Disability,Region VI (Western Visayas),Moderate,PH060000000,AKLAN,PH060400000,1870,605584,309.0,2.4899584794248346
Hearing Disability,Region VI (Western Visayas),Moderate,PH060000000,ANTIQUE,PH060600000,2292,612454,375.0,2.574031267727719
Hearing Disability,Region VI (Western Visayas),Moderate,PH060000000,CAPIZ,PH061900000,1801,803083,225.0,2.3521825181113627
Hearing Disability,Region VI (Western Visayas),Moderate,PH060000000,GUIMARAS,PH067900000,348,185174,188.0,2.27415784926368
Hearing Disability,Region VI (Western Visayas),Moderate,PH060000000,ILOILO,PH063000000,7219,2524211,286.0,2.456366033129043
Hearing Disability,Region VI (Western Visayas),Moderate,PH060000000,NEGROS OCCIDENTAL,PH064500000,5581,3174389,176.0,2.24551266781415
Hearing Disability,Region VI (Western Visayas),Severe,PH060000000,AKLAN,PH060400000,449,605584,75.0,1.8750612633917
Hearing Disability,Region VI (Western Visayas),Severe,PH060000000,ANTIQUE,PH060600000,504,612454,83.0,1.919078092376074
Hearing Disability,Region VI (Western Visayas),Severe,PH060000000,CAPIZ,PH061900000,480,803083,60.0,1.7781512503836436
Hearing Disability,Region VI (Western Visayas),Severe,PH060000000,GUIMARAS,PH067900000,116,185174,63.0,1.7993405494535817
Hearing Disability,Region VI (Western Visayas),Severe,PH060000000,ILOILO,PH063000000,1732,2524211,69.0,1.8388490907372552
Hearing Disability,Region VI (Western Visayas),Severe,PH060000000,NEGROS OCCIDENTAL,PH064500000,1608,3174389,51.0,1.7075701760979363
Hearing Disability,Region VII (Central Visayas),Mild,PH070000000,BOHOL,PH071200000,29515,1365107,2163.0,3.3350565194390915
Hearing Disability,Region VII (Central Visayas),Mild,PH070000000,CEBU,PH072200000,61208,5085207,1204.0,3.0806264869218056
Hearing Disability,Region VII (Central Visayas),Mild,PH070000000,NEGROS ORIENTAL,PH074600000,23362,1406274,1662.0,3.220631019448092
Hearing Disability,Region VII (Central Visayas),Mild,PH070000000,SIQUIJOR,PH076100000,2443,100457,2432.0,3.385963570600697
Hearing Disability,Region VII (Central Visayas),Moderate,PH070000000,BOHOL,PH071200000,4855,1365107,356.0,2.5514499979728753
Hearing Disability,Region VII (Central Visayas),Moderate,PH070000000,CEBU,PH072200000,9027,5085207,178.0,2.250420002308894
Hearing Disability,Region VII (Central Visayas),Moderate,PH070000000,NEGROS ORIENTAL,PH074600000,3515,1406274,250.0,2.3979400086720375
Hearing Disability,Region VII (Central Visayas),Moderate,PH070000000,SIQUIJOR,PH076100000,315,100457,314.0,2.496929648073215
Hearing Disability,Region VII (Central Visayas),Severe,PH070000000,BOHOL,PH071200000,1144,1365107,84.0,1.9242792860618816
Hearing Disability,Region VII (Central Visayas),Severe,PH070000000,CEBU,PH072200000,2830,5085207,56.0,1.7481880270062005
Hearing Disability,Region VII (Central Visayas),Severe,PH070000000,NEGROS ORIENTAL,PH074600000,994,1406274,71.0,1.8512583487190752
Hearing Disability,Region VII (Central Visayas),Severe,PH070000000,SIQUIJOR,PH076100000,82,100457,82.0,1.9138138523837167
Hearing Disability,Region VIII (Eastern Visayas),Mild,PH080000000,BILIRAN,PH087800000,3084,179362,1720.0,3.2355284469075487
Hearing Disability,Region VIII (Eastern Visayas),Mild,PH080000000,EASTERN SAMAR,PH082600000,12791,503495,2541.0,3.4050046650503694
Hearing Disability,Region VIII (Eastern Visayas),Mild,PH080000000,LEYTE,PH083700000,37290,2124269,1756.0,3.244524511570084
Hearing Disability,Region VIII (Eastern Visayas),Mild,PH080000000,NORTHERN SAMAR,PH084800000,16308,668766,2439.0,3.3872118003137306
Hearing Disability,Region VIII (Eastern Visayas),Mild,PH080000000,SAMAR (WESTERN SAMAR),PH086000000,12017,822095,1462.0,3.1649473726218416
Hearing Disability,Region VIII (Eastern Visayas),Mild,PH080000000,SOUTHERN LEYTE,PH086400000,9852,444355,2218.0,3.3459615418131414
Hearing Disability,Region VIII (Eastern Visayas),Moderate,PH080000000,BILIRAN,PH087800000,450,179362,251.0,2.399673721481038
Hearing Disability,Region VIII (Eastern Visayas),Moderate,PH080000000,EASTERN SAMAR,PH082600000,2143,503495,426.0,2.629409599102719
Hearing Disability,Region VIII (Eastern Visayas),Moderate,PH080000000,LEYTE,PH083700000,5303,2124269,250.0,2.3979400086720375
Hearing Disability,Region VIII (Eastern Visayas),Moderate,PH080000000,NORTHERN SAMAR,PH084800000,2508,668766,376.0,2.575187844927661
Hearing Disability,Region VIII (Eastern Visayas),Moderate,PH080000000,SAMAR (WESTERN SAMAR),PH086000000,1766,822095,215.0,2.3324384599156054
Hearing Disability,Region VIII (Eastern Visayas),Moderate,PH080000000,SOUTHERN LEYTE,PH086400000,1456,444355,328.0,2.515873843711679
Hearing Disability,Region VIII (Eastern Visayas),Severe,PH080000000,BILIRAN,PH087800000,132,179362,74.0,1.8692317197309762
Hearing Disability,Region VIII (Eastern Visayas),Severe,PH080000000,EASTERN SAMAR,PH082600000,358,503495,72.0,1.8573324964312685
Hearing Disability,Region VIII (Eastern Visayas),Severe,PH080000000,LEYTE,PH083700000,1418,2124269,67.0,1.8260748027008264
Hearing Disability,Region VIII (Eastern Visayas),Severe,PH080000000,NORTHERN SAMAR,PH084800000,511,668766,77.0,1.8864907251724818
Hearing Disability,Region VIII (Eastern Visayas),Severe,PH080000000,SAMAR (WESTERN SAMAR),PH086000000,394,822095,48.0,1.6812412373755872
Hearing Disability,Region VIII (Eastern Visayas),Severe,PH080000000,SOUTHERN LEYTE,PH086400000,322,444355,73.0,1.863322860120456
Hearing Disability,Region X (Northern Mindanao),Mild,PH100000000,BUKIDNON,PH101300000,21338,1510189,1413.0,3.1501421618485588
Hearing Disability,Region X (Northern Mindanao),Mild,PH100000000,CAMIGUIN,PH101800000,1886,92431,2041.0,3.3098430047160705
Hearing Disability,Region X (Northern Mindanao),Mild,PH100000000,LANAO DEL NORTE,PH103500000,11456,1095270,1046.0,3.0195316845312554
Hearing Disability,Region X (Northern Mindanao),Mild,PH100000000,MISAMIS OCCIDENTAL,PH104200000,11642,627158,1857.0,3.2688119037397803
Hearing Disability,Region X (Northern Mindanao),Mild,PH100000000,MISAMIS ORIENTAL,PH104300000,21617,1692002,1278.0,3.1065308538223815
Hearing Disability,Region X (Northern Mindanao),Moderate,PH100000000,BUKIDNON,PH101300000,2897,1510189,192.0,2.2833012287035497
Hearing Disability,Region X (Northern Mindanao),Moderate,PH100000000,CAMIGUIN,PH101800000,253,92431,274.0,2.437750562820388
Hearing Disability,Region X (Northern Mindanao),Moderate,PH100000000,LANAO DEL NORTE,PH103500000,1325,1095270,121.0,2.0827853703164503
Hearing Disability,Region X (Northern Mindanao),Moderate,PH100000000,MISAMIS OCCIDENTAL,PH104200000,1743,627158,278.0,2.444044795918076
Hearing Disability,Region X (Northern Mindanao),Moderate,PH100000000,MISAMIS ORIENTAL,PH104300000,2907,1692002,172.0,2.2355284469075487
Hearing Disability,Region X (Northern Mindanao),Severe,PH100000000,BUKIDNON,PH101300000,849,1510189,57.0,1.7558748556724915
Hearing Disability,Region X (Northern Mindanao),Severe,PH100000000,CAMIGUIN,PH101800000,83,92431,90.0,1.954242509439325
Hearing Disability,Region X (Northern Mindanao),Severe,PH100000000,LANAO DEL NORTE,PH103500000,425,1095270,39.0,1.591064607026499
Hearing Disability,Region X (Northern Mindanao),Severe,PH100000000,MISAMIS OCCIDENTAL,PH104200000,413,627158,66.0,1.8195439355418688
Hearing Disability,Region X (Northern Mindanao),Severe,PH100000000,MISAMIS ORIENTAL,PH104300000,951,1692002,57.0,1.7558748556724915
Hearing Disability,Region XIII (Caraga),Mild,PH160000000,AGUSAN DEL NORTE,PH160200000,9790,738775,1326.0,3.1225435240687545
Hearing Disability,Region XIII (Caraga),Mild,PH160000000,AGUSAN DEL SUR,PH160300000,11639,734982,1584.0,3.1997551772534747
Hearing Disability,Region XIII (Caraga),Mild,PH160000000,DINAGAT ISLANDS,PH168500000,2502,130671,1915.0,3.2821687783046416
Hearing Disability,Region XIII (Caraga),Mild,PH160000000,SURIGAO DEL NORTE,PH166700000,8609,528148,1631.0,3.212453961040276
Hearing Disability,Region XIII (Caraga),Mild,PH160000000,SURIGAO DEL SUR,PH166800000,11224,620531,1809.0,3.257438566859814
Hearing Disability,Region XIII (Caraga),Moderate,PH160000000,AGUSAN DEL NORTE,PH160200000,1349,738775,183.0,2.2624510897304293
Hearing Disability,Region XIII (Caraga),Moderate,PH160000000,AGUSAN DEL SUR,PH160300000,1675,734982,228.0,2.357934847000454
Hearing Disability,Region XIII (Caraga),Moderate,PH160000000,DINAGAT ISLANDS,PH168500000,391,130671,300.0,2.4771212547196626
Hearing Disability,Region XIII (Caraga),Moderate,PH160000000,SURIGAO DEL NORTE,PH166700000,1283,528148,243.0,2.385606273598312
Hearing Disability,Region XIII (Caraga),Moderate,PH160000000,SURIGAO DEL SUR,PH166800000,1667,620531,269.0,2.429752280002408
Hearing Disability,Region XIII (Caraga),Severe,PH160000000,AGUSAN DEL NORTE,PH160200000,432,738775,59.0,1.7708520116421442
Hearing Disability,Region XIII (Caraga),Severe,PH160000000,AGUSAN DEL SUR,PH160300000,514,734982,70.0,1.845098040014257
Hearing Disability,Region XIII (Caraga),Severe,PH160000000,DINAGAT ISLANDS,PH168500000,76,130671,59.0,1.7708520116421442
Hearing Disability,Region XIII (Caraga),Severe,PH160000000,SURIGAO DEL NORTE,PH166700000,366,528148,70.0,1.845098040014257
Hearing Disability,Region XIII (Caraga),Severe,PH160000000,SURIGAO DEL SUR,PH166800000,440,620531,71.0,1.8512583487190752
Mobility Disability,BANGSAMORO AUTONOMOUS REGION IN MUSLIM MINDANAO (BARMM),Mild,PH150000000,BASILAN,PH150700000,2759,386697,714.0,2.8536982117761744
Mobility Disability,BANGSAMORO AUTONOMOUS REGION IN MUSLIM MINDANAO (BARMM),Mild,PH150000000,LANAO DEL SUR,PH153600000,27493,1146287,2399.0,3.380030247967831
Mobility Disability,BANGSAMORO AUTONOMOUS REGION IN MUSLIM MINDANAO (BARMM),Mild,PH150000000,MAGUINDANAO,PH153800000,13344,1323051,1009.0,3.0038911662369103
Mobility Disability,BANGSAMORO AUTONOMOUS REGION IN MUSLIM MINDANAO (BARMM),Mild,PH150000000,SULU,PH156600000,2978,913590,326.0,2.513217600067939
Mobility Disability,BANGSAMORO AUTONOMOUS REGION IN MUSLIM MINDANAO (BARMM),Mild,PH150000000,TAWI-TAWI,PH157000000,3108,413690,752.0,2.876217840591642
Mobility Disability,BANGSAMORO AUTONOMOUS REGION IN MUSLIM MINDANAO (BARMM),Moderate,PH150000000,BASILAN,PH150700000,320,386697,83.0,1.919078092376074
Mobility Disability,BANGSAMORO AUTONOMOUS REGION IN MUSLIM MINDANAO (BARMM),Moderate,PH150000000,LANAO DEL SUR,PH153600000,2435,1146287,213.0,2.3283796034387376
Mobility Disability,BANGSAMORO AUTONOMOUS REGION IN MUSLIM MINDANAO (BARMM),Moderate,PH150000000,MAGUINDANAO,PH153800000,1211,1323051,92.0,1.9637878273455553
Mobility Disability,BANGSAMORO AUTONOMOUS REGION IN MUSLIM MINDANAO (BARMM),Moderate,PH150000000,SULU,PH156600000,231,913590,26.0,1.414973347970818
Mobility Disability,BANGSAMORO AUTONOMOUS REGION IN MUSLIM MINDANAO (BARMM),Moderate,PH150000000,TAWI-TAWI,PH157000000,281,413690,68.0,1.8325089127062364
Mobility Disability,BANGSAMORO AUTONOMOUS REGION IN MUSLIM MINDANAO (BARMM),Severe,PH150000000,BASILAN,PH150700000,82,386697,22.0,1.3424226808222062
Mobility Disability,BANGSAMORO AUTONOMOUS REGION IN MUSLIM MINDANAO (BARMM),Severe,PH150000000,LANAO DEL SUR,PH153600000,533,1146287,47.0,1.6720978579357175
Mobility Disability,BANGSAMORO AUTONOMOUS REGION IN MUSLIM MINDANAO (BARMM),Severe,PH150000000,MAGUINDANAO,PH153800000,252,1323051,20.0,1.3010299956639813
Mobility Disability,BANGSAMORO AUTONOMOUS REGION IN MUSLIM MINDANAO (BARMM),Severe,PH150000000,SULU,PH156600000,45,913590,5.0,0.6989700043360189
Mobility Disability,BANGSAMORO AUTONOMOUS REGION IN MUSLIM MINDANAO (BARMM),Severe,PH150000000,TAWI-TAWI,PH157000000,57,413690,14.0,1.146128035678238
Mobility Disability,Cordillera Administrative Region (CAR),Mild,PH140000000,ABRA,PH140100000,6272,247402,2536.0,3.404149249209695
Mobility Disability,Cordillera Administrative Region (CAR),Mild,PH140000000,APAYAO,PH148100000,2391,123899,1930.0,3.285557309007774
Mobility Disability,Cordillera Administrative Region (CAR),Mild,PH140000000,BENGUET,PH141100000,15427,848552,1819.0,3.2598326990634834
Mobility Disability,Cordillera Administrative Region (CAR),Mild,PH140000000,IFUGAO,PH142700000,3441,210669,1634.0,3.2132520521963968
Mobility Disability,Cordillera Administrative Region (CAR),Mild,PH140000000,KALINGA,PH143200000,4101,220230,1863.0,3.2702128548962426
Mobility Disability,Cordillera Administrative Region (CAR),Mild,PH140000000,MOUNTAIN PROVINCE,PH144400000,3372,156987,2148.0,3.332034277027518
Mobility Disability,Cordillera Administrative Region (CAR),Moderate,PH140000000,ABRA,PH140100000,1230,247402,498.0,2.6972293427597176
Mobility Disability,Cordillera Administrative Region (CAR),Moderate,PH140000000,APAYAO,PH148100000,427,123899,345.0,2.537819095073274
Mobility Disability,Cordillera Administrative Region (CAR),Moderate,PH140000000,BENGUET,PH141100000,3103,848552,366.0,2.5634810853944106
Mobility Disability,Cordillera Administrative Region (CAR),Moderate,PH140000000,IFUGAO,PH142700000,845,210669,402.0,2.60422605308447
Mobility Disability,Cordillera Administrative Region (CAR),Moderate,PH140000000,KALINGA,PH143200000,719,220230,327.0,2.514547752660286
Mobility Disability,Cordillera Administrative Region (CAR),Moderate,PH140000000,MOUNTAIN PROVINCE,PH144400000,709,156987,452.0,2.655138434811382
Mobility Disability,Cordillera Administrative Region (CAR),Severe,PH140000000,ABRA,PH140100000,526,247402,213.0,2.3283796034387376
Mobility Disability,Cordillera Administrative Region (CAR),Severe,PH140000000,APAYAO,PH148100000,205,123899,166.0,2.220108088040055
Mobility Disability,Cordillera Administrative Region (CAR),Severe,PH140000000,BENGUET,PH141100000,1342,848552,159.0,2.2013971243204513
Mobility Disability,Cordillera Administrative Region (CAR),Severe,PH140000000,IFUGAO,PH142700000,299,210669,142.0,2.1522883443830563
Mobility Disability,Cordillera Administrative Region (CAR),Severe,PH140000000,KALINGA,PH143200000,370,220230,169.0,2.2278867046136734
Mobility Disability,Cordillera Administrative Region (CAR),Severe,PH140000000,MOUNTAIN PROVINCE,PH144400000,254,156987,162.0,2.2095150145426308
Mobility Disability,MIMAROPA Region,Mild,PH170000000,MARINDUQUE,PH174000000,6204,241036,2574.0,3.410608542568368
Mobility Disability,MIMAROPA Region,Mild,PH170000000,OCCIDENTAL MINDORO,PH175100000,8457,515134,1642.0,3.215373152783422
Mobility Disability,MIMAROPA Region,Mild,PH170000000,ORIENTAL MINDORO,PH175200000,16486,901270,1830.0,3.2624510897304293
Mobility Disability,MIMAROPA Region,Mild,PH170000000,PALAWAN,PH175300000,20325,1216009,1672.0,3.2232362731029975
Mobility Disability,MIMAROPA Region,Mild,PH170000000,ROMBLON,PH175900000,8188,301407,2717.0,3.4340896384178907
Mobility Disability,MIMAROPA Region,Moderate,PH170000000,MARINDUQUE,PH174000000,1355,241036,563.0,2.7505083948513462
Mobility Disability,MIMAROPA Region,Moderate,PH170000000,OCCIDENTAL MINDORO,PH175100000,1552,515134,302.0,2.4800069429571505
Mobility Disability,MIMAROPA Region,Moderate,PH170000000,ORIENTAL MINDORO,PH175200000,3659,901270,406.0,2.6085260335771943
Mobility Disability,MIMAROPA Region,Moderate,PH170000000,PALAWAN,PH175300000,4153,1216009,342.0,2.534026106056135
Mobility Disability,MIMAROPA Region,Moderate,PH170000000,ROMBLON,PH175900000,1994,301407,662.0,2.8208579894397
Mobility Disability,MIMAROPA Region,Severe,PH170000000,MARINDUQUE,PH174000000,618,241036,257.0,2.4099331233312946
Mobility Disability,MIMAROPA Region,Severe,PH170000000,OCCIDENTAL MINDORO,PH175100000,654,515134,127.0,2.103803720955957
Mobility Disability,MIMAROPA Region,Severe,PH170000000,ORIENTAL MINDORO,PH175200000,1593,901270,177.0,2.247973266361807
Mobility Disability,MIMAROPA Region,Severe,PH170000000,PALAWAN,PH175300000,1486,1216009,123.0,2.089905111439398
Mobility Disability,MIMAROPA Region,Severe,PH170000000,ROMBLON,PH175900000,712,301407,237.0,2.374748346010104
Mobility Disability,National Capital Region (NCR),Mild,PH130000000,"NCR, FIRST DISTRICT (NOT A PROVINCE)",PH133900000,28745,1886920,1524.0,3.182984967003582
Mobility Disability,National Capital Region (NCR),Mild,PH130000000,"NCR, FOURTH DISTRICT (NOT A PROVINCE)",PH137600000,34425,4015981,858.0,2.9334872878487053
Mobility Disability,National Capital Region (NCR),Mild,PH130000000,"NCR, SECOND DISTRICT (NOT A PROVINCE)",PH137400000,42958,4960933,866.0,2.937517892017347
Mobility Disability,National Capital Region (NCR),Mild,PH130000000,"NCR, THIRD DISTRICT (NOT A PROVINCE)",PH137500000,25372,2940822,863.0,2.9360107957152097
Mobility Disability,National Capital Region (NCR),Moderate,PH130000000,"NCR, FIRST DISTRICT (NOT A PROVINCE)",PH133900000,4564,1886920,242.0,2.383815365980431
Mobility Disability,National Capital Region (NCR),Moderate,PH130000000,"NCR, FOURTH DISTRICT (NOT A PROVINCE)",PH137600000,6301,4015981,157.0,2.1958996524092336
Mobility Disability,National Capital Region (NCR),Moderate,PH130000000,"NCR, SECOND DISTRICT (NOT A PROVINCE)",PH137400000,8665,4960933,175.0,2.2430380486862944
Mobility Disability,National Capital Region (NCR),Moderate,PH130000000,"NCR, THIRD DISTRICT (NOT A PROVINCE)",PH137500000,5016,2940822,171.0,2.2329961103921536
Mobility Disability,National Capital Region (NCR),Severe,PH130000000,"NCR, FIRST DISTRICT (NOT A PROVINCE)",PH133900000,2058,1886920,110.0,2.041392685158225
Mobility Disability,National Capital Region (NCR),Severe,PH130000000,"NCR, FOURTH DISTRICT (NOT A PROVINCE)",PH137600000,2900,4015981,73.0,1.863322860120456
Mobility Disability,National Capital Region (NCR),Severe,PH130000000,"NCR, SECOND DISTRICT (NOT A PROVINCE)",PH137400000,3777,4960933,77.0,1.8864907251724818
Mobility Disability,National Capital Region (NCR),Severe,PH130000000,"NCR, THIRD DISTRICT (NOT A PROVINCE)",PH137500000,2172,2940822,74.0,1.8692317197309762
Mobility Disability,REGION XI (DAVAO REGION),Mild,PH110000000,COMPOSTELA VALLEY,PH118200000,12909,774102,1668.0,3.22219604630172
Mobility Disability,REGION XI (DAVAO REGION),Mild,PH110000000,DAVAO DEL NORTE,PH112300000,14284,1056457,1353.0,3.131297796597623
Mobility Disability,REGION XI (DAVAO REGION),Mild,PH110000000,DAVAO DEL SUR,PH112400000,24416,2520852,969.0,2.986323777050765
Mobility Disability,REGION XI (DAVAO REGION),Mild,PH110000000,DAVAO OCCIDENTAL,PH118600000,4109,338925,1213.0,3.083860800866573
Mobility Disability,REGION XI (DAVAO REGION),Mild,PH110000000,DAVAO ORIENTAL,PH112500000,8138,600531,1356.0,3.1322596895310446
Mobility Disability,REGION XI (DAVAO REGION),Moderate,PH110000000,COMPOSTELA VALLEY,PH118200000,2533,774102,328.0,2.515873843711679
Mobility Disability,REGION XI (DAVAO REGION),Moderate,PH110000000,DAVAO DEL NORTE,PH112300000,2870,1056457,272.0,2.4345689040341987
Mobility Disability,REGION XI (DAVAO REGION),Moderate,PH110000000,DAVAO DEL SUR,PH112400000,5217,2520852,207.0,2.315970345456918
Mobility Disability,REGION XI (DAVAO REGION),Moderate,PH110000000,DAVAO OCCIDENTAL,PH118600000,769,338925,227.0,2.3560258571931225
Mobility Disability,REGION XI (DAVAO REGION),Moderate,PH110000000,DAVAO ORIENTAL,PH112500000,1678,600531,280.0,2.4471580313422194
Mobility Disability,REGION XI (DAVAO REGION),Severe,PH110000000,COMPOSTELA VALLEY,PH118200000,1149,774102,149.0,2.173186268412274
Mobility Disability,REGION XI (DAVAO REGION),Severe,PH110000000,DAVAO DEL NORTE,PH112300000,1269,1056457,121.0,2.0827853703164503
Mobility Disability,REGION XI (DAVAO REGION),Severe,PH110000000,DAVAO DEL SUR,PH112400000,2570,2520852,102.0,2.0086001717619175
Mobility Disability,REGION XI (DAVAO REGION),Severe,PH110000000,DAVAO OCCIDENTAL,PH118600000,314,338925,93.0,1.968482948553935
Mobility Disability,REGION XI (DAVAO REGION),Severe,PH110000000,DAVAO ORIENTAL,PH112500000,719,600531,120.0,2.0791812460476247
Mobility Disability,REGION XII (SOCCSKSARGEN),Mild,PH120000000,COTABATO (NORTH COTABATO),PH124700000,16605,1527149,1088.0,3.036628895362161
Mobility Disability,REGION XII (SOCCSKSARGEN),Mild,PH120000000,SARANGANI,PH128000000,43032,583791,7372.0,3.867585326547036
Mobility Disability,REGION XII (SOCCSKSARGEN),Mild,PH120000000,SOUTH COTABATO,PH126300000,17069,1644256,1039.0,3.016615547557177
Mobility Disability,REGION XII (SOCCSKSARGEN),Mild,PH120000000,SULTAN KUDARAT,PH126500000,11157,855241,1305.0,3.1156105116742996
Mobility Disability,REGION XII (SOCCSKSARGEN),Moderate,PH120000000,COTABATO (NORTH COTABATO),PH124700000,3084,1527149,202.0,2.305351369446624
Mobility Disability,REGION XII (SOCCSKSARGEN),Moderate,PH120000000,SARANGANI,PH128000000,9434,583791,1616.0,3.208441356438567
Mobility Disability,REGION XII (SOCCSKSARGEN),Moderate,PH120000000,SOUTH COTABATO,PH126300000,3685,1644256,225.0,2.3521825181113627
Mobility Disability,REGION XII (SOCCSKSARGEN),Moderate,PH120000000,SULTAN KUDARAT,PH126500000,1758,855241,206.0,2.3138672203691533
Mobility Disability,REGION XII (SOCCSKSARGEN),Severe,PH120000000,COTABATO (NORTH COTABATO),PH124700000,1527,1527149,100.0,2.0
Mobility Disability,REGION XII (SOCCSKSARGEN),Severe,PH120000000,SARANGANI,PH128000000,4648,583791,797.0,2.9014583213961123
Mobility Disability,REGION XII (SOCCSKSARGEN),Severe,PH120000000,SOUTH COTABATO,PH126300000,1971,1644256,120.0,2.0791812460476247
Mobility Disability,REGION XII (SOCCSKSARGEN),Severe,PH120000000,SULTAN KUDARAT,PH126500000,755,855241,89.0,1.9493900066449128
Mobility Disability,Region I (Ilocos Region),Mild,PH010000000,ILOCOS NORTE,PH012800000,9943,613421,1621.0,3.209783014848515
Mobility Disability,Region I (Ilocos Region),Mild,PH010000000,ILOCOS SUR,PH012900000,15894,715810,2221.0,3.346548558548474
Mobility Disability,Region I (Ilocos Region),Mild,PH010000000,LA UNION,PH013300000,13922,828194,1682.0,3.2258259914618934
Mobility Disability,Region I (Ilocos Region),Mild,PH010000000,PANGASINAN,PH015500000,49235,3113382,1582.0,3.1992064791616577
Mobility Disability,Region I (Ilocos Region),Moderate,PH010000000,ILOCOS NORTE,PH012800000,2249,613421,367.0,2.5646660642520893
Mobility Disability,Region I (Ilocos Region),Moderate,PH010000000,ILOCOS SUR,PH012900000,3147,715810,440.0,2.6434526764861874
Mobility Disability,Region I (Ilocos Region),Moderate,PH010000000,LA UNION,PH013300000,2930,828194,354.0,2.5490032620257876
Mobility Disability,Region I (Ilocos Region),Moderate,PH010000000,PANGASINAN,PH015500000,9568,3113382,308.0,2.4885507165004443
Mobility Disability,Region I (Ilocos Region),Severe,PH010000000,ILOCOS NORTE,PH012800000,1311,613421,214.0,2.330413773349191
Mobility Disability,Region I (Ilocos Region),Severe,PH010000000,ILOCOS SUR,PH012900000,1538,715810,215.0,2.3324384599156054
Mobility Disability,Region I (Ilocos Region),Severe,PH010000000,LA UNION,PH013300000,1651,828194,200.0,2.3010299956639813
Mobility Disability,Region I (Ilocos Region),Severe,PH010000000,PANGASINAN,PH015500000,4737,3113382,153.0,2.184691430817599
Mobility Disability,Region II (Cagayan Valley),Mild,PH020000000,BATANES,PH020900000,373,17874,2087.0,3.3195224490654542
Mobility Disability,Region II (Cagayan Valley),Mild,PH020000000,CAGAYAN,PH021500000,23516,1273322,1847.0,3.2664668954402414
Mobility Disability,Region II (Cagayan Valley),Mild,PH020000000,ISABELA,PH023100000,31711,1685739,1882.0,3.274619619091238
Mobility Disability,Region II (Cagayan Valley),Mild,PH020000000,NUEVA VIZCAYA,PH025000000,10374,482894,2149.0,3.3322364154914434
Mobility Disability,Region II (Cagayan Valley),Mild,PH020000000,QUIRINO,PH025700000,3423,197917,1730.0,3.2380461031287955
Mobility Disability,Region II (Cagayan Valley),Moderate,PH020000000,BATANES,PH020900000,87,17874,487.0,2.6875289612146345
Mobility Disability,Region II (Cagayan Valley),Moderate,PH020000000,CAGAYAN,PH021500000,4483,1273322,353.0,2.5477747053878224
Mobility Disability,Region II (Cagayan Valley),Moderate,PH020000000,ISABELA,PH023100000,5796,1685739,344.0,2.53655844257153
Mobility Disability,Region II (Cagayan Valley),Moderate,PH020000000,NUEVA VIZCAYA,PH025000000,1957,482894,406.0,2.6085260335771943
Mobility Disability,Region II (Cagayan Valley),Moderate,PH020000000,QUIRINO,PH025700000,618,197917,313.0,2.4955443375464483
Mobility Disability,Region II (Cagayan Valley),Severe,PH020000000,BATANES,PH020900000,57,17874,319.0,2.503790683057181
Mobility Disability,Region II (Cagayan Valley),Severe,PH020000000,CAGAYAN,PH021500000,2033,1273322,160.0,2.2041199826559246
Mobility Disability,Region II (Cagayan Valley),Severe,PH020000000,ISABELA,PH023100000,2480,1685739,148.0,2.1702617153949575
Mobility Disability,Region II (Cagayan Valley),Severe,PH020000000,NUEVA VIZCAYA,PH025000000,826,482894,172.0,2.2355284469075487
Mobility Disability,Region II (Cagayan Valley),Severe,PH020000000,QUIRINO,PH025700000,272,197917,138.0,2.1398790864012365
Mobility Disability,Region III (Central Luzon),Mild,PH030000000,AURORA,PH037700000,2961,227530,1302.0,3.114610984232173
Mobility Disability,Region III (Central Luzon),Mild,PH030000000,BATAAN,PH030800000,11311,836076,1353.0,3.131297796597623
Mobility Disability,Region III (Central Luzon),Mild,PH030000000,BULACAN,PH031400000,46702,3646679,1281.0,3.1075491297446862
Mobility Disability,Region III (Central Luzon),Mild,PH030000000,NUEVA ECIJA,PH034900000,37068,2355414,1574.0,3.1970047280230456
Mobility Disability,Region III (Central Luzon),Mild,PH030000000,PAMPANGA,PH035400000,25499,2893624,882.0,2.94546858513182
Mobility Disability,Region III (Central Luzon),Mild,PH030000000,TARLAC,PH036900000,18074,1460137,1238.0,3.0927206446840994
Mobility Disability,Region III (Central Luzon),Mild,PH030000000,ZAMBALES,PH037100000,14260,894254,1595.0,3.2027606873931997
Mobility Disability,Region III (Central Luzon),Moderate,PH030000000,AURORA,PH037700000,620,227530,273.0,2.436162647040756
Mobility Disability,Region III (Central Luzon),Moderate,PH030000000,BATAAN,PH030800000,2554,836076,306.0,2.48572142648158
Mobility Disability,Region III (Central Luzon),Moderate,PH030000000,BULACAN,PH031400000,9673,3646679,266.0,2.424881636631067
Mobility Disability,Region III (Central Luzon),Moderate,PH030000000,NUEVA ECIJA,PH034900000,6607,2355414,281.0,2.44870631990508
Mobility Disability,Region III (Central Luzon),Moderate,PH030000000,PAMPANGA,PH035400000,4293,2893624,149.0,2.173186268412274
Mobility Disability,Region III (Central Luzon),Moderate,PH030000000,TARLAC,PH036900000,3157,1460137,217.0,2.3364597338485296
Mobility Disability,Region III (Central Luzon),Moderate,PH030000000,ZAMBALES,PH037100000,2963,894254,332.0,2.5211380837040362
Mobility Disability,Region III (Central Luzon),Severe,PH030000000,AURORA,PH037700000,336,227530,148.0,2.1702617153949575
Mobility Disability,Region III (Central Luzon),Severe,PH030000000,BATAAN,PH030800000,1081,836076,130.0,2.113943352306837
Mobility Disability,Region III (Central Luzon),Severe,PH030000000,BULACAN,PH031400000,4306,3646679,119.0,2.0755469613925306
Mobility Disability,Region III (Central Luzon),Severe,PH030000000,NUEVA ECIJA,PH034900000,2758,2355414,118.0,2.0718820073061255
Mobility Disability,Region III (Central Luzon),Severe,PH030000000,PAMPANGA,PH035400000,2357,2893624,82.0,1.9138138523837167
Mobility Disability,Region III (Central Luzon),Severe,PH030000000,TARLAC,PH036900000,1820,1460137,125.0,2.0969100130080562
Mobility Disability,Region III (Central Luzon),Severe,PH030000000,ZAMBALES,PH037100000,1498,894254,168.0,2.225309281725863
Mobility Disability,Region IV-A (CALABARZON),Mild,PH040000000,BATANGAS,PH041000000,35098,3033730,1157.0,3.0633333589517497
Mobility Disability,Region IV-A (CALABARZON),Mild,PH040000000,CAVITE,PH042100000,40533,4210866,963.0,2.9836262871245345
Mobility Disability,Region IV-A (CALABARZON),Mild,PH040000000,LAGUNA,PH043400000,33924,3343703,1015.0,3.0064660422492318
Mobility Disability,Region IV-A (CALABARZON),Mild,PH040000000,QUEZON,PH045600000,38465,2260033,1702.0,3.230959555748569
Mobility Disability,Region IV-A (CALABARZON),Mild,PH040000000,RIZAL,PH045800000,29131,3208959,908.0,2.958085848521085
Mobility Disability,Region IV-A (CALABARZON),Moderate,PH040000000,BATANGAS,PH041000000,7095,3033730,234.0,2.369215857410143
Mobility Disability,Region IV-A (CALABARZON),Moderate,PH040000000,CAVITE,PH042100000,8312,4210866,198.0,2.296665190261531
Mobility Disability,Region IV-A (CALABARZON),Moderate,PH040000000,LAGUNA,PH043400000,6292,3343703,189.0,2.2764618041732443
Mobility Disability,Region IV-A (CALABARZON),Moderate,PH040000000,QUEZON,PH045600000,7397,2260033,328.0,2.515873843711679
Mobility Disability,Region IV-A (CALABARZON),Moderate,PH040000000,RIZAL,PH045800000,5796,3208959,181.0,2.2576785748691846
Mobility Disability,Region IV-A (CALABARZON),Severe,PH040000000,BATANGAS,PH041000000,3592,3033730,119.0,2.0755469613925306
Mobility Disability,Region IV-A (CALABARZON),Severe,PH040000000,CAVITE,PH042100000,4000,4210866,95.0,1.9777236052888478
Mobility Disability,Region IV-A (CALABARZON),Severe,PH040000000,LAGUNA,PH043400000,2949,3343703,89.0,1.9493900066449128
Mobility Disability,Region IV-A (CALABARZON),Severe,PH040000000,QUEZON,PH045600000,3235,2260033,144.0,2.1583624920952498
Mobility Disability,Region IV-A (CALABARZON),Severe,PH040000000,RIZAL,PH045800000,2738,3208959,86.0,1.9344984512435677
Mobility Disability,Region IX (Zamboanga Peninsula),Mild,PH090000000,CITY OF ISABELA (NOT A PROVINCE),PH099700000,1284,127728,1006.0,3.0025979807199086
Mobility Disability,Region IX (Zamboanga Peninsula),Mild,PH090000000,ZAMBOANGA DEL NORTE,PH097200000,17621,1047292,1683.0,3.226084115975824
Mobility Disability,Region IX (Zamboanga Peninsula),Mild,PH090000000,ZAMBOANGA DEL SUR,PH097300000,24629,1928337,1278.0,3.1065308538223815
Mobility Disability,Region IX (Zamboanga Peninsula),Mild,PH090000000,ZAMBOANGA SIBUGAY,PH098300000,10301,679404,1517.0,3.1809855807867304
Mobility Disability,Region IX (Zamboanga Peninsula),Moderate,PH090000000,CITY OF ISABELA (NOT A PROVINCE),PH099700000,176,127728,138.0,2.1398790864012365
Mobility Disability,Region IX (Zamboanga Peninsula),Moderate,PH090000000,ZAMBOANGA DEL NORTE,PH097200000,3091,1047292,296.0,2.4712917110589387
Mobility Disability,Region IX (Zamboanga Peninsula),Moderate,PH090000000,ZAMBOANGA DEL SUR,PH097300000,4686,1928337,244.0,2.387389826338729
Mobility Disability,Region IX (Zamboanga Peninsula),Moderate,PH090000000,ZAMBOANGA SIBUGAY,PH098300000,1922,679404,283.0,2.45178643552429
Mobility Disability,Region IX (Zamboanga Peninsula),Severe,PH090000000,CITY OF ISABELA (NOT A PROVINCE),PH099700000,65,127728,51.0,1.7075701760979363
Mobility Disability,Region IX (Zamboanga Peninsula),Severe,PH090000000,ZAMBOANGA DEL NORTE,PH097200000,1288,1047292,123.0,2.089905111439398
Mobility Disability,Region IX (Zamboanga Peninsula),Severe,PH090000000,ZAMBOANGA DEL SUR,PH097300000,2157,1928337,112.0,2.0492180226701815
Mobility Disability,Region IX (Zamboanga Peninsula),Severe,PH090000000,ZAMBOANGA SIBUGAY,PH098300000,814,679404,120.0,2.0791812460476247
Mobility Disability,Region V (Bicol Region),Mild,PH050000000,ALBAY,PH050500000,24742,1396088,1773.0,3.2487087356009177
Mobility Disability,Region V (Bicol Region),Mild,PH050000000,CAMARINES NORTE,PH051600000,12074,622514,1940.0,3.287801729930226
Mobility Disability,Region V (Bicol Region),Mild,PH050000000,CAMARINES SUR,PH051700000,40535,2059495,1969.0,3.2942457161381182
Mobility Disability,Region V (Bicol Region),Mild,PH050000000,CATANDUANES,PH052000000,6215,272941,2278.0,3.3575537197430814
Mobility Disability,Region V (Bicol Region),Mild,PH050000000,MASBATE,PH054100000,13368,937079,1427.0,3.154423973114647
Mobility Disability,Region V (Bicol Region),Mild,PH050000000,SORSOGON,PH056200000,17066,845718,2018.0,3.3049211619008916
Mobility Disability,Region V (Bicol Region),Moderate,PH050000000,ALBAY,PH050500000,4742,1396088,340.0,2.531478917042255
Mobility Disability,Region V (Bicol Region),Moderate,PH050000000,CAMARINES NORTE,PH051600000,2640,622514,425.0,2.6283889300503116
Mobility Disability,Region V (Bicol Region),Moderate,PH050000000,CAMARINES SUR,PH051700000,8374,2059495,407.0,2.60959440922522
Mobility Disability,Region V (Bicol Region),Moderate,PH050000000,CATANDUANES,PH052000000,1229,272941,451.0,2.6541765418779604
Mobility Disability,Region V (Bicol Region),Moderate,PH050000000,MASBATE,PH054100000,2284,937079,244.0,2.387389826338729
Mobility Disability,Region V (Bicol Region),Moderate,PH050000000,SORSOGON,PH056200000,3349,845718,396.0,2.597695185925512
Mobility Disability,Region V (Bicol Region),Severe,PH050000000,ALBAY,PH050500000,2423,1396088,174.0,2.2405492482826
Mobility Disability,Region V (Bicol Region),Severe,PH050000000,CAMARINES NORTE,PH051600000,1138,622514,183.0,2.2624510897304293
Mobility Disability,Region V (Bicol Region),Severe,PH050000000,CAMARINES SUR,PH051700000,4059,2059495,198.0,2.296665190261531
Mobility Disability,Region V (Bicol Region),Severe,PH050000000,CATANDUANES,PH052000000,692,272941,254.0,2.404833716619938
Mobility Disability,Region V (Bicol Region),Severe,PH050000000,MASBATE,PH054100000,1125,937079,121.0,2.0827853703164503
Mobility Disability,Region V (Bicol Region),Severe,PH050000000,SORSOGON,PH056200000,1627,845718,193.0,2.285557309007774
Mobility Disability,Region VI (Western Visayas),Mild,PH060000000,AKLAN,PH060400000,12647,605584,2089.0,3.3199384399803087
Mobility Disability,Region VI (Western Visayas),Mild,PH060000000,ANTIQUE,PH060600000,15533,612454,2537.0,3.404320467221731
Mobility Disability,Region VI (Western Visayas),Mild,PH060000000,CAPIZ,PH061900000,14326,803083,1784.0,3.2513948500401044
Mobility Disability,Region VI (Western Visayas),Mild,PH060000000,GUIMARAS,PH067900000,2643,185174,1428.0,3.1547282074401557
Mobility Disability,Region VI (Western Visayas),Mild,PH060000000,ILOILO,PH063000000,48367,2524211,1917.0,3.2826221128780624
Mobility Disability,Region VI (Western Visayas),Mild,PH060000000,NEGROS OCCIDENTAL,PH064500000,38908,3174389,1226.0,3.0884904701823963
Mobility Disability,Region VI (Western Visayas),Moderate,PH060000000,AKLAN,PH060400000,2640,605584,436.0,2.639486489268586
Mobility Disability,Region VI (Western Visayas),Moderate,PH060000000,ANTIQUE,PH060600000,3511,612454,574.0,2.7589118923979736
Mobility Disability,Region VI (Western Visayas),Moderate,PH060000000,CAPIZ,PH061900000,2582,803083,322.0,2.507855871695831
Mobility Disability,Region VI (Western Visayas),Moderate,PH060000000,GUIMARAS,PH067900000,566,185174,306.0,2.48572142648158
Mobility Disability,Region VI (Western Visayas),Moderate,PH060000000,ILOILO,PH063000000,10439,2524211,414.0,2.617000341120899
Mobility Disability,Region VI (Western Visayas),Moderate,PH060000000,NEGROS OCCIDENTAL,PH064500000,7610,3174389,240.0,2.380211241711606
Mobility Disability,Region VI (Western Visayas),Severe,PH060000000,AKLAN,PH060400000,1330,605584,220.0,2.342422680822206
Mobility Disability,Region VI (Western Visayas),Severe,PH060000000,ANTIQUE,PH060600000,1530,612454,250.0,2.3979400086720375
Mobility Disability,Region VI (Western Visayas),Severe,PH060000000,CAPIZ,PH061900000,1197,803083,150.0,2.1760912590556813
Mobility Disability,Region VI (Western Visayas),Severe,PH060000000,GUIMARAS,PH067900000,348,185174,188.0,2.27415784926368
Mobility Disability,Region VI (Western Visayas),Severe,PH060000000,ILOILO,PH063000000,5354,2524211,213.0,2.3283796034387376
Mobility Disability,Region VI (Western Visayas),Severe,PH060000000,NEGROS OCCIDENTAL,PH064500000,3716,3174389,118.0,2.0718820073061255
Mobility Disability,Region VII (Central Visayas),Mild,PH070000000,BOHOL,PH071200000,27753,1365107,2034.0,3.308350948586726
Mobility Disability,Region VII (Central Visayas),Mild,PH070000000,CEBU,PH072200000,62186,5085207,1223.0,3.0874264570362855
Mobility Disability,Region VII (Central Visayas),Mild,PH070000000,NEGROS ORIENTAL,PH074600000,25113,1406274,1786.0,3.2518814545525276
Mobility Disability,Region VII (Central Visayas),Mild,PH070000000,SIQUIJOR,PH076100000,2484,100457,2473.0,3.3932241163612975
Mobility Disability,Region VII (Central Visayas),Moderate,PH070000000,BOHOL,PH071200000,5738,1365107,421.0,2.6242820958356683
Mobility Disability,Region VII (Central Visayas),Moderate,PH070000000,CEBU,PH072200000,13529,5085207,267.0,2.4265112613645754
Mobility Disability,Region VII (Central Visayas),Moderate,PH070000000,NEGROS ORIENTAL,PH074600000,4706,1406274,335.0,2.525044807036845
Mobility Disability,Region VII (Central Visayas),Moderate,PH070000000,SIQUIJOR,PH076100000,521,100457,519.0,2.7151673578484576
Mobility Disability,Region VII (Central Visayas),Severe,PH070000000,BOHOL,PH071200000,2960,1365107,217.0,2.3364597338485296
Mobility Disability,Region VII (Central Visayas),Severe,PH070000000,CEBU,PH072200000,6984,5085207,138.0,2.1398790864012365
Mobility Disability,Region VII (Central Visayas),Severe,PH070000000,NEGROS ORIENTAL,PH074600000,2542,1406274,181.0,2.2576785748691846
Mobility Disability,Region VII (Central Visayas),Severe,PH070000000,SIQUIJOR,PH076100000,275,100457,274.0,2.437750562820388
Mobility Disability,Region VIII (Eastern Visayas),Mild,PH080000000,BILIRAN,PH087800000,3509,179362,1957.0,3.2915908256580013
Mobility Disability,Region VIII (Eastern Visayas),Mild,PH080000000,EASTERN SAMAR,PH082600000,13628,503495,2707.0,3.4324882557705063
Mobility Disability,Region VIII (Eastern Visayas),Mild,PH080000000,LEYTE,PH083700000,35870,2124269,1689.0,3.227629649571009
Mobility Disability,Region VIII (Eastern Visayas),Mild,PH080000000,NORTHERN SAMAR,PH084800000,14700,668766,2199.0,3.3422252293607904
Mobility Disability,Region VIII (Eastern Visayas),Mild,PH080000000,SAMAR (WESTERN SAMAR),PH086000000,12071,822095,1469.0,3.1670217957902564
Mobility Disability,Region VIII (Eastern Visayas),Mild,PH080000000,SOUTHERN LEYTE,PH086400000,8132,444355,1831.0,3.2626883443016963
Mobility Disability,Region VIII (Eastern Visayas),Moderate,PH080000000,BILIRAN,PH087800000,605,179362,338.0,2.5289167002776547
Mobility Disability,Region VIII (Eastern Visayas),Moderate,PH080000000,EASTERN SAMAR,PH082600000,2584,503495,514.0,2.710963118995276
Mobility Disability,Region VIII (Eastern Visayas),Moderate,PH080000000,LEYTE,PH083700000,6995,2124269,330.0,2.5185139398778875
Mobility Disability,Region VIII (Eastern Visayas),Moderate,PH080000000,NORTHERN SAMAR,PH084800000,2685,668766,402.0,2.60422605308447
Mobility Disability,Region VIII (Eastern Visayas),Moderate,PH080000000,SAMAR (WESTERN SAMAR),PH086000000,2037,822095,248.0,2.3944516808262164
Mobility Disability,Region VIII (Eastern Visayas),Moderate,PH080000000,SOUTHERN LEYTE,PH086400000,1859,444355,419.0,2.622214022966295
Mobility Disability,Region VIII (Eastern Visayas),Severe,PH080000000,BILIRAN,PH087800000,369,179362,206.0,2.3138672203691533
Mobility Disability,Region VIII (Eastern Visayas),Severe,PH080000000,EASTERN SAMAR,PH082600000,966,503495,192.0,2.2833012287035497
Mobility Disability,Region VIII (Eastern Visayas),Severe,PH080000000,LEYTE,PH083700000,3463,2124269,164.0,2.214843848047698
Mobility Disability,Region VIII (Eastern Visayas),Severe,PH080000000,NORTHERN SAMAR,PH084800000,1082,668766,162.0,2.2095150145426308
Mobility Disability,Region VIII (Eastern Visayas),Severe,PH080000000,SAMAR (WESTERN SAMAR),PH086000000,885,822095,108.0,2.03342375548695
Mobility Disability,Region VIII (Eastern Visayas),Severe,PH080000000,SOUTHERN LEYTE,PH086400000,908,444355,205.0,2.311753861055754
Mobility Disability,Region X (Northern Mindanao),Mild,PH100000000,BUKIDNON,PH101300000,17751,1510189,1176.0,3.0704073217401198
Mobility Disability,Region X (Northern Mindanao),Mild,PH100000000,CAMIGUIN,PH101800000,1552,92431,1680.0,3.225309281725863
Mobility Disability,Region X (Northern Mindanao),Mild,PH100000000,LANAO DEL NORTE,PH103500000,9314,1095270,851.0,2.929929560084588
Mobility Disability,Region X (Northern Mindanao),Mild,PH100000000,MISAMIS OCCIDENTAL,PH104200000,9343,627158,1490.0,3.173186268412274
Mobility Disability,Region X (Northern Mindanao),Mild,PH100000000,MISAMIS ORIENTAL,PH104300000,18490,1692002,1093.0,3.038620161949703
Mobility Disability,Region X (Northern Mindanao),Moderate,PH100000000,BUKIDNON,PH101300000,3934,1510189,261.0,2.416640507338281
Mobility Disability,Region X (Northern Mindanao),Moderate,PH100000000,CAMIGUIN,PH101800000,379,92431,411.0,2.6138418218760693
Mobility Disability,Region X (Northern Mindanao),Moderate,PH100000000,LANAO DEL NORTE,PH103500000,1803,1095270,165.0,2.2174839442139063
Mobility Disability,Region X (Northern Mindanao),Moderate,PH100000000,MISAMIS OCCIDENTAL,PH104200000,2125,627158,339.0,2.530199698203082
Mobility Disability,Region X (Northern Mindanao),Moderate,PH100000000,MISAMIS ORIENTAL,PH104300000,4227,1692002,250.0,2.3979400086720375
Mobility Disability,Region X (Northern Mindanao),Severe,PH100000000,BUKIDNON,PH101300000,1798,1510189,120.0,2.0791812460476247
Mobility Disability,Region X (Northern Mindanao),Severe,PH100000000,CAMIGUIN,PH101800000,263,92431,285.0,2.45484486000851
Mobility Disability,Region X (Northern Mindanao),Severe,PH100000000,LANAO DEL NORTE,PH103500000,880,1095270,81.0,1.9084850188786497
Mobility Disability,Region X (Northern Mindanao),Severe,PH100000000,MISAMIS OCCIDENTAL,PH104200000,1045,627158,167.0,2.2227164711475833
Mobility Disability,Region X (Northern Mindanao),Severe,PH100000000,MISAMIS ORIENTAL,PH104300000,2205,1692002,131.0,2.1172712956557644
Mobility Disability,Region XIII (Caraga),Mild,PH160000000,AGUSAN DEL NORTE,PH160200000,8217,738775,1113.0,3.0464951643347082
Mobility Disability,Region XIII (Caraga),Mild,PH160000000,AGUSAN DEL SUR,PH160300000,8979,734982,1222.0,3.0870712059065353
Mobility Disability,Region XIII (Caraga),Mild,PH160000000,DINAGAT ISLANDS,PH168500000,2372,130671,1816.0,3.2591158441850663
Mobility Disability,Region XIII (Caraga),Mild,PH160000000,SURIGAO DEL NORTE,PH166700000,7606,528148,1441.0,3.1586639808139894
Mobility Disability,Region XIII (Caraga),Mild,PH160000000,SURIGAO DEL SUR,PH166800000,9505,620531,1532.0,3.185258765296585
Mobility Disability,Region XIII (Caraga),Moderate,PH160000000,AGUSAN DEL NORTE,PH160200000,1902,738775,258.0,2.41161970596323
Mobility Disability,Region XIII (Caraga),Moderate,PH160000000,AGUSAN DEL SUR,PH160300000,2151,734982,293.0,2.4668676203541096
Mobility Disability,Region XIII (Caraga),Moderate,PH160000000,DINAGAT ISLANDS,PH168500000,467,130671,358.0,2.5538830266438746
Mobility Disability,Region XIII (Caraga),Moderate,PH160000000,SURIGAO DEL NORTE,PH166700000,1600,528148,303.0,2.481442628502305
Mobility Disability,Region XIII (Caraga),Moderate,PH160000000,SURIGAO DEL SUR,PH166800000,2049,620531,331.0,2.519827993775719
Mobility Disability,Region XIII (Caraga),Severe,PH160000000,AGUSAN DEL NORTE,PH160200000,993,738775,135.0,2.130333768495006
Mobility Disability,Region XIII (Caraga),Severe,PH160000000,AGUSAN DEL SUR,PH160300000,1014,734982,138.0,2.1398790864012365
Mobility Disability,Region XIII (Caraga),Severe,PH160000000,DINAGAT ISLANDS,PH168500000,181,130671,139.0,2.143014800254095
Mobility Disability,Region XIII (Caraga),Severe,PH160000000,SURIGAO DEL NORTE,PH166700000,865,528148,164.0,2.214843848047698
Mobility Disability,Region XIII (Caraga),Severe,PH160000000,SURIGAO DEL SUR,PH166800000,974,620531,157.0,2.1958996524092336
Self-Care Disability,BANGSAMORO AUTONOMOUS REGION IN MUSLIM MINDANAO (BARMM),Mild,PH150000000,BASILAN,PH150700000,1114,386697,289.0,2.4608978427565478
Self-Care Disability,BANGSAMORO AUTONOMOUS REGION IN MUSLIM MINDANAO (BARMM),Mild,PH150000000,LANAO DEL SUR,PH153600000,17130,1146287,1495.0,3.1746411926604483
Self-Care Disability,BANGSAMORO AUTONOMOUS REGION IN MUSLIM MINDANAO (BARMM),Mild,PH150000000,MAGUINDANAO,PH153800000,8281,1323051,626.0,2.7965743332104296
Self-Care Disability,BANGSAMORO AUTONOMOUS REGION IN MUSLIM MINDANAO (BARMM),Mild,PH150000000,SULU,PH156600000,1352,913590,148.0,2.1702617153949575
Self-Care Disability,BANGSAMORO AUTONOMOUS REGION IN MUSLIM MINDANAO (BARMM),Mild,PH150000000,TAWI-TAWI,PH157000000,1096,413690,265.0,2.423245873936808
Self-Care Disability,BANGSAMORO AUTONOMOUS REGION IN MUSLIM MINDANAO (BARMM),Moderate,PH150000000,BASILAN,PH150700000,158,386697,41.0,1.6127838567197355
Self-Care Disability,BANGSAMORO AUTONOMOUS REGION IN MUSLIM MINDANAO (BARMM),Moderate,PH150000000,LANAO DEL SUR,PH153600000,2042,1146287,179.0,2.2528530309798933
Self-Care Disability,BANGSAMORO AUTONOMOUS REGION IN MUSLIM MINDANAO (BARMM),Moderate,PH150000000,MAGUINDANAO,PH153800000,1002,1323051,76.0,1.8808135922807914
Self-Care Disability,BANGSAMORO AUTONOMOUS REGION IN MUSLIM MINDANAO (BARMM),Moderate,PH150000000,SULU,PH156600000,128,913590,15.0,1.1760912590556813
Self-Care Disability,BANGSAMORO AUTONOMOUS REGION IN MUSLIM MINDANAO (BARMM),Moderate,PH150000000,TAWI-TAWI,PH157000000,150,413690,37.0,1.568201724066995
Self-Care Disability,BANGSAMORO AUTONOMOUS REGION IN MUSLIM MINDANAO (BARMM),Severe,PH150000000,BASILAN,PH150700000,105,386697,28.0,1.4471580313422192
Self-Care Disability,BANGSAMORO AUTONOMOUS REGION IN MUSLIM MINDANAO (BARMM),Severe,PH150000000,LANAO DEL SUR,PH153600000,1399,1146287,123.0,2.089905111439398
Self-Care Disability,BANGSAMORO AUTONOMOUS REGION IN MUSLIM MINDANAO (BARMM),Severe,PH150000000,MAGUINDANAO,PH153800000,819,1323051,62.0,1.792391689498254
Self-Care Disability,BANGSAMORO AUTONOMOUS REGION IN MUSLIM MINDANAO (BARMM),Severe,PH150000000,SULU,PH156600000,55,913590,7.0,0.8450980400142568
Self-Care Disability,BANGSAMORO AUTONOMOUS REGION IN MUSLIM MINDANAO (BARMM),Severe,PH150000000,TAWI-TAWI,PH157000000,72,413690,18.0,1.255272505103306
Self-Care Disability,Cordillera Administrative Region (CAR),Mild,PH140000000,ABRA,PH140100000,1279,247402,517.0,2.7134905430939424
Self-Care Disability,Cordillera Administrative Region (CAR),Mild,PH140000000,APAYAO,PH148100000,607,123899,490.0,2.690196080028514
Self-Care Disability,Cordillera Administrative Region (CAR),Mild,PH140000000,BENGUET,PH141100000,2946,848552,348.0,2.5415792439465807
Self-Care Disability,Cordillera Administrative Region (CAR),Mild,PH140000000,IFUGAO,PH142700000,813,210669,386.0,2.586587304671755
Self-Care Disability,Cordillera Administrative Region (CAR),Mild,PH140000000,KALINGA,PH143200000,946,220230,430.0,2.6334684555795866
Self-Care Disability,Cordillera Administrative Region (CAR),Mild,PH140000000,MOUNTAIN PROVINCE,PH144400000,701,156987,447.0,2.6503075231319366
Self-Care Disability,Cordillera Administrative Region (CAR),Moderate,PH140000000,ABRA,PH140100000,495,247402,201.0,2.303196057420489
Self-Care Disability,Cordillera Administrative Region (CAR),Moderate,PH140000000,APAYAO,PH148100000,195,123899,158.0,2.1986570869544226
Self-Care Disability,Cordillera Administrative Region (CAR),Moderate,PH140000000,BENGUET,PH141100000,1265,848552,150.0,2.1760912590556813
Self-Care Disability,Cordillera Administrative Region (CAR),Moderate,PH140000000,IFUGAO,PH142700000,372,210669,177.0,2.247973266361807
Self-Care Disability,Cordillera Administrative Region (CAR),Moderate,PH140000000,KALINGA,PH143200000,324,220230,148.0,2.1702617153949575
Self-Care Disability,Cordillera Administrative Region (CAR),Moderate,PH140000000,MOUNTAIN PROVINCE,PH144400000,285,156987,182.0,2.2600713879850747
Self-Care Disability,Cordillera Administrative Region (CAR),Severe,PH140000000,ABRA,PH140100000,590,247402,239.0,2.3783979009481375
Self-Care Disability,Cordillera Administrative Region (CAR),Severe,PH140000000,APAYAO,PH148100000,277,123899,224.0,2.3502480183341627
Self-Care Disability,Cordillera Administrative Region (CAR),Severe,PH140000000,BENGUET,PH141100000,1565,848552,185.0,2.2671717284030137
Self-Care Disability,Cordillera Administrative Region (CAR),Severe,PH140000000,IFUGAO,PH142700000,352,210669,168.0,2.225309281725863
Self-Care Disability,Cordillera Administrative Region (CAR),Severe,PH140000000,KALINGA,PH143200000,396,220230,180.0,2.255272505103306
Self-Care Disability,Cordillera Administrative Region (CAR),Severe,PH140000000,MOUNTAIN PROVINCE,PH144400000,259,156987,165.0,2.2174839442139063
Self-Care Disability,MIMAROPA Region,Mild,PH170000000,MARINDUQUE,PH174000000,1102,241036,458.0,2.660865478003869
Self-Care Disability,MIMAROPA Region,Mild,PH170000000,OCCIDENTAL MINDORO,PH175100000,1956,515134,380.0,2.57978359661681
Self-Care Disability,MIMAROPA Region,Mild,PH170000000,ORIENTAL MINDORO,PH175200000,2745,901270,305.0,2.484299839346786
Self-Care Disability,MIMAROPA Region,Mild,PH170000000,PALAWAN,PH175300000,4805,1216009,396.0,2.597695185925512
Self-Care Disability,MIMAROPA Region,Mild,PH170000000,ROMBLON,PH175900000,1586,301407,527.0,2.7218106152125467
Self-Care Disability,MIMAROPA Region,Moderate,PH170000000,MARINDUQUE,PH174000000,518,241036,215.0,2.3324384599156054
Self-Care Disability,MIMAROPA Region,Moderate,PH170000000,OCCIDENTAL MINDORO,PH175100000,545,515134,106.0,2.0253058652647704
Self-Care Disability,MIMAROPA Region,Moderate,PH170000000,ORIENTAL MINDORO,PH175200000,1264,901270,141.0,2.1492191126553797
Self-Care Disability,MIMAROPA Region,Moderate,PH170000000,PALAWAN,PH175300000,1382,1216009,114.0,2.0569048513364727
Self-Care Disability,MIMAROPA Region,Moderate,PH170000000,ROMBLON,PH175900000,668,301407,222.0,2.346352974450639
Self-Care Disability,MIMAROPA Region,Severe,PH170000000,MARINDUQUE,PH174000000,661,241036,275.0,2.439332693830263
Self-Care Disability,MIMAROPA Region,Severe,PH170000000,OCCIDENTAL MINDORO,PH175100000,724,515134,141.0,2.1492191126553797
Self-Care Disability,MIMAROPA Region,Severe,PH170000000,ORIENTAL MINDORO,PH175200000,1800,901270,200.0,2.3010299956639813
Self-Care Disability,MIMAROPA Region,Severe,PH170000000,PALAWAN,PH175300000,1666,1216009,138.0,2.1398790864012365
Self-Care Disability,MIMAROPA Region,Severe,PH170000000,ROMBLON,PH175900000,789,301407,262.0,2.4183012913197452
Self-Care Disability,National Capital Region (NCR),Mild,PH130000000,"NCR, FIRST DISTRICT (NOT A PROVINCE)",PH133900000,6693,1886920,355.0,2.550228353055094
Self-Care Disability,National Capital Region (NCR),Mild,PH130000000,"NCR, FOURTH DISTRICT (NOT A PROVINCE)",PH137600000,11026,4015981,275.0,2.439332693830263
Self-Care Disability,National Capital Region (NCR),Mild,PH130000000,"NCR, SECOND DISTRICT (NOT A PROVINCE)",PH137400000,13600,4960933,275.0,2.439332693830263
Self-Care Disability,National Capital Region (NCR),Mild,PH130000000,"NCR, THIRD DISTRICT (NOT A PROVINCE)",PH137500000,6154,2940822,210.0,2.322219294733919
Self-Care Disability,National Capital Region (NCR),Moderate,PH130000000,"NCR, FIRST DISTRICT (NOT A PROVINCE)",PH133900000,1928,1886920,103.0,2.012837224705172
Self-Care Disability,National Capital Region (NCR),Moderate,PH130000000,"NCR, FOURTH DISTRICT (NOT A PROVINCE)",PH137600000,3023,4015981,76.0,1.8808135922807914
Self-Care Disability,National Capital Region (NCR),Moderate,PH130000000,"NCR, SECOND DISTRICT (NOT A PROVINCE)",PH137400000,4261,4960933,86.0,1.9344984512435677
Self-Care Disability,National Capital Region (NCR),Moderate,PH130000000,"NCR, THIRD DISTRICT (NOT A PROVINCE)",PH137500000,2073,2940822,71.0,1.8512583487190752
Self-Care Disability,National Capital Region (NCR),Severe,PH130000000,"NCR, FIRST DISTRICT (NOT A PROVINCE)",PH133900000,2148,1886920,114.0,2.0569048513364727
Self-Care Disability,National Capital Region (NCR),Severe,PH130000000,"NCR, FOURTH DISTRICT (NOT A PROVINCE)",PH137600000,3424,4015981,86.0,1.9344984512435677
Self-Care Disability,National Capital Region (NCR),Severe,PH130000000,"NCR, SECOND DISTRICT (NOT A PROVINCE)",PH137400000,4038,4960933,82.0,1.9138138523837167
Self-Care Disability,National Capital Region (NCR),Severe,PH130000000,"NCR, THIRD DISTRICT (NOT A PROVINCE)",PH137500000,2556,2940822,87.0,1.9395192526186185
Self-Care Disability,REGION XI (DAVAO REGION),Mild,PH110000000,COMPOSTELA VALLEY,PH118200000,2707,774102,350.0,2.5440680443502757
Self-Care Disability,REGION XI (DAVAO REGION),Mild,PH110000000,DAVAO DEL NORTE,PH112300000,4103,1056457,389.0,2.5899496013257077
Self-Care Disability,REGION XI (DAVAO REGION),Mild,PH110000000,DAVAO DEL SUR,PH112400000,7488,2520852,298.0,2.4742162640762553
Self-Care Disability,REGION XI (DAVAO REGION),Mild,PH110000000,DAVAO OCCIDENTAL,PH118600000,1420,338925,419.0,2.622214022966295
Self-Care Disability,REGION XI (DAVAO REGION),Mild,PH110000000,DAVAO ORIENTAL,PH112500000,2183,600531,364.0,2.561101383649056
Self-Care Disability,REGION XI (DAVAO REGION),Moderate,PH110000000,COMPOSTELA VALLEY,PH118200000,1022,774102,133.0,2.123851640967086
Self-Care Disability,REGION XI (DAVAO REGION),Moderate,PH110000000,DAVAO DEL NORTE,PH112300000,1303,1056457,124.0,2.093421685162235
Self-Care Disability,REGION XI (DAVAO REGION),Moderate,PH110000000,DAVAO DEL SUR,PH112400000,2697,2520852,107.0,2.0293837776852097
Self-Care Disability,REGION XI (DAVAO REGION),Moderate,PH110000000,DAVAO OCCIDENTAL,PH118600000,341,338925,101.0,2.0043213737826426
Self-Care Disability,REGION XI (DAVAO REGION),Moderate,PH110000000,DAVAO ORIENTAL,PH112500000,670,600531,112.0,2.0492180226701815
Self-Care Disability,REGION XI (DAVAO REGION),Severe,PH110000000,COMPOSTELA VALLEY,PH118200000,1291,774102,167.0,2.2227164711475833
Self-Care Disability,REGION XI (DAVAO REGION),Severe,PH110000000,DAVAO DEL NORTE,PH112300000,1493,1056457,142.0,2.1522883443830563
Self-Care Disability,REGION XI (DAVAO REGION),Severe,PH110000000,DAVAO DEL SUR,PH112400000,3045,2520852,121.0,2.0827853703164503
Self-Care Disability,REGION XI (DAVAO REGION),Severe,PH110000000,DAVAO OCCIDENTAL,PH118600000,312,338925,93.0,1.968482948553935
Self-Care Disability,REGION XI (DAVAO REGION),Severe,PH110000000,DAVAO ORIENTAL,PH112500000,736,600531,123.0,2.089905111439398
Self-Care Disability,REGION XII (SOCCSKSARGEN),Mild,PH120000000,COTABATO (NORTH COTABATO),PH124700000,5096,1527149,334.0,2.5237464668115646
Self-Care Disability,REGION XII (SOCCSKSARGEN),Mild,PH120000000,SARANGANI,PH128000000,11709,583791,2006.0,3.302330928684399
Self-Care Disability,REGION XII (SOCCSKSARGEN),Mild,PH120000000,SOUTH COTABATO,PH126300000,5336,1644256,325.0,2.5118833609788744
Self-Care Disability,REGION XII (SOCCSKSARGEN),Mild,PH120000000,SULTAN KUDARAT,PH126500000,3829,855241,448.0,2.651278013998144
Self-Care Disability,REGION XII (SOCCSKSARGEN),Moderate,PH120000000,COTABATO (NORTH COTABATO),PH124700000,1577,1527149,104.0,2.0170333392987803
Self-Care Disability,REGION XII (SOCCSKSARGEN),Moderate,PH120000000,SARANGANI,PH128000000,4200,583791,720.0,2.8573324964312685
Self-Care Disability,REGION XII (SOCCSKSARGEN),Moderate,PH120000000,SOUTH COTABATO,PH126300000,1771,1644256,108.0,2.03342375548695
Self-Care Disability,REGION XII (SOCCSKSARGEN),Moderate,PH120000000,SULTAN KUDARAT,PH126500000,870,855241,102.0,2.0086001717619175
Self-Care Disability,REGION XII (SOCCSKSARGEN),Severe,PH120000000,COTABATO (NORTH COTABATO),PH124700000,1729,1527149,114.0,2.0569048513364727
Self-Care Disability,REGION XII (SOCCSKSARGEN),Severe,PH120000000,SARANGANI,PH128000000,5209,583791,893.0,2.9508514588885464
Self-Care Disability,REGION XII (SOCCSKSARGEN),Severe,PH120000000,SOUTH COTABATO,PH126300000,2316,1644256,141.0,2.1492191126553797
Self-Care Disability,REGION XII (SOCCSKSARGEN),Severe,PH120000000,SULTAN KUDARAT,PH126500000,778,855241,91.0,1.9590413923210936
Self-Care Disability,Region I (Ilocos Region),Mild,PH010000000,ILOCOS NORTE,PH012800000,2142,613421,350.0,2.5440680443502757
Self-Care Disability,Region I (Ilocos Region),Mild,PH010000000,ILOCOS SUR,PH012900000,3002,715810,420.0,2.6232492903979003
Self-Care Disability,Region I (Ilocos Region),Mild,PH010000000,LA UNION,PH013300000,2744,828194,332.0,2.5211380837040362
Self-Care Disability,Region I (Ilocos Region),Mild,PH010000000,PANGASINAN,PH015500000,11488,3113382,369.0,2.56702636615906
Self-Care Disability,Region I (Ilocos Region),Moderate,PH010000000,ILOCOS NORTE,PH012800000,930,613421,152.0,2.1818435879447726
Self-Care Disability,Region I (Ilocos Region),Moderate,PH010000000,ILOCOS SUR,PH012900000,1173,715810,164.0,2.214843848047698
Self-Care Disability,Region I (Ilocos Region),Moderate,PH010000000,LA UNION,PH013300000,1164,828194,141.0,2.1492191126553797
Self-Care Disability,Region I (Ilocos Region),Moderate,PH010000000,PANGASINAN,PH015500000,3975,3113382,128.0,2.1072099696478683
Self-Care Disability,Region I (Ilocos Region),Severe,PH010000000,ILOCOS NORTE,PH012800000,1468,613421,240.0,2.380211241711606
Self-Care Disability,Region I (Ilocos Region),Severe,PH010000000,ILOCOS SUR,PH012900000,1759,715810,246.0,2.3909351071033793
Self-Care Disability,Region I (Ilocos Region),Severe,PH010000000,LA UNION,PH013300000,1872,828194,227.0,2.3560258571931225
Self-Care Disability,Region I (Ilocos Region),Severe,PH010000000,PANGASINAN,PH015500000,5251,3113382,169.0,2.2278867046136734
Self-Care Disability,Region II (Cagayan Valley),Mild,PH020000000,BATANES,PH020900000,73,17874,409.0,2.611723308007342
Self-Care Disability,Region II (Cagayan Valley),Mild,PH020000000,CAGAYAN,PH021500000,5562,1273322,437.0,2.640481436970422
Self-Care Disability,Region II (Cagayan Valley),Mild,PH020000000,ISABELA,PH023100000,5909,1685739,351.0,2.545307116465824
Self-Care Disability,Region II (Cagayan Valley),Mild,PH020000000,NUEVA VIZCAYA,PH025000000,2129,482894,441.0,2.6444385894678386
Self-Care Disability,Region II (Cagayan Valley),Mild,PH020000000,QUIRINO,PH025700000,534,197917,270.0,2.4313637641589874
Self-Care Disability,Region II (Cagayan Valley),Moderate,PH020000000,BATANES,PH020900000,20,17874,112.0,2.0492180226701815
Self-Care Disability,Region II (Cagayan Valley),Moderate,PH020000000,CAGAYAN,PH021500000,1722,1273322,136.0,2.1335389083702174
Self-Care Disability,Region II (Cagayan Valley),Moderate,PH020000000,ISABELA,PH023100000,1961,1685739,117.0,2.0681858617461617
Self-Care Disability,Region II (Cagayan Valley),Moderate,PH020000000,NUEVA VIZCAYA,PH025000000,747,482894,155.0,2.1903316981702914
Self-Care Disability,Region II (Cagayan Valley),Moderate,PH020000000,QUIRINO,PH025700000,242,197917,123.0,2.089905111439398
Self-Care Disability,Region II (Cagayan Valley),Severe,PH020000000,BATANES,PH020900000,41,17874,230.0,2.361727836017593
Self-Care Disability,Region II (Cagayan Valley),Severe,PH020000000,CAGAYAN,PH021500000,2334,1273322,184.0,2.2648178230095364
Self-Care Disability,Region II (Cagayan Valley),Severe,PH020000000,ISABELA,PH023100000,2582,1685739,154.0,2.187520720836463
Self-Care Disability,Region II (Cagayan Valley),Severe,PH020000000,NUEVA VIZCAYA,PH025000000,1035,482894,215.0,2.3324384599156054
Self-Care Disability,Region II (Cagayan Valley),Severe,PH020000000,QUIRINO,PH025700000,293,197917,149.0,2.173186268412274
Self-Care Disability,Region III (Central Luzon),Mild,PH030000000,AURORA,PH037700000,659,227530,290.0,2.462397997898956
Self-Care Disability,Region III (Central Luzon),Mild,PH030000000,BATAAN,PH030800000,2331,836076,279.0,2.4456042032735974
Self-Care Disability,Region III (Central Luzon),Mild,PH030000000,BULACAN,PH031400000,11012,3646679,302.0,2.4800069429571505
Self-Care Disability,Region III (Central Luzon),Mild,PH030000000,NUEVA ECIJA,PH034900000,8902,2355414,378.0,2.5774917998372255
Self-Care Disability,Region III (Central Luzon),Mild,PH030000000,PAMPANGA,PH035400000,6619,2893624,229.0,2.359835482339888
Self-Care Disability,Region III (Central Luzon),Mild,PH030000000,TARLAC,PH036900000,4168,1460137,286.0,2.456366033129043
Self-Care Disability,Region III (Central Luzon),Mild,PH030000000,ZAMBALES,PH037100000,2670,894254,299.0,2.4756711883244296
Self-Care Disability,Region III (Central Luzon),Moderate,PH030000000,AURORA,PH037700000,244,227530,108.0,2.03342375548695
Self-Care Disability,Region III (Central Luzon),Moderate,PH030000000,BATAAN,PH030800000,841,836076,101.0,2.0043213737826426
Self-Care Disability,Region III (Central Luzon),Moderate,PH030000000,BULACAN,PH031400000,3658,3646679,101.0,2.0043213737826426
Self-Care Disability,Region III (Central Luzon),Moderate,PH030000000,NUEVA ECIJA,PH034900000,2721,2355414,116.0,2.0644579892269186
Self-Care Disability,Region III (Central Luzon),Moderate,PH030000000,PAMPANGA,PH035400000,1828,2893624,64.0,1.806179973983887
Self-Care Disability,Region III (Central Luzon),Moderate,PH030000000,TARLAC,PH036900000,1464,1460137,101.0,2.0043213737826426
Self-Care Disability,Region III (Central Luzon),Moderate,PH030000000,ZAMBALES,PH037100000,1150,894254,129.0,2.110589710299249
Self-Care Disability,Region III (Central Luzon),Severe,PH030000000,AURORA,PH037700000,338,227530,149.0,2.173186268412274
Self-Care Disability,Region III (Central Luzon),Severe,PH030000000,BATAAN,PH030800000,1040,836076,125.0,2.0969100130080562
Self-Care Disability,Region III (Central Luzon),Severe,PH030000000,BULACAN,PH031400000,4319,3646679,119.0,2.0755469613925306
Self-Care Disability,Region III (Central Luzon),Severe,PH030000000,NUEVA ECIJA,PH034900000,2854,2355414,122.0,2.0863598306747484
Self-Care Disability,Region III (Central Luzon),Severe,PH030000000,PAMPANGA,PH035400000,2343,2893624,81.0,1.9084850188786497
Self-Care Disability,Region III (Central Luzon),Severe,PH030000000,TARLAC,PH036900000,1897,1460137,130.0,2.113943352306837
Self-Care Disability,Region III (Central Luzon),Severe,PH030000000,ZAMBALES,PH037100000,1567,894254,176.0,2.24551266781415
Self-Care Disability,Region IV-A (CALABARZON),Mild,PH040000000,BATANGAS,PH041000000,7543,3033730,249.0,2.3961993470957363
Self-Care Disability,Region IV-A (CALABARZON),Mild,PH040000000,CAVITE,PH042100000,9740,4210866,232.0,2.3654879848909
Self-Care Disability,Region IV-A (CALABARZON),Mild,PH040000000,LAGUNA,PH043400000,9569,3343703,287.0,2.4578818967339924
Self-Care Disability,Region IV-A (CALABARZON),Mild,PH040000000,QUEZON,PH045600000,7380,2260033,327.0,2.514547752660286
Self-Care Disability,Region IV-A (CALABARZON),Mild,PH040000000,RIZAL,PH045800000,7912,3208959,247.0,2.392696953259666
Self-Care Disability,Region IV-A (CALABARZON),Moderate,PH040000000,BATANGAS,PH041000000,3170,3033730,105.0,2.0211892990699383
Self-Care Disability,Region IV-A (CALABARZON),Moderate,PH040000000,CAVITE,PH042100000,3693,4210866,88.0,1.9444826721501687
Self-Care Disability,Region IV-A (CALABARZON),Moderate,PH040000000,LAGUNA,PH043400000,2752,3343703,83.0,1.919078092376074
Self-Care Disability,Region IV-A (CALABARZON),Moderate,PH040000000,QUEZON,PH045600000,2763,2260033,123.0,2.089905111439398
Self-Care Disability,Region IV-A (CALABARZON),Moderate,PH040000000,RIZAL,PH045800000,2649,3208959,83.0,1.919078092376074
Self-Care Disability,Region IV-A (CALABARZON),Severe,PH040000000,BATANGAS,PH041000000,4225,3033730,140.0,2.146128035678238
Self-Care Disability,Region IV-A (CALABARZON),Severe,PH040000000,CAVITE,PH042100000,4212,4210866,101.0,2.0043213737826426
Self-Care Disability,Region IV-A (CALABARZON),Severe,PH040000000,LAGUNA,PH043400000,3163,3343703,95.0,1.9777236052888478
Self-Care Disability,Region IV-A (CALABARZON),Severe,PH040000000,QUEZON,PH045600000,3345,2260033,149.0,2.173186268412274
Self-Care Disability,Region IV-A (CALABARZON),Severe,PH040000000,RIZAL,PH045800000,2967,3208959,93.0,1.968482948553935
Self-Care Disability,Region IX (Zamboanga Peninsula),Mild,PH090000000,CITY OF ISABELA (NOT A PROVINCE),PH099700000,529,127728,415.0,2.6180480967120925
Self-Care Disability,Region IX (Zamboanga Peninsula),Mild,PH090000000,ZAMBOANGA DEL NORTE,PH097200000,4631,1047292,443.0,2.6464037262230695
Self-Care Disability,Region IX (Zamboanga Peninsula),Mild,PH090000000,ZAMBOANGA DEL SUR,PH097300000,9067,1928337,471.0,2.673020907128896
Self-Care Disability,Region IX (Zamboanga Peninsula),Mild,PH090000000,ZAMBOANGA SIBUGAY,PH098300000,2458,679404,362.0,2.558708570533166
Self-Care Disability,Region IX (Zamboanga Peninsula),Moderate,PH090000000,CITY OF ISABELA (NOT A PROVINCE),PH099700000,127,127728,100.0,2.0
Self-Care Disability,Region IX (Zamboanga Peninsula),Moderate,PH090000000,ZAMBOANGA DEL NORTE,PH097200000,1335,1047292,128.0,2.1072099696478683
Self-Care Disability,Region IX (Zamboanga Peninsula),Moderate,PH090000000,ZAMBOANGA DEL SUR,PH097300000,2350,1928337,122.0,2.0863598306747484
Self-Care Disability,Region IX (Zamboanga Peninsula),Moderate,PH090000000,ZAMBOANGA SIBUGAY,PH098300000,807,679404,119.0,2.0755469613925306
Self-Care Disability,Region IX (Zamboanga Peninsula),Severe,PH090000000,CITY OF ISABELA (NOT A PROVINCE),PH099700000,314,127728,246.0,2.3909351071033793
Self-Care Disability,Region IX (Zamboanga Peninsula),Severe,PH090000000,ZAMBOANGA DEL NORTE,PH097200000,1521,1047292,146.0,2.164352855784437
Self-Care Disability,Region IX (Zamboanga Peninsula),Severe,PH090000000,ZAMBOANGA DEL SUR,PH097300000,2609,1928337,136.0,2.1335389083702174
Self-Care Disability,Region IX (Zamboanga Peninsula),Severe,PH090000000,ZAMBOANGA SIBUGAY,PH098300000,905,679404,134.0,2.1271047983648077
Self-Care Disability,Region V (Bicol Region),Mild,PH050000000,ALBAY,PH050500000,4736,1396088,340.0,2.531478917042255
Self-Care Disability,Region V (Bicol Region),Mild,PH050000000,CAMARINES NORTE,PH051600000,2069,622514,333.0,2.5224442335063197
Self-Care Disability,Region V (Bicol Region),Mild,PH050000000,CAMARINES SUR,PH051700000,7604,2059495,370.0,2.568201724066995
Self-Care Disability,Region V (Bicol Region),Mild,PH050000000,CATANDUANES,PH052000000,964,272941,354.0,2.5490032620257876
Self-Care Disability,Region V (Bicol Region),Mild,PH050000000,MASBATE,PH054100000,2696,937079,288.0,2.459392487759231
Self-Care Disability,Region V (Bicol Region),Mild,PH050000000,SORSOGON,PH056200000,3226,845718,382.0,2.582063362911709
Self-Care Disability,Region V (Bicol Region),Moderate,PH050000000,ALBAY,PH050500000,1862,1396088,134.0,2.1271047983648077
Self-Care Disability,Region V (Bicol Region),Moderate,PH050000000,CAMARINES NORTE,PH051600000,959,622514,155.0,2.1903316981702914
Self-Care Disability,Region V (Bicol Region),Moderate,PH050000000,CAMARINES SUR,PH051700000,2960,2059495,144.0,2.1583624920952498
Self-Care Disability,Region V (Bicol Region),Moderate,PH050000000,CATANDUANES,PH052000000,427,272941,157.0,2.1958996524092336
Self-Care Disability,Region V (Bicol Region),Moderate,PH050000000,MASBATE,PH054100000,845,937079,91.0,1.9590413923210936
Self-Care Disability,Region V (Bicol Region),Moderate,PH050000000,SORSOGON,PH056200000,1247,845718,148.0,2.1702617153949575
Self-Care Disability,Region V (Bicol Region),Severe,PH050000000,ALBAY,PH050500000,2415,1396088,173.0,2.2380461031287955
Self-Care Disability,Region V (Bicol Region),Severe,PH050000000,CAMARINES NORTE,PH051600000,1304,622514,210.0,2.322219294733919
Self-Care Disability,Region V (Bicol Region),Severe,PH050000000,CAMARINES SUR,PH051700000,4442,2059495,216.0,2.3344537511509307
Self-Care Disability,Region V (Bicol Region),Severe,PH050000000,CATANDUANES,PH052000000,783,272941,287.0,2.4578818967339924
Self-Care Disability,Region V (Bicol Region),Severe,PH050000000,MASBATE,PH054100000,1191,937079,128.0,2.1072099696478683
Self-Care Disability,Region V (Bicol Region),Severe,PH050000000,SORSOGON,PH056200000,1865,845718,221.0,2.3443922736851106
Self-Care Disability,Region VI (Western Visayas),Mild,PH060000000,AKLAN,PH060400000,3194,605584,528.0,2.722633922533812
Self-Care Disability,Region VI (Western Visayas),Mild,PH060000000,ANTIQUE,PH060600000,3588,612454,586.0,2.767897616018091
Self-Care Disability,Region VI (Western Visayas),Mild,PH060000000,CAPIZ,PH061900000,4073,803083,508.0,2.7058637122839193
Self-Care Disability,Region VI (Western Visayas),Mild,PH060000000,GUIMARAS,PH067900000,666,185174,360.0,2.5563025007672873
Self-Care Disability,Region VI (Western Visayas),Mild,PH060000000,ILOILO,PH063000000,12108,2524211,480.0,2.681241237375587
Self-Care Disability,Region VI (Western Visayas),Mild,PH060000000,NEGROS OCCIDENTAL,PH064500000,11554,3174389,364.0,2.561101383649056
Self-Care Disability,Region VI (Western Visayas),Moderate,PH060000000,AKLAN,PH060400000,1214,605584,201.0,2.303196057420489
Self-Care Disability,Region VI (Western Visayas),Moderate,PH060000000,ANTIQUE,PH060600000,1289,612454,211.0,2.3242824552976926
Self-Care Disability,Region VI (Western Visayas),Moderate,PH060000000,CAPIZ,PH061900000,1104,803083,138.0,2.1398790864012365
Self-Care Disability,Region VI (Western Visayas),Moderate,PH060000000,GUIMARAS,PH067900000,281,185174,152.0,2.1818435879447726
Self-Care Disability,Region VI (Western Visayas),Moderate,PH060000000,ILOILO,PH063000000,4279,2524211,170.0,2.230448921378274
Self-Care Disability,Region VI (Western Visayas),Moderate,PH060000000,NEGROS OCCIDENTAL,PH064500000,3516,3174389,111.0,2.0453229787866576
Self-Care Disability,Region VI (Western Visayas),Severe,PH060000000,AKLAN,PH060400000,1505,605584,249.0,2.3961993470957363
Self-Care Disability,Region VI (Western Visayas),Severe,PH060000000,ANTIQUE,PH060600000,1859,612454,304.0,2.482873583608754
Self-Care Disability,Region VI (Western Visayas),Severe,PH060000000,CAPIZ,PH061900000,1278,803083,160.0,2.2041199826559246
Self-Care Disability,Region VI (Western Visayas),Severe,PH060000000,GUIMARAS,PH067900000,385,185174,208.0,2.3180633349627615
Self-Care Disability,Region VI (Western Visayas),Severe,PH060000000,ILOILO,PH063000000,5858,2524211,233.0,2.367355921026019
Self-Care Disability,Region VI (Western Visayas),Severe,PH060000000,NEGROS OCCIDENTAL,PH064500000,4017,3174389,127.0,2.103803720955957
Self-Care Disability,Region VII (Central Visayas),Mild,PH070000000,BOHOL,PH071200000,5900,1365107,433.0,2.6364878963533656
Self-Care Disability,Region VII (Central Visayas),Mild,PH070000000,CEBU,PH072200000,15252,5085207,300.0,2.4771212547196626
Self-Care Disability,Region VII (Central Visayas),Mild,PH070000000,NEGROS ORIENTAL,PH074600000,6403,1406274,456.0,2.658964842664435
Self-Care Disability,Region VII (Central Visayas),Mild,PH070000000,SIQUIJOR,PH076100000,450,100457,448.0,2.651278013998144
Self-Care Disability,Region VII (Central Visayas),Moderate,PH070000000,BOHOL,PH071200000,2305,1365107,169.0,2.2278867046136734
Self-Care Disability,Region VII (Central Visayas),Moderate,PH070000000,CEBU,PH072200000,5743,5085207,113.0,2.0530784434834195
Self-Care Disability,Region VII (Central Visayas),Moderate,PH070000000,NEGROS ORIENTAL,PH074600000,2233,1406274,159.0,2.2013971243204513
Self-Care Disability,Region VII (Central Visayas),Moderate,PH070000000,SIQUIJOR,PH076100000,219,100457,219.0,2.3404441148401185
Self-Care Disability,Region VII (Central Visayas),Severe,PH070000000,BOHOL,PH071200000,3390,1365107,249.0,2.3961993470957363
Self-Care Disability,Region VII (Central Visayas),Severe,PH070000000,CEBU,PH072200000,7185,5085207,142.0,2.1522883443830563
Self-Care Disability,Region VII (Central Visayas),Severe,PH070000000,NEGROS ORIENTAL,PH074600000,2685,1406274,191.0,2.2810333672477277
Self-Care Disability,Region VII (Central Visayas),Severe,PH070000000,SIQUIJOR,PH076100000,305,100457,304.0,2.482873583608754
Self-Care Disability,Region VIII (Eastern Visayas),Mild,PH080000000,BILIRAN,PH087800000,617,179362,344.0,2.53655844257153
Self-Care Disability,Region VIII (Eastern Visayas),Mild,PH080000000,EASTERN SAMAR,PH082600000,1807,503495,359.0,2.5550944485783194
Self-Care Disability,Region VIII (Eastern Visayas),Mild,PH080000000,LEYTE,PH083700000,7293,2124269,344.0,2.53655844257153
Self-Care Disability,Region VIII (Eastern Visayas),Mild,PH080000000,NORTHERN SAMAR,PH084800000,3083,668766,461.0,2.663700925389648
Self-Care Disability,Region VIII (Eastern Visayas),Mild,PH080000000,SAMAR (WESTERN SAMAR),PH086000000,2190,822095,267.0,2.4265112613645754
Self-Care Disability,Region VIII (Eastern Visayas),Mild,PH080000000,SOUTHERN LEYTE,PH086400000,2745,444355,618.0,2.790988475088816
Self-Care Disability,Region VIII (Eastern Visayas),Moderate,PH080000000,BILIRAN,PH087800000,241,179362,135.0,2.130333768495006
Self-Care Disability,Region VIII (Eastern Visayas),Moderate,PH080000000,EASTERN SAMAR,PH082600000,703,503495,140.0,2.146128035678238
Self-Care Disability,Region VIII (Eastern Visayas),Moderate,PH080000000,LEYTE,PH083700000,2725,2124269,129.0,2.110589710299249
Self-Care Disability,Region VIII (Eastern Visayas),Moderate,PH080000000,NORTHERN SAMAR,PH084800000,814,668766,122.0,2.0863598306747484
Self-Care Disability,Region VIII (Eastern Visayas),Moderate,PH080000000,SAMAR (WESTERN SAMAR),PH086000000,710,822095,87.0,1.9395192526186185
Self-Care Disability,Region VIII (Eastern Visayas),Moderate,PH080000000,SOUTHERN LEYTE,PH086400000,824,444355,186.0,2.2695129442179165
Self-Care Disability,Region VIII (Eastern Visayas),Severe,PH080000000,BILIRAN,PH087800000,415,179362,232.0,2.3654879848909
Self-Care Disability,Region VIII (Eastern Visayas),Severe,PH080000000,EASTERN SAMAR,PH082600000,933,503495,186.0,2.2695129442179165
Self-Care Disability,Region VIII (Eastern Visayas),Severe,PH080000000,LEYTE,PH083700000,4005,2124269,189.0,2.2764618041732443
Self-Care Disability,Region VIII (Eastern Visayas),Severe,PH080000000,NORTHERN SAMAR,PH084800000,1196,668766,179.0,2.2528530309798933
Self-Care Disability,Region VIII (Eastern Visayas),Severe,PH080000000,SAMAR (WESTERN SAMAR),PH086000000,944,822095,115.0,2.060697840353612
Self-Care Disability,Region VIII (Eastern Visayas),Severe,PH080000000,SOUTHERN LEYTE,PH086400000,1115,444355,251.0,2.399673721481038
Self-Care Disability,Region X (Northern Mindanao),Mild,PH100000000,BUKIDNON,PH101300000,6649,1510189,441.0,2.6444385894678386
Self-Care Disability,Region X (Northern Mindanao),Mild,PH100000000,CAMIGUIN,PH101800000,337,92431,365.0,2.5622928644564746
Self-Care Disability,Region X (Northern Mindanao),Mild,PH100000000,LANAO DEL NORTE,PH103500000,3896,1095270,356.0,2.5514499979728753
Self-Care Disability,Region X (Northern Mindanao),Mild,PH100000000,MISAMIS OCCIDENTAL,PH104200000,2566,627158,410.0,2.6127838567197355
Self-Care Disability,Region X (Northern Mindanao),Mild,PH100000000,MISAMIS ORIENTAL,PH104300000,5410,1692002,320.0,2.505149978319906
Self-Care Disability,Region X (Northern Mindanao),Moderate,PH100000000,BUKIDNON,PH101300000,2085,1510189,139.0,2.143014800254095
Self-Care Disability,Region X (Northern Mindanao),Moderate,PH100000000,CAMIGUIN,PH101800000,174,92431,189.0,2.2764618041732443
Self-Care Disability,Region X (Northern Mindanao),Moderate,PH100000000,LANAO DEL NORTE,PH103500000,1048,1095270,96.0,1.9822712330395684
Self-Care Disability,Region X (Northern Mindanao),Moderate,PH100000000,MISAMIS OCCIDENTAL,PH104200000,946,627158,151.0,2.1789769472931693
Self-Care Disability,Region X (Northern Mindanao),Moderate,PH100000000,MISAMIS ORIENTAL,PH104300000,2037,1692002,121.0,2.0827853703164503
Self-Care Disability,Region X (Northern Mindanao),Severe,PH100000000,BUKIDNON,PH101300000,2297,1510189,153.0,2.184691430817599
Self-Care Disability,Region X (Northern Mindanao),Severe,PH100000000,CAMIGUIN,PH101800000,299,92431,324.0,2.510545010206612
Self-Care Disability,Region X (Northern Mindanao),Severe,PH100000000,LANAO DEL NORTE,PH103500000,1141,1095270,105.0,2.0211892990699383
Self-Care Disability,Region X (Northern Mindanao),Severe,PH100000000,MISAMIS OCCIDENTAL,PH104200000,1192,627158,191.0,2.2810333672477277
Self-Care Disability,Region X (Northern Mindanao),Severe,PH100000000,MISAMIS ORIENTAL,PH104300000,2533,1692002,150.0,2.1760912590556813
Self-Care Disability,Region XIII (Caraga),Mild,PH160000000,AGUSAN DEL NORTE,PH160200000,2562,738775,347.0,2.5403294747908736
Self-Care Disability,Region XIII (Caraga),Mild,PH160000000,AGUSAN DEL SUR,PH160300000,2181,734982,297.0,2.4727564493172123
Self-Care Disability,Region XIII (Caraga),Mild,PH160000000,DINAGAT ISLANDS,PH168500000,538,130671,412.0,2.6148972160331345
Self-Care Disability,Region XIII (Caraga),Mild,PH160000000,SURIGAO DEL NORTE,PH166700000,1966,528148,373.0,2.571708831808688
Self-Care Disability,Region XIII (Caraga),Mild,PH160000000,SURIGAO DEL SUR,PH166800000,2378,620531,384.0,2.584331224367531
Self-Care Disability,Region XIII (Caraga),Moderate,PH160000000,AGUSAN DEL NORTE,PH160200000,987,738775,134.0,2.1271047983648077
Self-Care Disability,Region XIII (Caraga),Moderate,PH160000000,AGUSAN DEL SUR,PH160300000,947,734982,129.0,2.110589710299249
Self-Care Disability,Region XIII (Caraga),Moderate,PH160000000,DINAGAT ISLANDS,PH168500000,185,130671,142.0,2.1522883443830563
Self-Care Disability,Region XIII (Caraga),Moderate,PH160000000,SURIGAO DEL NORTE,PH166700000,723,528148,137.0,2.1367205671564067
Self-Care Disability,Region XIII (Caraga),Moderate,PH160000000,SURIGAO DEL SUR,PH166800000,872,620531,141.0,2.1492191126553797
Self-Care Disability,Region XIII (Caraga),Severe,PH160000000,AGUSAN DEL NORTE,PH160200000,1182,738775,160.0,2.2041199826559246
Self-Care Disability,Region XIII (Caraga),Severe,PH160000000,AGUSAN DEL SUR,PH160300000,1161,734982,158.0,2.1986570869544226
Self-Care Disability,Region XIII (Caraga),Severe,PH160000000,DINAGAT ISLANDS,PH168500000,215,130671,165.0,2.2174839442139063
Self-Care Disability,Region XIII (Caraga),Severe,PH160000000,SURIGAO DEL NORTE,PH166700000,915,528148,174.0,2.2405492482826
Self-Care Disability,Region XIII (Caraga),Severe,PH160000000,SURIGAO DEL SUR,PH166800000,1115,620531,180.0,2.255272505103306
Visual Disability,BANGSAMORO AUTONOMOUS REGION IN MUSLIM MINDANAO (BARMM),Mild,PH150000000,BASILAN,PH150700000,6913,386697,1788.0,3.2523675144598987
Visual Disability,BANGSAMORO AUTONOMOUS REGION IN MUSLIM MINDANAO (BARMM),Mild,PH150000000,LANAO DEL SUR,PH153600000,62497,1146287,5453.0,3.7366354976868212
Visual Disability,BANGSAMORO AUTONOMOUS REGION IN MUSLIM MINDANAO (BARMM),Mild,PH150000000,MAGUINDANAO,PH153800000,27924,1323051,2111.0,3.3244882333076564
Visual Disability,BANGSAMORO AUTONOMOUS REGION IN MUSLIM MINDANAO (BARMM),Mild,PH150000000,SULU,PH156600000,4654,913590,510.0,2.7075701760979363
Visual Disability,BANGSAMORO AUTONOMOUS REGION IN MUSLIM MINDANAO (BARMM),Mild,PH150000000,TAWI-TAWI,PH157000000,6074,413690,1469.0,3.1670217957902564
Visual Disability,BANGSAMORO AUTONOMOUS REGION IN MUSLIM MINDANAO (BARMM),Moderate,PH150000000,BASILAN,PH150700000,301,386697,78.0,1.8920946026904804
Visual Disability,BANGSAMORO AUTONOMOUS REGION IN MUSLIM MINDANAO (BARMM),Moderate,PH150000000,LANAO DEL SUR,PH153600000,3517,1146287,307.0,2.4871383754771865
Visual Disability,BANGSAMORO AUTONOMOUS REGION IN MUSLIM MINDANAO (BARMM),Moderate,PH150000000,MAGUINDANAO,PH153800000,1522,1323051,116.0,2.0644579892269186
Visual Disability,BANGSAMORO AUTONOMOUS REGION IN MUSLIM MINDANAO (BARMM),Moderate,PH150000000,SULU,PH156600000,190,913590,21.0,1.3222192947339193
Visual Disability,BANGSAMORO AUTONOMOUS REGION IN MUSLIM MINDANAO (BARMM),Moderate,PH150000000,TAWI-TAWI,PH157000000,243,413690,59.0,1.7708520116421442
Visual Disability,BANGSAMORO AUTONOMOUS REGION IN MUSLIM MINDANAO (BARMM),Severe,PH150000000,BASILAN,PH150700000,276,386697,72.0,1.8573324964312685
Visual Disability,BANGSAMORO AUTONOMOUS REGION IN MUSLIM MINDANAO (BARMM),Severe,PH150000000,LANAO DEL SUR,PH153600000,1202,1146287,105.0,2.0211892990699383
Visual Disability,BANGSAMORO AUTONOMOUS REGION IN MUSLIM MINDANAO (BARMM),Severe,PH150000000,MAGUINDANAO,PH153800000,868,1323051,66.0,1.8195439355418688
Visual Disability,BANGSAMORO AUTONOMOUS REGION IN MUSLIM MINDANAO (BARMM),Severe,PH150000000,SULU,PH156600000,1164,913590,128.0,2.1072099696478683
Visual Disability,BANGSAMORO AUTONOMOUS REGION IN MUSLIM MINDANAO (BARMM),Severe,PH150000000,TAWI-TAWI,PH157000000,144,413690,35.0,1.5440680443502757
Visual Disability,Cordillera Administrative Region (CAR),Mild,PH140000000,ABRA,PH140100000,19496,247402,7881.0,3.8965813275057326
Visual Disability,Cordillera Administrative Region (CAR),Mild,PH140000000,APAYAO,PH148100000,7414,123899,5984.0,3.776991584856405
Visual Disability,Cordillera Administrative Region (CAR),Mild,PH140000000,BENGUET,PH141100000,46666,848552,5500.0,3.7403626894942437
Visual Disability,Cordillera Administrative Region (CAR),Mild,PH140000000,IFUGAO,PH142700000,7245,210669,3440.0,3.53655844257153
Visual Disability,Cordillera Administrative Region (CAR),Mild,PH140000000,KALINGA,PH143200000,8987,220230,4081.0,3.610766594773271
Visual Disability,Cordillera Administrative Region (CAR),Mild,PH140000000,MOUNTAIN PROVINCE,PH144400000,4818,156987,3070.0,3.4871383754771865
Visual Disability,Cordillera Administrative Region (CAR),Moderate,PH140000000,ABRA,PH140100000,1723,247402,697.0,2.8432327780980096
Visual Disability,Cordillera Administrative Region (CAR),Moderate,PH140000000,APAYAO,PH148100000,696,123899,562.0,2.749736315569061
Visual Disability,Cordillera Administrative Region (CAR),Moderate,PH140000000,BENGUET,PH141100000,3510,848552,414.0,2.617000341120899
Visual Disability,Cordillera Administrative Region (CAR),Moderate,PH140000000,IFUGAO,PH142700000,625,210669,297.0,2.4727564493172123
Visual Disability,Cordillera Administrative Region (CAR),Moderate,PH140000000,KALINGA,PH143200000,727,220230,331.0,2.519827993775719
Visual Disability,Cordillera Administrative Region (CAR),Moderate,PH140000000,MOUNTAIN PROVINCE,PH144400000,452,156987,288.0,2.459392487759231
Visual Disability,Cordillera Administrative Region (CAR),Severe,PH140000000,ABRA,PH140100000,247,247402,100.0,2.0
Visual Disability,Cordillera Administrative Region (CAR),Severe,PH140000000,APAYAO,PH148100000,128,123899,104.0,2.0170333392987803
Visual Disability,Cordillera Administrative Region (CAR),Severe,PH140000000,BENGUET,PH141100000,601,848552,71.0,1.8512583487190752
Visual Disability,Cordillera Administrative Region (CAR),Severe,PH140000000,IFUGAO,PH142700000,123,210669,59.0,1.7708520116421442
Visual Disability,Cordillera Administrative Region (CAR),Severe,PH140000000,KALINGA,PH143200000,181,220230,83.0,1.919078092376074
Visual Disability,Cordillera Administrative Region (CAR),Severe,PH140000000,MOUNTAIN PROVINCE,PH144400000,87,156987,56.0,1.7481880270062005
Visual Disability,MIMAROPA Region,Mild,PH170000000,MARINDUQUE,PH174000000,20493,241036,8503.0,3.92957217907655
Visual Disability,MIMAROPA Region,Mild,PH170000000,OCCIDENTAL MINDORO,PH175100000,38575,515134,7489.0,3.874423830586502
Visual Disability,MIMAROPA Region,Mild,PH170000000,ORIENTAL MINDORO,PH175200000,70611,901270,7835.0,3.894039000804609
Visual Disability,MIMAROPA Region,Mild,PH170000000,PALAWAN,PH175300000,93207,1216009,7665.0,3.884512159190394
Visual Disability,MIMAROPA Region,Mild,PH170000000,ROMBLON,PH175900000,31605,301407,10486.0,4.020609853377705
Visual Disability,MIMAROPA Region,Moderate,PH170000000,MARINDUQUE,PH174000000,1626,241036,675.0,2.829303772831025
Visual Disability,MIMAROPA Region,Moderate,PH170000000,OCCIDENTAL MINDORO,PH175100000,2220,515134,431.0,2.6344772701607315
Visual Disability,MIMAROPA Region,Moderate,PH170000000,ORIENTAL MINDORO,PH175200000,5708,901270,634.0,2.802089257881733
Visual Disability,MIMAROPA Region,Moderate,PH170000000,PALAWAN,PH175300000,7616,1216009,627.0,2.7972675408307164
Visual Disability,MIMAROPA Region,Moderate,PH170000000,ROMBLON,PH175900000,2853,301407,947.0,2.9763499790032735
Visual Disability,MIMAROPA Region,Severe,PH170000000,MARINDUQUE,PH174000000,345,241036,144.0,2.1583624920952498
Visual Disability,MIMAROPA Region,Severe,PH170000000,OCCIDENTAL MINDORO,PH175100000,351,515134,69.0,1.8388490907372552
Visual Disability,MIMAROPA Region,Severe,PH170000000,ORIENTAL MINDORO,PH175200000,625,901270,70.0,1.845098040014257
Visual Disability,MIMAROPA Region,Severe,PH170000000,PALAWAN,PH175300000,701,1216009,58.0,1.7634279935629373
Visual Disability,MIMAROPA Region,Severe,PH170000000,ROMBLON,PH175900000,314,301407,105.0,2.0211892990699383
Visual Disability,National Capital Region (NCR),Mild,PH130000000,"NCR, FIRST DISTRICT (NOT A PROVINCE)",PH133900000,141933,1886920,7522.0,3.87633332908638
Visual Disability,National Capital Region (NCR),Mild,PH130000000,"NCR, FOURTH DISTRICT (NOT A PROVINCE)",PH137600000,197785,4015981,4925.0,3.6924062348336304
Visual Disability,National Capital Region (NCR),Mild,PH130000000,"NCR, SECOND DISTRICT (NOT A PROVINCE)",PH137400000,231183,4960933,4661.0,3.6684791029325856
Visual Disability,National Capital Region (NCR),Mild,PH130000000,"NCR, THIRD DISTRICT (NOT A PROVINCE)",PH137500000,184846,2940822,6286.0,3.7983743766815614
Visual Disability,National Capital Region (NCR),Moderate,PH130000000,"NCR, FIRST DISTRICT (NOT A PROVINCE)",PH133900000,9022,1886920,479.0,2.680335513414563
Visual Disability,National Capital Region (NCR),Moderate,PH130000000,"NCR, FOURTH DISTRICT (NOT A PROVINCE)",PH137600000,11570,4015981,289.0,2.4608978427565478
Visual Disability,National Capital Region (NCR),Moderate,PH130000000,"NCR, SECOND DISTRICT (NOT A PROVINCE)",PH137400000,14736,4960933,298.0,2.4742162640762553
Visual Disability,National Capital Region (NCR),Moderate,PH130000000,"NCR, THIRD DISTRICT (NOT A PROVINCE)",PH137500000,10731,2940822,365.0,2.5622928644564746
Visual Disability,National Capital Region (NCR),Severe,PH130000000,"NCR, FIRST DISTRICT (NOT A PROVINCE)",PH133900000,1163,1886920,62.0,1.792391689498254
Visual Disability,National Capital Region (NCR),Severe,PH130000000,"NCR, FOURTH DISTRICT (NOT A PROVINCE)",PH137600000,1758,4015981,44.0,1.6434526764861874
Visual Disability,National Capital Region (NCR),Severe,PH130000000,"NCR, SECOND DISTRICT (NOT A PROVINCE)",PH137400000,2268,4960933,46.0,1.662757831681574
Visual Disability,National Capital Region (NCR),Severe,PH130000000,"NCR, THIRD DISTRICT (NOT A PROVINCE)",PH137500000,1313,2940822,45.0,1.6532125137753437
Visual Disability,REGION XI (DAVAO REGION),Mild,PH110000000,COMPOSTELA VALLEY,PH118200000,52246,774102,6750.0,3.829303772831025
Visual Disability,REGION XI (DAVAO REGION),Mild,PH110000000,DAVAO DEL NORTE,PH112300000,65526,1056457,6203.0,3.7926017811649664
Visual Disability,REGION XI (DAVAO REGION),Mild,PH110000000,DAVAO DEL SUR,PH112400000,121129,2520852,4806.0,3.6817837664678814
Visual Disability,REGION XI (DAVAO REGION),Mild,PH110000000,DAVAO OCCIDENTAL,PH118600000,14282,338925,4214.0,3.6246945312720813
Visual Disability,REGION XI (DAVAO REGION),Mild,PH110000000,DAVAO ORIENTAL,PH112500000,29364,600531,4890.0,3.6893088591236203
Visual Disability,REGION XI (DAVAO REGION),Moderate,PH110000000,COMPOSTELA VALLEY,PH118200000,4396,774102,568.0,2.754348335711019
Visual Disability,REGION XI (DAVAO REGION),Moderate,PH110000000,DAVAO DEL NORTE,PH112300000,4170,1056457,395.0,2.59659709562646
Visual Disability,REGION XI (DAVAO REGION),Moderate,PH110000000,DAVAO DEL SUR,PH112400000,7692,2520852,306.0,2.48572142648158
Visual Disability,REGION XI (DAVAO REGION),Moderate,PH110000000,DAVAO OCCIDENTAL,PH118600000,1137,338925,336.0,2.526339277389844
Visual Disability,REGION XI (DAVAO REGION),Moderate,PH110000000,DAVAO ORIENTAL,PH112500000,2630,600531,438.0,2.6414741105040997
Visual Disability,REGION XI (DAVAO REGION),Severe,PH110000000,COMPOSTELA VALLEY,PH118200000,531,774102,69.0,1.8388490907372552
Visual Disability,REGION XI (DAVAO REGION),Severe,PH110000000,DAVAO DEL NORTE,PH112300000,617,1056457,59.0,1.7708520116421442
Visual Disability,REGION XI (DAVAO REGION),Severe,PH110000000,DAVAO DEL SUR,PH112400000,1318,2520852,53.0,1.724275869600789
Visual Disability,REGION XI (DAVAO REGION),Severe,PH110000000,DAVAO OCCIDENTAL,PH118600000,158,338925,47.0,1.6720978579357175
Visual Disability,REGION XI (DAVAO REGION),Severe,PH110000000,DAVAO ORIENTAL,PH112500000,354,600531,59.0,1.7708520116421442
Visual Disability,REGION XII (SOCCSKSARGEN),Mild,PH120000000,COTABATO (NORTH COTABATO),PH124700000,61819,1527149,4049.0,3.6073477767684134
Visual Disability,REGION XII (SOCCSKSARGEN),Mild,PH120000000,SARANGANI,PH128000000,168988,583791,28947.0,4.461603561121925
Visual Disability,REGION XII (SOCCSKSARGEN),Mild,PH120000000,SOUTH COTABATO,PH126300000,79569,1644256,4840.0,3.6848453616444123
Visual Disability,REGION XII (SOCCSKSARGEN),Mild,PH120000000,SULTAN KUDARAT,PH126500000,36401,855241,4257.0,3.6291036501771363
Visual Disability,REGION XII (SOCCSKSARGEN),Moderate,PH120000000,COTABATO (NORTH COTABATO),PH124700000,4273,1527149,280.0,2.4471580313422194
Visual Disability,REGION XII (SOCCSKSARGEN),Moderate,PH120000000,SARANGANI,PH128000000,12628,583791,2164.0,3.3352572564345317
Visual Disability,REGION XII (SOCCSKSARGEN),Moderate,PH120000000,SOUTH COTABATO,PH126300000,5182,1644256,316.0,2.499687082618404
Visual Disability,REGION XII (SOCCSKSARGEN),Moderate,PH120000000,SULTAN KUDARAT,PH126500000,2081,855241,244.0,2.387389826338729
Visual Disability,REGION XII (SOCCSKSARGEN),Severe,PH120000000,COTABATO (NORTH COTABATO),PH124700000,758,1527149,50.0,1.6989700043360187
Visual Disability,REGION XII (SOCCSKSARGEN),Severe,PH120000000,SARANGANI,PH128000000,2016,583791,346.0,2.5390760987927767
Visual Disability,REGION XII (SOCCSKSARGEN),Severe,PH120000000,SOUTH COTABATO,PH126300000,833,1644256,51.0,1.7075701760979363
Visual Disability,REGION XII (SOCCSKSARGEN),Severe,PH120000000,SULTAN KUDARAT,PH126500000,334,855241,40.0,1.6020599913279623
Visual Disability,Region I (Ilocos Region),Mild,PH010000000,ILOCOS NORTE,PH012800000,29074,613421,4740.0,3.6757783416740852
Visual Disability,Region I (Ilocos Region),Mild,PH010000000,ILOCOS SUR,PH012900000,56809,715810,7937.0,3.8996563803056357
Visual Disability,Region I (Ilocos Region),Mild,PH010000000,LA UNION,PH013300000,53116,828194,6414.0,3.8071289555924217
Visual Disability,Region I (Ilocos Region),Mild,PH010000000,PANGASINAN,PH015500000,219259,3113382,7043.0,3.8477576883923312
Visual Disability,Region I (Ilocos Region),Moderate,PH010000000,ILOCOS NORTE,PH012800000,2317,613421,378.0,2.5774917998372255
Visual Disability,Region I (Ilocos Region),Moderate,PH010000000,ILOCOS SUR,PH012900000,4135,715810,578.0,2.761927838420529
Visual Disability,Region I (Ilocos Region),Moderate,PH010000000,LA UNION,PH013300000,3743,828194,452.0,2.655138434811382
Visual Disability,Region I (Ilocos Region),Moderate,PH010000000,PANGASINAN,PH015500000,12865,3113382,414.0,2.617000341120899
Visual Disability,Region I (Ilocos Region),Severe,PH010000000,ILOCOS NORTE,PH012800000,673,613421,110.0,2.041392685158225
Visual Disability,Region I (Ilocos Region),Severe,PH010000000,ILOCOS SUR,PH012900000,782,715810,110.0,2.041392685158225
Visual Disability,Region I (Ilocos Region),Severe,PH010000000,LA UNION,PH013300000,877,828194,106.0,2.0253058652647704
Visual Disability,Region I (Ilocos Region),Severe,PH010000000,PANGASINAN,PH015500000,2761,3113382,89.0,1.9493900066449128
Visual Disability,Region II (Cagayan Valley),Mild,PH020000000,BATANES,PH020900000,857,17874,4795.0,3.6807886115066824
Visual Disability,Region II (Cagayan Valley),Mild,PH020000000,CAGAYAN,PH021500000,93284,1273322,7327.0,3.8649261915390056
Visual Disability,Region II (Cagayan Valley),Mild,PH020000000,ISABELA,PH023100000,141789,1685739,8412.0,3.9248992640142837
Visual Disability,Region II (Cagayan Valley),Mild,PH020000000,NUEVA VIZCAYA,PH025000000,33299,482894,6896.0,3.8385972528166565
Visual Disability,Region II (Cagayan Valley),Mild,PH020000000,QUIRINO,PH025700000,9845,197917,4975.0,3.6967930850817443
Visual Disability,Region II (Cagayan Valley),Moderate,PH020000000,BATANES,PH020900000,77,17874,431.0,2.6344772701607315
Visual Disability,Region II (Cagayan Valley),Moderate,PH020000000,CAGAYAN,PH021500000,6347,1273322,499.0,2.6981005456233897
Visual Disability,Region II (Cagayan Valley),Moderate,PH020000000,ISABELA,PH023100000,9011,1685739,535.0,2.7283537820212285
Visual Disability,Region II (Cagayan Valley),Moderate,PH020000000,NUEVA VIZCAYA,PH025000000,2362,482894,490.0,2.690196080028514
Visual Disability,Region II (Cagayan Valley),Moderate,PH020000000,QUIRINO,PH025700000,612,197917,310.0,2.4913616938342726
Visual Disability,Region II (Cagayan Valley),Severe,PH020000000,BATANES,PH020900000,16,17874,90.0,1.954242509439325
Visual Disability,Region II (Cagayan Valley),Severe,PH020000000,CAGAYAN,PH021500000,1365,1273322,108.0,2.03342375548695
Visual Disability,Region II (Cagayan Valley),Severe,PH020000000,ISABELA,PH023100000,1676,1685739,100.0,2.0
Visual Disability,Region II (Cagayan Valley),Severe,PH020000000,NUEVA VIZCAYA,PH025000000,380,482894,79.0,1.8976270912904414
Visual Disability,Region II (Cagayan Valley),Severe,PH020000000,QUIRINO,PH025700000,135,197917,69.0,1.8388490907372552
Visual Disability,Region III (Central Luzon),Mild,PH030000000,AURORA,PH037700000,9380,227530,4123.0,3.6152133348013584
Visual Disability,Region III (Central Luzon),Mild,PH030000000,BATAAN,PH030800000,61905,836076,7405.0,3.8695250628572273
Visual Disability,Region III (Central Luzon),Mild,PH030000000,BULACAN,PH031400000,280526,3646679,7693.0,3.8860957324377474
Visual Disability,Region III (Central Luzon),Mild,PH030000000,NUEVA ECIJA,PH034900000,198451,2355414,8426.0,3.925621454790829
Visual Disability,Region III (Central Luzon),Mild,PH030000000,PAMPANGA,PH035400000,121219,2893624,4190.0,3.622214022966295
Visual Disability,Region III (Central Luzon),Mild,PH030000000,TARLAC,PH036900000,73137,1460137,5009.0,3.699751031689514
Visual Disability,Region III (Central Luzon),Mild,PH030000000,ZAMBALES,PH037100000,71203,894254,7963.0,3.901076715726255
Visual Disability,Region III (Central Luzon),Moderate,PH030000000,AURORA,PH037700000,603,227530,266.0,2.424881636631067
Visual Disability,Region III (Central Luzon),Moderate,PH030000000,BATAAN,PH030800000,4229,836076,506.0,2.7041505168397992
Visual Disability,Region III (Central Luzon),Moderate,PH030000000,BULACAN,PH031400000,17493,3646679,480.0,2.681241237375587
Visual Disability,Region III (Central Luzon),Moderate,PH030000000,NUEVA ECIJA,PH034900000,9982,2355414,424.0,2.6273658565927325
Visual Disability,Region III (Central Luzon),Moderate,PH030000000,PAMPANGA,PH035400000,5836,2893624,202.0,2.305351369446624
Visual Disability,Region III (Central Luzon),Moderate,PH030000000,TARLAC,PH036900000,3960,1460137,272.0,2.4345689040341987
Visual Disability,Region III (Central Luzon),Moderate,PH030000000,ZAMBALES,PH037100000,4590,894254,514.0,2.710963118995276
Visual Disability,Region III (Central Luzon),Severe,PH030000000,AURORA,PH037700000,142,227530,63.0,1.7993405494535817
Visual Disability,Region III (Central Luzon),Severe,PH030000000,BATAAN,PH030800000,401,836076,48.0,1.6812412373755872
Visual Disability,Region III (Central Luzon),Severe,PH030000000,BULACAN,PH031400000,2240,3646679,62.0,1.792391689498254
Visual Disability,Region III (Central Luzon),Severe,PH030000000,NUEVA ECIJA,PH034900000,1584,2355414,68.0,1.8325089127062364
Visual Disability,Region III (Central Luzon),Severe,PH030000000,PAMPANGA,PH035400000,2620,2893624,91.0,1.9590413923210936
Visual Disability,Region III (Central Luzon),Severe,PH030000000,TARLAC,PH036900000,1505,1460137,104.0,2.0170333392987803
Visual Disability,Region III (Central Luzon),Severe,PH030000000,ZAMBALES,PH037100000,555,894254,63.0,1.7993405494535817
Visual Disability,Region IV-A (CALABARZON),Mild,PH040000000,BATANGAS,PH041000000,147975,3033730,4878.0,3.688241795977712
Visual Disability,Region IV-A (CALABARZON),Mild,PH040000000,CAVITE,PH042100000,216770,4210866,5148.0,3.711638538232349
Visual Disability,Region IV-A (CALABARZON),Mild,PH040000000,LAGUNA,PH043400000,174834,3343703,5229.0,3.7184186418296554
Visual Disability,Region IV-A (CALABARZON),Mild,PH040000000,QUEZON,PH045600000,160152,2260033,7087.0,3.8504624327615167
Visual Disability,Region IV-A (CALABARZON),Mild,PH040000000,RIZAL,PH045800000,174321,3208959,5433.0,3.7350397050337207
Visual Disability,Region IV-A (CALABARZON),Moderate,PH040000000,BATANGAS,PH041000000,9217,3033730,304.0,2.482873583608754
Visual Disability,Region IV-A (CALABARZON),Moderate,PH040000000,CAVITE,PH042100000,12407,4210866,295.0,2.469822015978163
Visual Disability,Region IV-A (CALABARZON),Moderate,PH040000000,LAGUNA,PH043400000,9104,3343703,273.0,2.436162647040756
Visual Disability,Region IV-A (CALABARZON),Moderate,PH040000000,QUEZON,PH045600000,10767,2260033,477.0,2.678518379040114
Visual Disability,Region IV-A (CALABARZON),Moderate,PH040000000,RIZAL,PH045800000,10299,3208959,321.0,2.506505032404872
Visual Disability,Region IV-A (CALABARZON),Severe,PH040000000,BATANGAS,PH041000000,1663,3033730,55.0,1.7403626894942439
Visual Disability,Region IV-A (CALABARZON),Severe,PH040000000,CAVITE,PH042100000,2181,4210866,52.0,1.7160033436347992
Visual Disability,Region IV-A (CALABARZON),Severe,PH040000000,LAGUNA,PH043400000,1579,3343703,48.0,1.6812412373755872
Visual Disability,Region IV-A (CALABARZON),Severe,PH040000000,QUEZON,PH045600000,1346,2260033,60.0,1.7781512503836436
Visual Disability,Region IV-A (CALABARZON),Severe,PH040000000,RIZAL,PH045800000,1686,3208959,53.0,1.724275869600789
Visual Disability,Region IX (Zamboanga Peninsula),Mild,PH090000000,CITY OF ISABELA (NOT A PROVINCE),PH099700000,3432,127728,2687.0,3.4292676664331685
Visual Disability,Region IX (Zamboanga Peninsula),Mild,PH090000000,ZAMBOANGA DEL NORTE,PH097200000,61022,1047292,5827.0,3.76544501809015
Visual Disability,Region IX (Zamboanga Peninsula),Mild,PH090000000,ZAMBOANGA DEL SUR,PH097300000,92291,1928337,4787.0,3.6800634274819486
Visual Disability,Region IX (Zamboanga Peninsula),Mild,PH090000000,ZAMBOANGA SIBUGAY,PH098300000,46095,679404,6785.0,3.831549851995756
Visual Disability,Region IX (Zamboanga Peninsula),Moderate,PH090000000,CITY OF ISABELA (NOT A PROVINCE),PH099700000,150,127728,118.0,2.0718820073061255
Visual Disability,Region IX (Zamboanga Peninsula),Moderate,PH090000000,ZAMBOANGA DEL NORTE,PH097200000,4421,1047292,423.0,2.6263403673750423
Visual Disability,Region IX (Zamboanga Peninsula),Moderate,PH090000000,ZAMBOANGA DEL SUR,PH097300000,6339,1928337,329.0,2.5171958979499744
Visual Disability,Region IX (Zamboanga Peninsula),Moderate,PH090000000,ZAMBOANGA SIBUGAY,PH098300000,3096,679404,456.0,2.658964842664435
Visual Disability,Region IX (Zamboanga Peninsula),Severe,PH090000000,CITY OF ISABELA (NOT A PROVINCE),PH099700000,139,127728,109.0,2.037426497940624
Visual Disability,Region IX (Zamboanga Peninsula),Severe,PH090000000,ZAMBOANGA DEL NORTE,PH097200000,736,1047292,71.0,1.8512583487190752
Visual Disability,Region IX (Zamboanga Peninsula),Severe,PH090000000,ZAMBOANGA DEL SUR,PH097300000,1189,1928337,62.0,1.792391689498254
Visual Disability,Region IX (Zamboanga Peninsula),Severe,PH090000000,ZAMBOANGA SIBUGAY,PH098300000,455,679404,67.0,1.8260748027008264
Visual Disability,Region V (Bicol Region),Mild,PH050000000,ALBAY,PH050500000,84926,1396088,6084.0,3.7841892053809607
Visual Disability,Region V (Bicol Region),Mild,PH050000000,CAMARINES NORTE,PH051600000,41228,622514,6623.0,3.8210547550468883
Visual Disability,Region V (Bicol Region),Mild,PH050000000,CAMARINES SUR,PH051700000,149818,2059495,7275.0,3.861832997657945
Visual Disability,Region V (Bicol Region),Mild,PH050000000,CATANDUANES,PH052000000,15536,272941,5693.0,3.7553411838115474
Visual Disability,Region V (Bicol Region),Mild,PH050000000,MASBATE,PH054100000,47595,937079,5080.0,3.7058637122839193
Visual Disability,Region V (Bicol Region),Mild,PH050000000,SORSOGON,PH056200000,63251,845718,7479.0,3.873843533223436
Visual Disability,Region V (Bicol Region),Moderate,PH050000000,ALBAY,PH050500000,5442,1396088,390.0,2.591064607026499
Visual Disability,Region V (Bicol Region),Moderate,PH050000000,CAMARINES NORTE,PH051600000,3330,622514,535.0,2.7283537820212285
Visual Disability,Region V (Bicol Region),Moderate,PH050000000,CAMARINES SUR,PH051700000,13024,2059495,633.0,2.801403710017355
Visual Disability,Region V (Bicol Region),Moderate,PH050000000,CATANDUANES,PH052000000,1239,272941,454.0,2.6570558528571038
Visual Disability,Region V (Bicol Region),Moderate,PH050000000,MASBATE,PH054100000,3219,937079,344.0,2.53655844257153
Visual Disability,Region V (Bicol Region),Moderate,PH050000000,SORSOGON,PH056200000,3970,845718,470.0,2.6720978579357175
Visual Disability,Region V (Bicol Region),Severe,PH050000000,ALBAY,PH050500000,944,1396088,68.0,1.8325089127062364
Visual Disability,Region V (Bicol Region),Severe,PH050000000,CAMARINES NORTE,PH051600000,490,622514,79.0,1.8976270912904414
Visual Disability,Region V (Bicol Region),Severe,PH050000000,CAMARINES SUR,PH051700000,1733,2059495,85.0,1.9294189257142926
Visual Disability,Region V (Bicol Region),Severe,PH050000000,CATANDUANES,PH052000000,203,272941,75.0,1.8750612633917
Visual Disability,Region V (Bicol Region),Severe,PH050000000,MASBATE,PH054100000,661,937079,71.0,1.8512583487190752
Visual Disability,Region V (Bicol Region),Severe,PH050000000,SORSOGON,PH056200000,690,845718,82.0,1.9138138523837167
Visual Disability,Region VI (Western Visayas),Mild,PH060000000,AKLAN,PH060400000,49520,605584,8178.0,3.912647106218317
Visual Disability,Region VI (Western Visayas),Mild,PH060000000,ANTIQUE,PH060600000,46750,612454,7634.0,3.8827521556130797
Visual Disability,Region VI (Western Visayas),Mild,PH060000000,CAPIZ,PH061900000,53629,803083,6678.0,3.824646414718352
Visual Disability,Region VI (Western Visayas),Mild,PH060000000,GUIMARAS,PH067900000,8520,185174,4602.0,3.6629466143326246
Visual Disability,Region VI (Western Visayas),Mild,PH060000000,ILOILO,PH063000000,168503,2524211,6676.0,3.824516328007209
Visual Disability,Region VI (Western Visayas),Mild,PH060000000,NEGROS OCCIDENTAL,PH064500000,156566,3174389,4933.0,3.693111115462141
Visual Disability,Region VI (Western Visayas),Moderate,PH060000000,AKLAN,PH060400000,3624,605584,599.0,2.7774268223893115
Visual Disability,Region VI (Western Visayas),Moderate,PH060000000,ANTIQUE,PH060600000,4266,612454,697.0,2.8432327780980096
Visual Disability,Region VI (Western Visayas),Moderate,PH060000000,CAPIZ,PH061900000,3563,803083,444.0,2.6473829701146196
Visual Disability,Region VI (Western Visayas),Moderate,PH060000000,GUIMARAS,PH067900000,932,185174,504.0,2.7024305364455254
Visual Disability,Region VI (Western Visayas),Moderate,PH060000000,ILOILO,PH063000000,13513,2524211,536.0,2.72916478969277
Visual Disability,Region VI (Western Visayas),Moderate,PH060000000,NEGROS OCCIDENTAL,PH064500000,10277,3174389,324.0,2.510545010206612
Visual Disability,Region VI (Western Visayas),Severe,PH060000000,AKLAN,PH060400000,634,605584,105.0,2.0211892990699383
Visual Disability,Region VI (Western Visayas),Severe,PH060000000,ANTIQUE,PH060600000,784,612454,129.0,2.110589710299249
Visual Disability,Region VI (Western Visayas),Severe,PH060000000,CAPIZ,PH061900000,669,803083,84.0,1.9242792860618816
Visual Disability,Region VI (Western Visayas),Severe,PH060000000,GUIMARAS,PH067900000,158,185174,86.0,1.9344984512435677
Visual Disability,Region VI (Western Visayas),Severe,PH060000000,ILOILO,PH063000000,2734,2524211,109.0,2.037426497940624
Visual Disability,Region VI (Western Visayas),Severe,PH060000000,NEGROS OCCIDENTAL,PH064500000,1949,3174389,62.0,1.792391689498254
Visual Disability,Region VII (Central Visayas),Mild,PH070000000,BOHOL,PH071200000,78286,1365107,5735.0,3.7585334222372864
Visual Disability,Region VII (Central Visayas),Mild,PH070000000,CEBU,PH072200000,215337,5085207,4235.0,3.6268534146667255
Visual Disability,Region VII (Central Visayas),Mild,PH070000000,NEGROS ORIENTAL,PH074600000,74126,1406274,5272.0,3.7219754015859534
Visual Disability,Region VII (Central Visayas),Mild,PH070000000,SIQUIJOR,PH076100000,5743,100457,5717.0,3.7571681922142726
Visual Disability,Region VII (Central Visayas),Moderate,PH070000000,BOHOL,PH071200000,7051,1365107,517.0,2.7134905430939424
Visual Disability,Region VII (Central Visayas),Moderate,PH070000000,CEBU,PH072200000,16706,5085207,329.0,2.5171958979499744
Visual Disability,Region VII (Central Visayas),Moderate,PH070000000,NEGROS ORIENTAL,PH074600000,5586,1406274,398.0,2.5998830720736876
Visual Disability,Region VII (Central Visayas),Moderate,PH070000000,SIQUIJOR,PH076100000,507,100457,505.0,2.7032913781186614
Visual Disability,Region VII (Central Visayas),Severe,PH070000000,BOHOL,PH071200000,1385,1365107,102.0,2.0086001717619175
Visual Disability,Region VII (Central Visayas),Severe,PH070000000,CEBU,PH072200000,3675,5085207,73.0,1.863322860120456
Visual Disability,Region VII (Central Visayas),Severe,PH070000000,NEGROS ORIENTAL,PH074600000,1214,1406274,87.0,1.9395192526186185
Visual Disability,Region VII (Central Visayas),Severe,PH070000000,SIQUIJOR,PH076100000,133,100457,133.0,2.123851640967086
Visual Disability,Region VIII (Eastern Visayas),Mild,PH080000000,BILIRAN,PH087800000,8083,179362,4507.0,3.6538875580709775
Visual Disability,Region VIII (Eastern Visayas),Mild,PH080000000,EASTERN SAMAR,PH082600000,39519,503495,7849.0,3.894814329083301
Visual Disability,Region VIII (Eastern Visayas),Mild,PH080000000,LEYTE,PH083700000,132381,2124269,6232.0,3.794627444664508
Visual Disability,Region VIII (Eastern Visayas),Mild,PH080000000,NORTHERN SAMAR,PH084800000,55842,668766,8351.0,3.9217384836845985
Visual Disability,Region VIII (Eastern Visayas),Mild,PH080000000,SAMAR (WESTERN SAMAR),PH086000000,42872,822095,5215.0,3.7172543127625497
Visual Disability,Region VIII (Eastern Visayas),Mild,PH080000000,SOUTHERN LEYTE,PH086400000,31024,444355,6982.0,3.84397984447816
Visual Disability,Region VIII (Eastern Visayas),Moderate,PH080000000,BILIRAN,PH087800000,549,179362,307.0,2.4871383754771865
Visual Disability,Region VIII (Eastern Visayas),Moderate,PH080000000,EASTERN SAMAR,PH082600000,3318,503495,659.0,2.8188854145940097
Visual Disability,Region VIII (Eastern Visayas),Moderate,PH080000000,LEYTE,PH083700000,8978,2124269,423.0,2.6263403673750423
Visual Disability,Region VIII (Eastern Visayas),Moderate,PH080000000,NORTHERN SAMAR,PH084800000,4632,668766,693.0,2.8407332346118066
Visual Disability,Region VIII (Eastern Visayas),Moderate,PH080000000,SAMAR (WESTERN SAMAR),PH086000000,2725,822095,332.0,2.5211380837040362
Visual Disability,Region VIII (Eastern Visayas),Moderate,PH080000000,SOUTHERN LEYTE,PH086400000,2480,444355,559.0,2.747411807886423
Visual Disability,Region VIII (Eastern Visayas),Severe,PH080000000,BILIRAN,PH087800000,146,179362,82.0,1.9138138523837167
Visual Disability,Region VIII (Eastern Visayas),Severe,PH080000000,EASTERN SAMAR,PH082600000,454,503495,91.0,1.9590413923210936
Visual Disability,Region VIII (Eastern Visayas),Severe,PH080000000,LEYTE,PH083700000,1724,2124269,82.0,1.9138138523837167
Visual Disability,Region VIII (Eastern Visayas),Severe,PH080000000,NORTHERN SAMAR,PH084800000,599,668766,90.0,1.954242509439325
Visual Disability,Region VIII (Eastern Visayas),Severe,PH080000000,SAMAR (WESTERN SAMAR),PH086000000,552,822095,68.0,1.8325089127062364
Visual Disability,Region VIII (Eastern Visayas),Severe,PH080000000,SOUTHERN LEYTE,PH086400000,385,444355,87.0,1.9395192526186185
Visual Disability,Region X (Northern Mindanao),Mild,PH100000000,BUKIDNON,PH101300000,69183,1510189,4582.0,3.6610550848533787
Visual Disability,Region X (Northern Mindanao),Mild,PH100000000,CAMIGUIN,PH101800000,5146,92431,5568.0,3.7456992266025058
Visual Disability,Region X (Northern Mindanao),Mild,PH100000000,LANAO DEL NORTE,PH103500000,33612,1095270,3069.0,3.4869968884318228
Visual Disability,Region X (Northern Mindanao),Mild,PH100000000,MISAMIS OCCIDENTAL,PH104200000,37899,627158,6043.0,3.7812525942484565
Visual Disability,Region X (Northern Mindanao),Mild,PH100000000,MISAMIS ORIENTAL,PH104300000,76261,1692002,4508.0,3.653983907374069
Visual Disability,Region X (Northern Mindanao),Moderate,PH100000000,BUKIDNON,PH101300000,5235,1510189,347.0,2.5403294747908736
Visual Disability,Region X (Northern Mindanao),Moderate,PH100000000,CAMIGUIN,PH101800000,357,92431,387.0,2.5877109650189114
Visual Disability,Region X (Northern Mindanao),Moderate,PH100000000,LANAO DEL NORTE,PH103500000,2760,1095270,252.0,2.401400540781544
Visual Disability,Region X (Northern Mindanao),Moderate,PH100000000,MISAMIS OCCIDENTAL,PH104200000,2832,627158,452.0,2.655138434811382
Visual Disability,Region X (Northern Mindanao),Moderate,PH100000000,MISAMIS ORIENTAL,PH104300000,5503,1692002,326.0,2.513217600067939
Visual Disability,Region X (Northern Mindanao),Severe,PH100000000,BUKIDNON,PH101300000,946,1510189,63.0,1.7993405494535817
Visual Disability,Region X (Northern Mindanao),Severe,PH100000000,CAMIGUIN,PH101800000,95,92431,103.0,2.012837224705172
Visual Disability,Region X (Northern Mindanao),Severe,PH100000000,LANAO DEL NORTE,PH103500000,491,1095270,45.0,1.6532125137753437
Visual Disability,Region X (Northern Mindanao),Severe,PH100000000,MISAMIS OCCIDENTAL,PH104200000,478,627158,77.0,1.8864907251724818
Visual Disability,Region X (Northern Mindanao),Severe,PH100000000,MISAMIS ORIENTAL,PH104300000,975,1692002,58.0,1.7634279935629373
Visual Disability,Region XIII (Caraga),Mild,PH160000000,AGUSAN DEL NORTE,PH160200000,33089,738775,4479.0,3.651181062444688
Visual Disability,Region XIII (Caraga),Mild,PH160000000,AGUSAN DEL SUR,PH160300000,33663,734982,4581.0,3.6609602917760835
Visual Disability,Region XIII (Caraga),Mild,PH160000000,DINAGAT ISLANDS,PH168500000,7224,130671,5529.0,3.7426465899387362
Visual Disability,Region XIII (Caraga),Mild,PH160000000,SURIGAO DEL NORTE,PH166700000,29905,528148,5663.0,3.753046561626529
Visual Disability,Region XIII (Caraga),Mild,PH160000000,SURIGAO DEL SUR,PH166800000,41866,620531,6747.0,3.8291107101552946
Visual Disability,Region XIII (Caraga),Moderate,PH160000000,AGUSAN DEL NORTE,PH160200000,1993,738775,270.0,2.4313637641589874
Visual Disability,Region XIII (Caraga),Moderate,PH160000000,AGUSAN DEL SUR,PH160300000,2888,734982,393.0,2.5943925503754266
Visual Disability,Region XIII (Caraga),Moderate,PH160000000,DINAGAT ISLANDS,PH168500000,589,130671,451.0,2.6541765418779604
Visual Disability,Region XIII (Caraga),Moderate,PH160000000,SURIGAO DEL NORTE,PH166700000,2435,528148,462.0,2.6646419755561257
Visual Disability,Region XIII (Caraga),Moderate,PH160000000,SURIGAO DEL SUR,PH166800000,3063,620531,494.0,2.693726948923647
Visual Disability,Region XIII (Caraga),Severe,PH160000000,AGUSAN DEL NORTE,PH160200000,414,738775,57.0,1.7558748556724915
Visual Disability,Region XIII (Caraga),Severe,PH160000000,AGUSAN DEL SUR,PH160300000,483,734982,66.0,1.8195439355418688
Visual Disability,Region XIII (Caraga),Severe,PH160000000,DINAGAT ISLANDS,PH168500000,72,130671,56.0,1.7481880270062005
Visual Disability,Region XIII (Caraga),Severe,PH160000000,SURIGAO DEL NORTE,PH166700000,354,528148,68.0,1.8325089127062364
Visual Disability,Region XIII (Caraga),Severe,PH160000000,SURIGAO DEL SUR,PH166800000,430,620531,70.0,1.845098040014257
